[
  {
    "type": "talk_topic",
    "id": "TALK_NPC_TEASING_DANCER",
    "dynamic_line": [ "Oh, you like it when my pants slip just a little bit lower than usual, huh?", "Jiggle, jiggle, hehe, keep you hands off the merchandise.", "Every now and then I slip one more string loose.", "Oooh, you like that?", "If you slip a little something my way I might give you a special dance. Hehe, might.", "The other girls would never have so little buttons fastened." ],
    "responses": [
      {
		"text": "...",
		"topic": "TALK_DONE"
	  }
    ]
  }
]
