[
  {
    "id": "mtc_sword_dragonslayer_rune_strength",
    "type": "GENERIC",
    "copy-from": "mtc_sword_dragonslayer",
    "looks_like": "mtc_sword_dragonslayer",
    "name": { "str": "dragonslayer<color_red>+</color>", "str_pl": "dragonslayers<color_red>+</color>" },
    "description": "A huge two-handed broadsword made of dragon scales. It may look dull, but its blade can easily pierce through dragons.\n\nRune Slot: rune (<color_red>strength</color>)\n<color_cyan>Runic Strength</color>:\n<color_white>Grants 1 strength and increases physical damage by 10% and resistance by 1. Physical resistance is limited to covered body part(s). Former doesn't stack.</color>\n\nAbilities:\n<color_cyan>Dragon's Bane</color>:\n<color_white>Attacking rolls a 1/3 chance. If successful, this weapon deals 45-60 cutting damage to dragon-type monsters.</color>",
    "relic_data": { "passive_effects": [ { "id": "mtc_rune_wield_strength_ench" } ] }
  },
  {
    "id": "mtc_sword_dragonslayer_rune_dexterity",
    "type": "GENERIC",
    "copy-from": "mtc_sword_dragonslayer",
    "looks_like": "mtc_sword_dragonslayer",
    "name": { "str": "dragonslayer<color_light_green>+</color>", "str_pl": "dragonslayers<color_light_green>+</color>" },
    "description": "A huge two-handed broadsword made of dragon scales. It may look dull, but its blade can easily pierce through dragons.\n\nRune Slot: rune (<color_light_green>dexterity</color>)\n<color_cyan>Runic Dexterity</color>:\n<color_white>Grants 1 dexterity and increases movement and attack speed by 3. Stackable.</color>\n\nAbilities:\n<color_cyan>Dragon's Bane</color>:\n<color_white>Attacking rolls a 1/3 chance. If successful, this weapon deals 45-60 cutting damage to dragon-type monsters.</color>",
    "relic_data": { "passive_effects": [ { "id": "mtc_rune_wield_dexterity_ench" } ] }
  },
  {
    "id": "mtc_sword_dragonslayer_rune_intelligence",
    "type": "GENERIC",
    "copy-from": "mtc_sword_dragonslayer",
    "looks_like": "mtc_sword_dragonslayer",
    "name": { "str": "dragonslayer<color_light_blue>+</color>", "str_pl": "dragonslayers<color_light_blue>+</color>" },
    "description": "A huge two-handed broadsword made of dragon scales. It may look dull, but its blade can easily pierce through dragons.\n\nRune Slot: rune (<color_light_blue>intelligence</color>)\n<color_cyan>Runic Intelligence</color>:\n<color_white>Grants 1 intelligence and increases mana capacity by 250. Stackable.</color>\n\nAbilities:\n<color_cyan>Dragon's Bane</color>:\n<color_white>Attacking rolls a 1/3 chance. If successful, this weapon deals 45-60 cutting damage to dragon-type monsters.</color>",
    "relic_data": { "passive_effects": [ { "id": "mtc_rune_wield_intelligence_ench" } ] }
  },
  {
    "id": "mtc_sword_dragonslayer_rune_perception",
    "type": "GENERIC",
    "copy-from": "mtc_sword_dragonslayer",
    "looks_like": "mtc_sword_dragonslayer",
    "name": { "str": "dragonslayer<color_yellow>+</color>", "str_pl": "dragonslayers<color_yellow>+</color>" },
    "description": "A huge two-handed broadsword made of dragon scales. It may look dull, but its blade can easily pierce through dragons.\n\nRune Slot: rune (<color_yellow>perception</color>)\n<color_cyan>Runic Perception</color>:\n<color_white>Grants 1 perception and increases accuracy of attacks by 20%. Latter doesn't stack.</color>\n\nAbilities:\n<color_cyan>Dragon's Bane</color>:\n<color_white>Attacking rolls a 1/3 chance. If successful, this weapon deals 45-60 cutting damage to dragon-type monsters.</color>",
    "relic_data": { "passive_effects": [ { "id": "mtc_rune_wield_perception_ench" } ] }
  },
  {
    "id": "mtc_sword_dragonslayer_rune_fire",
    "type": "GENERIC",
    "copy-from": "mtc_sword_dragonslayer",
    "looks_like": "mtc_sword_dragonslayer",
    "name": { "str": "dragonslayer<color_light_red>+</color>", "str_pl": "dragonslayers<color_light_red>+</color>" },
    "description": "A huge two-handed broadsword made of dragon scales. It may look dull, but its blade can easily pierce through dragons.\n\nRune Slot: elemental rune (<color_light_red>fire</color>)\n<color_cyan>Runic Blaze</color>:\n<color_white>Imbues item with blazing fire, adding 5-10 fire damage to attacks and resistance by 4. Fire resistance is limited to covered body part(s). Stackable.</color>\n\nAbilities:\n<color_cyan>Dragon's Bane</color>:\n<color_white>Attacking rolls a 1/3 chance. If successful, this weapon deals 45-60 cutting damage to dragon-type monsters.</color>",
    "relic_data": { "passive_effects": [ { "id": "mtc_rune_wield_fire_ench" } ] }
  },
  {
    "id": "mtc_sword_dragonslayer_rune_ice",
    "type": "GENERIC",
    "copy-from": "mtc_sword_dragonslayer",
    "looks_like": "mtc_sword_dragonslayer",
    "name": { "str": "dragonslayer<color_blue>+</color>", "str_pl": "dragonslayers<color_blue>+</color>" },
    "description": "A huge two-handed broadsword made of dragon scales. It may look dull, but its blade can easily pierce through dragons.\n\nRune Slot: elemental rune (<color_blue>ice</color>)\n<color_cyan>Runic Frost</color>:\n<color_white>Imbues item with frost, adding 5-10 cold damage to attacks and resistance by 4. Cold resistance is limited to covered body part(s). Stackable.</color>\n\nAbilities:\n<color_cyan>Dragon's Bane</color>:\n<color_white>Attacking rolls a 1/3 chance. If successful, this weapon deals 45-60 cutting damage to dragon-type monsters.</color>",
    "relic_data": { "passive_effects": [ { "id": "mtc_rune_wield_ice_ench" } ] }
  },
  {
    "id": "mtc_sword_dragonslayer_rune_electric",
    "type": "GENERIC",
    "copy-from": "mtc_sword_dragonslayer",
    "looks_like": "mtc_sword_dragonslayer",
    "name": { "str": "dragonslayer<color_light_blue>+</color>", "str_pl": "dragonslayers<color_light_blue>+</color>" },
    "description": "A huge two-handed broadsword made of dragon scales. It may look dull, but its blade can easily pierce through dragons.\n\nRune Slot: elemental rune (<color_light_blue>electric</color>)\n<color_cyan>Runic Shock</color>:\n<color_white>Imbues item with electricity, adding 5-10 electric damage to attacks and resistance by 4. Electric resistance is limited to covered body part(s). Stackable.</color>\n\nAbilities:\n<color_cyan>Dragon's Bane</color>:\n<color_white>Attacking rolls a 1/3 chance. If successful, this weapon deals 45-60 cutting damage to dragon-type monsters.</color>",
    "relic_data": { "passive_effects": [ { "id": "mtc_rune_wield_electric_ench" } ] }
  },
  {
    "id": "mtc_sword_dragonslayer_rune_acid",
    "type": "GENERIC",
    "copy-from": "mtc_sword_dragonslayer",
    "looks_like": "mtc_sword_dragonslayer",
    "name": { "str": "dragonslayer<color_light_green>+</color>", "str_pl": "dragonslayers<color_light_green>+</color>" },
    "description": "A huge two-handed broadsword made of dragon scales. It may look dull, but its blade can easily pierce through dragons.\n\nRune Slot: elemental rune (<color_light_green>acid</color>)\n<color_cyan>Runic Corrosion</color>:\n<color_white>Imbues item with corrosive substance, adding 5-10 acid damage to attacks and resistance by 4. Acid resistance is limited to covered body part(s). Stackable.</color>\n\nAbilities:\n<color_cyan>Dragon's Bane</color>:\n<color_white>Attacking rolls a 1/3 chance. If successful, this weapon deals 45-60 cutting damage to dragon-type monsters.</color>",
    "relic_data": { "passive_effects": [ { "id": "mtc_rune_wield_acid_ench" } ] }
  },
  {
    "id": "mtc_sword_dragonslayer_rune_shockwave",
    "type": "GENERIC",
    "copy-from": "mtc_sword_dragonslayer",
    "looks_like": "mtc_sword_dragonslayer",
    "name": { "str": "dragonslayer<color_yellow>+</color>", "str_pl": "dragonslayers<color_yellow>+</color>" },
    "description": "A huge two-handed broadsword made of dragon scales. It may look dull, but its blade can easily pierce through dragons.\n\nRune Slot: ability rune (<color_yellow>shockwave</color>)\n<color_cyan>Runic Shockwave</color>:\n<color_white>Attacking rolls a 1/5 chance. If successful, leaves a transient shockwave that affects target(s) differently based on weapon type.\n* <color_light_blue>Edged</color> - releases sonic wave in an arc, dealing 7-14 cutting damage to enemy targets.</color>\n\nAbilities:\n<color_cyan>Dragon's Bane</color>:\n<color_white>Attacking rolls a 1/3 chance. If successful, this weapon deals 45-60 cutting damage to dragon-type monsters.</color>",
    "relic_data": { "passive_effects": [ { "id": "mtc_rune_wield_shockwave_cut_ench" } ] }
  },
  {
    "id": "mtc_sword_dragonslayer_rune_feeble",
    "type": "GENERIC",
    "copy-from": "mtc_sword_dragonslayer",
    "looks_like": "mtc_sword_dragonslayer",
    "name": { "str": "dragonslayer<color_magenta>+</color>", "str_pl": "dragonslayers<color_magenta>+</color>" },
    "description": "A huge two-handed broadsword made of dragon scales. It may look dull, but its blade can easily pierce through dragons.\n\nRune Slot: ability rune (<color_magenta>feeble</color>)\n<color_cyan>Runic Enfeeble</color>:\n<color_white>Attacking rolls a 1/2 chance. If successful, weakens the target, decreasing their physical damage by 2 and strength by 1. Effect stacks up to 5 times.</color>\n\nAbilities:\n<color_cyan>Dragon's Bane</color>:\n<color_white>Attacking rolls a 1/3 chance. If successful, this weapon deals 45-60 cutting damage to dragon-type monsters.</color>",
    "relic_data": { "passive_effects": [ { "id": "mtc_rune_wield_feeble_ench" } ] }
  },
  {
    "id": "mtc_sword_dragonslayer_rune_empower",
    "type": "GENERIC",
    "copy-from": "mtc_sword_dragonslayer",
    "looks_like": "mtc_sword_dragonslayer",
    "name": { "str": "dragonslayer<color_light_red>+</color>", "str_pl": "dragonslayers<color_light_red>+</color>" },
    "description": "A huge two-handed broadsword made of dragon scales. It may look dull, but its blade can easily pierce through dragons.\n\nRune Slot: ability rune (<color_light_red>empower</color>)\n<color_cyan>Runic Empowering</color>:\n<color_white>Attacking rolls a 1/2 chance. If successful, increases your raw power, providing 1 strength. Effect stacks up to 5 times.</color>\n\nAbilities:\n<color_cyan>Dragon's Bane</color>:\n<color_white>Attacking rolls a 1/3 chance. If successful, this weapon deals 45-60 cutting damage to dragon-type monsters.</color>",
    "relic_data": { "passive_effects": [ { "id": "mtc_rune_wield_empower_ench" } ] }
  },
  {
    "id": "mtc_sword_dragonslayer_rune_arcanebinding",
    "type": "GENERIC",
    "copy-from": "mtc_sword_dragonslayer",
    "looks_like": "mtc_sword_dragonslayer",
    "name": { "str": "dragonslayer<color_cyan>+</color>", "str_pl": "dragonslayers<color_cyan>+</color>" },
    "description": "A huge two-handed broadsword made of dragon scales. It may look dull, but its blade can easily pierce through dragons.\n\nRune Slot: ability rune (<color_cyan>arcane binding</color>)\n<color_cyan>Runic Arcane Binding</color>:\n<color_white>Attacking rolls a 1/5 chance. If successful, magically binds the target, halting their actions for 1-2 turns.</color>\n\nAbilities:\n<color_cyan>Dragon's Bane</color>:\n<color_white>Attacking rolls a 1/3 chance. If successful, this weapon deals 45-60 cutting damage to dragon-type monsters.</color>",
    "relic_data": { "passive_effects": [ { "id": "mtc_rune_wield_arcanebinding_ench" } ] }
  },
  {
    "id": "mtc_sword_dragonslayer_rune_chronostasis",
    "type": "GENERIC",
    "copy-from": "mtc_sword_dragonslayer",
    "looks_like": "mtc_sword_dragonslayer",
    "name": { "str": "dragonslayer<color_yellow>+</color>", "str_pl": "dragonslayers<color_yellow>+</color>" },
    "description": "A huge two-handed broadsword made of dragon scales. It may look dull, but its blade can easily pierce through dragons.\n\nRune Slot: ability rune (<color_yellow>chronostasis</color>)\n<color_cyan>Runic Chronostasis</color>:\n<color_white>Attacking rolls a 1/15 chance. If successful, doubles your speed and dexterity, as well as giving 3 bonus dodges for a short period of time. While this takes effect, further strikes may negate their attack cost, which results for another free action.</color>\n\nAbilities:\n<color_cyan>Dragon's Bane</color>:\n<color_white>Attacking rolls a 1/3 chance. If successful, this weapon deals 45-60 cutting damage to dragon-type monsters.</color>",
    "relic_data": { "passive_effects": [ { "id": "mtc_rune_wield_chronostasis_ench" } ] },
    "techniques": [ "tec_mtc_chronostasis" ]
  },
  {
    "id": "mtc_sword_dragonslayer_rune_etherealphase",
    "type": "GENERIC",
    "copy-from": "mtc_sword_dragonslayer",
    "looks_like": "mtc_sword_dragonslayer",
    "name": { "str": "dragonslayer<color_dark_gray>+</color>", "str_pl": "dragonslayers<color_dark_gray>+</color>" },
    "description": "A huge two-handed broadsword made of dragon scales. It may look dull, but its blade can easily pierce through dragons.\n\nRune Slot: ability rune (<color_dark_gray>ethereal phase</color>)\n<color_cyan>Runic Ethereal Phase</color>:\n<color_white>Attacking rolls a 1/25 chance. If successful, grants massive amount of speed, bonus dodges and invulnerability to physical damage for 3-7 turns. While this takes effect, your basic attacks passes through targets, which lets you swap positions with them, but won't do any harm.</color>\n\nAbilities:\n<color_cyan>Dragon's Bane</color>:\n<color_white>Attacking rolls a 1/3 chance. If successful, this weapon deals 45-60 cutting damage to dragon-type monsters.</color>",
    "relic_data": { "passive_effects": [ { "id": "mtc_rune_wield_etherealphase_ench" } ] },
    "techniques": [ "tec_mtc_etherealphase" ]
  }
]
