[
{
    "method": "json",
    "om_terrain": "cave_blank",
    "//": "Blank pallette for cave systems.",
    "type": "mapgen",
    "weight": 100,
    "object": {
      "fill_ter": "t_rock_floor",
      "rows": [
            "                        ",
            "                        ",
            "                        ",
            "                        ",
            "                        ",
            "                        ",
            "                        ",
            "                        ",
            "                        ",
            "                        ",
            "                        ",
            "                        ",
            "                        ",
            "                        ",
            "                        ",
            "                        ",
            "                        ",
            "                        ",
            "                        ",
            "                        ",
            "                        ",
            "                        ",
            "                        ",
            "                        "
      ],
      "palettes": [ "caves" ],
      "place_nested": [
        { "chunks": [ "cave_nested" ], "x": 8, "y": 8 },
        { "chunks": [ "cave_nested" ], "x": 16, "y": 8 },
        { "chunks": [ "cave_nested" ], "x": 8, "y": 17 },
        { "chunks": [ "cave_nested" ], "x": 16, "y": 17 }
      ]
    }
  },
{
    "method": "json",
    "om_terrain": "cave_downward_slope_blank",
    "//": "Blank pallette for downward slopes in cave systems.",
    "type": "mapgen",
    "weight": 100,
    "object": {
      "fill_ter": "t_rock_floor",
      "rows": [
            "                        ",
            "                        ",
            "                        ",
            "                        ",
            "                        ",
            "                        ",
            "                        ",
            "                        ",
            "         >>>>>>>>>>     ",
            "        >>AAAAAAAA>>    ",
            "        >AAAAAAAAAA>    ",
            "        >AAAAAAAAAA>    ",
            "        >>AAAAAAAA>>    ",
            "         >>>>>>>>>>     ",
            "                        ",
            "                        ",
            "                        ",
            "                        ",
            "                        ",
            "                        ",
            "                        ",
            "                        ",
            "                        ",
            "                        "
      ],
      "palettes": [ "caves" ]
    }
  },
{
    "method": "json",
    "om_terrain": "cave_upward_slope_blank",
    "//": "Blank pallette for upward slopes in cave systems.",
    "type": "mapgen",
    "weight": 100,
    "object": {
      "fill_ter": "t_rock_floor",
      "rows": [
            "                        ",
            "                        ",
            "                        ",
            "                        ",
            "                        ",
            "                        ",
            "                        ",
            "                        ",
            "                        ",
            "          <<<<<<<<      ",
            "         <........<     ",
            "         <........<     ",
            "          <<<<<<<<      ",
            "                        ",
            "                        ",
            "                        ",
            "                        ",
            "                        ",
            "                        ",
            "                        ",
            "                        ",
            "                        ",
            "                        ",
            "                        "
      ],
      "palettes": [ "caves" ],
      "terrain": { ".": "t_rock_floor_no_roof"  }
    }
  }
]