[
{
    "method": "json",
    "om_terrain": "mtc_cathedral_enter",
    "type": "mapgen",
    "weight": 100,
    "object": {
      "fill_ter": "t_rock_floor",
      "rows": [
            "l......................l",
            "l!.....................l",
            "l......................l",
            "l......................l",
            "0...OA............AO...0",
            "0......................0",
            "0.....................!0",
            "0......................0",
            "0...OA............AO...0",
            "0......................0",
            "0......................0",
            "0......................0",
            "0......................0",
            "0...OA............AO...0",
            "0......................0",
            "0!.....................0",
            "0......................0",
            "l......................l",
            "l...OA............AO...l",
            "l......................l",
            "l....................!.l",
            "l......................l",
            "l......................l",
            "lllllllll......lllllllll"
      ],
      "palettes": [ "medieval_cathedral" ],
                "npcs": {
		"!": { "class": "acolyte" }
		}
    }
  },
{
    "method": "json",
    "om_terrain": "mtc_cathedral_altar",
    "type": "mapgen",
    "weight": 100,
    "object": {
      "fill_ter": "t_rock_floor",
      "rows": [
            "llllllllllllllllllllllll",
            "l......................l",
            "l......................l",
            "l!..A..............A...l",
            "l......................l",
            "l.....................!l",
            "l......................l",
            "........................",
            "...AOA............AOA...",
            "........................",
            "........................",
            "........A......A........",
            ".......ttttutttt........",
            "..............@.........",
            "........................",
            "...AOA............AOA...",
            "........................",
            "........................",
            "...../////////////......",
            "l..............!.......l",
            "l..../////////////.....l",
            "l.A.................A..l",
            "l..../////////////.....l",
            "l......................l"
      ],
      "palettes": [ "medieval_cathedral" ],      
      "furniture": { "u": "f_divine_altar" },
                "npcs": {
		"!": { "class": "acolyte" },
		"@": { "class": "cleric" }
		}
    }
  },
{
    "method": "json",
    "om_terrain": "mtc_cathedral_left",
    "type": "mapgen",
    "weight": 100,
    "object": {
      "fill_ter": "t_rock_floor",
      "faction_owner": [
		{ "id": "kingdom", "x": [ 0, 23 ], "y": [ 0, 23 ] }				
      ],
      "rows": [
            "                        ",
            "                        ",
            "lll000000000000000000lll",
            "lBBBBBBBBBBBqBBBBBBBBBBl",
            "l........1.............l",
            "lq..................!.ql",
            "llllllllllllhhllllllllll",
            "l.A..................A..",
            "l.....OllllllllllllO....",
            "l!....lb.lblblblblbl....",
            "0.....llhlhlhlhlhlhl....",
            "0.....h........!..ql....",
            "0.A...h...........ql....",
            "0.....llhlhlhlhlhlhl....",
            "0.....lb.lblblblblbl....",
            "0.....OllllllllllllO....",
            "l.......................",
            "l.......................",
            "l.A.................A...",
            "l...........A..........l",
            "l.....................!l",
            "lll000000000000000000lll",
            "                        ",
            "                        "
      ],
      "palettes": [ "medieval_cathedral" ],
      "furniture": { "b": "f_bed" },
      "items": {
	  "B": [ { "item": "spell_scrolls_cleric", "chance": 70, "repeat": [ 2, 5 ] }, { "item": "divine_books", "chance": 50 } ],
          "b": { "item": "bed", "chance": 100, "repeat": [ 1, 2 ] }
    },
                "npcs": {
		"!": { "class": "acolyte" },
                "1": { "class": "cleric_scribe" }
		}
    }
  },
{
    "method": "json",
    "om_terrain": "mtc_cathedral_right",
    "type": "mapgen",
    "weight": 100,
    "object": {
      "fill_ter": "t_rock_floor",
      "faction_owner": [
		{ "id": "kingdom", "x": [ 0, 23 ], "y": [ 0, 23 ] }				
      ],
      "rows": [
            "                        ",
            "                        ",
            "lll000000000000000000lll",
            "l......................l",
            "l..A.................A.l",
            "l!.....................l",
            "l......................0",
            ".......................0",
            ".....OllllllllllO......0",
            ".....lquuuuuuuuql......0",
            ".....lu........ul......0",
            ".....lu.uuuuuu.ul......0",
            ".....lu.u....u..h....A.0",
            ".....lu.u.qq.u..h......0",
            ".....lu.u.uu.u.ul......0",
            ".....lu........ul......0",
            ".....lquuuuuuuuql......0",
            ".....OllllllllllO...!..0",
            ".......................l",
            "l..A.................A.l",
            "l......................l",
            "lll000000000000000000lll",
            "                        ",
            "                        "
      ],
      "palettes": [ "medieval_cathedral" ],
      "furniture": { "u": "f_barrel_c" },
      "items": {
      "u": [
			{ "item": "barrel_food_loot", "chance": 80, "repeat": [ 2, 5 ] },
			{ "item": "barrel_food_loot2", "chance": 80, "repeat": [ 2, 5 ] },
			{ "item": "barrel_food_loot3", "chance": 80, "repeat": [ 2, 5 ] },
			{ "item": "barrel_food_loot4", "chance": 80, "repeat": [ 2, 5 ] },
			{ "item": "barrel_food_loot5", "chance": 80, "repeat": [ 2, 5 ] },
			{ "item": "barrel_food_loot6", "chance": 80, "repeat": [ 2, 5 ] }
		]
    },
                "npcs": {
		"!": { "class": "acolyte" }
		}
    }
  },
{
    "method": "json",
    "om_terrain": "mtc_cathedral_roof",
    "type": "mapgen",
    "weight": 100,
    "object": {
      "fill_ter": "t_rock_floor",
      "rows": [
            "uuuuuuuuuuuuuuuuuuuuuuuu",
            "uuuuuuuuuuuuuuuuuuuuuuuu",
            "uuuuuuuuuuuuuuuuuuuuuuuu",
            "uuuuuuuuuuuuuuuuuuuuuuuu",
            "uuuuuuuuuuuuuuuuuuuuuuuu",
            "uuuuuuuuuuuuuuuuuuuuuuuu",
            "uuuuuuuuuuuuuuuuuuuuuuuu",
            "uuuuuuuuuuuuuuuuuuuuuuuu",
            "uuuuuuuuuuuuuuuuuuuuuuuu",
            "uuuuuuuuuuuuuuuuuuuuuuuu",
            "uuuuuuuuuuuuuuuuuuuuuuuu",
            "uuuuuuuuuuuuuuuuuuuuuuuu",
            "uuuuuuuuuuuuuuuuuuuuuuuu",
            "uuuuuuuuuuuuuuuuuuuuuuuu",
            "uuuuuuuuuuuuuuuuuuuuuuuu",
            "uuuuuuuuuuuuuuuuuuuuuuuu",
            "uuuuuuuuuuuuuuuuuuuuuuuu",
            "uuuuuuuuuuuuuuuuuuuuuuuu",
            "uuuuuuuuuuuuuuuuuuuuuuuu",
            "uuuuuuuuuuuuuuuuuuuuuuuu",
            "uuuuuuuuuuuuuuuuuuuuuuuu",
            "uuuuuuuuuuuuuuuuuuuuuuuu",
            "uuuuuuuuuuuuuuuuuuuuuuuu",
            "uuuuuuuuuuuuuuuuuuuuuuuu"
      ],
      "palettes": [ "medieval_cathedral" ]
    }
  } 
]