[
{
    "type": "mapgen",
    "method": "json",
    "om_terrain": [ "demon_cult_enter" ],
    "weight": 100,
    "object": {
      "fill_ter": "t_dirt",
      "rows": [
        "                        ",
        "                        ",
        "                        ",
        "                        ",
        "                        ",
        "                        ",
        "                        ",
        "                        ",
        "                        ",
        "                        ",
        "           >>           ",
        "           >>           ",
        "                        ",
        "                        ",
        "                        ",
        "                        ",
        "                        ",
        "                        ",
        "                        ",
        "                        ",
        "                        ",
        "                        ",
        "                        ",
        "                        "
      ],
      "palettes": [ "fiend_cult" ]
    }
  },
{
    "type": "mapgen",
    "method": "json",
    "om_terrain": [ "demon_cult_enter_down" ],
    "weight": 100,
    "object": {
      "fill_ter": "t_rock_floor",
      "rows": [
        "#########l....l#########",
        "###lllllll....llllllll##",
        "###lq....h....h.....ql##",
        "###ll.llll....lllll.ll##",
        "####l.l##l....l###l.l###",
        "####l.l##l....l###l.l###",
        "####l.l##l....l###l.l###",
        "####l.l##l....l###l.l###",
        "###ll.l##llhhll###l.ll##",
        "###lq.l#llq..qll##l.ql##",
        "###ll.l#l..<<..l##l.ll##",
        "####l.l#l..<<..l##l.l###",
        "####l.l#llq..qll##l.l###",
        "####l.l##llllll###l.l###",
        "###ll.lllllllllllll.ll##",
        "###lq...............ql##",
        "##lllllllllhhlllllllll##",
        "##lBBBBBBBq..qBBBBBBl###",
        "##lB...............Bl###",
        "##lq..ct0tc.ct.tc..ql###",
        "##lB.1...........1.Bl###",
        "##lBBBBBBBqBBqBBBBBBl###",
        "##lllllllllllllllllll###",
        "########################"
      ],
      "palettes": [ "fiend_cult" ],
      "npcs": { "0": { "class": "cult_member_fiend" },
                "1": { "class": "cult_magician_fiend" } },
      "items": {
	  "B": { "item": "NPC_CULT_MAGICIAN_FIEND_SELL", "chance": 90, "repeat": [ 2, 5 ] } 
    },
      "faction_owner": [
        { "id": "cultists", "x": [ 1, 23 ], "y": [ 1, 23 ] }
      ]
    }
  },
{
    "type": "mapgen",
    "method": "json",
    "om_terrain": [ "demon_cult_altar" ],
    "weight": 100,
    "object": {
      "fill_ter": "t_rock_floor",
      "rows": [
        "########################",
        "########################",
        "########################",
        "##lll##############lll##",
        "##lqllllllllllllllllql##",
        "##ll..............0.ll##",
        "###l.~~~~~~~~~~~~~~.l###",
        "##ll.~~~~~~~~~~~~~~.ll##",
        "lll0.~~~~~~~~~~~~~~..lll",
        ".....~~~~A....A~~~~.....",
        ".....~~~...tt...~~~.....",
        ".....~~~...tt1..~~~.....",
        "lll..~~~~A....A~~~~..lll",
        "##ll.~~~~~~~~~~~~~~.ll##",
        "###l.~~~~~~~~~~~~~~.l###",
        "###l.~~~~~~~~~~~~~~.l###",
        "###l.~~~~~~~~~~~~~~.l###",
        "##ll.0..............ll##",
        "##lqllllll...0llllllql##",
        "##lll####l....l####lll##",
        "#########l....l#########",
        "#########l....l#########",
        "#########l....l#########",
        "#########l....l#########"
      ],
      "palettes": [ "fiend_cult" ],      
      "npcs": { "0": { "class": "cult_member_fiend" },
                "1": { "class": "cult_sacrificer_fiend" } },
      "items": {
	  "t": { "item": "knife_meat_cleaver", "chance": 100 }
    },
      "faction_owner": [
        { "id": "cultists", "x": [ 1, 23 ], "y": [ 1, 23 ] }
      ]
    }
  },
{
    "type": "mapgen",
    "method": "json",
    "om_terrain": [ "demon_cult_chamber_left" ],
    "weight": 100,
    "object": {
      "fill_ter": "t_rock_floor",
      "rows": [
        "########################",
        "########################",
        "########################",
        "########################",
        "######lllllllllllll#####",
        "#####ll....UUU....ll####",
        "####llA.....0.....All###",
        "###ll0............0.ll##",
        "###lU...............Ulll",
        "###l....................",
        "###lA...................",
        "###l............0.......",
        "###lU0..............Ulll",
        "###lA.......1.......Al##",
        "###l......ttttq......l##",
        "###ll...............ll##",
        "####llA...........All###",
        "#####ll....UUU....ll####",
        "######lllllllllllll#####",
        "########################",
        "########################",
        "########################",
        "########################",
        "########################"
      ],
      "palettes": [ "fiend_cult" ],
      "npcs": { "0": { "class": "cult_member_fiend" },
                "1": { "class": "cult_elder_fiend" } },
      "furniture": { "U": "f_statue" },
      "items": {
	  "t": { "item": "NPC_CULT_LEADER_FIEND_SELL", "chance": 70, "repeat": [ 1, 2 ] }
    },
      "faction_owner": [
        { "id": "cultists", "x": [ 1, 23 ], "y": [ 1, 23 ] }
      ]
    }
  },
{
    "type": "mapgen",
    "method": "json",
    "om_terrain": [ "demon_cult_chamber_right" ],
    "weight": 100,
    "object": {
      "fill_ter": "t_rock_floor",
      "rows": [
        "########################",
        "########################",
        "########################",
        "###########lll##########",
        "######llllllqllllll#####",
        "#####ll.ttttttttt.ll####",
        "####llq.ccccccccc.qll###",
        "###ll...............ll##",
        "llllA..0............Ul##",
        "..............0.....Ul##",
        "....................Ul##",
        "....................Ul##",
        "llllA.....ttttt.....Ul##",
        "###lU.....ccccc.....Ul##",
        "###lU.0..........0..Ul##",
        "###ll...............ll##",
        "####llq.ccccccccc.qll###",
        "#####ll.ttttttttt0ll####",
        "######llllllqllllll#####",
        "###########lll##########",
        "########################",
        "########################",
        "########################",
        "########################"
      ],
      "palettes": [ "fiend_cult" ],  
      "npcs": { "0": { "class": "cult_member_fiend" } },    
      "furniture": { "U": "f_crate_o" },
      "items": {
	  "t": { "item": "tools_general", "chance": 70, "repeat": [ 2, 5 ] },
          "U": [ { "item": "stash_wood", "chance": 70, "repeat": [ 2, 5 ] }, { "item": "crystallized_mana", "chance": 50, "repeat": [ 1, 2 ] } ]
    },
      "faction_owner": [
        { "id": "cultists", "x": [ 1, 23 ], "y": [ 1, 23 ] }
      ]
    }
  }   
]