[
  {
    "type": "mapgen",
    "method": "json",
    "om_terrain": [ "cult_enter" ],
    "weight": 100,
    "object": {
      "fill_ter": "t_dirt",
      "rows": [
        "!          ..          !",
        "!          ..          !",
        "!          ..          !",
        "!          ..          !",
        "!          ..          !",
        "!          ..          !",
        "!          ..          !",
        "!          ..          !",
        "!          ..          !",
        "!          ..          !",
        "!          ..          !",
        "!          ..          !",
        "!          ..          !",
        "!          ..          !",
        "!          ..          !",
        "!          ..          !",
        "!!!!!!!!!!!hh!!!!!!!!!!!",
        "           ..0          ",
        "            .           ",
        "           .            ",
        "           .            ",
        "            .           ",
        "           .            ",
        "                        "
      ],
      "palettes": [ "cult" ],
      "faction_owner": [
        { "id": "cultists", "x": [ 1, 23 ], "y": [ 1, 23 ] }
      ],
      "npcs": { "0": { "class": "cult_defender_gate" } }
    }
  }, 
  {
    "type": "mapgen",
    "method": "json",
    "om_terrain": [ "cult_ritual" ],
    "weight": 100,
    "object": {
      "fill_ter": "t_dirt",
      "rows": [
        "!          ..          !",
        "........................",
        "........................",
        " ..                  .. ",
        " ..        UU        .. ",
        " ..       ....       .. ",
        " ..      ......      .. ",
        " ..     ........     .. ",
        " ..    ..........    ..1",
        "1..   .....HH.....   ..1",
        "1..  .......0......  ..1",
        "1.. .....2....2..... .. ",
        " ..U................U.. ",
        " ..                  .. ",
        " ...................... ",
        "  ....................  ",
        "     11    .. 11        ",
        "           ..           ",
        "           ..           ",
        "           ..           ",
        "           ..           ",
        "           ..           ",
        "           ..           ",
        "!          ..          !"
      ],
      "palettes": [ "cult" ],
      "faction_owner": [
        { "id": "cultists", "x": [ 1, 23 ], "y": [ 1, 23 ] }
      ],
      "furniture": { "U": "f_burning_brazier", "H": "f_table" },
      "items": { "H": { "item": "knife_meat_cleaver", "chance": 100 } },
      "npcs": {
    "0": { "class": "cult_homage" },
    "2": { "class": "cult_onocti" },
    "1": { "class": "cult_member" }
  }
    }
  },
  {
    "type": "mapgen",
    "method": "json",
    "om_terrain": [ "cult_artifacts" ],
    "weight": 100,
    "object": {
      "fill_ter": "t_floor",
      "rows": [
        "!!!!!!!!!!!!!!!!!!!!!!!!",
        "........  wwwwwwwwwww  !",
        "........  wL@--8--@Lw  !",
        "      ..  w---------w  !",
        "      ..  w---------w  !",
        "      ..  wL-------Lw  !",
        "      ... w@--------w  !",
        "      ....h--------7w  !",
        "        ..h--------6w  !",
        "          w@--------w  !",
        "          wL-------Lw  !",
        "          w---------w  !",
        "          w5-------3w  !",
        "          w4-------2w  !",
        "          w----?----w  !",
        "          wL@--1--@Lw  !",
        "          wwwwwwwwwww  !",
        "                       !",
        "                   +   !",
        "                  `F   !",
        "                   U   !",
        "                       !",
        "         ~             !",
        "!!!!!!!!!!!!!!!!!!!!!!!!"
      ],
      "palettes": [ "cult" ],
      "faction_owner": [
        { "id": "cultists", "x": [ 1, 23 ], "y": [ 1, 23 ] }
      ],
      "furniture": { "L": "f_hanging_lantern", "+": "f_table", "1": "f_table", "2": "f_table", "3": "f_table", "4": "f_table", "5": "f_table", "6": "f_table", "7": "f_table", "8": "f_table", "F": "f_forge", "U": "f_burning_brazier" },
      "items": { "1": { "item": "archaesth", "chance": 100 }, "2": { "item": "candlefemur", "chance": 100 }, "3": { "item": "lifesap", "chance": 100 }, "4": { "item": "dark_ring", "chance": 100 }, "5": { "item": "majora", "chance": 100 }, 
                        "+": [
			{ "item": "blacksmith", "chance": 100, "repeat": [ 1, 3 ] },
			{ "item": "BLACKSMITH_SHOP", "chance": 100, "repeat": [ 1, 3 ] }
		] },
      "npcs": {
    "?": { "class": "cult_lorevessel" },
    "@": { "class": "cult_defender" },
    "`": { "class": "cult_blacksmith" },
    "~": { "class": "cult_guard_captian" }
  }  
    }
  },
{
    "type": "mapgen",
    "method": "json",
    "om_terrain": [ "cult_artifacts_roof" ],
    "weight": 100,
    "object": {
      "fill_ter": "t_open_air",
      "rows": [
        "                        ",
        "          ...........   ",
        "          ...........   ",
        "          ...........   ",
        "          ...........   ",
        "          ...........   ",
        "          ...........   ",
        "          ...........   ",
        "          ...........   ",
        "          ...........   ",
        "          ...........   ",
        "          ...........   ",
        "          ...........   ",
        "          ...........   ",
        "          ...........   ",
        "          ...........   ",
        "          ...........   ",
        "                        ",
        "                        ",
        "                        ",
        "                        ",
        "                        ",
        "                        ",
        "                        "
      ],
      "palettes": [ "cult_roof" ] 
    }
  }, 
{
    "type": "mapgen",
    "method": "json",
    "om_terrain": [ "cult_animals" ],
    "weight": 100,
    "object": {
      "fill_ter": "t_dirt",
      "rows": [
        "!!!!!!!!!!!!!!!!!!!!!!!!",
        "!.........s     ........",
        "!.........s    .........",
        "!.........f.......0     ",
        "!.x.x.x.x.s    ..       ",
        "!.x.x.x.x.s    ..       ",
        "!.x.x.x.x.s    ..       ",
        "!.........s0   ..       ",
        "!.........s0   ..       ",
        "!ssssssssss0   ..       ",
        "!              ..       ",
        "!              ..       ",
        "!   wwwwww     ..       ",
        "!   w.tt.w     ..       ",
        "!   wB...h.......       ",
        "!   wBBB1w              ",
        "!   wwwwww              ",
        "!                       ",
        "!                       ",
        "!                       ",
        "!                       ",
        "!                       ",
        "!                       ",
        "!!!!!!!!!!!!!!!!!!!!!!!!"
      ],
      "palettes": [ "cult" ],
      "faction_owner": [
        { "id": "cultists", "x": [ 1, 23 ], "y": [ 1, 23 ] }
      ],
      "items": {
	  "t": { "item": "NPC_CULT_MAGICIAN_SELL", "chance": 70, "repeat": [ 2, 5 ] }
    },
      "monster": { "x": { "monster": "mon_deer", "chance": 50 } },
      "furniture": { "B": "f_barrel_c", "t": "f_table" },
      "npcs": {
    "0": { "class": "cult_member" },
    "1": { "class": "cult_magician" }
  },
      "sealed_item": {
      "B": {
      "items": { "item": "raw_meat", "chance": 100, "repeat": [ 2, 5 ] }, 
      "furniture": "f_barrel_c"
  }
}
    }
  },
{
    "type": "mapgen",
    "method": "json",
    "om_terrain": [ "cult_animals_roof" ],
    "weight": 100,
    "object": {
      "fill_ter": "t_open_air",
      "rows": [
        "                        ",
        "                        ",
        "                        ",
        "                        ",
        "                        ",
        "                        ",
        "                        ",
        "                        ",
        "                        ",
        "                        ",
        "                        ",
        "                        ",
        "    ......              ",
        "    ......              ",
        "    ......              ",
        "    ......              ",
        "    ......              ",
        "                        ",
        "                        ",
        "                        ",
        "                        ",
        "                        ",
        "                        ",
        "                        "
      ],
      "palettes": [ "cult_roof" ]
    }
  },
{
    "type": "mapgen",
    "method": "json",
    "om_terrain": [ "cult_communeshacks" ],
    "weight": 100,
    "object": {
      "fill_ter": "t_dirt",
      "rows": [
        "!!!!!!!!!!!!!!!!!!!!!!!!",
        "!                      !",
        "!        SSUUSS        !",
        "!       S F.. >S       !",
        "!       S 0..  S       !",
        "!        SS..SS        !",
        "!       S  ..  S       !",
        "!       S  ..  S       !",
        "!        SS..SS        !",
        "!          ..          !",
        "!        ......        !",
        "!       .. .. ..       !",
        "!  wwww..  ..  ..wwww  !",
        "!  wC.h.   ..   .h.Cw  !",
        "!  wwww.   ..   .wwww  !",
        "!      .   ..   .      !",
        "!  wwww.   ..   .wwww  !",
        "!  wF.h.   ..   .h.Cw  !",
        "!  wwww    ..    wwww  !",
        "!          ..          !",
        "!          ..          !",
        "!          ..          !",
        "!          ..          !",
        "!          ..          !"
      ],
      "palettes": [ "cult" ],
      "faction_owner": [
        { "id": "cultists", "x": [ 1, 23 ], "y": [ 1, 23 ] }
      ],
      "npcs": {
    "0": { "class": "cult_elder" },
    "C": { "class": "cult_communer" }
  },
      "furniture": { "U": "f_statue", "C": "f_chair", "F": "f_chair", "0": "f_chair" }
    }
  },
{
    "type": "mapgen",
    "method": "json",
    "om_terrain": [ "cult_communeshacks_roof" ],
    "weight": 100,
    "object": {
      "fill_ter": "t_open_air",
      "rows": [
        "                        ",
        "                        ",
        "                        ",
        "                        ",
        "                        ",
        "                        ",
        "                        ",
        "                        ",
        "                        ",
        "                        ",
        "                        ",
        "                        ",
        "   ....          ....   ",
        "   ....          ....   ",
        "   ....          ....   ",
        "                        ",
        "   ....          ....   ",
        "   ....          ....   ",
        "   ....          ....   ",
        "                        ",
        "                        ",
        "                        ",
        "                        ",
        "                        "
      ],
      "palettes": [ "cult_roof" ]
    }
  },
  {
    "type": "mapgen",
    "method": "json",
    "om_terrain": [ "cult_catacombs" ],
    "weight": 100,
    "object": {
      "fill_ter": "t_rock_floor",
      "rows": [
        "########################",
        "########################",
        "########################",
        "##########lllll#########",
        "######lllllFCFlllll#####",
        "#####llCClL...LlCCl#####",
        "####ll............ll####",
        "####lC............Cl####",
        "####ll....U.<.U...ll####",
        "####lC............Cl####",
        "####llL..........Lll####",
        "#####llClClClClClll#####",
        "######lllllllllll#######",
        "########################",
        "########################",
        "########################",
        "########################",
        "########################",
        "########################",
        "########################",
        "########################",
        "########################",
        "########################",
        "########################"
      ],
      "palettes": [ "catacombs" ],
      "faction_owner": [
        { "id": "cultists", "x": [ 1, 23 ], "y": [ 1, 23 ] }
      ],
      "signs": { "F": { "signage": "Here lies our founder, wielder of the other worlds, and those who passed in the name of the Elder Ones." } },
      "furniture": { "C": "f_coffin_c", "L": "f_hanging_lantern", "U": "f_burning_brazier", "F": "f_sign" }
    }
  }
]