[
{
    "type": "mapgen",
    "method": "json",
    "om_terrain": [ "hexbound_cult" ],
    "weight": 100,
    "object": {
      "fill_ter": "t_dirt",
      "rows": [
        "  sssssssssssssssss     ",
        "  sBBBfqw-----wfffss    ",
        " ssBffffw-----wfffqss   ",
        " swwwwdww-----dfffhtss  ",
        " s------------wwwwwwwss ",
        " s-------------------Ass",
        " s---------------------s",
        " s--------------------As",
        " s---------------------s",
        " s----------V---------As",
        " s---------------------s",
        " s--------------------As",
        " s---------------------s",
        " ssds----------------Ass",
        "  s-ss---------------ss ",
        "  s--ss-------------ss  ",
        "  s---ss-----------ss   ",
        "  s-C--ss---------ss    ",
        "  s-C!-FssV------ss     ",
        "  sssssssss--sssss      ",
        "          ----          ",
        "           --           ",
        "                        ",
        "                        "
      ],
      "palettes": [ "hexbound_cult" ],
      "faction_owner": [
        { "id": "cultists", "x": [ 1, 23 ], "y": [ 1, 23 ] }
      ],
      "npcs": {
		"!": { "class": "cult_blacksmith" }
		},
     "items": {
	  "C": [ { "item": "BLACKSMITH_SHOP", "chance": 100, "repeat": [ 1, 3 ] } ]	 
    }    
    }
  },
{
    "type": "mapgen",
    "method": "json",
    "om_terrain": [ "hexbound_cult_roof" ],
    "weight": 100,
    "object": {
      "fill_ter": "t_dirt",
      "rows": [
        "                        ",
        "   ......     ....      ",
        "   ......     .....     ",
        "  .......     ......    ",
        "              .......   ",
        "                        ",
        "                        ",
        "                        ",
        "                        ",
        "                        ",
        "                        ",
        "                        ",
        "                        ",
        "                        ",
        "                        ",
        "                        ",
        "                        ",
        "                        ",
        "                        ",
        "                        ",
        "                        ",
        "                        ",
        "                        ",
        "                        "
      ],
      "palettes": [ "cult_roof" ]
    }
  }  
]