[
  {
    "type": "mapgen",
    "om_terrain": "walled_in_building",
    "method": "json",
    "object": {
      "fill_ter": "t_region_groundcover_urban",
      "rows": [
        "////////////////////////",
        "/6      2      7       /",
        "/                      /",
        "/                      /",
        "/                      /",
        "/                      /",
        "/                      /",
        "/                      /",
        "/3      1      4       /",
        "/                      /",
        "/                      /",
        "/                      /",
        "/                      /",
        "/                      /",
        "/                      /",
        "/8      5      9       /",
        "/                      /",
        "/                      /",
        "/                      /",
        "/                      /",
        "/                      /",
        "/                      /",
        "/                      /",
        "                        "
      ],
      "palettes": [ "city_building_palette" ],
      "nested": {
        "1": { "chunks": [
			[ "square_room_fireplace_left", 80 ],
			[ "square_room_fireplace_right", 80 ],
			[ "square_room_fireplace_corner_top_left", 80 ],
			[ "square_room_fireplace_corner_top_right", 80 ],
			[ "square_room_fireplace_corner_bottom_left", 80 ],
			[ "square_room_fireplace_corner_bottom_right", 80 ]
			]
			},
		"2": { "chunks": [
			[ "no_room", 50 ],
			[ "top_square_room_bedroom", 80 ],
			[ "top_square_room_pantry", 80 ],
			[ "top_square_room_rounded_bedroom", 80 ],
			[ "top_square_room_rounded_pantry", 80 ],
			[ "top_square_room_halved_bedroom", 80 ],
			[ "top_square_room_halved_pantry", 80 ],
			[ "top_square_room_halved_hallway", 80 ]
			]
			},
		"3": { "chunks": [
			[ "no_room", 50 ],
			[ "left_square_room_bedroom", 80 ],
			[ "left_square_room_pantry", 80 ],
			[ "left_square_room_rounded_bedroom", 80 ],
			[ "left_square_room_rounded_pantry", 80 ],
			[ "left_square_room_halved_bedroom", 80 ],
			[ "left_square_room_halved_pantry", 80 ],
			[ "left_square_room_halved_hallway", 80 ]
			]
			},
		"4": { "chunks": [
			[ "no_room", 50 ],
			[ "right_square_room_bedroom", 80 ],
			[ "right_square_room_pantry", 80 ],
			[ "right_square_room_rounded_bedroom", 80 ],
			[ "right_square_room_rounded_pantry", 80 ],
			[ "right_square_room_halved_bedroom", 80 ],
			[ "right_square_room_halved_pantry", 80 ],
			[ "right_square_room_halved_hallway", 80 ]
			]
			},
		"5": { "chunks": [
			[ "no_room", 50 ],
			[ "bottom_square_room", 60 ],
			[ "bottom_square_room_rounded", 60 ],
			[ "bottom_square_room_halved", 60 ],
			[ "bottom_square_room_no_carpet", 60 ],
			[ "bottom_square_room_rounded_no_carpet", 60 ],
			[ "bottom_square_room_halved_no_carpet", 60 ]
			]
			},
		"6": { "chunks": [
			[ "no_room", 50 ],
			[ "top_left_square_general_storage_room", 40 ],
			[ "top_left_square_dining_room", 40 ],
			[ "top_left_square_living_room", 40 ],
			[ "top_left_square_room_rounded_furniture_storage", 40 ],
			[ "top_left_square_room_rounded_study", 40 ],
			[ "top_left_square_room_rounded_library", 40 ],
			[ "top_left_square_room_halved_study", 40 ],
			[ "top_left_square_room_halved_living_room", 40 ],
			[ "top_left_square_room_halved_workshop", 40 ],
			[ "top_left_square_room_halved_small_tool_storage", 40 ],
			[ "top_left_square_room_halved_small_bathroom", 40 ],
			[ "top_left_square_room_halved_small_clothing_closet", 40 ],
			[ "top_left_square_room_small_tool_storage", 40 ],
			[ "top_left_square_room_small_bathroom", 40 ],
			[ "top_left_square_room_small_clothing_closet", 40 ]
			]
			},
        "7": { "chunks": [
			[ "no_room", 50 ],
			[ "top_right_square_room_dining", 40 ],
			[ "top_right_square_room_living", 40 ],
			[ "top_right_square_room_storage", 40 ],
			[ "top_right_square_room_rounded_study", 40 ],
			[ "top_right_square_room_rounded_library", 40 ],
			[ "top_right_square_room_rounded_furniture", 40 ],
			[ "top_right_square_room_halved_work", 40 ],
			[ "top_right_square_room_halved_study", 40 ],
			[ "top_right_square_room_halved_living", 40 ],
			[ "top_right_square_room_halved_small_bathroom", 40 ],
			[ "top_right_square_room_halved_small_clothing", 40 ],
			[ "top_right_square_room_halved_small_tool", 40 ],
			[ "top_right_square_room_small_bathroom", 40 ],
			[ "top_right_square_room_small_clothing", 40 ],
			[ "top_right_square_room_small_tools", 40 ]
			]
			},
		"8": { "chunks": [
			[ "no_room", 50 ],
			[ "bottom_left_square_room_dining", 40 ],
			[ "bottom_left_square_room_living", 40 ],
			[ "bottom_left_square_room_storage", 40 ],
			[ "bottom_left_square_room_rounded_study", 40 ],
			[ "bottom_left_square_room_rounded_library", 40 ],
			[ "bottom_left_square_room_rounded_furniture", 40 ],
			[ "bottom_left_square_room_halved_workshop", 40 ],
			[ "bottom_left_square_room_halved_study", 40 ],
			[ "bottom_left_square_room_halved_living", 40 ],
			[ "bottom_left_square_room_halved_small_bathroom", 40 ],
			[ "bottom_left_square_room_halved_small_clothing", 40 ],
			[ "bottom_left_square_room_halved_small_tools", 40 ],
			[ "bottom_left_square_room_small_bathroom", 40 ],
			[ "bottom_left_square_room_small_clothing", 40 ],
			[ "bottom_left_square_room_small_tools", 40 ]
			]
			},
        "9": { "chunks": [
			[ "no_room", 50 ],
			[ "bottom_right_square_room_storeroom", 40 ],
			[ "bottom_right_square_room_living", 40 ],
			[ "bottom_right_square_room_dining", 40 ],
			[ "bottom_right_square_room_rounded_study", 40 ],
			[ "bottom_right_square_room_rounded_furniture", 40 ],
			[ "bottom_right_square_room_rounded_library", 40 ],
			[ "bottom_right_square_room_halved_workshop", 40 ],
			[ "bottom_right_square_room_halved_study", 40 ],
			[ "bottom_right_square_room_halved_living", 40 ],
			[ "bottom_right_square_room_halved_small_bathroom", 40 ],
			[ "bottom_right_square_room_halved_small_clothing", 40 ],
			[ "bottom_right_square_room_halved_small_tools", 40 ],
			[ "bottom_right_square_room_small_bathroom", 40 ],
			[ "bottom_right_square_room_small_clothing", 40 ],
			[ "bottom_right_square_room_small_tools", 40 ]
			]
			}
      }
    }
  }
]
