[ 
  {
    "type": "mutation",
    "id": "CLERIC",
    "name": "Cleric",
    "//": "There are multiple domains for clerics, depending upon their faith.",
    "points": 0,
    "description": "Those who have been blessed by the gods with divine power.",
    "starting_trait": false,
    "purifiable": false,
    "valid": false,
    "cancels": [ "WARLOCK" ]
  },
  {
    "type": "mutation",
    "id": "CLERIC_W",
    "name": "War Domain",
    "//": "Cleric domain",
    "points": 0,
    "description": "The gods of war have blessed you with divine power; to lay waste to all opposition.",
    "starting_trait": false,
    "purifiable": false,
    "valid": false,
    "prereqs": [ "CLERIC" ],
    "cancels": [ "CLERIC_L", "CLERIC_I", "CLERIC_T" ],
    "flags": [ "ATTUNEMENT" ]
  },
  {
    "type": "mutation",
    "id": "CLERIC_L",
    "name": "Life Domain",
    "//": "Cleric domain",
    "points": 0,
    "description": "Energy is the fundamental force of the universe, sustaining all life. The gods of life promote vitality and health.",
    "starting_trait": false,
    "purifiable": false,
    "valid": false,
    "prereqs": [ "CLERIC" ],
    "cancels": [ "CLERIC_W", "CLERIC_I", "CLERIC_T" ],
    "flags": [ "ATTUNEMENT" ]
  },
  {
    "type": "mutation",
    "id": "CLERIC_T",
    "name": "Twighlight Domain",
    "//": "Cleric domain",
    "points": 0,
    "description": "The setting of the sun reveals the hidden world of the night. The gods of twighlight defend this world, and drive out dark things which stalk it.",
    "starting_trait": false,
    "purifiable": false,
    "valid": false,
    "prereqs": [ "CLERIC" ],
    "cancels": [ "CLERIC_W", "CLERIC_I", "CLERIC_L" ],
    "flags": [ "ATTUNEMENT" ]
  },
  {
    "type": "mutation",
    "id": "CLERIC_I",
    "name": "Light Domain",
    "//": "Cleric domain",
    "points": 0,
    "description": "The rising of the sun reveals many things. The gods of light bestow the power to shine in the darkness.",
    "starting_trait": false,
    "purifiable": false,
    "valid": false,
    "prereqs": [ "CLERIC" ],
    "cancels": [ "CLERIC_W", "CLERIC_T", "CLERIC_L" ],
    "flags": [ "ATTUNEMENT" ]
  }
]