[
  {
    "type": "mutation",
    "id": "WARLOCK",
    "name": "Warlock",
    "//": "Base mutation, branching outwards into multiple classes.",
    "points": 0,
    "description": "Warlocks are those who have made a deal with an otherworldly entity for knowledge.",
    "starting_trait": false,
    "purifiable": false,
    "valid": false,
    "cancels": [ "CLERIC" ]
  },
  {
    "type": "mutation",
    "id": "WARLOCK_E",
    "name": "Pact of The Elder",
    "//": "Variation",
    "points": 0,
    "description": "You follow the Elder One, praising their name in sacrifice.",
    "starting_trait": false,
    "purifiable": false,
    "valid": false,
    "prereqs": [ "WARLOCK" ],
    "cancels": [ "WARLOCK_C", "WARLOCK_F" ],
    "flags": [ "ATTUNEMENT" ]
  },
  {
    "type": "mutation",
    "id": "WARLOCK_C",
    "name": "Pact of The Hexbound",
    "//": "Variation",
    "points": 0,
    "description": "The Hexbound are the indentured of Qliphoth, The Patron Mistress. They are known for their curses, charms, and weaponplay.",
    "starting_trait": false,
    "purifiable": false,
    "valid": false,
    "prereqs": [ "WARLOCK" ],
    "cancels": [ "WARLOCK_E", "WARLOCK_F" ],
    "flags": [ "ATTUNEMENT" ]
  },
  {
    "type": "mutation",
    "id": "WARLOCK_F",
    "name": "Pact of the Fiend",
    "//": "Variation",
    "points": 0,
    "description": "You have made a pact with the devils and demons of lower worlds. Fire, ice, ḭ̴̂͂t̷̛̹̬ ̸͖͙̈́͝m̸̗̊a̵̢̍ţ̸̇̂t̴̝̃̿e̶̟̳̍̈́r̵̫̀s̷͖̈͊ ̴͇̳̓̽n̸͓͌͋ö̴̡̠́t̷̳́.",
    "starting_trait": false,
    "purifiable": false,
    "valid": false,
    "prereqs": [ "WARLOCK" ],
    "cancels": [ "WARLOCK_E", "WARLOCK_C" ],
    "flags": [ "ATTUNEMENT" ]
  }
]