[
	{
    "type": "furniture",
    "id": "f_barrel_c",
    "name": "barrel",
    "description": "A sealed wooden barrel.  Lacking any labels, it could hold just about anything inside.  If you don't have a proper tool to pry it open, smashing it is an option, albeit one that risks destroying the contents.",
    "symbol": "X",
    "bgcolor": "brown",
    "move_cost_mod": -1,
    "coverage": 60,
    "required_str": 10,
    "flags": [
      "TRANSPARENT",
      "CONTAINER",
      "SEALED",
      "ALLOW_FIELD_EFFECT",
      "FLAMMABLE",
      "PLACE_ITEM",
      "ORGANIC",
      "MOUNTABLE",
      "SHORT",
	  "LIQUIDCONT",
	  "LOCKED"
    ],
    "examine_action": "locked_object",
    "deconstruct": {
      "items": [ { "item": "2x4", "count": 4 }, { "item": "wood_panel", "count": [ 0, 1 ] }, { "item": "nail", "charges": [ 6, 10 ] } ]
    },
    "bash": {
      "str_min": 10,
      "str_max": 40,
      "sound": "smash!",
      "sound_fail": "wham!",
      "items": [ { "item": "2x4", "count": [ 1, 5 ] }, { "item": "nail", "charges": [ 2, 10 ] } ]
    }
	},
	{
    "type": "furniture",
    "id": "f_barrel_o",
    "name": "open barrel",
    "description": "An open wooden barrel, capable of holding any number of things.  The lid has been pried off and is leaned adjacent to it. One sealed it back shut if they had a good hammer.",
    "symbol": "O",
    "bgcolor": "brown",
    "move_cost_mod": -1,
    "coverage": 60,
    "required_str": 10,
    "flags": [
	 "TRANSPARENT",
	 "CONTAINER",
	 "FLAMMABLE",
	 "PLACE_ITEM",
	 "ORGANIC",
	 "MOUNTABLE",
	 "SHORT",
	 "LIQUIDCONT" ],
    "deconstruct": {
      "items": [ { "item": "2x4", "count": 4 }, { "item": "wood_panel", "count": [ 0, 1 ] }, { "item": "nail", "charges": [ 6, 10 ] } ]
    },
    "bash": {
      "str_min": 10,
      "str_max": 40,
      "sound": "smash!",
      "sound_fail": "wham!",
      "items": [ { "item": "2x4", "count": [ 1, 5 ] }, { "item": "nail", "charges": [ 2, 10 ] } ]
    }
	},
	{
    "type": "furniture",
    "id": "f_chest_c",
    "name": "chest",
    "description": "A locked wooden chest.  It could hold just about anything inside but tends to lean towards more valuable things than random junk.  If you don't have a proper tool to get past the lock, smashing it is an option, albeit one that risks destroying the contents.",
    "symbol": "X",
    "bgcolor": "brown",
    "move_cost_mod": -1,
    "coverage": 60,
    "required_str": 12,
    "flags": [
      "TRANSPARENT",
      "CONTAINER",
      "SEALED",
      "ALLOW_FIELD_EFFECT",
      "FLAMMABLE",
      "PLACE_ITEM",
      "ORGANIC",
      "MOUNTABLE",
      "SHORT",
	  "LOCKED",
      "PICKABLE"
    ],
    "examine_action": "locked_object",
    "deconstruct": {
      "items": [ { "item": "2x4", "count": 4 }, { "item": "wood_panel", "count": [ 1, 2 ] }, { "item": "nail", "charges": [ 6, 10 ] } ]
    },
    "bash": {
      "str_min": 12,
      "str_max": 40,
      "sound": "smash!",
      "sound_fail": "wham!",
      "items": [ { "item": "2x4", "count": [ 1, 5 ] }, { "item": "nail", "charges": [ 2, 10 ] } ]
    }
	},
	{
    "type": "furniture",
    "id": "f_chest_o",
    "name": "open chest",
    "description": "An open wooden chest, capable of holding any number of things.  It has been opened and its insides are revealed. If found in dungeons people probably never think of relocking them, but if you had a key and a lock then you would be able to do so.",
    "symbol": "O",
    "bgcolor": "brown",
    "move_cost_mod": -1,
    "coverage": 60,
    "required_str": 10,
    "flags": [ "TRANSPARENT", "CONTAINER", "FLAMMABLE", "PLACE_ITEM", "ORGANIC", "MOUNTABLE", "SHORT" ],
    "deconstruct": {
      "items": [ { "item": "2x4", "count": 4 }, { "item": "wood_panel", "count": [ 0, 1 ] }, { "item": "nail", "charges": [ 6, 10 ] } ]
    },
    "bash": {
      "str_min": 12,
      "str_max": 40,
      "sound": "smash!",
      "sound_fail": "wham!",
      "items": [ { "item": "2x4", "count": [ 1, 5 ] }, { "item": "nail", "charges": [ 2, 10 ] } ]
    }
	},
	{
    "type": "furniture",
    "id": "f_chest_l",
    "name": "chest",
    "description": "A wooden chest, locked by you. Only you know its contents and only you have the means of opening it without destroying it or its lock.",
    "symbol": "X",
    "bgcolor": "brown",
    "move_cost_mod": -1,
    "coverage": 60,
    "required_str": 12,
    "flags": [
      "TRANSPARENT",
      "CONTAINER",
      "SEALED",
      "ALLOW_FIELD_EFFECT",
      "FLAMMABLE",
      "PLACE_ITEM",
      "ORGANIC",
      "MOUNTABLE",
      "SHORT"
    ],
    "examine_action": "locked_object",
    "deconstruct": {
      "items": [ { "item": "2x4", "count": 4 }, { "item": "wood_panel", "count": [ 1, 2 ] }, { "item": "nail", "charges": [ 6, 10 ] } ]
    },
    "bash": {
      "str_min": 12,
      "str_max": 40,
      "sound": "smash!",
      "sound_fail": "wham!",
      "items": [ { "item": "2x4", "count": [ 1, 5 ] }, { "item": "nail", "charges": [ 2, 10 ] } ]
    }
	},
	{
    "type": "mod_tileset",
    "compatibility": [ "MshockXottoplus", "MSX++DEAD_PEOPLE", "UNDEAD_PEOPLE" ],
    "tiles-new": [
      {
        "file": "mod_tileset/chest_closed.png",
        "sprite_width": 32,
        "sprite_height": 32,
        "sprite_offset_x": 0,
        "sprite_offset_y": 0,
        "tiles": [
		{ "id": "f_chest_c", "fg": 0 }
		]
      },
	  {
        "file": "mod_tileset/chest_closed.png",
        "sprite_width": 32,
        "sprite_height": 32,
        "sprite_offset_x": 0,
        "sprite_offset_y": 0,
        "tiles": [
		{ "id": "f_chest_l", "fg": 1 }
		]
      },
	  {
        "file": "mod_tileset/chest_open.png",
        "sprite_width": 32,
        "sprite_height": 32,
        "sprite_offset_x": 0,
        "sprite_offset_y": 0,
        "tiles": [
		{ "id": "f_chest_o", "fg": 2 }
		]
      },
	  {
        "file": "mod_tileset/barrel_closed.png",
        "sprite_width": 32,
        "sprite_height": 32,
        "sprite_offset_x": 0,
        "sprite_offset_y": 0,
        "tiles": [
		{ "id": "f_barrel_c", "fg": 3 }
		]
      },
	  {
        "file": "mod_tileset/barrel_open.png",
        "sprite_width": 32,
        "sprite_height": 32,
        "sprite_offset_x": 0,
        "sprite_offset_y": 0,
        "tiles": [
		{ "id": "f_barrel_o", "fg": 4 }
		]
      }
    ]
	}
]
