[
{
    "type": "construction",
    "id": "constr_barrel_c",
    "category": "FURN",
    "required_skills": [ [ "mechanics", 0 ] ],
    "time": "30 s",
    "components": [  ],
    "qualities": [ [ { "id": "HAMMER", "level": 1 } ] ],
    "pre_terrain": "f_barrel_o",
    "post_flags": [ "keep_items" ],
    "post_terrain": "f_barrel_c",
	"group": "seal_barrel"
  },
  {
    "type": "construction",
    "id": "constr_barrel_c_o",
    "category": "FURN",
    "required_skills": [ [ "mechanics", 0 ] ],
    "time": "3 s",
    "components": [  ],
    "qualities": [ [ { "id": "HAMMER", "level": 1 } ] ],
    "pre_terrain": "f_barrel_c",
    "post_flags": [ "keep_items" ],
    "post_terrain": "f_barrel_o",
	"group": "open_barrel"
  },
  {
    "type": "construction",
    "id": "constr_barrel_o",
    "category": "FURN",
    "required_skills": [ [ "fabrication", 2 ] ],
    "time": "1 h",
    "qualities": [ [ { "id": "HAMMER", "level": 2 } ], [ { "id": "SAW_W", "level": 2 } ] ],
    "components": [ [ [ "wood_sheet", 1 ], [ "2x4", 10 ] ], [ [ "scrap", 10 ] ], [ [ "nail", 50 ] ] ],
    "pre_special": "check_empty",
    "post_terrain": "f_crate_o",
	"group": "construct_barrel"
  },
  {
    "type": "construction",
    "id": "constr_chest_o",
    "category": "FURN",
    "required_skills": [ [ "fabrication", 2 ] ],
    "time": "1 h",
    "qualities": [ [ { "id": "HAMMER", "level": 2 } ], [ { "id": "SAW_W", "level": 2 } ] ],
    "components": [ [ [ "wood_sheet", 1 ], [ "2x4", 10 ] ], [ [ "scrap", 10 ] ], [ [ "nail", 50 ] ] ],
    "pre_special": "check_empty",
    "post_terrain": "f_chest_o",
	"group": "construct_chest"
  },
  {
    "type": "construction",
    "id": "constr_chest_l",
    "category": "FURN",
    "required_skills": [ [ "fabrication", 0 ] ],
    "time": "5 s",
    "qualities": [  ],
    "components": [  ],
    "post_flags": [ "keep_items" ],
	"pre_terrain": "f_chest_o",
    "post_terrain": "f_chest_l",
	"group": "lock_chest"
  },
  {
    "type": "construction",
    "id": "constr_chest_l_o",
    "category": "FURN",
    "required_skills": [ [ "fabrication", 0 ] ],
    "time": "5 s",
    "qualities": [  ],
    "components": [  ],
    "post_flags": [ "keep_items" ],
	"pre_terrain": "f_chest_l",
    "post_terrain": "f_chest_o",
	"group": "unlock_chest"
  },
  {
    "type": "construction",
    "id": "hang_lantern",
    "category": "FURN",
    "required_skills": [ [ "fabrication", 0 ] ],
    "time": "5 m",
    "qualities": [ [ { "id": "HAMMER", "level": 1 } ] ],
    "components": [ [ [ "oil_lamp", 1 ] ], [ [ "chain", 1 ] ] ],
    "pre_special": "check_empty",
    "post_terrain": "f_hanging_lantern_out",
	"group": "hang_lantern"
  },
  {
    "type": "construction",
    "id": "light_lantern",
    "category": "FURN",
    "required_skills": [ [ "fabrication", 0 ] ],
    "time": "6 s",
    "tools": [ [ [ "fire_drill", 1 ], [ "fire_drill_large", 1 ], [ "flint_steel", -1 ], [ "lighter", 1 ] ] ],
    "components": [ [ [ "lamp_oil", 1 ] ] ],
    "pre_terrain": "f_hanging_lantern_out",
    "post_terrain": "f_hanging_lantern",
	"group": "light_lantern"
  },
  {
    "type": "construction",
    "id": "unlight_lantern",
    "category": "FURN",
    "required_skills": [ [ "fabrication", 0 ] ],
    "time": "1 s",
    "qualities": [  ],
    "components": [  ],
    "pre_terrain": "f_hanging_lantern",
    "post_terrain": "f_hanging_lantern_out",
	"group": "unlight_lantern"
  },
  {
    "type": "construction",
    "id": "constr_infusion_bench",
    "category": "FURN",
    "required_skills": [ [ "fabrication", 2 ], [ "spellcraft", 1 ] ],
    "time": "1 h",
    "qualities": [ [ { "id": "HAMMER", "level": 2 } ], [ { "id": "SAW_W", "level": 2 } ] ],
    "components": [ [ [ "wood_panel", 1 ], [ "2x4", 10 ] ], [ [ "nail", 15 ] ], [ [ "crystallized_mana", 500 ] ] ],
    "pre_special": "check_empty",
    "post_terrain": "f_infusion_bench",
	"group": "construct_infusion_table"
  },
  {
    "type": "construction",
    "id": "constr_enhanced_infusion_bench",
    "category": "FURN",
    "required_skills": [ [ "spellcraft", 3 ] ],
    "time": "1 h",
    "qualities": [ [ { "id": "CHISEL", "level": 1 } ] ],
    "components": [ [ [ "crystallized_mana", 1000 ] ] ],
    "pre_terrain": "f_infusion_bench",
    "post_terrain": "f_enhanced_infusion_bench",
	"group": "construct_infusion_table"
  }
]