[
	{
    "type": "construction_group",
    "id": "seal_barrel",
    "name": "Seals a barrel."
	},
	{
    "type": "construction_group",
    "id": "open_barrel",
    "name": "Opens a barrel."
	},
	{
    "type": "construction_group",
    "id": "construct_barrel",
    "name": "Build a barrel."
	},
	{
    "type": "construction_group",
    "id": "construct_chest",
    "name": "Build a chest."
	},
	{
    "type": "construction_group",
    "id": "unlock_chest",
    "name": "Unlocks your chest."
	},
	{
    "type": "construction_group",
    "id": "lock_chest",
    "name": "Locks your chest."
	},
        {
    "type": "construction_group",
    "id": "hang_lantern",
    "name": "Hang a lantern."
	},
        {
    "type": "construction_group",
    "id": "light_lantern",
    "name": "Relight a lantern."
	},
        {
    "type": "construction_group",
    "id": "unlight_lantern",
    "name": "Blow out a lantern."
	},
        {
    "type": "construction_group",
    "id": "construct_infusion_table",
    "name": "Build an infusion table."
	}
]