[
	{
    "type": "furniture",
    "id": "f_hanging_lantern",
    "name": "Hanging lantern",
    "description": "An oil-burning lantern hanged from the ceiling by a small chain.",
    "symbol": "y",
    "color": "dark_gray",
    "move_cost_mod": 0,
    "coverage": 0,
    "light_emitted": 45,
	"required_str": -1,
    "flags": [ "TRANSPARENT", "BASHABLE", "FLAMMABLE" ],
    "deconstruct": {
      "items": [
        { "item": "oil_lamp", "count": 1 },
        { "item": "chain", "count": 1 }
      ]
    },
	"bash": {
      "sound": "CRASH!",
      "str_min": 1,
      "str_max": 4,
	  "sound_fail": "tink!",
      "sound_vol": 8,
      "sound_fail_vol": 4,
	  "furn_set": "f_broken_lantern",
	  "items": [
         { "item": "chain", "count": 1 }
      ]
      }
	},
	{
    "type": "furniture",
    "id": "f_broken_lantern",
    "name": "Smashed lantern",
    "description": "An oil-burning lantern that has been knocked down and is setting the place ablaze.",
    "symbol": ",",
    "color": "red",
    "move_cost_mod": 0,
    "coverage": 0,
    "light_emitted": 30,
	"required_str": -1,
    "flags": [ "TRANSPARENT", "EMITTER", "FLAMMABLE", "NOITEM" ],
	"emissions": [ "emit_lantern_smash" ],
	"bash": {
      "sound": "CRASH!",
      "str_min": 400,
      "str_max": 401,
	  "sound_fail": "tink!",
      "sound_vol": 16,
      "sound_fail_vol": 4
      }
	},
        {
    "type": "furniture",
    "id": "f_hanging_lantern_out",
    "name": "Extinguished hanging lantern",
    "description": "An oil-burning lantern hanged from the ceiling by a small chain. The flame is out.",
    "symbol": "y",
    "color": "dark_gray",
    "move_cost_mod": 0,
    "coverage": 0,
    "light_emitted": 0,
	"required_str": -1,
    "flags": [ "TRANSPARENT", "BASHABLE", "FLAMMABLE" ],
    "deconstruct": {
      "items": [
        { "item": "oil_lamp", "count": 1 }, 
        { "item": "chain", "count": 1 }
      ]
    },
	"bash": {
      "sound": "CRASH!",
      "str_min": 1,
      "str_max": 4,
	  "sound_fail": "tink!",
      "sound_vol": 8,
      "sound_fail_vol": 4,
	  "items": [
         { "item": "chain", "count": 1 }
      ]
      }
	},
	{
    "type": "furniture",
    "id": "f_pole_lantern",
    "name": "Pole lantern",
    "description": "An oil-burning lantern set atop an iron pole.",
    "symbol": "Y",
    "color": "dark_gray",
    "move_cost_mod": -1,
    "coverage": 0,
    "light_emitted": 45,
	"required_str": -1,
    "flags": [ "TRANSPARENT", "BASHABLE", "IMPASSABLE", "NOITEM" ],
    "deconstruct": {
      "items": [
        { "item": "oil_lamp", "count": 1 },
        { "item": "scrap", "count": 15 },
        { "item": "pipe", "count": 1 }
      ]
    },
	"bash": {
      "sound": "CRASH!",
      "str_min": 8,
      "str_max": 400,
	  "sound_fail": "tink!",
      "sound_vol": 8,
      "sound_fail_vol": 4,
	  "furn_set": "f_broken_lantern",
	  "items": [
        { "item": "scrap", "count": 15 },
        { "item": "pipe", "count": 1 }
      ]
      }
	},
	{
    "type": "furniture",
    "id": "f_burning_brazier",
    "name": "Burning brazier",
    "description": "A brazier burning hot with a flame over the coals.",
    "symbol": "U",
    "color": "dark_gray",
    "move_cost_mod": 0,
    "coverage": 0,
    "light_emitted": 45,
	"required_str": -1,
    "flags": [ "TRANSPARENT", "BASHABLE", "EMITTER", "THIN_OBSTACLE", "WINDOW" ],
	"emissions": [ "emit_brazier_heat" ],
    "deconstruct": {
      "items": [
        { "item": "brazier", "count": 1 }
      ]
    },
	"bash": {
      "sound": "CRASH!",
      "str_min": 1,
      "str_max": 4,
	  "sound_fail": "tink!",
      "sound_vol": 8,
      "sound_fail_vol": 4,
	  "furn_set": "f_spilled_brazier",
	  "items": [
        { "item": "brazier", "count": 1 }
      ]
      }
	},
	{
    "type": "furniture",
    "id": "f_spilled_brazier",
    "name": "Spilled brazier",
    "description": "A burning brazier that has been knocked over and is setting the place ablaze.",
    "symbol": ",",
    "color": "red",
    "move_cost_mod": 0,
    "coverage": 0,
    "light_emitted": 45,
	"required_str": -1,
    "flags": [ "TRANSPARENT", "EMITTER", "FLAMMABLE" ],
	"emissions": [ "emit_lantern_smash" ],
	"bash": {
      "sound": "CRASH!",
      "str_min": 400,
      "str_max": 401,
	  "sound_fail": "tink!",
      "sound_vol": 16,
      "sound_fail_vol": 4
      }
	},
{
    "type": "furniture",
    "id": "f_infusion_bench",
    "name": "infusion table",
    "looks_like": "f_table",
    "description": "A hexagonal table, with a large magical rune carved into the surface. It is used to infuse magic into otherwise mundane items.",
    "symbol": "0",
    "bgcolor": "blue",
    "move_cost_mod": 2,
    "coverage": 60,                 
    "required_str": -1,
    "crafting_pseudo_item": "t_infusion",
    "flags": [ "TRANSPARENT", "PLACE_ITEM", "MOUNTABLE", "FLAT_SURF" ],
    "deconstruct": {
      "items": [
        { "item": "wood_panel", "count": [ 1, 2 ] },
        { "item": "2x4", "count": [ 3, 4 ] },
        { "item": "nail", "count": [ 10, 15 ] }
      ]
    },
    "max_volume": "1750 L",
    "bash": {
      "str_min": 35,
      "str_max": 80,
      "sound": "snap!",
      "sound_fail": "whump!",
      "items": [
        { "item": "splinter", "count": [ 2, 8 ] },
        { "item": "2x4", "count": [ 0, 2 ] },
        { "item": "wood_panel", "count": [ 0, 1 ] },
        { "item": "nail", "count": [ 10, 15 ] }
      ]
    },
    "examine_action": "workbench",
    "workbench": { "multiplier": 1.15, "mass": 300000, "volume": "100L" }
  },
{
    "type": "furniture",
    "id": "f_enhanced_infusion_bench",
    "name": "enhanced infusion table",
    "looks_like": "f_table",
    "description": "A hexagonal table, with large magical runes carved into the surface. It is used to infuse magic into otherwise mundane items.",
    "symbol": "0",
    "bgcolor": "blue",
    "move_cost_mod": 2,
    "coverage": 60,                 
    "required_str": -1,
    "crafting_pseudo_item": "t_infusion2",
    "flags": [ "TRANSPARENT", "PLACE_ITEM", "MOUNTABLE", "FLAT_SURF" ],
    "deconstruct": {
      "items": [
        { "item": "wood_panel", "count": [ 1, 2 ] },
        { "item": "2x4", "count": [ 3, 4 ] },
        { "item": "nail", "count": [ 10, 15 ] }
      ]
    },
    "max_volume": "1750 L",
    "bash": {
      "str_min": 35,
      "str_max": 80,
      "sound": "snap!",
      "sound_fail": "whump!",
      "items": [
        { "item": "splinter", "count": [ 2, 8 ] },
        { "item": "2x4", "count": [ 0, 2 ] },
        { "item": "wood_panel", "count": [ 0, 1 ] },
        { "item": "nail", "count": [ 10, 15 ] }
      ]
    },
    "examine_action": "workbench",
    "workbench": { "multiplier": 1.15, "mass": 300000, "volume": "100L" }
  },
{
    "type": "furniture",
    "id": "f_divine_altar",
    "name": "divine altar",
    "looks_like": "f_altar",
    "description": "A solid altar, carved of stone. It has been engraved with religious symbology, and a small depression lies in the middle, likely for some kind of offering.",
    "symbol": "#",
    "bgcolor": "white",
    "move_cost_mod": 2,
    "coverage": 60,                 
    "required_str": 15,
    "crafting_pseudo_item": "t_daltar",
    "flags": [ "TRANSPARENT", "PLACE_ITEM", "MOUNTABLE", "FLAT_SURF" ],
    "deconstruct": {
      "items": [
        { "item": "rock", "count": 50 }
      ]
    },
    "max_volume": "1750 L",
    "bash": {
      "str_min": 35,
      "str_max": 80,
      "sound": "snap!",
      "sound_fail": "whump!",
      "items": [
        { "item": "rock", "count": 50 }
      ]
    },
    "examine_action": "workbench",
    "workbench": { "multiplier": 1.15, "mass": 300000, "volume": "100L" }
  },
{
    "type": "furniture",
    "id": "f_straw_dummy",
    "name": "straw dummy",
    "description": "A plank-and-canvas dummy, suffed with straw in a humanoid shape. It can be used for exercise and combat training, with the notable advantage that it doesn't fight back.",
    "symbol": "0",
    "color": "dark_gray",
    "move_cost_mod": -1,
    "coverage": 65,
    "required_str": 10,
    "crafting_pseudo_item": "training_dummy_light",
    "flags": [ "TRANSPARENT", "BASHABLE", "BLOCKSDOOR", "WORKOUT_ARMS", "WORKOUT_LEGS" ],
    "examine_action": "workout",
    "bash": {
      "str_min": 15,
      "str_max": 20,
      "sound": "whack!",
      "sound_fail": "thud.",
      "items": [
        { "item": "2x4", "count": [ 1, 3 ] },
        { "item": "leather", "count": [ 4, 12 ] },
        { "item": "rag", "count": [ 4, 18 ] }
      ]
    }
  }
]
