[
{
    "type": "furniture",
    "id": "f_fire_flower",
    "name": "fire flower",
    "description": "A short, bulbous flower with many petals. It is often found within volcanic enviornments.",
    "looks_like": "f_dandelion",
    "symbol": "f",
    "color": "red",
    "move_cost_mod": 0,
    "required_str": -1,
    "flags": [ "TRANSPARENT", "TINY", "FLAMMABLE_ASH", "NOCOLLIDE", "FLOWER" ],
    "examine_action": "harvest_furn_nectar",
    "harvest_by_season": [ { "seasons": [ "summer" ], "id": "fire_flower_harv" } ],
    "bash": { "str_min": 2, "str_max": 6, "sound": "crunch.", "sound_fail": "whish." }
  }, 
{
    "type": "furniture",
    "id": "f_ash_vine",
    "name": "ash creep cluster",
    "description": "A collection of long, black vines, with bright red flowers. It is often found in volcanic enviornments.",
    "looks_like": "f_dandelion",
    "symbol": "c",
    "color": "black",
    "move_cost_mod": 0,
    "required_str": -1,
    "flags": [ "TRANSPARENT", "TINY", "FLAMMABLE_ASH", "NOCOLLIDE", "FLOWER" ],
    "examine_action": "harvest_furn_nectar",
    "harvest_by_season": [ { "seasons": [ "summer", "autumn" ], "id": "ash_vine_harv" } ],
    "bash": { "str_min": 2, "str_max": 6, "sound": "crunch.", "sound_fail": "whish." }
  },
{
    "type": "furniture",
    "id": "f_crystal_berry_purple",
    "name": "crystal berry clump",
    "description": "A small shrub, bearing purple crystaline berries. It is often found in shallow aquatic enviornments.",
    "looks_like": "f_dandelion",
    "symbol": "#",
    "color": "red",
    "move_cost_mod": 0,
    "required_str": -1,
    "flags": [ "TRANSPARENT", "TINY", "FLAMMABLE_ASH", "NOCOLLIDE", "FLOWER" ],
    "examine_action": "harvest_furn_nectar",
    "harvest_by_season": [ { "seasons": [ "spring", "summer" ], "id": "crystal_berry_purple_harv" } ],
    "bash": { "str_min": 2, "str_max": 6, "sound": "crunch.", "sound_fail": "whish." }
  },
{
    "type": "furniture",
    "id": "f_crystal_berry_red",
    "name": "crystal berry clump",
    "description": "A small shrub, bearing red crystaline berries. It is often found in strands.",
    "looks_like": "f_dandelion",
    "symbol": "#",
    "color": "red",
    "move_cost_mod": 0,
    "required_str": -1,
    "flags": [ "TRANSPARENT", "TINY", "FLAMMABLE_ASH", "NOCOLLIDE", "FLOWER" ],
    "examine_action": "harvest_furn_nectar",
    "harvest_by_season": [ { "seasons": [ "spring", "summer" ], "id": "crystal_berry_red_harv" } ],
    "bash": { "str_min": 2, "str_max": 6, "sound": "crunch.", "sound_fail": "whish." }
  }
]