[
{
    "type": "ter_furn_transform",
    "id": "unlock",
    "terrain": [
      {
        "result": "t_door_o",
        "valid_terrain": [ "t_door_locked", "t_door_locked_interior", "t_door_locked_alarm" ],
        "message": "The door opens forcefully!"
      },
      {
        "result": "t_door_o_peep",
        "valid_terrain": [ "t_door_locked_peep" ],
        "message": "The door opens forcefully!"
      },
      {
        "result": "t_door_metal_o",
        "valid_terrain": [ "t_door_metal_locked", "t_door_metal_pickable", "t_door_bar_locked" ],
        "message": "The door opens forcefully!"
      },
      {
        "result": "f_chest_o",
        "valid_terrain": [ "f_chest_c" ],
        "message": "The chest opens forcefully!"
      },
      {
        "result": "f_barrel_o",
        "valid_terrain": [ "f_barrel_c" ],
        "message": "The barrel opens forcefully!"
      }
    ]
  }
]