[ 
{
    "id": "MISSION_BUY_HANDCART",    
    "//": "Used only to spawn in a hand cart for buying it.",
    "type": "mission_definition",
    "name": "Errand Running",
    "description": "Get the carriage maker their payment.",
    "goal": "MGOAL_FIND_ITEM",
	"item": "silver_coin",
	"count": 246,
    "difficulty": 1,
    "value": 1,
	"origins": [ "ORIGIN_OPENER_NPC" ],
	"end": { "update_mapgen": [
        { "om_terrain": "carriage_works", "place_nested": [ { "chunks": [ "hand_cart_spawn" ], "x": 15, "y": 15 } ] }
      ] },
	"has_generic_rewards": false,
	"dialogue": {
      "describe": "Go get some paper.",
	  "offer": "I need more paper. Bring me some, I'll pay you for your troubles.",
	  "advice": "Just buy paper, and bring it here.",
      "accepted": "Good.",
      "rejected": "Someone must do it.",
      "inquire": "Do you have what I need?",
      "success": "Good. Your cart should be ready soon.",
      "success_lie": "I doubt you.",
      "failure": "Ah well."
    }
  },
{
    "id": "MISSION_BUY_WAGON",    
    "//": "Used only to spawn in a wagon for buying it.",
    "type": "mission_definition",
    "name": "Errand Running",
    "description": "Get the carriage maker their payment.",
    "goal": "MGOAL_FIND_ITEM",
	"item": "gold_coin",
	"count": 4496,
    "difficulty": 1,
    "value": 1,
	"origins": [ "ORIGIN_OPENER_NPC" ],
	"end": { "update_mapgen": [
        { "om_terrain": "carriage_works", "place_nested": [ { "chunks": [ "uncovered_wagon_spawn" ], "x": 15, "y": 10 } ] }
      ] },
	"has_generic_rewards": false,
	"dialogue": {
      "describe": "Go get some paper.",
	  "offer": "I need more paper. Bring me some, I'll pay you for your troubles.",
	  "advice": "Just buy paper, and bring it here.",
      "accepted": "Good.",
      "rejected": "Someone must do it.",
      "inquire": "Do you have what I need?",
      "success": "Good. Your cart should be ready soon.",
      "success_lie": "I doubt you.",
      "failure": "Ah well."
    }
  },
{
    "id": "MISSION_BUY_WAGON_COVERED",    
    "//": "Used only to spawn in a wagon for buying it.",
    "type": "mission_definition",
    "name": "Errand Running",
    "description": "Get the carriage maker their payment.",
    "goal": "MGOAL_FIND_ITEM",
	"item": "gold_coin",
	"count": 8425,
    "difficulty": 1,
    "value": 1,
	"origins": [ "ORIGIN_OPENER_NPC" ],
	"end": { "update_mapgen": [
        { "om_terrain": "carriage_works", "place_nested": [ { "chunks": [ "covered_wagon_spawn" ], "x": 15, "y": 10 } ] }
      ] },
	"has_generic_rewards": false,
	"dialogue": {
      "describe": "Go get some paper.",
	  "offer": "I need more paper. Bring me some, I'll pay you for your troubles.",
	  "advice": "Just buy paper, and bring it here.",
      "accepted": "Good.",
      "rejected": "Someone must do it.",
      "inquire": "Do you have what I need?",
      "success": "Good. Your cart should be ready soon.",
      "success_lie": "I doubt you.",
      "failure": "Ah well."
    }
  },
{
    "id": "MISSION_BUY_SKIFF",    
    "//": "Used only to spawn in a skiff for buying it.",
    "type": "mission_definition",
    "name": "Errand Running",
    "description": "Get the dry dock manager their payment.",
    "goal": "MGOAL_FIND_ITEM",
	"item": "gold_coin",
	"count": 363,
    "difficulty": 1,
    "value": 1,
	"origins": [ "ORIGIN_OPENER_NPC" ],
	"end": { "update_mapgen": [
        { "om_terrain": "dry_dock", "place_nested": [ { "chunks": [ "skiff_spawn" ], "x": 15, "y": 10 } ] }
      ] },
	"has_generic_rewards": false,
	"dialogue": {
      "describe": "Go get some paper.",
	  "offer": "I need more paper. Bring me some, I'll pay you for your troubles.",
	  "advice": "Just buy paper, and bring it here.",
      "accepted": "Good.",
      "rejected": "Someone must do it.",
      "inquire": "Do you have what I need?",
      "success": "Good. Your boat should be ready soon.",
      "success_lie": "I doubt you.",
      "failure": "Ah well."
    }
  }
]