[
  {
    "type": "talk_topic",
    "id": "TALK_STABLEMASTER",
    "dynamic_line": "Ello, what can I do for ye'? I have good stock t' sell, harness, tack, everythin'.",
    "responses": [
		{
		"text": "I'd like a horse. (100 gold)",
		"topic": "TALK_SOLD",
                "condition": { "u_has_items": { "item": "gold_coin", "count": 100 } },
		"effect": [ { "u_buy_monster": "mon_horse", "pacified": true }, { "u_sell_item": "gold_coin", "count": 100 } ]
		},
		{
		"text": "Tack, you say? (25 silver)",
		"topic": "TALK_SOLD",
                "condition": { "u_has_items": { "item": "silver_coin", "count": 25 } },
		"effect": [ { "u_spawn_item": "horse_tack" }, { "u_sell_item": "silver_coin", "count": 25 } ]
		},
                {
		"text": "How much are your goods?",
		"topic": "TALK_STABLEMASTER_PRICES"
		},
		{
		"text": "No, thank you.",
		"topic": "TALK_DONE"
		}                 
    ]
  },
  {
    "type": "talk_topic",
    "id": "TALK_SOLD",
    "dynamic_line": "Sure. Here ya go.",
    "responses": [
		{
		"text": "Thanks.",
		"topic": "TALK_DONE"
		}
    ]
  },
  {
    "type": "talk_topic",
    "id": "TALK_STABLEMASTER_PRICES",
    "dynamic_line": "Oh, a horse is a hundred gold, the tack's twenty-five silvers.",
    "responses": [	
		{
		"text": "Thank you.",
		"topic": "TALK_STABLEMASTER"
		}
    ]
  }
]