[
{
    "type": "talk_topic",
    "id": "TALK_NPC_CARRIAGE_MAKER",
    "dynamic_line": [ "Hello there. Can I help you with anything?" ],
    "responses": [
                {
		"text": "Who are you?",
		"topic": "TALK_NPC_CARRIAGE_MAKER_WHO",
                "effect": { "npc_add_var": "known", "type": "dialogue", "context": "npc_carriage_maker", "value": "yes" }
		},
                {
		"text": "I'll take a hand cart (246 silver).",
		"topic": "TALK_SOLD",
                "condition": { "and": [ { "npc_has_var": "known", "type": "dialogue", "context": "npc_carriage_maker" }, { "u_has_items": { "item": "silver_coin", "count": 246 } } ] },
                "effect": [ { "add_mission": "MISSION_BUY_HANDCART" } ] 
		},
                {
		"text": "I'll take a wagon (4,496 gold).",
		"topic": "TALK_SOLD",
                "condition": { "and": [ { "npc_has_var": "known", "type": "dialogue", "context": "npc_carriage_maker" }, { "u_has_items": { "item": "gold_coin", "count": 4496 } } ] },
                "effect": [ { "add_mission": "MISSION_BUY_WAGON" } ] 
		},
                {
		"text": "I'll take a covered wagon (8,425 gold).",
		"topic": "TALK_SOLD",
                "condition": { "and": [ { "npc_has_var": "known", "type": "dialogue", "context": "npc_carriage_maker" }, { "u_has_items": { "item": "gold_coin", "count": 8425 } } ] },
                "effect": [ { "add_mission": "MISSION_BUY_WAGON_COVERED" } ] 
		},
		{
		"text": "No.",
		"topic": "TALK_DONE"
		}
    ]
  },
{
    "type": "talk_topic",
    "id": "TALK_NPC_CARRIAGE_MAKER_WHO",
    "dynamic_line": [ "I'm a carriage-maker; my team's in the shop over there. If you want nay sort of cart, carriage, or coach, we can build it." ],
    "responses": [
		{
		"text": "Okay, thanks for the info.",
		"topic": "TALK_DONE"
		},
                {
		"text": "What are your prices?",
		"topic": "TALK_NPC_CARRIAGE_MAKER_PRICES"
		}
    ]
  },
{
    "type": "talk_topic",
    "id": "TALK_NPC_CARRIAGE_MAKER_PRICES",
    "//": "To calculate the price, I added the total cost of parts used within the vehicle's template, applied a 0.15% labor cost, divided the value by 5.00 (one silver coin), and adjusted the result for transactiona simplicity. Yes, these are extremeley expensive, as it's the medieval equivalent of getting a new car.",
    "dynamic_line": [ "Well, a simple hand cart is 246 silver. An uncovered wagon is 4,496 gold, and one with a cover is 8,425 gold." ],
    "responses": [
		{
		"text": "Thank you.",
		"topic": "TALK_NPC_CARRIAGE_MAKER"
		}
    ]
  }
]