[
{
    "type": "GENERIC",
    "id": "longsword_electric+2",
    "copy-from": "longsword",
    "looks_like": "longsword",
    "name": "<color_light_blue>longsword++</color>",
    "relic_data": { "passive_effects": [ { "id": "mtc_rune_wield_electric_ench" } ] },
    "proportional": { "price": 1.4, "bashing": 1.4, "cutting": 1.4 }
  },
{
    "type": "GENERIC",
    "id": "wood_sword_electric+2",
    "copy-from": "sword_wood",
    "looks_like": "sword_wood",
    "name": "<color_light_blue>wooden sword++</color>",
    "relic_data": { "passive_effects": [ { "id": "mtc_rune_wield_electric_ench" } ] },
    "proportional": { "price": 1.4, "bashing": 1.4, "cutting": 1.4 }
  },
  {
    "type": "GENERIC",
    "id": "makeshift_knife_electric+2",
    "copy-from": "makeshift_knife",
    "looks_like": "makeshift_knife",
    "name": "<color_light_blue>makeshift knife++</color>",
    "relic_data": { "passive_effects": [ { "id": "mtc_rune_wield_electric_ench" } ] },
    "proportional": { "price": 1.4, "bashing": 1.4, "cutting": 1.4 }
  },
  {
    "type": "GENERIC",
    "id": "knife_baselard_electric+2",
    "copy-from": "knife_baselard",
    "looks_like": "knife_baselard",
    "name": "<color_light_blue>baselard++</color>",
    "relic_data": { "passive_effects": [ { "id": "mtc_rune_wield_electric_ench" } ] },
    "proportional": { "price": 1.4, "bashing": 1.4, "cutting": 1.4 }
  },
  {
    "type": "GENERIC",
    "id": "machete_electric+2",
    "copy-from": "machete",
    "looks_like": "machete",
    "name": "<color_light_blue>machete++</color>",
    "relic_data": { "passive_effects": [ { "id": "mtc_rune_wield_electric_ench" } ] },
    "proportional": { "price": 1.4, "bashing": 1.4, "cutting": 1.4 }
  },
  {
    "type": "GENERIC",
    "id": "cavalry_sabre_electric+2",
    "copy-from": "cavalry_sabre",
    "looks_like": "cavalry_sabre",
    "name": "<color_light_blue>cavalry sabre++</color>",
    "relic_data": { "passive_effects": [ { "id": "mtc_rune_wield_electric_ench" } ] },
    "proportional": { "price": 1.4, "bashing": 1.4, "cutting": 1.4 }
  },
  {
    "type": "GENERIC",
    "id": "kris_electric+2",
    "copy-from": "kris",
    "looks_like": "kris",
    "name": "<color_light_blue>kirs++</color>",
    "relic_data": { "passive_effects": [ { "id": "mtc_rune_wield_electric_ench" } ] },
    "proportional": { "price": 1.4, "bashing": 1.4, "cutting": 1.4 }
  },
  {
    "type": "GENERIC",
    "id": "kukri_electric+2",
    "copy-from": "kukri",
    "looks_like": "kukri",
    "name": "<color_light_blue>kukri++</color>",
    "relic_data": { "passive_effects": [ { "id": "mtc_rune_wield_electric_ench" } ] },
    "proportional": { "price": 1.4, "bashing": 1.4, "cutting": 1.4 }
  },
  {
    "type": "GENERIC",
    "id": "jian_electric+2",
    "copy-from": "jian",
    "looks_like": "jian",
    "name": "<color_light_blue>jian++</color>",
    "relic_data": { "passive_effects": [ { "id": "mtc_rune_wield_electric_ench" } ] },
    "proportional": { "price": 1.4, "bashing": 1.4, "cutting": 1.4 }
  },
  {
    "type": "GENERIC",
    "id": "scimitar_electric+2",
    "copy-from": "scimitar",
    "looks_like": "scimitar",
    "name": "<color_light_blue>scimitar++</color>",
    "relic_data": { "passive_effects": [ { "id": "mtc_rune_wield_electric_ench" } ] },
    "proportional": { "price": 1.4, "bashing": 1.4, "cutting": 1.4 }
  },
  {
    "type": "GENERIC",
    "id": "estoc_electric+2",
    "copy-from": "estoc",
    "looks_like": "estoc",
    "name": "<color_light_blue>estoc++</color>",
    "relic_data": { "passive_effects": [ { "id": "mtc_rune_wield_electric_ench" } ] },
    "proportional": { "price": 1.4, "bashing": 1.4, "cutting": 1.4 }
  },
  {
    "type": "GENERIC",
    "id": "arming_sword_electric+2",
    "copy-from": "arming_sword",
    "looks_like": "arming_sword",
    "name": "<color_light_blue>arming sword++</color>",
    "relic_data": { "passive_effects": [ { "id": "mtc_rune_wield_electric_ench" } ] },
    "proportional": { "price": 1.4, "bashing": 1.4, "cutting": 1.4 }
  },
  {
    "type": "GENERIC",
    "id": "tanto_electric+2",
    "copy-from": "tanto",
    "looks_like": "tanto",
    "name": "<color_light_blue>tanto++</color>",
    "relic_data": { "passive_effects": [ { "id": "mtc_rune_wield_electric_ench" } ] },
    "proportional": { "price": 1.4, "bashing": 1.4, "cutting": 1.4 }
  },
  {
    "type": "GENERIC",
    "id": "wakizashi_electric+2",
    "copy-from": "wakizashi",
    "looks_like": "wakizashi",
    "name": "<color_light_blue>wakizashi++</color>",
    "relic_data": { "passive_effects": [ { "id": "mtc_rune_wield_electric_ench" } ] },
    "proportional": { "price": 1.4, "bashing": 1.4, "cutting": 1.4 }
  },
  {
    "type": "GENERIC",
    "id": "zweihander_electric+2",
    "copy-from": "zweihander",
    "looks_like": "zweihander",
    "name": "<color_light_blue>zweihander++</color>",
    "relic_data": { "passive_effects": [ { "id": "mtc_rune_wield_electric_ench" } ] },
    "proportional": { "price": 1.4, "bashing": 1.4, "cutting": 1.4 }
  },
  {
    "type": "GENERIC",
    "id": "nodachi_electric+2",
    "copy-from": "nodachi",
    "looks_like": "nodachi",
    "name": "<color_light_blue>nodachi++</color>",
    "relic_data": { "passive_effects": [ { "id": "mtc_rune_wield_electric_ench" } ] },
    "proportional": { "price": 1.4, "bashing": 1.4, "cutting": 1.4 }
  },
  {
    "type": "GENERIC",
    "id": "broadsword_electric+2",
    "copy-from": "broadsword",
    "looks_like": "broadsword",
    "name": "<color_light_blue>broadsword++</color>",
    "relic_data": { "passive_effects": [ { "id": "mtc_rune_wield_electric_ench" } ] },
    "proportional": { "price": 1.4, "bashing": 1.4, "cutting": 1.4 }
  },
  {
    "type": "GENERIC",
    "id": "rapier_electric+2",
    "copy-from": "rapier",
    "looks_like": "rapier",
    "name": "<color_light_blue>rapier++</color>",
    "relic_data": { "passive_effects": [ { "id": "mtc_rune_wield_electric_ench" } ] },
    "proportional": { "price": 1.4, "bashing": 1.4, "cutting": 1.4 }
  },
  {
    "type": "GENERIC",
    "id": "katana_electric+2",
    "copy-from": "katana",
    "looks_like": "katana",
    "name": "<color_light_blue>katana++</color>",
    "relic_data": { "passive_effects": [ { "id": "mtc_rune_wield_electric_ench" } ] },
    "proportional": { "price": 1.4, "bashing": 1.4, "cutting": 1.4 }
  },
  {
    "type": "GENERIC",
    "id": "butterfly_swords_electric+2",
    "copy-from": "butterfly_swords",
    "looks_like": "butterfly_swords",
    "name": "<color_light_blue>butterfly swords++</color>",
    "relic_data": { "passive_effects": [ { "id": "mtc_rune_wield_electric_ench" } ] },
    "proportional": { "price": 1.4, "bashing": 1.4, "cutting": 1.4 }
  },
  {
    "type": "GENERIC",
    "id": "cutlass_electric+2",
    "copy-from": "cutlass",
    "looks_like": "cutlass",
    "name": "<color_light_blue>cutlass++</color>",
    "relic_data": { "passive_effects": [ { "id": "mtc_rune_wield_electric_ench" } ] },
    "proportional": { "price": 1.4, "bashing": 1.4, "cutting": 1.4 }
  },
  {
    "type": "GENERIC",
    "id": "lajatang_electric+2",
    "copy-from": "lajatang",
    "looks_like": "lajatang",
    "name": "<color_light_blue>lajatang++</color>",
    "relic_data": { "passive_effects": [ { "id": "mtc_rune_wield_electric_ench" } ] },
    "proportional": { "price": 1.4, "bashing": 1.4, "cutting": 1.4 }
  },
  {
    "type": "GENERIC",
    "id": "war_flail_electric+2",
    "copy-from": "2h_flail_steel",
    "looks_like": "2h_flail_steel",
    "name": "<color_light_blue>war flail++</color>",
    "relic_data": { "passive_effects": [ { "id": "mtc_rune_wield_electric_ench" } ] },
    "proportional": { "price": 1.4, "bashing": 1.4, "cutting": 1.4 }
  },
  {
    "type": "GENERIC",
    "id": "peasant_flail_electric+2",
    "copy-from": "2h_flail_wood",
    "looks_like": "2h_flail_wood",
    "name": "<color_light_blue>peasant flail++</color>",
    "relic_data": { "passive_effects": [ { "id": "mtc_rune_wield_electric_ench" } ] },
    "proportional": { "price": 1.4, "bashing": 1.4, "cutting": 1.4 }
  },
  {
    "type": "GENERIC",
    "id": "battleaxe_electric+2",
    "copy-from": "battleaxe",
    "looks_like": "battleaxe",
    "name": "<color_light_blue>battleaxe++</color>",
    "relic_data": { "passive_effects": [ { "id": "mtc_rune_wield_electric_ench" } ] },
    "proportional": { "price": 1.4, "bashing": 1.4, "cutting": 1.4 }
  },
  {
    "type": "GENERIC",
    "id": "bokken_electric+2",
    "copy-from": "bokken",
    "looks_like": "bokken",
    "name": "<color_light_blue>bokken++</color>",
    "relic_data": { "passive_effects": [ { "id": "mtc_rune_wield_electric_ench" } ] },
    "proportional": { "price": 1.4, "bashing": 1.4, "cutting": 1.4 }
  },
  {
    "type": "GENERIC",
    "id": "cudgel_electric+2",
    "copy-from": "cudgel",
    "looks_like": "cudgel",
    "name": "<color_light_blue>cudgel++</color>",
    "relic_data": { "passive_effects": [ { "id": "mtc_rune_wield_electric_ench" } ] },
    "proportional": { "price": 1.4, "bashing": 1.4, "cutting": 1.4 }
  },
  {
    "type": "GENERIC",
    "id": "hammer_sledge_electric+2",
    "copy-from": "hammer_sledge",
    "looks_like": "hammer_sledge",
    "name": "<color_light_blue>sledge hammer++</color>",
    "relic_data": { "passive_effects": [ { "id": "mtc_rune_wield_electric_ench" } ] },
    "proportional": { "price": 1.4, "bashing": 1.4, "cutting": 1.4 }
  },
  {
    "type": "GENERIC",
    "id": "lucern_hammer_electric+2",
    "copy-from": "lucern_hammer",
    "looks_like": "lucern_hammer",
    "name": "<color_light_blue>lucern hammer++</color>",
    "relic_data": { "passive_effects": [ { "id": "mtc_rune_wield_electric_ench" } ] },
    "proportional": { "price": 1.4, "bashing": 1.4, "cutting": 1.4 }
  },
  {
    "type": "GENERIC",
    "id": "mace_electric+2",
    "copy-from": "mace",
    "looks_like": "mace",
    "name": "<color_light_blue>mace++</color>",
    "relic_data": { "passive_effects": [ { "id": "mtc_rune_wield_electric_ench" } ] },
    "proportional": { "price": 1.4, "bashing": 1.4, "cutting": 1.4 }
  },
  {
    "type": "GENERIC",
    "id": "morningstar_electric+2",
    "copy-from": "morningstar",
    "looks_like": "morningstar",
    "name": "<color_light_blue>morningstar++</color>",
    "relic_data": { "passive_effects": [ { "id": "mtc_rune_wield_electric_ench" } ] },
    "proportional": { "price": 1.4, "bashing": 1.4, "cutting": 1.4 }
  },
  {
    "type": "GENERIC",
    "id": "q_staff_electric+2",
    "copy-from": "q_staff",
    "looks_like": "q_staff",
    "name": "<color_light_blue>quarterstaff++</color>",
    "relic_data": { "passive_effects": [ { "id": "mtc_rune_wield_electric_ench" } ] },
    "proportional": { "price": 1.4, "bashing": 1.4, "cutting": 1.4 }
  },
  {
    "type": "GENERIC",
    "id": "shillelagh_electric+2",
    "copy-from": "shillelagh",
    "looks_like": "shillelagh",
    "name": "<color_light_blue>shillelagh++</color>",
    "relic_data": { "passive_effects": [ { "id": "mtc_rune_wield_electric_ench" } ] },
    "proportional": { "price": 1.4, "bashing": 1.4, "cutting": 1.4 }
  },
  {
    "type": "GENERIC",
    "id": "tonfa_wood_electric+2",
    "copy-from": "tonfa_wood",
    "looks_like": "tonfa_wood",
    "name": "<color_light_blue>tonfa++</color>",
    "relic_data": { "passive_effects": [ { "id": "mtc_rune_wield_electric_ench" } ] },
    "proportional": { "price": 1.4, "bashing": 1.4, "cutting": 1.4 }
  },
  {
    "type": "GENERIC",
    "id": "warhammer_electric+2",
    "copy-from": "warhammer",
    "looks_like": "warhammer",
    "name": "<color_light_blue>war hammer++</color>",
    "relic_data": { "passive_effects": [ { "id": "mtc_rune_wield_electric_ench" } ] },
    "proportional": { "price": 1.4, "bashing": 1.4, "cutting": 1.4 }
  },
  {
    "type": "GENERIC",
    "id": "pitchfork_electric+2",
    "copy-from": "pitchfork",
    "looks_like": "pitchfork",
    "name": "<color_light_blue>pitchfork++</color>",
    "relic_data": { "passive_effects": [ { "id": "mtc_rune_wield_electric_ench" } ] },
    "proportional": { "price": 1.4, "bashing": 1.4, "cutting": 1.4 }
  },
  {
    "type": "GENERIC",
    "id": "spear_steel_electric+2",
    "copy-from": "spear_steel",
    "looks_like": "spear_steel",
    "name": "<color_light_blue>spear++</color>",
    "relic_data": { "passive_effects": [ { "id": "mtc_rune_wield_electric_ench" } ] },
    "proportional": { "price": 1.4, "bashing": 1.4, "cutting": 1.4 }
  },
  {
    "type": "GENERIC",
    "id": "qiang_electric+2",
    "copy-from": "qiang",
    "looks_like": "qiang",
    "name": "<color_light_blue>qiang++</color>",
    "relic_data": { "passive_effects": [ { "id": "mtc_rune_wield_electric_ench" } ] },
    "proportional": { "price": 1.4, "bashing": 1.4, "cutting": 1.4 }
  },
  {
    "type": "GENERIC",
    "id": "halberd_electric+2",
    "copy-from": "halberd",
    "looks_like": "halberd",
    "name": "<color_light_blue>halberd++</color>",
    "relic_data": { "passive_effects": [ { "id": "mtc_rune_wield_electric_ench" } ] },
    "proportional": { "price": 1.4, "bashing": 1.4, "cutting": 1.4 }
  },
  {
    "type": "GENERIC",
    "id": "glaive_electric+2",
    "copy-from": "glaive",
    "looks_like": "glaive",
    "name": "<color_light_blue>glave++</color>",
    "relic_data": { "passive_effects": [ { "id": "mtc_rune_wield_electric_ench" } ] },
    "proportional": { "price": 1.4, "bashing": 1.4, "cutting": 1.4 }
  },
  {
    "type": "GENERIC",
    "id": "naginata_electric+2",
    "copy-from": "naginata",
    "looks_like": "naginata",
    "name": "<color_light_blue>naginata++</color>",
    "relic_data": { "passive_effects": [ { "id": "mtc_rune_wield_electric_ench" } ] },
    "proportional": { "price": 1.4, "bashing": 1.4, "cutting": 1.4 }
  },
  {
    "type": "GENERIC",
    "id": "pike_electric+2",
    "copy-from": "pike",
    "looks_like": "pike",
    "name": "<color_light_blue>pike++</color>",
    "relic_data": { "passive_effects": [ { "id": "mtc_rune_wield_electric_ench" } ] },
    "proportional": { "price": 1.4, "bashing": 1.4, "cutting": 1.4 }
  },
  {
    "type": "GENERIC",
    "id": "bagh_nakha_electric+2",
    "copy-from": "bagh_nakha",
    "looks_like": "bagh_nakha",
    "name": "<color_light_blue>tiger claws++</color>",
    "relic_data": { "passive_effects": [ { "id": "mtc_rune_wield_electric_ench" } ] },
    "proportional": { "price": 1.4, "bashing": 1.4, "cutting": 1.4 }
  },
  {
    "type": "GENERIC",
    "id": "cestus_electric+2",
    "copy-from": "cestus",
    "looks_like": "cestus",
    "name": { "str": "<color_light_blue>cestus++</color>", "str_pl": "<color_light_blue>cestuses++</color>" },
    "relic_data": { "passive_effects": [ { "id": "mtc_rune_wield_electric_ench" } ] },
    "proportional": { "price": 1.4, "bashing": 1.4, "cutting": 1.4 }
  },
  {
    "type": "GENERIC",
    "id": "knuckle_brass_electric+2",
    "copy-from": "knuckle_brass",
    "looks_like": "knuckle_brass",
    "name": { "str": "<color_light_blue>pair of brass knuckles++</color>", "str_pl": "<color_light_blue>pairs of brass knuckles++</color>" },
    "relic_data": { "passive_effects": [ { "id": "mtc_rune_wield_electric_ench" } ] },
    "proportional": { "price": 1.4, "bashing": 1.4, "cutting": 1.4 }
  },
  {
    "type": "GENERIC",
    "id": "punch_dagger_electric+2",
    "copy-from": "punch_dagger",
    "looks_like": "punch_dagger",
    "name": "<color_light_blue>punch dagger++</color>",
    "relic_data": { "passive_effects": [ { "id": "mtc_rune_wield_electric_ench" } ] },
    "proportional": { "price": 1.4, "bashing": 1.4, "cutting": 1.4 }
  }  
]