[
{ 
    "result": "longsword+3",
    "type": "recipe",
    "category": "CC_ARCANE",
    "subcategory": "CSC_ARCANE_WEAPONRY",
    "skill_used": "spellcraft",
    "skills_required": [ "spellcraft", 7 ],
    "difficulty": 7,
    "time": "45 m",
    "book_learn": [ [ "infusion_mid", 1 ] ],
    "qualities": [ { "id": "INFUSION", "level": 1 } ],
    "components": [ [ [ "crystallized_mana", 450 ] ], [ [ "longsword", 1 ] ] ],
    "proficiencies": [
      { "proficiency": "prof_infusion", "required": true } 
                     ]   
  },
{ 
    "result": "wood_sword+3",
    "type": "recipe",
    "category": "CC_ARCANE",
    "subcategory": "CSC_ARCANE_WEAPONRY",
    "skill_used": "spellcraft",
    "skills_required": [ "spellcraft", 7 ],
    "difficulty": 7,
    "time": "45 m",
    "book_learn": [ [ "infusion_mid", 1 ] ],
    "qualities": [ { "id": "INFUSION", "level": 1 } ],
    "components": [ [ [ "crystallized_mana", 450 ] ], [ [ "sword_wood", 1 ] ] ],
    "proficiencies": [
      { "proficiency": "prof_infusion", "required": true } 
                     ]   
  },
{ 
    "result": "makeshift_knife+3",
    "type": "recipe",
    "category": "CC_ARCANE",
    "subcategory": "CSC_ARCANE_WEAPONRY",
    "skill_used": "spellcraft",
    "skills_required": [ "spellcraft", 7 ],
    "difficulty": 7,
    "time": "45 m",
    "book_learn": [ [ "infusion_mid", 1 ] ],
    "qualities": [ { "id": "INFUSION", "level": 1 } ],
    "components": [ [ [ "crystallized_mana", 450 ] ], [ [ "makeshift_knife", 1 ] ] ],
    "proficiencies": [
      { "proficiency": "prof_infusion", "required": true } 
                     ]   
  },
{ 
    "result": "knife_baselard+3",
    "type": "recipe",
    "category": "CC_ARCANE",
    "subcategory": "CSC_ARCANE_WEAPONRY",
    "skill_used": "spellcraft",
    "skills_required": [ "spellcraft", 7 ],
    "difficulty": 7,
    "time": "45 m",
    "book_learn": [ [ "infusion_mid", 1 ] ],
    "qualities": [ { "id": "INFUSION", "level": 1 } ],
    "components": [ [ [ "crystallized_mana", 450 ] ], [ [ "knife_baselard", 1 ] ] ],
    "proficiencies": [
      { "proficiency": "prof_infusion", "required": true } 
                     ]   
  },
{ 
    "result": "machete+3",
    "type": "recipe",
    "category": "CC_ARCANE",
    "subcategory": "CSC_ARCANE_WEAPONRY",
    "skill_used": "spellcraft",
    "skills_required": [ "spellcraft", 7 ],
    "difficulty": 7,
    "time": "45 m",
    "book_learn": [ [ "infusion_mid", 1 ] ],
    "qualities": [ { "id": "INFUSION", "level": 1 } ],
    "components": [ [ [ "crystallized_mana", 450 ] ], [ [ "machete", 1 ] ] ],
    "proficiencies": [
      { "proficiency": "prof_infusion", "required": true } 
                     ]   
  },
{ 
    "result": "cavalry_sabre+3",
    "type": "recipe",
    "category": "CC_ARCANE",
    "subcategory": "CSC_ARCANE_WEAPONRY",
    "skill_used": "spellcraft",
    "skills_required": [ "spellcraft", 7 ],
    "difficulty": 7,
    "time": "45 m",
    "book_learn": [ [ "infusion_mid", 1 ] ],
    "qualities": [ { "id": "INFUSION", "level": 1 } ],
    "components": [ [ [ "crystallized_mana", 450 ] ], [ [ "cavalry_sabre", 1 ] ] ],
    "proficiencies": [
      { "proficiency": "prof_infusion", "required": true } 
                     ]   
  },
{ 
    "result": "kris+3",
    "type": "recipe",
    "category": "CC_ARCANE",
    "subcategory": "CSC_ARCANE_WEAPONRY",
    "skill_used": "spellcraft",
    "skills_required": [ "spellcraft", 7 ],
    "difficulty": 7,
    "time": "45 m",
    "book_learn": [ [ "infusion_mid", 1 ] ],
    "qualities": [ { "id": "INFUSION", "level": 1 } ],
    "components": [ [ [ "crystallized_mana", 450 ] ], [ [ "kris", 1 ] ] ],
    "proficiencies": [
      { "proficiency": "prof_infusion", "required": true } 
                     ]   
  },
{ 
    "result": "kukri+3",
    "type": "recipe",
    "category": "CC_ARCANE",
    "subcategory": "CSC_ARCANE_WEAPONRY",
    "skill_used": "spellcraft",
    "skills_required": [ "spellcraft", 7 ],
    "difficulty": 7,
    "time": "45 m",
    "book_learn": [ [ "infusion_mid", 1 ] ],
    "qualities": [ { "id": "INFUSION", "level": 1 } ],
    "components": [ [ [ "crystallized_mana", 450 ] ], [ [ "kukri", 1 ] ] ],
    "proficiencies": [
      { "proficiency": "prof_infusion", "required": true } 
                     ]   
  },
{ 
    "result": "jian+3",
    "type": "recipe",
    "category": "CC_ARCANE",
    "subcategory": "CSC_ARCANE_WEAPONRY",
    "skill_used": "spellcraft",
    "skills_required": [ "spellcraft", 7 ],
    "difficulty": 7,
    "time": "45 m",
    "book_learn": [ [ "infusion_mid", 1 ] ],
    "qualities": [ { "id": "INFUSION", "level": 1 } ],
    "components": [ [ [ "crystallized_mana", 450 ] ], [ [ "jian", 1 ] ] ],
    "proficiencies": [
      { "proficiency": "prof_infusion", "required": true } 
                     ]   
  },
{ 
    "result": "scimitar+3",
    "type": "recipe",
    "category": "CC_ARCANE",
    "subcategory": "CSC_ARCANE_WEAPONRY",
    "skill_used": "spellcraft",
    "skills_required": [ "spellcraft", 7 ],
    "difficulty": 7,
    "time": "45 m",
    "book_learn": [ [ "infusion_mid", 1 ] ],
    "qualities": [ { "id": "INFUSION", "level": 1 } ],
    "components": [ [ [ "crystallized_mana", 450 ] ], [ [ "scimitar", 1 ] ] ],
    "proficiencies": [
      { "proficiency": "prof_infusion", "required": true } 
                     ]   
  },
{ 
    "result": "estoc+3",
    "type": "recipe",
    "category": "CC_ARCANE",
    "subcategory": "CSC_ARCANE_WEAPONRY",
    "skill_used": "spellcraft",
    "skills_required": [ "spellcraft", 7 ],
    "difficulty": 7,
    "time": "45 m",
    "book_learn": [ [ "infusion_mid", 1 ] ],
    "qualities": [ { "id": "INFUSION", "level": 1 } ],
    "components": [ [ [ "crystallized_mana", 450 ] ], [ [ "estoc", 1 ] ] ],
    "proficiencies": [
      { "proficiency": "prof_infusion", "required": true } 
                     ]   
  },
{ 
    "result": "arming_sword+3",
    "type": "recipe",
    "category": "CC_ARCANE",
    "subcategory": "CSC_ARCANE_WEAPONRY",
    "skill_used": "spellcraft",
    "skills_required": [ "spellcraft", 7 ],
    "difficulty": 7,
    "time": "45 m",
    "book_learn": [ [ "infusion_mid", 1 ] ],
    "qualities": [ { "id": "INFUSION", "level": 1 } ],
    "components": [ [ [ "crystallized_mana", 450 ] ], [ [ "arming_sword", 1 ] ] ],
    "proficiencies": [
      { "proficiency": "prof_infusion", "required": true } 
                     ]   
  },
{ 
    "result": "tanto+3",
    "type": "recipe",
    "category": "CC_ARCANE",
    "subcategory": "CSC_ARCANE_WEAPONRY",
    "skill_used": "spellcraft",
    "skills_required": [ "spellcraft", 7 ],
    "difficulty": 7,
    "time": "45 m",
    "book_learn": [ [ "infusion_mid", 1 ] ],
    "qualities": [ { "id": "INFUSION", "level": 1 } ],
    "components": [ [ [ "crystallized_mana", 450 ] ], [ [ "tanto", 1 ] ] ],
    "proficiencies": [
      { "proficiency": "prof_infusion", "required": true } 
                     ]   
  },
{ 
    "result": "wakizashi+3",
    "type": "recipe",
    "category": "CC_ARCANE",
    "subcategory": "CSC_ARCANE_WEAPONRY",
    "skill_used": "spellcraft",
    "skills_required": [ "spellcraft", 5 ],
    "difficulty": 5,
    "time": "30 m",
    "book_learn": [ [ "infusion_mid", 1 ] ],
    "qualities": [ { "id": "INFUSION", "level": 1 } ],
    "components": [ [ [ "crystallized_mana", 300 ] ], [ [ "wakizashi", 1 ] ] ],
    "proficiencies": [
      { "proficiency": "prof_infusion", "required": true } 
                     ]   
  },
{ 
    "result": "zweihander+3",
    "type": "recipe",
    "category": "CC_ARCANE",
    "subcategory": "CSC_ARCANE_WEAPONRY",
    "skill_used": "spellcraft",
    "skills_required": [ "spellcraft", 5 ],
    "difficulty": 5,
    "time": "30 m",
    "book_learn": [ [ "infusion_mid", 1 ] ],
    "qualities": [ { "id": "INFUSION", "level": 1 } ],
    "components": [ [ [ "crystallized_mana", 300 ] ], [ [ "zweihander", 1 ] ] ],
    "proficiencies": [
      { "proficiency": "prof_infusion", "required": true } 
                     ]   
  },
{ 
    "result": "nodachi+3",
    "type": "recipe",
    "category": "CC_ARCANE",
    "subcategory": "CSC_ARCANE_WEAPONRY",
    "skill_used": "spellcraft",
    "skills_required": [ "spellcraft", 5 ],
    "difficulty": 5,
    "time": "30 m",
    "book_learn": [ [ "infusion_mid", 1 ] ],
    "qualities": [ { "id": "INFUSION", "level": 1 } ],
    "components": [ [ [ "crystallized_mana", 300 ] ], [ [ "nodachi", 1 ] ] ],
    "proficiencies": [
      { "proficiency": "prof_infusion", "required": true } 
                     ]   
  },
{ 
    "result": "broadsword+3",
    "type": "recipe",
    "category": "CC_ARCANE",
    "subcategory": "CSC_ARCANE_WEAPONRY",
    "skill_used": "spellcraft",
    "skills_required": [ "spellcraft", 7 ],
    "difficulty": 7,
    "time": "45 m",
    "book_learn": [ [ "infusion_mid", 1 ] ],
    "qualities": [ { "id": "INFUSION", "level": 1 } ],
    "components": [ [ [ "crystallized_mana", 450 ] ], [ [ "broadsword", 1 ] ] ],
    "proficiencies": [
      { "proficiency": "prof_infusion", "required": true } 
                     ]   
  },
{ 
    "result": "rapier+3",
    "type": "recipe",
    "category": "CC_ARCANE",
    "subcategory": "CSC_ARCANE_WEAPONRY",
    "skill_used": "spellcraft",
    "skills_required": [ "spellcraft", 7 ],
    "difficulty": 7,
    "time": "45 m",
    "book_learn": [ [ "infusion_mid", 1 ] ],
    "qualities": [ { "id": "INFUSION", "level": 1 } ],
    "components": [ [ [ "crystallized_mana", 450 ] ], [ [ "rapier", 1 ] ] ],
    "proficiencies": [
      { "proficiency": "prof_infusion", "required": true } 
                     ]   
  },
{ 
    "result": "katana+3",
    "type": "recipe",
    "category": "CC_ARCANE",
    "subcategory": "CSC_ARCANE_WEAPONRY",
    "skill_used": "spellcraft",
    "skills_required": [ "spellcraft", 7 ],
    "difficulty": 7,
    "time": "45 m",
    "book_learn": [ [ "infusion_mid", 1 ] ],
    "qualities": [ { "id": "INFUSION", "level": 1 } ],
    "components": [ [ [ "crystallized_mana", 450 ] ], [ [ "katana", 1 ] ] ],
    "proficiencies": [
      { "proficiency": "prof_infusion", "required": true } 
                     ]   
  },
{ 
    "result": "butterfly_swords+3",
    "type": "recipe",
    "category": "CC_ARCANE",
    "subcategory": "CSC_ARCANE_WEAPONRY",
    "skill_used": "spellcraft",
    "skills_required": [ "spellcraft", 7 ],
    "difficulty": 7,
    "time": "45 m",
    "book_learn": [ [ "infusion_mid", 1 ] ],
    "qualities": [ { "id": "INFUSION", "level": 1 } ],
    "components": [ [ [ "crystallized_mana", 450 ] ], [ [ "butterfly_swords", 1 ] ] ],
    "proficiencies": [
      { "proficiency": "prof_infusion", "required": true } 
                     ]   
  },
{ 
    "result": "cutlass+3",
    "type": "recipe",
    "category": "CC_ARCANE",
    "subcategory": "CSC_ARCANE_WEAPONRY",
    "skill_used": "spellcraft",
    "skills_required": [ "spellcraft", 7 ],
    "difficulty": 7,
    "time": "45 m",
    "book_learn": [ [ "infusion_mid", 1 ] ],
    "qualities": [ { "id": "INFUSION", "level": 1 } ],
    "components": [ [ [ "crystallized_mana", 450 ] ], [ [ "cutlass", 1 ] ] ],
    "proficiencies": [
      { "proficiency": "prof_infusion", "required": true } 
                     ]   
  },
{ 
    "result": "lajatang+3",
    "type": "recipe",
    "category": "CC_ARCANE",
    "subcategory": "CSC_ARCANE_WEAPONRY",
    "skill_used": "spellcraft",
    "skills_required": [ "spellcraft", 7 ],
    "difficulty": 7,
    "time": "45 m",
    "book_learn": [ [ "infusion_mid", 1 ] ],
    "qualities": [ { "id": "INFUSION", "level": 1 } ],
    "components": [ [ [ "crystallized_mana", 450 ] ], [ [ "lajatang", 1 ] ] ],
    "proficiencies": [
      { "proficiency": "prof_infusion", "required": true } 
                     ]   
  },
{ 
    "result": "war_flail+3",
    "type": "recipe",
    "category": "CC_ARCANE",
    "subcategory": "CSC_ARCANE_WEAPONRY",
    "skill_used": "spellcraft",
    "skills_required": [ "spellcraft", 7 ],
    "difficulty": 7,
    "time": "45 m",
    "book_learn": [ [ "infusion_mid", 1 ] ],
    "qualities": [ { "id": "INFUSION", "level": 1 } ],
    "components": [ [ [ "crystallized_mana", 450 ] ], [ [ "2h_flail_steel", 1 ] ] ],
    "proficiencies": [
      { "proficiency": "prof_infusion", "required": true } 
                     ]   
  },
{ 
    "result": "peasant_flail+3",
    "type": "recipe",
    "category": "CC_ARCANE",
    "subcategory": "CSC_ARCANE_WEAPONRY",
    "skill_used": "spellcraft",
    "skills_required": [ "spellcraft", 7 ],
    "difficulty": 7,
    "time": "45 m",
    "book_learn": [ [ "infusion_mid", 1 ] ],
    "qualities": [ { "id": "INFUSION", "level": 1 } ],
    "components": [ [ [ "crystallized_mana", 450 ] ], [ [ "2h_flail_wood", 1 ] ] ],
    "proficiencies": [
      { "proficiency": "prof_infusion", "required": true } 
                     ]   
  },
{ 
    "result": "battleaxe+3",
    "type": "recipe",
    "category": "CC_ARCANE",
    "subcategory": "CSC_ARCANE_WEAPONRY",
    "skill_used": "spellcraft",
    "skills_required": [ "spellcraft", 7 ],
    "difficulty": 7,
    "time": "45 m",
    "book_learn": [ [ "infusion_mid", 1 ] ],
    "qualities": [ { "id": "INFUSION", "level": 1 } ],
    "components": [ [ [ "crystallized_mana", 450 ] ], [ [ "battleaxe", 1 ] ] ],
    "proficiencies": [
      { "proficiency": "prof_infusion", "required": true } 
                     ]   
  },
{ 
    "result": "bokken+3",
    "type": "recipe",
    "category": "CC_ARCANE",
    "subcategory": "CSC_ARCANE_WEAPONRY",
    "skill_used": "spellcraft",
    "skills_required": [ "spellcraft", 7 ],
    "difficulty": 7,
    "time": "45 m",
    "book_learn": [ [ "infusion_mid", 1 ] ],
    "qualities": [ { "id": "INFUSION", "level": 1 } ],
    "components": [ [ [ "crystallized_mana", 450 ] ], [ [ "bokken", 1 ] ] ],
    "proficiencies": [
      { "proficiency": "prof_infusion", "required": true } 
                     ]   
  }, 
{ 
    "result": "cudgel+3",
    "type": "recipe",
    "category": "CC_ARCANE",
    "subcategory": "CSC_ARCANE_WEAPONRY",
    "skill_used": "spellcraft",
    "skills_required": [ "spellcraft", 7 ],
    "difficulty": 7,
    "time": "45 m",
    "book_learn": [ [ "infusion_mid", 1 ] ],
    "qualities": [ { "id": "INFUSION", "level": 1 } ],
    "components": [ [ [ "crystallized_mana", 450 ] ], [ [ "cudgel", 1 ] ] ],
    "proficiencies": [
      { "proficiency": "prof_infusion", "required": true } 
                     ]   
  },
{ 
    "result": "hammer_sledge+3",
    "type": "recipe",
    "category": "CC_ARCANE",
    "subcategory": "CSC_ARCANE_WEAPONRY",
    "skill_used": "spellcraft",
    "skills_required": [ "spellcraft", 7 ],
    "difficulty": 7,
    "time": "45 m",
    "book_learn": [ [ "infusion_mid", 1 ] ],
    "qualities": [ { "id": "INFUSION", "level": 1 } ],
    "components": [ [ [ "crystallized_mana", 450 ] ], [ [ "hammer_sledge", 1 ] ] ],
    "proficiencies": [
      { "proficiency": "prof_infusion", "required": true } 
                     ]   
  },
{ 
    "result": "lucern_hammer+3",
    "type": "recipe",
    "category": "CC_ARCANE",
    "subcategory": "CSC_ARCANE_WEAPONRY",
    "skill_used": "spellcraft",
    "skills_required": [ "spellcraft", 7 ],
    "difficulty": 7,
    "time": "45 m",
    "book_learn": [ [ "infusion_mid", 1 ] ],
    "qualities": [ { "id": "INFUSION", "level": 1 } ],
    "components": [ [ [ "crystallized_mana", 450 ] ], [ [ "lucern_hammer", 1 ] ] ],
    "proficiencies": [
      { "proficiency": "prof_infusion", "required": true } 
                     ]   
  },
{ 
    "result": "mace+3",
    "type": "recipe",
    "category": "CC_ARCANE",
    "subcategory": "CSC_ARCANE_WEAPONRY",
    "skill_used": "spellcraft",
    "skills_required": [ "spellcraft", 7 ],
    "difficulty": 7,
    "time": "45 m",
    "book_learn": [ [ "infusion_mid", 1 ] ],
    "qualities": [ { "id": "INFUSION", "level": 1 } ],
    "components": [ [ [ "crystallized_mana", 450 ] ], [ [ "mace", 1 ] ] ],
    "proficiencies": [
      { "proficiency": "prof_infusion", "required": true } 
                     ]   
  },
{ 
    "result": "morningstar+3",
    "type": "recipe",
    "category": "CC_ARCANE",
    "subcategory": "CSC_ARCANE_WEAPONRY",
    "skill_used": "spellcraft",
    "skills_required": [ "spellcraft", 7 ],
    "difficulty": 7,
    "time": "45 m",
    "book_learn": [ [ "infusion_mid", 1 ] ],
    "qualities": [ { "id": "INFUSION", "level": 1 } ],
    "components": [ [ [ "crystallized_mana", 450 ] ], [ [ "morningstar", 1 ] ] ],
    "proficiencies": [
      { "proficiency": "prof_infusion", "required": true } 
                     ]   
  },
{ 
    "result": "q_staff+3",
    "type": "recipe",
    "category": "CC_ARCANE",
    "subcategory": "CSC_ARCANE_WEAPONRY",
    "skill_used": "spellcraft",
    "skills_required": [ "spellcraft", 7 ],
    "difficulty": 7,
    "time": "45 m",
    "book_learn": [ [ "infusion_mid", 1 ] ],
    "qualities": [ { "id": "INFUSION", "level": 1 } ],
    "components": [ [ [ "crystallized_mana", 450 ] ], [ [ "q_staff", 1 ] ] ],
    "proficiencies": [
      { "proficiency": "prof_infusion", "required": true } 
                     ]   
  },
{ 
    "result": "shillelagh+3",
    "type": "recipe",
    "category": "CC_ARCANE",
    "subcategory": "CSC_ARCANE_WEAPONRY",
    "skill_used": "spellcraft",
    "skills_required": [ "spellcraft", 7 ],
    "difficulty": 7,
    "time": "45 m",
    "book_learn": [ [ "infusion_mid", 1 ] ],
    "qualities": [ { "id": "INFUSION", "level": 1 } ],
    "components": [ [ [ "crystallized_mana", 450 ] ], [ [ "shillelagh", 1 ] ] ],
    "proficiencies": [
      { "proficiency": "prof_infusion", "required": true } 
                     ]   
  },
{ 
    "result": "tonfa_wood+3",
    "type": "recipe",
    "category": "CC_ARCANE",
    "subcategory": "CSC_ARCANE_WEAPONRY",
    "skill_used": "spellcraft",
    "skills_required": [ "spellcraft", 7 ],
    "difficulty": 7,
    "time": "45 m",
    "book_learn": [ [ "infusion_mid", 1 ] ],
    "qualities": [ { "id": "INFUSION", "level": 1 } ],
    "components": [ [ [ "crystallized_mana", 450 ] ], [ [ "tonfa_wood", 1 ] ] ],
    "proficiencies": [
      { "proficiency": "prof_infusion", "required": true } 
                     ]   
  },
{ 
    "result": "warhammer+3",
    "type": "recipe",
    "category": "CC_ARCANE",
    "subcategory": "CSC_ARCANE_WEAPONRY",
    "skill_used": "spellcraft",
    "skills_required": [ "spellcraft", 7 ],
    "difficulty": 7,
    "time": "45 m",
    "book_learn": [ [ "infusion_mid", 1 ] ],
    "qualities": [ { "id": "INFUSION", "level": 1 } ],
    "components": [ [ [ "crystallized_mana", 450 ] ], [ [ "warhammer", 1 ] ] ],
    "proficiencies": [
      { "proficiency": "prof_infusion", "required": true } 
                     ]   
  },
{ 
    "result": "pitchfork+3",
    "type": "recipe",
    "category": "CC_ARCANE",
    "subcategory": "CSC_ARCANE_WEAPONRY",
    "skill_used": "spellcraft",
    "skills_required": [ "spellcraft", 7 ],
    "difficulty": 7,
    "time": "45 m",
    "book_learn": [ [ "infusion_mid", 1 ] ],
    "qualities": [ { "id": "INFUSION", "level": 1 } ],
    "components": [ [ [ "crystallized_mana", 450 ] ], [ [ "pitchfork", 1 ] ] ],
    "proficiencies": [
      { "proficiency": "prof_infusion", "required": true } 
                     ]   
  },
{ 
    "result": "spear_steel+3",
    "type": "recipe",
    "category": "CC_ARCANE",
    "subcategory": "CSC_ARCANE_WEAPONRY",
    "skill_used": "spellcraft",
    "skills_required": [ "spellcraft", 7 ],
    "difficulty": 7,
    "time": "45 m",
    "book_learn": [ [ "infusion_mid", 1 ] ],
    "qualities": [ { "id": "INFUSION", "level": 1 } ],
    "components": [ [ [ "crystallized_mana", 450 ] ], [ [ "spear_steel", 1 ] ] ],
    "proficiencies": [
      { "proficiency": "prof_infusion", "required": true } 
                     ]   
  },
{ 
    "result": "qiang+3",
    "type": "recipe",
    "category": "CC_ARCANE",
    "subcategory": "CSC_ARCANE_WEAPONRY",
    "skill_used": "spellcraft",
    "skills_required": [ "spellcraft", 7 ],
    "difficulty": 7,
    "time": "45 m",
    "book_learn": [ [ "infusion_mid", 1 ] ],
    "qualities": [ { "id": "INFUSION", "level": 1 } ],
    "components": [ [ [ "crystallized_mana", 450 ] ], [ [ "qiang", 1 ] ] ],
    "proficiencies": [
      { "proficiency": "prof_infusion", "required": true } 
                     ]   
  },
{ 
    "result": "halberd+3",
    "type": "recipe",
    "category": "CC_ARCANE",
    "subcategory": "CSC_ARCANE_WEAPONRY",
    "skill_used": "spellcraft",
    "skills_required": [ "spellcraft", 7 ],
    "difficulty": 7,
    "time": "45 m",
    "book_learn": [ [ "infusion_mid", 1 ] ],
    "qualities": [ { "id": "INFUSION", "level": 1 } ],
    "components": [ [ [ "crystallized_mana", 450 ] ], [ [ "halberd", 1 ] ] ],
    "proficiencies": [
      { "proficiency": "prof_infusion", "required": true } 
                     ]   
  },
{ 
    "result": "glaive+3",
    "type": "recipe",
    "category": "CC_ARCANE",
    "subcategory": "CSC_ARCANE_WEAPONRY",
    "skill_used": "spellcraft",
    "skills_required": [ "spellcraft", 7 ],
    "difficulty": 7,
    "time": "45 m",
    "book_learn": [ [ "infusion_mid", 1 ] ],
    "qualities": [ { "id": "INFUSION", "level": 1 } ],
    "components": [ [ [ "crystallized_mana", 450 ] ], [ [ "glaive", 1 ] ] ],
    "proficiencies": [
      { "proficiency": "prof_infusion", "required": true } 
                     ]   
  },
{ 
    "result": "naginata+3",
    "type": "recipe",
    "category": "CC_ARCANE",
    "subcategory": "CSC_ARCANE_WEAPONRY",
    "skill_used": "spellcraft",
    "skills_required": [ "spellcraft", 7 ],
    "difficulty": 7,
    "time": "45 m",
    "book_learn": [ [ "infusion_mid", 1 ] ],
    "qualities": [ { "id": "INFUSION", "level": 1 } ],
    "components": [ [ [ "crystallized_mana", 450 ] ], [ [ "naginata", 1 ] ] ],
    "proficiencies": [
      { "proficiency": "prof_infusion", "required": true } 
                     ]   
  },
{ 
    "result": "pike+3",
    "type": "recipe",
    "category": "CC_ARCANE",
    "subcategory": "CSC_ARCANE_WEAPONRY",
    "skill_used": "spellcraft",
    "skills_required": [ "spellcraft", 7 ],
    "difficulty": 7,
    "time": "45 m",
    "book_learn": [ [ "infusion_mid", 1 ] ],
    "qualities": [ { "id": "INFUSION", "level": 1 } ],
    "components": [ [ [ "crystallized_mana", 450 ] ], [ [ "pike", 1 ] ] ],
    "proficiencies": [
      { "proficiency": "prof_infusion", "required": true } 
                     ]   
  },
{ 
    "result": "bullet_crossbow+3",
    "type": "recipe",
    "category": "CC_ARCANE",
    "subcategory": "CSC_ARCANE_WEAPONRY",
    "skill_used": "spellcraft",
    "skills_required": [ "spellcraft", 7 ],
    "difficulty": 7,
    "time": "45 m",
    "book_learn": [ [ "infusion_mid", 1 ] ],
    "qualities": [ { "id": "INFUSION", "level": 1 } ],
    "components": [ [ [ "crystallized_mana", 450 ] ], [ [ "bullet_crossbow", 1 ] ] ],
    "proficiencies": [
      { "proficiency": "prof_infusion", "required": true } 
                     ]   
  },
{ 
    "result": "hand_crossbow+3",
    "type": "recipe",
    "category": "CC_ARCANE",
    "subcategory": "CSC_ARCANE_WEAPONRY",
    "skill_used": "spellcraft",
    "skills_required": [ "spellcraft", 7 ],
    "difficulty": 7,
    "time": "45 m",
    "book_learn": [ [ "infusion_mid", 1 ] ],
    "qualities": [ { "id": "INFUSION", "level": 1 } ],
    "components": [ [ [ "crystallized_mana", 450 ] ], [ [ "hand_crossbow", 1 ] ] ],
    "proficiencies": [
      { "proficiency": "prof_infusion", "required": true } 
                     ]   
  },
{ 
    "result": "crossbow+3",
    "type": "recipe",
    "category": "CC_ARCANE",
    "subcategory": "CSC_ARCANE_WEAPONRY",
    "skill_used": "spellcraft",
    "skills_required": [ "spellcraft", 7 ],
    "difficulty": 7,
    "time": "45 m",
    "book_learn": [ [ "infusion_mid", 1 ] ],
    "qualities": [ { "id": "INFUSION", "level": 1 } ],
    "components": [ [ [ "crystallized_mana", 450 ] ], [ [ "crossbow", 1 ] ] ],
    "proficiencies": [
      { "proficiency": "prof_infusion", "required": true } 
                     ]   
  },
{ 
    "result": "huge_crossbow+3",
    "type": "recipe",
    "category": "CC_ARCANE",
    "subcategory": "CSC_ARCANE_WEAPONRY",
    "skill_used": "spellcraft",
    "skills_required": [ "spellcraft", 7 ],
    "difficulty": 7,
    "time": "45 m",
    "book_learn": [ [ "infusion_mid", 1 ] ],
    "qualities": [ { "id": "INFUSION", "level": 1 } ],
    "components": [ [ [ "crystallized_mana", 450 ] ], [ [ "huge_crossbow", 1 ] ] ],
    "proficiencies": [
      { "proficiency": "prof_infusion", "required": true } 
                     ]   
  },
{ 
    "result": "selfbow+3",
    "type": "recipe",
    "category": "CC_ARCANE",
    "subcategory": "CSC_ARCANE_WEAPONRY",
    "skill_used": "spellcraft",
    "skills_required": [ "spellcraft", 7 ],
    "difficulty": 7,
    "time": "45 m",
    "book_learn": [ [ "infusion_mid", 1 ] ],
    "qualities": [ { "id": "INFUSION", "level": 1 } ],
    "components": [ [ [ "crystallized_mana", 450 ] ], [ [ "selfbow", 1 ] ] ],
    "proficiencies": [
      { "proficiency": "prof_infusion", "required": true } 
                     ]   
  },
{ 
    "result": "shortbow+3",
    "type": "recipe",
    "category": "CC_ARCANE",
    "subcategory": "CSC_ARCANE_WEAPONRY",
    "skill_used": "spellcraft",
    "skills_required": [ "spellcraft", 7 ],
    "difficulty": 7,
    "time": "45 m",
    "book_learn": [ [ "infusion_mid", 1 ] ],
    "qualities": [ { "id": "INFUSION", "level": 1 } ],
    "components": [ [ [ "crystallized_mana", 450 ] ], [ [ "shortbow", 1 ] ] ],
    "proficiencies": [
      { "proficiency": "prof_infusion", "required": true } 
                     ]   
  },
{ 
    "result": "compositebow+3",
    "type": "recipe",
    "category": "CC_ARCANE",
    "subcategory": "CSC_ARCANE_WEAPONRY",
    "skill_used": "spellcraft",
    "skills_required": [ "spellcraft", 7 ],
    "difficulty": 7,
    "time": "45 m",
    "book_learn": [ [ "infusion_mid", 1 ] ],
    "qualities": [ { "id": "INFUSION", "level": 1 } ],
    "components": [ [ [ "crystallized_mana", 450 ] ], [ [ "compositebow", 1 ] ] ],
    "proficiencies": [
      { "proficiency": "prof_infusion", "required": true } 
                     ]   
  },
{ 
    "result": "reflexbow+3",
    "type": "recipe",
    "category": "CC_ARCANE",
    "subcategory": "CSC_ARCANE_WEAPONRY",
    "skill_used": "spellcraft",
    "skills_required": [ "spellcraft", 5 ],
    "difficulty": 5,
    "time": "30 m",
    "book_learn": [ [ "infusion_mid", 1 ] ],
    "qualities": [ { "id": "INFUSION", "level": 1 } ],
    "components": [ [ [ "crystallized_mana", 450 ] ], [ [ "reflexbow", 1 ] ] ],
    "proficiencies": [
      { "proficiency": "prof_infusion", "required": true } 
                     ]   
  }, 
{ 
    "result": "longbow+3",
    "type": "recipe",
    "category": "CC_ARCANE",
    "subcategory": "CSC_ARCANE_WEAPONRY",
    "skill_used": "spellcraft",
    "skills_required": [ "spellcraft", 7 ],
    "difficulty": 7,
    "time": "45 m",
    "book_learn": [ [ "infusion_mid", 1 ] ],
    "qualities": [ { "id": "INFUSION", "level": 1 } ],
    "components": [ [ [ "crystallized_mana", 450 ] ], [ [ "longbow", 1 ] ] ],
    "proficiencies": [
      { "proficiency": "prof_infusion", "required": true } 
                     ]   
  }, 
{ 
    "result": "woodgreatbow+3",
    "type": "recipe",
    "category": "CC_ARCANE",
    "subcategory": "CSC_ARCANE_WEAPONRY",
    "skill_used": "spellcraft",
    "skills_required": [ "spellcraft", 7 ],
    "difficulty": 7,
    "time": "45 m",
    "book_learn": [ [ "infusion_mid", 1 ] ],
    "qualities": [ { "id": "INFUSION", "level": 1 } ],
    "components": [ [ [ "crystallized_mana", 450 ] ], [ [ "woodgreatbow", 1 ] ] ],
    "proficiencies": [
      { "proficiency": "prof_infusion", "required": true } 
                     ]   
  }, 
{ 
    "result": "bagh_nakha+3",
    "type": "recipe",
    "category": "CC_ARCANE",
    "subcategory": "CSC_ARCANE_WEAPONRY",
    "skill_used": "spellcraft",
    "skills_required": [ "spellcraft", 7 ],
    "difficulty": 7,
    "time": "45 m",
    "book_learn": [ [ "infusion_mid", 1 ] ],
    "qualities": [ { "id": "INFUSION", "level": 1 } ],
    "components": [ [ [ "crystallized_mana", 450 ] ], [ [ "bagh_nakha", 1 ] ] ],
    "proficiencies": [
      { "proficiency": "prof_infusion", "required": true } 
                     ]   
  },
{ 
    "result": "cestus+3",
    "type": "recipe",
    "category": "CC_ARCANE",
    "subcategory": "CSC_ARCANE_WEAPONRY",
    "skill_used": "spellcraft",
    "skills_required": [ "spellcraft", 7 ],
    "difficulty": 7,
    "time": "45 m",
    "book_learn": [ [ "infusion_mid", 1 ] ],
    "qualities": [ { "id": "INFUSION", "level": 1 } ],
    "components": [ [ [ "crystallized_mana", 450 ] ], [ [ "cestus", 1 ] ] ],
    "proficiencies": [
      { "proficiency": "prof_infusion", "required": true } 
                     ]   
  },
{ 
    "result": "knuckle_brass+3",
    "type": "recipe",
    "category": "CC_ARCANE",
    "subcategory": "CSC_ARCANE_WEAPONRY",
    "skill_used": "spellcraft",
    "skills_required": [ "spellcraft", 7 ],
    "difficulty": 7,
    "time": "45 m",
    "book_learn": [ [ "infusion_mid", 1 ] ],
    "qualities": [ { "id": "INFUSION", "level": 1 } ],
    "components": [ [ [ "crystallized_mana", 450 ] ], [ [ "knuckle_brass", 1 ] ] ],
    "proficiencies": [
      { "proficiency": "prof_infusion", "required": true } 
                     ]   
  },
{ 
    "result": "punch_dagger+3",
    "type": "recipe",
    "category": "CC_ARCANE",
    "subcategory": "CSC_ARCANE_WEAPONRY",
    "skill_used": "spellcraft",
    "skills_required": [ "spellcraft", 7 ],
    "difficulty": 7,
    "time": "45 m",
    "book_learn": [ [ "infusion_mid", 1 ] ],
    "qualities": [ { "id": "INFUSION", "level": 1 } ],
    "components": [ [ [ "crystallized_mana", 450 ] ], [ [ "punch_dagger", 1 ] ] ],
    "proficiencies": [
      { "proficiency": "prof_infusion", "required": true } 
                     ]   
  } 
]