[
{ 
    "result": "longsword+4",
    "type": "recipe",
    "category": "CC_ARCANE",
    "subcategory": "CSC_ARCANE_WEAPONRY",
    "skill_used": "spellcraft",
    "skills_required": [ "spellcraft", 9 ],
    "difficulty": 9,
    "time": "60 m",
    "book_learn": [ [ "infusion_adv", 1 ] ],
    "qualities": [ { "id": "INFUSION", "level": 2 } ],
    "components": [ [ [ "crystallized_mana", 600 ] ], [ [ "longsword", 1 ] ] ],
    "proficiencies": [
      { "proficiency": "prof_infusion", "required": true } 
                     ]   
  },
{ 
    "result": "wood_sword+4",
    "type": "recipe",
    "category": "CC_ARCANE",
    "subcategory": "CSC_ARCANE_WEAPONRY",
    "skill_used": "spellcraft",
    "skills_required": [ "spellcraft", 9 ],
    "difficulty": 9,
    "time": "60 m",
    "book_learn": [ [ "infusion_adv", 1 ] ],
    "qualities": [ { "id": "INFUSION", "level": 2 } ],
    "components": [ [ [ "crystallized_mana", 600 ] ], [ [ "sword_wood", 1 ] ] ],
    "proficiencies": [
      { "proficiency": "prof_infusion", "required": true } 
                     ]   
  },
{ 
    "result": "makeshift_knife+4",
    "type": "recipe",
    "category": "CC_ARCANE",
    "subcategory": "CSC_ARCANE_WEAPONRY",
    "skill_used": "spellcraft",
    "skills_required": [ "spellcraft", 9 ],
    "difficulty": 9,
    "time": "60 m",
    "book_learn": [ [ "infusion_adv", 1 ] ],
    "qualities": [ { "id": "INFUSION", "level": 2 } ],
    "components": [ [ [ "crystallized_mana", 600 ] ], [ [ "makeshift_knife", 1 ] ] ],
    "proficiencies": [
      { "proficiency": "prof_infusion", "required": true } 
                     ]   
  },
{ 
    "result": "knife_baselard+4",
    "type": "recipe",
    "category": "CC_ARCANE",
    "subcategory": "CSC_ARCANE_WEAPONRY",
    "skill_used": "spellcraft",
    "skills_required": [ "spellcraft", 9 ],
    "difficulty": 9,
    "time": "60 m",
    "book_learn": [ [ "infusion_adv", 1 ] ],
    "qualities": [ { "id": "INFUSION", "level": 2 } ],
    "components": [ [ [ "crystallized_mana", 600 ] ], [ [ "knife_baselard", 1 ] ] ],
    "proficiencies": [
      { "proficiency": "prof_infusion", "required": true } 
                     ]   
  },
{ 
    "result": "machete+4",
    "type": "recipe",
    "category": "CC_ARCANE",
    "subcategory": "CSC_ARCANE_WEAPONRY",
    "skill_used": "spellcraft",
    "skills_required": [ "spellcraft", 9 ],
    "difficulty": 9,
    "time": "60 m",
    "book_learn": [ [ "infusion_adv", 1 ] ],
    "qualities": [ { "id": "INFUSION", "level": 2 } ],
    "components": [ [ [ "crystallized_mana", 600 ] ], [ [ "machete", 1 ] ] ],
    "proficiencies": [
      { "proficiency": "prof_infusion", "required": true } 
                     ]   
  },
{ 
    "result": "cavalry_sabre+4",
    "type": "recipe",
    "category": "CC_ARCANE",
    "subcategory": "CSC_ARCANE_WEAPONRY",
    "skill_used": "spellcraft",
    "skills_required": [ "spellcraft", 9 ],
    "difficulty": 9,
    "time": "60 m",
    "book_learn": [ [ "infusion_adv", 1 ] ],
    "qualities": [ { "id": "INFUSION", "level": 2 } ],
    "components": [ [ [ "crystallized_mana", 600 ] ], [ [ "cavalry_sabre", 1 ] ] ],
    "proficiencies": [
      { "proficiency": "prof_infusion", "required": true } 
                     ]   
  },
{ 
    "result": "kris+4",
    "type": "recipe",
    "category": "CC_ARCANE",
    "subcategory": "CSC_ARCANE_WEAPONRY",
    "skill_used": "spellcraft",
    "skills_required": [ "spellcraft", 9 ],
    "difficulty": 9,
    "time": "60 m",
    "book_learn": [ [ "infusion_adv", 1 ] ],
    "qualities": [ { "id": "INFUSION", "level": 2 } ],
    "components": [ [ [ "crystallized_mana", 600 ] ], [ [ "kris", 1 ] ] ],
    "proficiencies": [
      { "proficiency": "prof_infusion", "required": true } 
                     ]   
  },
{ 
    "result": "kukri+4",
    "type": "recipe",
    "category": "CC_ARCANE",
    "subcategory": "CSC_ARCANE_WEAPONRY",
    "skill_used": "spellcraft",
    "skills_required": [ "spellcraft", 9 ],
    "difficulty": 9,
    "time": "60 m",
    "book_learn": [ [ "infusion_adv", 1 ] ],
    "qualities": [ { "id": "INFUSION", "level": 2 } ],
    "components": [ [ [ "crystallized_mana", 600 ] ], [ [ "kukri", 1 ] ] ],
    "proficiencies": [
      { "proficiency": "prof_infusion", "required": true } 
                     ]   
  },
{ 
    "result": "jian+4",
    "type": "recipe",
    "category": "CC_ARCANE",
    "subcategory": "CSC_ARCANE_WEAPONRY",
    "skill_used": "spellcraft",
    "skills_required": [ "spellcraft", 9 ],
    "difficulty": 9,
    "time": "60 m",
    "book_learn": [ [ "infusion_adv", 1 ] ],
    "qualities": [ { "id": "INFUSION", "level": 2 } ],
    "components": [ [ [ "crystallized_mana", 600 ] ], [ [ "jian", 1 ] ] ],
    "proficiencies": [
      { "proficiency": "prof_infusion", "required": true } 
                     ]   
  },
{ 
    "result": "scimitar+4",
    "type": "recipe",
    "category": "CC_ARCANE",
    "subcategory": "CSC_ARCANE_WEAPONRY",
    "skill_used": "spellcraft",
    "skills_required": [ "spellcraft", 9 ],
    "difficulty": 9,
    "time": "60 m",
    "book_learn": [ [ "infusion_adv", 1 ] ],
    "qualities": [ { "id": "INFUSION", "level": 2 } ],
    "components": [ [ [ "crystallized_mana", 600 ] ], [ [ "scimitar", 1 ] ] ],
    "proficiencies": [
      { "proficiency": "prof_infusion", "required": true } 
                     ]   
  },
{ 
    "result": "estoc+4",
    "type": "recipe",
    "category": "CC_ARCANE",
    "subcategory": "CSC_ARCANE_WEAPONRY",
    "skill_used": "spellcraft",
    "skills_required": [ "spellcraft", 9 ],
    "difficulty": 9,
    "time": "60 m",
    "book_learn": [ [ "infusion_adv", 1 ] ],
    "qualities": [ { "id": "INFUSION", "level": 2 } ],
    "components": [ [ [ "crystallized_mana", 600 ] ], [ [ "estoc", 1 ] ] ],
    "proficiencies": [
      { "proficiency": "prof_infusion", "required": true } 
                     ]   
  },
{ 
    "result": "arming_sword+4",
    "type": "recipe",
    "category": "CC_ARCANE",
    "subcategory": "CSC_ARCANE_WEAPONRY",
    "skill_used": "spellcraft",
    "skills_required": [ "spellcraft", 9 ],
    "difficulty": 9,
    "time": "60 m",
    "book_learn": [ [ "infusion_adv", 1 ] ],
    "qualities": [ { "id": "INFUSION", "level": 2 } ],
    "components": [ [ [ "crystallized_mana", 600 ] ], [ [ "arming_sword", 1 ] ] ],
    "proficiencies": [
      { "proficiency": "prof_infusion", "required": true } 
                     ]   
  },
{ 
    "result": "tanto+4",
    "type": "recipe",
    "category": "CC_ARCANE",
    "subcategory": "CSC_ARCANE_WEAPONRY",
    "skill_used": "spellcraft",
    "skills_required": [ "spellcraft", 9 ],
    "difficulty": 9,
    "time": "60 m",
    "book_learn": [ [ "infusion_adv", 1 ] ],
    "qualities": [ { "id": "INFUSION", "level": 2 } ],
    "components": [ [ [ "crystallized_mana", 600 ] ], [ [ "tanto", 1 ] ] ],
    "proficiencies": [
      { "proficiency": "prof_infusion", "required": true } 
                     ]   
  },
{ 
    "result": "wakizashi+4",
    "type": "recipe",
    "category": "CC_ARCANE",
    "subcategory": "CSC_ARCANE_WEAPONRY",
    "skill_used": "spellcraft",
    "skills_required": [ "spellcraft", 5 ],
    "difficulty": 5,
    "time": "30 m",
    "book_learn": [ [ "infusion_adv", 1 ] ],
    "qualities": [ { "id": "INFUSION", "level": 2 } ],
    "components": [ [ [ "crystallized_mana", 300 ] ], [ [ "wakizashi", 1 ] ] ],
    "proficiencies": [
      { "proficiency": "prof_infusion", "required": true } 
                     ]   
  },
{ 
    "result": "zweihander+4",
    "type": "recipe",
    "category": "CC_ARCANE",
    "subcategory": "CSC_ARCANE_WEAPONRY",
    "skill_used": "spellcraft",
    "skills_required": [ "spellcraft", 5 ],
    "difficulty": 5,
    "time": "30 m",
    "book_learn": [ [ "infusion_adv", 1 ] ],
    "qualities": [ { "id": "INFUSION", "level": 2 } ],
    "components": [ [ [ "crystallized_mana", 300 ] ], [ [ "zweihander", 1 ] ] ],
    "proficiencies": [
      { "proficiency": "prof_infusion", "required": true } 
                     ]   
  },
{ 
    "result": "nodachi+4",
    "type": "recipe",
    "category": "CC_ARCANE",
    "subcategory": "CSC_ARCANE_WEAPONRY",
    "skill_used": "spellcraft",
    "skills_required": [ "spellcraft", 5 ],
    "difficulty": 5,
    "time": "30 m",
    "book_learn": [ [ "infusion_adv", 1 ] ],
    "qualities": [ { "id": "INFUSION", "level": 2 } ],
    "components": [ [ [ "crystallized_mana", 300 ] ], [ [ "nodachi", 1 ] ] ],
    "proficiencies": [
      { "proficiency": "prof_infusion", "required": true } 
                     ]   
  },
{ 
    "result": "broadsword+4",
    "type": "recipe",
    "category": "CC_ARCANE",
    "subcategory": "CSC_ARCANE_WEAPONRY",
    "skill_used": "spellcraft",
    "skills_required": [ "spellcraft", 9 ],
    "difficulty": 9,
    "time": "60 m",
    "book_learn": [ [ "infusion_adv", 1 ] ],
    "qualities": [ { "id": "INFUSION", "level": 2 } ],
    "components": [ [ [ "crystallized_mana", 600 ] ], [ [ "broadsword", 1 ] ] ],
    "proficiencies": [
      { "proficiency": "prof_infusion", "required": true } 
                     ]   
  },
{ 
    "result": "rapier+4",
    "type": "recipe",
    "category": "CC_ARCANE",
    "subcategory": "CSC_ARCANE_WEAPONRY",
    "skill_used": "spellcraft",
    "skills_required": [ "spellcraft", 9 ],
    "difficulty": 9,
    "time": "60 m",
    "book_learn": [ [ "infusion_adv", 1 ] ],
    "qualities": [ { "id": "INFUSION", "level": 2 } ],
    "components": [ [ [ "crystallized_mana", 600 ] ], [ [ "rapier", 1 ] ] ],
    "proficiencies": [
      { "proficiency": "prof_infusion", "required": true } 
                     ]   
  },
{ 
    "result": "katana+4",
    "type": "recipe",
    "category": "CC_ARCANE",
    "subcategory": "CSC_ARCANE_WEAPONRY",
    "skill_used": "spellcraft",
    "skills_required": [ "spellcraft", 9 ],
    "difficulty": 9,
    "time": "60 m",
    "book_learn": [ [ "infusion_adv", 1 ] ],
    "qualities": [ { "id": "INFUSION", "level": 2 } ],
    "components": [ [ [ "crystallized_mana", 600 ] ], [ [ "katana", 1 ] ] ],
    "proficiencies": [
      { "proficiency": "prof_infusion", "required": true } 
                     ]   
  },
{ 
    "result": "butterfly_swords+4",
    "type": "recipe",
    "category": "CC_ARCANE",
    "subcategory": "CSC_ARCANE_WEAPONRY",
    "skill_used": "spellcraft",
    "skills_required": [ "spellcraft", 9 ],
    "difficulty": 9,
    "time": "60 m",
    "book_learn": [ [ "infusion_adv", 1 ] ],
    "qualities": [ { "id": "INFUSION", "level": 2 } ],
    "components": [ [ [ "crystallized_mana", 600 ] ], [ [ "butterfly_swords", 1 ] ] ],
    "proficiencies": [
      { "proficiency": "prof_infusion", "required": true } 
                     ]   
  },
{ 
    "result": "cutlass+4",
    "type": "recipe",
    "category": "CC_ARCANE",
    "subcategory": "CSC_ARCANE_WEAPONRY",
    "skill_used": "spellcraft",
    "skills_required": [ "spellcraft", 9 ],
    "difficulty": 9,
    "time": "60 m",
    "book_learn": [ [ "infusion_adv", 1 ] ],
    "qualities": [ { "id": "INFUSION", "level": 2 } ],
    "components": [ [ [ "crystallized_mana", 600 ] ], [ [ "cutlass", 1 ] ] ],
    "proficiencies": [
      { "proficiency": "prof_infusion", "required": true } 
                     ]   
  },
{ 
    "result": "lajatang+4",
    "type": "recipe",
    "category": "CC_ARCANE",
    "subcategory": "CSC_ARCANE_WEAPONRY",
    "skill_used": "spellcraft",
    "skills_required": [ "spellcraft", 9 ],
    "difficulty": 9,
    "time": "60 m",
    "book_learn": [ [ "infusion_adv", 1 ] ],
    "qualities": [ { "id": "INFUSION", "level": 2 } ],
    "components": [ [ [ "crystallized_mana", 600 ] ], [ [ "lajatang", 1 ] ] ],
    "proficiencies": [
      { "proficiency": "prof_infusion", "required": true } 
                     ]   
  },
{ 
    "result": "war_flail+4",
    "type": "recipe",
    "category": "CC_ARCANE",
    "subcategory": "CSC_ARCANE_WEAPONRY",
    "skill_used": "spellcraft",
    "skills_required": [ "spellcraft", 9 ],
    "difficulty": 9,
    "time": "60 m",
    "book_learn": [ [ "infusion_adv", 1 ] ],
    "qualities": [ { "id": "INFUSION", "level": 2 } ],
    "components": [ [ [ "crystallized_mana", 600 ] ], [ [ "2h_flail_steel", 1 ] ] ],
    "proficiencies": [
      { "proficiency": "prof_infusion", "required": true } 
                     ]   
  },
{ 
    "result": "peasant_flail+4",
    "type": "recipe",
    "category": "CC_ARCANE",
    "subcategory": "CSC_ARCANE_WEAPONRY",
    "skill_used": "spellcraft",
    "skills_required": [ "spellcraft", 9 ],
    "difficulty": 9,
    "time": "60 m",
    "book_learn": [ [ "infusion_adv", 1 ] ],
    "qualities": [ { "id": "INFUSION", "level": 2 } ],
    "components": [ [ [ "crystallized_mana", 600 ] ], [ [ "2h_flail_wood", 1 ] ] ],
    "proficiencies": [
      { "proficiency": "prof_infusion", "required": true } 
                     ]   
  },
{ 
    "result": "battleaxe+4",
    "type": "recipe",
    "category": "CC_ARCANE",
    "subcategory": "CSC_ARCANE_WEAPONRY",
    "skill_used": "spellcraft",
    "skills_required": [ "spellcraft", 9 ],
    "difficulty": 9,
    "time": "60 m",
    "book_learn": [ [ "infusion_adv", 1 ] ],
    "qualities": [ { "id": "INFUSION", "level": 2 } ],
    "components": [ [ [ "crystallized_mana", 600 ] ], [ [ "battleaxe", 1 ] ] ],
    "proficiencies": [
      { "proficiency": "prof_infusion", "required": true } 
                     ]   
  },
{ 
    "result": "bokken+4",
    "type": "recipe",
    "category": "CC_ARCANE",
    "subcategory": "CSC_ARCANE_WEAPONRY",
    "skill_used": "spellcraft",
    "skills_required": [ "spellcraft", 9 ],
    "difficulty": 9,
    "time": "60 m",
    "book_learn": [ [ "infusion_adv", 1 ] ],
    "qualities": [ { "id": "INFUSION", "level": 2 } ],
    "components": [ [ [ "crystallized_mana", 600 ] ], [ [ "bokken", 1 ] ] ],
    "proficiencies": [
      { "proficiency": "prof_infusion", "required": true } 
                     ]   
  }, 
{ 
    "result": "cudgel+4",
    "type": "recipe",
    "category": "CC_ARCANE",
    "subcategory": "CSC_ARCANE_WEAPONRY",
    "skill_used": "spellcraft",
    "skills_required": [ "spellcraft", 9 ],
    "difficulty": 9,
    "time": "60 m",
    "book_learn": [ [ "infusion_adv", 1 ] ],
    "qualities": [ { "id": "INFUSION", "level": 2 } ],
    "components": [ [ [ "crystallized_mana", 600 ] ], [ [ "cudgel", 1 ] ] ],
    "proficiencies": [
      { "proficiency": "prof_infusion", "required": true } 
                     ]   
  },
{ 
    "result": "hammer_sledge+4",
    "type": "recipe",
    "category": "CC_ARCANE",
    "subcategory": "CSC_ARCANE_WEAPONRY",
    "skill_used": "spellcraft",
    "skills_required": [ "spellcraft", 9 ],
    "difficulty": 9,
    "time": "60 m",
    "book_learn": [ [ "infusion_adv", 1 ] ],
    "qualities": [ { "id": "INFUSION", "level": 2 } ],
    "components": [ [ [ "crystallized_mana", 600 ] ], [ [ "hammer_sledge", 1 ] ] ],
    "proficiencies": [
      { "proficiency": "prof_infusion", "required": true } 
                     ]   
  },
{ 
    "result": "lucern_hammer+4",
    "type": "recipe",
    "category": "CC_ARCANE",
    "subcategory": "CSC_ARCANE_WEAPONRY",
    "skill_used": "spellcraft",
    "skills_required": [ "spellcraft", 9 ],
    "difficulty": 9,
    "time": "60 m",
    "book_learn": [ [ "infusion_adv", 1 ] ],
    "qualities": [ { "id": "INFUSION", "level": 2 } ],
    "components": [ [ [ "crystallized_mana", 600 ] ], [ [ "lucern_hammer", 1 ] ] ],
    "proficiencies": [
      { "proficiency": "prof_infusion", "required": true } 
                     ]   
  },
{ 
    "result": "mace+4",
    "type": "recipe",
    "category": "CC_ARCANE",
    "subcategory": "CSC_ARCANE_WEAPONRY",
    "skill_used": "spellcraft",
    "skills_required": [ "spellcraft", 9 ],
    "difficulty": 9,
    "time": "60 m",
    "book_learn": [ [ "infusion_adv", 1 ] ],
    "qualities": [ { "id": "INFUSION", "level": 2 } ],
    "components": [ [ [ "crystallized_mana", 600 ] ], [ [ "mace", 1 ] ] ],
    "proficiencies": [
      { "proficiency": "prof_infusion", "required": true } 
                     ]   
  },
{ 
    "result": "morningstar+4",
    "type": "recipe",
    "category": "CC_ARCANE",
    "subcategory": "CSC_ARCANE_WEAPONRY",
    "skill_used": "spellcraft",
    "skills_required": [ "spellcraft", 9 ],
    "difficulty": 9,
    "time": "60 m",
    "book_learn": [ [ "infusion_adv", 1 ] ],
    "qualities": [ { "id": "INFUSION", "level": 2 } ],
    "components": [ [ [ "crystallized_mana", 600 ] ], [ [ "morningstar", 1 ] ] ],
    "proficiencies": [
      { "proficiency": "prof_infusion", "required": true } 
                     ]   
  },
{ 
    "result": "q_staff+4",
    "type": "recipe",
    "category": "CC_ARCANE",
    "subcategory": "CSC_ARCANE_WEAPONRY",
    "skill_used": "spellcraft",
    "skills_required": [ "spellcraft", 9 ],
    "difficulty": 9,
    "time": "60 m",
    "book_learn": [ [ "infusion_adv", 1 ] ],
    "qualities": [ { "id": "INFUSION", "level": 2 } ],
    "components": [ [ [ "crystallized_mana", 600 ] ], [ [ "q_staff", 1 ] ] ],
    "proficiencies": [
      { "proficiency": "prof_infusion", "required": true } 
                     ]   
  },
{ 
    "result": "shillelagh+4",
    "type": "recipe",
    "category": "CC_ARCANE",
    "subcategory": "CSC_ARCANE_WEAPONRY",
    "skill_used": "spellcraft",
    "skills_required": [ "spellcraft", 9 ],
    "difficulty": 9,
    "time": "60 m",
    "book_learn": [ [ "infusion_adv", 1 ] ],
    "qualities": [ { "id": "INFUSION", "level": 2 } ],
    "components": [ [ [ "crystallized_mana", 600 ] ], [ [ "shillelagh", 1 ] ] ],
    "proficiencies": [
      { "proficiency": "prof_infusion", "required": true } 
                     ]   
  },
{ 
    "result": "tonfa_wood+4",
    "type": "recipe",
    "category": "CC_ARCANE",
    "subcategory": "CSC_ARCANE_WEAPONRY",
    "skill_used": "spellcraft",
    "skills_required": [ "spellcraft", 9 ],
    "difficulty": 9,
    "time": "60 m",
    "book_learn": [ [ "infusion_adv", 1 ] ],
    "qualities": [ { "id": "INFUSION", "level": 2 } ],
    "components": [ [ [ "crystallized_mana", 600 ] ], [ [ "tonfa_wood", 1 ] ] ],
    "proficiencies": [
      { "proficiency": "prof_infusion", "required": true } 
                     ]   
  },
{ 
    "result": "warhammer+4",
    "type": "recipe",
    "category": "CC_ARCANE",
    "subcategory": "CSC_ARCANE_WEAPONRY",
    "skill_used": "spellcraft",
    "skills_required": [ "spellcraft", 9 ],
    "difficulty": 9,
    "time": "60 m",
    "book_learn": [ [ "infusion_adv", 1 ] ],
    "qualities": [ { "id": "INFUSION", "level": 2 } ],
    "components": [ [ [ "crystallized_mana", 600 ] ], [ [ "warhammer", 1 ] ] ],
    "proficiencies": [
      { "proficiency": "prof_infusion", "required": true } 
                     ]   
  },
{ 
    "result": "pitchfork+4",
    "type": "recipe",
    "category": "CC_ARCANE",
    "subcategory": "CSC_ARCANE_WEAPONRY",
    "skill_used": "spellcraft",
    "skills_required": [ "spellcraft", 9 ],
    "difficulty": 9,
    "time": "60 m",
    "book_learn": [ [ "infusion_adv", 1 ] ],
    "qualities": [ { "id": "INFUSION", "level": 2 } ],
    "components": [ [ [ "crystallized_mana", 600 ] ], [ [ "pitchfork", 1 ] ] ],
    "proficiencies": [
      { "proficiency": "prof_infusion", "required": true } 
                     ]   
  },
{ 
    "result": "spear_steel+4",
    "type": "recipe",
    "category": "CC_ARCANE",
    "subcategory": "CSC_ARCANE_WEAPONRY",
    "skill_used": "spellcraft",
    "skills_required": [ "spellcraft", 9 ],
    "difficulty": 9,
    "time": "60 m",
    "book_learn": [ [ "infusion_adv", 1 ] ],
    "qualities": [ { "id": "INFUSION", "level": 2 } ],
    "components": [ [ [ "crystallized_mana", 600 ] ], [ [ "spear_steel", 1 ] ] ],
    "proficiencies": [
      { "proficiency": "prof_infusion", "required": true } 
                     ]   
  },
{ 
    "result": "qiang+4",
    "type": "recipe",
    "category": "CC_ARCANE",
    "subcategory": "CSC_ARCANE_WEAPONRY",
    "skill_used": "spellcraft",
    "skills_required": [ "spellcraft", 9 ],
    "difficulty": 9,
    "time": "60 m",
    "book_learn": [ [ "infusion_adv", 1 ] ],
    "qualities": [ { "id": "INFUSION", "level": 2 } ],
    "components": [ [ [ "crystallized_mana", 600 ] ], [ [ "qiang", 1 ] ] ],
    "proficiencies": [
      { "proficiency": "prof_infusion", "required": true } 
                     ]   
  },
{ 
    "result": "halberd+4",
    "type": "recipe",
    "category": "CC_ARCANE",
    "subcategory": "CSC_ARCANE_WEAPONRY",
    "skill_used": "spellcraft",
    "skills_required": [ "spellcraft", 9 ],
    "difficulty": 9,
    "time": "60 m",
    "book_learn": [ [ "infusion_adv", 1 ] ],
    "qualities": [ { "id": "INFUSION", "level": 2 } ],
    "components": [ [ [ "crystallized_mana", 600 ] ], [ [ "halberd", 1 ] ] ],
    "proficiencies": [
      { "proficiency": "prof_infusion", "required": true } 
                     ]   
  },
{ 
    "result": "glaive+4",
    "type": "recipe",
    "category": "CC_ARCANE",
    "subcategory": "CSC_ARCANE_WEAPONRY",
    "skill_used": "spellcraft",
    "skills_required": [ "spellcraft", 9 ],
    "difficulty": 9,
    "time": "60 m",
    "book_learn": [ [ "infusion_adv", 1 ] ],
    "qualities": [ { "id": "INFUSION", "level": 2 } ],
    "components": [ [ [ "crystallized_mana", 600 ] ], [ [ "glaive", 1 ] ] ],
    "proficiencies": [
      { "proficiency": "prof_infusion", "required": true } 
                     ]   
  },
{ 
    "result": "naginata+4",
    "type": "recipe",
    "category": "CC_ARCANE",
    "subcategory": "CSC_ARCANE_WEAPONRY",
    "skill_used": "spellcraft",
    "skills_required": [ "spellcraft", 9 ],
    "difficulty": 9,
    "time": "60 m",
    "book_learn": [ [ "infusion_adv", 1 ] ],
    "qualities": [ { "id": "INFUSION", "level": 2 } ],
    "components": [ [ [ "crystallized_mana", 600 ] ], [ [ "naginata", 1 ] ] ],
    "proficiencies": [
      { "proficiency": "prof_infusion", "required": true } 
                     ]   
  },
{ 
    "result": "pike+4",
    "type": "recipe",
    "category": "CC_ARCANE",
    "subcategory": "CSC_ARCANE_WEAPONRY",
    "skill_used": "spellcraft",
    "skills_required": [ "spellcraft", 9 ],
    "difficulty": 9,
    "time": "60 m",
    "book_learn": [ [ "infusion_adv", 1 ] ],
    "qualities": [ { "id": "INFUSION", "level": 2 } ],
    "components": [ [ [ "crystallized_mana", 600 ] ], [ [ "pike", 1 ] ] ],
    "proficiencies": [
      { "proficiency": "prof_infusion", "required": true } 
                     ]   
  },
{ 
    "result": "bullet_crossbow+4",
    "type": "recipe",
    "category": "CC_ARCANE",
    "subcategory": "CSC_ARCANE_WEAPONRY",
    "skill_used": "spellcraft",
    "skills_required": [ "spellcraft", 9 ],
    "difficulty": 9,
    "time": "60 m",
    "book_learn": [ [ "infusion_adv", 1 ] ],
    "qualities": [ { "id": "INFUSION", "level": 2 } ],
    "components": [ [ [ "crystallized_mana", 600 ] ], [ [ "bullet_crossbow", 1 ] ] ],
    "proficiencies": [
      { "proficiency": "prof_infusion", "required": true } 
                     ]   
  },
{ 
    "result": "hand_crossbow+4",
    "type": "recipe",
    "category": "CC_ARCANE",
    "subcategory": "CSC_ARCANE_WEAPONRY",
    "skill_used": "spellcraft",
    "skills_required": [ "spellcraft", 9 ],
    "difficulty": 9,
    "time": "60 m",
    "book_learn": [ [ "infusion_adv", 1 ] ],
    "qualities": [ { "id": "INFUSION", "level": 2 } ],
    "components": [ [ [ "crystallized_mana", 600 ] ], [ [ "hand_crossbow", 1 ] ] ],
    "proficiencies": [
      { "proficiency": "prof_infusion", "required": true } 
                     ]   
  },
{ 
    "result": "crossbow+4",
    "type": "recipe",
    "category": "CC_ARCANE",
    "subcategory": "CSC_ARCANE_WEAPONRY",
    "skill_used": "spellcraft",
    "skills_required": [ "spellcraft", 9 ],
    "difficulty": 9,
    "time": "60 m",
    "book_learn": [ [ "infusion_adv", 1 ] ],
    "qualities": [ { "id": "INFUSION", "level": 2 } ],
    "components": [ [ [ "crystallized_mana", 600 ] ], [ [ "crossbow", 1 ] ] ],
    "proficiencies": [
      { "proficiency": "prof_infusion", "required": true } 
                     ]   
  },
{ 
    "result": "huge_crossbow+4",
    "type": "recipe",
    "category": "CC_ARCANE",
    "subcategory": "CSC_ARCANE_WEAPONRY",
    "skill_used": "spellcraft",
    "skills_required": [ "spellcraft", 9 ],
    "difficulty": 9,
    "time": "60 m",
    "book_learn": [ [ "infusion_adv", 1 ] ],
    "qualities": [ { "id": "INFUSION", "level": 2 } ],
    "components": [ [ [ "crystallized_mana", 600 ] ], [ [ "huge_crossbow", 1 ] ] ],
    "proficiencies": [
      { "proficiency": "prof_infusion", "required": true } 
                     ]   
  },
{ 
    "result": "selfbow+4",
    "type": "recipe",
    "category": "CC_ARCANE",
    "subcategory": "CSC_ARCANE_WEAPONRY",
    "skill_used": "spellcraft",
    "skills_required": [ "spellcraft", 9 ],
    "difficulty": 9,
    "time": "60 m",
    "book_learn": [ [ "infusion_adv", 1 ] ],
    "qualities": [ { "id": "INFUSION", "level": 2 } ],
    "components": [ [ [ "crystallized_mana", 600 ] ], [ [ "selfbow", 1 ] ] ],
    "proficiencies": [
      { "proficiency": "prof_infusion", "required": true } 
                     ]   
  },
{ 
    "result": "shortbow+4",
    "type": "recipe",
    "category": "CC_ARCANE",
    "subcategory": "CSC_ARCANE_WEAPONRY",
    "skill_used": "spellcraft",
    "skills_required": [ "spellcraft", 9 ],
    "difficulty": 9,
    "time": "60 m",
    "book_learn": [ [ "infusion_adv", 1 ] ],
    "qualities": [ { "id": "INFUSION", "level": 2 } ],
    "components": [ [ [ "crystallized_mana", 600 ] ], [ [ "shortbow", 1 ] ] ],
    "proficiencies": [
      { "proficiency": "prof_infusion", "required": true } 
                     ]   
  },
{ 
    "result": "compositebow+4",
    "type": "recipe",
    "category": "CC_ARCANE",
    "subcategory": "CSC_ARCANE_WEAPONRY",
    "skill_used": "spellcraft",
    "skills_required": [ "spellcraft", 9 ],
    "difficulty": 9,
    "time": "60 m",
    "book_learn": [ [ "infusion_adv", 1 ] ],
    "qualities": [ { "id": "INFUSION", "level": 2 } ],
    "components": [ [ [ "crystallized_mana", 600 ] ], [ [ "compositebow", 1 ] ] ],
    "proficiencies": [
      { "proficiency": "prof_infusion", "required": true } 
                     ]   
  },
{ 
    "result": "reflexbow+4",
    "type": "recipe",
    "category": "CC_ARCANE",
    "subcategory": "CSC_ARCANE_WEAPONRY",
    "skill_used": "spellcraft",
    "skills_required": [ "spellcraft", 5 ],
    "difficulty": 5,
    "time": "30 m",
    "book_learn": [ [ "infusion_adv", 1 ] ],
    "qualities": [ { "id": "INFUSION", "level": 2 } ],
    "components": [ [ [ "crystallized_mana", 600 ] ], [ [ "reflexbow", 1 ] ] ],
    "proficiencies": [
      { "proficiency": "prof_infusion", "required": true } 
                     ]   
  }, 
{ 
    "result": "longbow+4",
    "type": "recipe",
    "category": "CC_ARCANE",
    "subcategory": "CSC_ARCANE_WEAPONRY",
    "skill_used": "spellcraft",
    "skills_required": [ "spellcraft", 9 ],
    "difficulty": 9,
    "time": "60 m",
    "book_learn": [ [ "infusion_adv", 1 ] ],
    "qualities": [ { "id": "INFUSION", "level": 2 } ],
    "components": [ [ [ "crystallized_mana", 600 ] ], [ [ "longbow", 1 ] ] ],
    "proficiencies": [
      { "proficiency": "prof_infusion", "required": true } 
                     ]   
  }, 
{ 
    "result": "woodgreatbow+4",
    "type": "recipe",
    "category": "CC_ARCANE",
    "subcategory": "CSC_ARCANE_WEAPONRY",
    "skill_used": "spellcraft",
    "skills_required": [ "spellcraft", 9 ],
    "difficulty": 9,
    "time": "60 m",
    "book_learn": [ [ "infusion_adv", 1 ] ],
    "qualities": [ { "id": "INFUSION", "level": 2 } ],
    "components": [ [ [ "crystallized_mana", 600 ] ], [ [ "woodgreatbow", 1 ] ] ],
    "proficiencies": [
      { "proficiency": "prof_infusion", "required": true } 
                     ]   
  }, 
{ 
    "result": "bagh_nakha+4",
    "type": "recipe",
    "category": "CC_ARCANE",
    "subcategory": "CSC_ARCANE_WEAPONRY",
    "skill_used": "spellcraft",
    "skills_required": [ "spellcraft", 9 ],
    "difficulty": 9,
    "time": "60 m",
    "book_learn": [ [ "infusion_adv", 1 ] ],
    "qualities": [ { "id": "INFUSION", "level": 2 } ],
    "components": [ [ [ "crystallized_mana", 600 ] ], [ [ "bagh_nakha", 1 ] ] ],
    "proficiencies": [
      { "proficiency": "prof_infusion", "required": true } 
                     ]   
  },
{ 
    "result": "cestus+4",
    "type": "recipe",
    "category": "CC_ARCANE",
    "subcategory": "CSC_ARCANE_WEAPONRY",
    "skill_used": "spellcraft",
    "skills_required": [ "spellcraft", 9 ],
    "difficulty": 9,
    "time": "60 m",
    "book_learn": [ [ "infusion_adv", 1 ] ],
    "qualities": [ { "id": "INFUSION", "level": 2 } ],
    "components": [ [ [ "crystallized_mana", 600 ] ], [ [ "cestus", 1 ] ] ],
    "proficiencies": [
      { "proficiency": "prof_infusion", "required": true } 
                     ]   
  },
{ 
    "result": "knuckle_brass+4",
    "type": "recipe",
    "category": "CC_ARCANE",
    "subcategory": "CSC_ARCANE_WEAPONRY",
    "skill_used": "spellcraft",
    "skills_required": [ "spellcraft", 9 ],
    "difficulty": 9,
    "time": "60 m",
    "book_learn": [ [ "infusion_adv", 1 ] ],
    "qualities": [ { "id": "INFUSION", "level": 2 } ],
    "components": [ [ [ "crystallized_mana", 600 ] ], [ [ "knuckle_brass", 1 ] ] ],
    "proficiencies": [
      { "proficiency": "prof_infusion", "required": true } 
                     ]   
  },
{ 
    "result": "punch_dagger+4",
    "type": "recipe",
    "category": "CC_ARCANE",
    "subcategory": "CSC_ARCANE_WEAPONRY",
    "skill_used": "spellcraft",
    "skills_required": [ "spellcraft", 9 ],
    "difficulty": 9,
    "time": "60 m",
    "book_learn": [ [ "infusion_adv", 1 ] ],
    "qualities": [ { "id": "INFUSION", "level": 2 } ],
    "components": [ [ [ "crystallized_mana", 600 ] ], [ [ "punch_dagger", 1 ] ] ],
    "proficiencies": [
      { "proficiency": "prof_infusion", "required": true } 
                     ]   
  }
]