[
  {
    "type": "npc",
    "id": "food_vendor",
    "name_suffix": "vendor",
    "class": "NPC_FOOD_VENDOR",
    "attitude": 0,
    "mission": 3,
    "chat": "TALK_SHOPKEEPER_general",
    "faction": "kingdom"
  },
  {
    "type": "npc",
    "id": "ingredients_vendor",
    "name_suffix": "vendor",
    "class": "NPC_INGREDIENTS_VENDOR",
    "attitude": 0,
    "mission": 3,
    "chat": "TALK_SHOPKEEPER_general",
    "faction": "kingdom"
  },
  {
    "type": "npc",
    "id": "jewelery_vendor",
    "name_suffix": "vendor",
    "class": "NPC_JEWELERY_VENDOR",
    "attitude": 0,
    "mission": 3,
    "chat": "TALK_SHOPKEEPER_general",
    "faction": "kingdom"
  },
  {
    "type": "npc",
    "id": "trinket_vendor",
    "name_suffix": "vendor",
    "class": "NPC_TRINKET_VENDOR",
    "attitude": 0,
    "mission": 3,
    "chat": "TALK_SHOPKEEPER_general",
    "faction": "kingdom"
  },
  {
    "type": "npc",
    "id": "potion_vendor",
    "name_suffix": "vendor",
    "class": "NPC_POTION_VENDOR",
    "attitude": 0,
    "mission": 3,
    "chat": "TALK_SHOPKEEPER_general",
    "faction": "kingdom"
  },
  {
    "type": "npc",
    "id": "book_vendor",
    "name_suffix": "vendor",
    "class": "NPC_BOOK_VENDOR",
    "attitude": 0,
    "mission": 3,
    "chat": "TALK_SHOPKEEPER_general",
    "faction": "kingdom"
  }
]
