[
{
    "type": "npc_class",
    "id": "NPC_FOOD_VENDOR",
    "name": { "str": "Vendor" },
    "job_description": "I sell things.",
    "traits": [
      { "group": "NPC_starting_traits" },
      { "group": "BG_story_COMMON" },
      { "group": "Appearance_demographics" }
    ],
    "bonus_str": { "rng": [ 0, 2 ] },
    "bonus_dex": { "rng": [ 0, 2 ] },
    "bonus_int": { "rng": [ 0, 2 ] },
    "bonus_per": { "rng": [ 0, 2 ] },
    "worn_override": "NPC_tavernkeep_worn",
    "weapon_override": "NPC_male_citizen_wield",
    "shopkeeper_item_group": "barrel_food_loot",
    "skills": [
      { "skill": "ALL", "level": { "mul": [ { "one_in": 3 }, { "sum": [ { "dice": [ 2, 2 ] }, { "rng": [ -1, -2 ] } ] } ] } },
      { "skill": "speech", "bonus": { "rng": [ 1, 3 ] } }
    ]
	},
{
    "type": "npc_class",
    "id": "NPC_INGREDIENTS_VENDOR",
    "name": { "str": "Vendor" },
    "job_description": "I sell things.",
    "traits": [
      { "group": "NPC_starting_traits" },
      { "group": "BG_story_COMMON" },
      { "group": "Appearance_demographics" }
    ],
    "bonus_str": { "rng": [ 0, 2 ] },
    "bonus_dex": { "rng": [ 0, 2 ] },
    "bonus_int": { "rng": [ 0, 2 ] },
    "bonus_per": { "rng": [ 0, 2 ] },
    "worn_override": "NPC_tavernkeep_worn",
    "weapon_override": "NPC_male_citizen_wield",
    "shopkeeper_item_group": "ingredients_all",
    "skills": [
      { "skill": "ALL", "level": { "mul": [ { "one_in": 3 }, { "sum": [ { "dice": [ 2, 2 ] }, { "rng": [ -1, -2 ] } ] } ] } },
      { "skill": "speech", "bonus": { "rng": [ 1, 3 ] } }
    ]
	},
{
    "type": "npc_class",
    "id": "NPC_JEWELERY_VENDOR",
    "name": { "str": "Vendor" },
    "job_description": "I sell things.",
    "traits": [
      { "group": "NPC_starting_traits" },
      { "group": "BG_story_COMMON" },
      { "group": "Appearance_demographics" }
    ],
    "bonus_str": { "rng": [ 0, 2 ] },
    "bonus_dex": { "rng": [ 0, 2 ] },
    "bonus_int": { "rng": [ 0, 2 ] },
    "bonus_per": { "rng": [ 0, 2 ] },
    "worn_override": "NPC_tavernkeep_worn",
    "weapon_override": "NPC_male_citizen_wield",
    "shopkeeper_item_group": "jewelry_front",
    "skills": [
      { "skill": "ALL", "level": { "mul": [ { "one_in": 3 }, { "sum": [ { "dice": [ 2, 2 ] }, { "rng": [ -1, -2 ] } ] } ] } },
      { "skill": "speech", "bonus": { "rng": [ 1, 3 ] } }
    ]
	},
{
    "type": "npc_class",
    "id": "NPC_TRINKET_VENDOR",
    "name": { "str": "Vendor" },
    "job_description": "I sell things.",
    "traits": [
      { "group": "NPC_starting_traits" },
      { "group": "BG_story_COMMON" },
      { "group": "Appearance_demographics" }
    ],
    "bonus_str": { "rng": [ 0, 2 ] },
    "bonus_dex": { "rng": [ 0, 2 ] },
    "bonus_int": { "rng": [ 0, 2 ] },
    "bonus_per": { "rng": [ 0, 2 ] },
    "worn_override": "NPC_tavernkeep_worn",
    "weapon_override": "NPC_male_citizen_wield",
    "shopkeeper_item_group": "trinkets_misc",
    "skills": [
      { "skill": "ALL", "level": { "mul": [ { "one_in": 3 }, { "sum": [ { "dice": [ 2, 2 ] }, { "rng": [ -1, -2 ] } ] } ] } },
      { "skill": "speech", "bonus": { "rng": [ 1, 3 ] } }
    ]
	},
{
    "type": "npc_class",
    "id": "NPC_POTION_VENDOR",
    "name": { "str": "Vendor" },
    "job_description": "I sell things.",
    "traits": [
      { "group": "NPC_starting_traits" },
      { "group": "BG_story_COMMON" },
      { "group": "Appearance_demographics" }
    ],
    "bonus_str": { "rng": [ 0, 2 ] },
    "bonus_dex": { "rng": [ 0, 2 ] },
    "bonus_int": { "rng": [ 0, 2 ] },
    "bonus_per": { "rng": [ 0, 2 ] },
    "worn_override": "NPC_tavernkeep_worn",
    "weapon_override": "NPC_male_citizen_wield",
    "shopkeeper_item_group": "potions_lesser",
    "skills": [
      { "skill": "ALL", "level": { "mul": [ { "one_in": 3 }, { "sum": [ { "dice": [ 2, 2 ] }, { "rng": [ -1, -2 ] } ] } ] } },
      { "skill": "speech", "bonus": { "rng": [ 1, 3 ] } }
    ]
	},
{
    "type": "npc_class",
    "id": "NPC_BOOK_VENDOR",
    "name": { "str": "Vendor" },
    "job_description": "I sell things.",
    "traits": [
      { "group": "NPC_starting_traits" },
      { "group": "BG_story_COMMON" },
      { "group": "Appearance_demographics" }
    ],
    "bonus_str": { "rng": [ 0, 2 ] },
    "bonus_dex": { "rng": [ 0, 2 ] },
    "bonus_int": { "rng": [ 0, 2 ] },
    "bonus_per": { "rng": [ 0, 2 ] },
    "worn_override": "NPC_tavernkeep_worn",
    "weapon_override": "NPC_male_citizen_wield",
    "shopkeeper_item_group": "manuals",
    "skills": [
      { "skill": "ALL", "level": { "mul": [ { "one_in": 3 }, { "sum": [ { "dice": [ 2, 2 ] }, { "rng": [ -1, -2 ] } ] } ] } },
      { "skill": "speech", "bonus": { "rng": [ 1, 3 ] } }
    ]
	}
]