[
 {
    "id": "smite",
    "type": "SPELL",
    "name": "Divine Smite",
    "description": "Evil has become pervasive throughout the world.  Let your power be the light that shines in the darkness!",
    "valid_targets": [ "hostile", "ally", "ground" ],
    "min_damage": 10,
    "max_damage": 200,
    "damage_increment": 15.0,
    "min_range": 1,
    "max_range": 1,
    "effect": "attack",
    "shape": "blast",
    "base_casting_time": 85,
    "base_energy_cost": 250,
    "spell_class": "CLERIC",
    "skill": "faith",  
    "difficulty": 1,
    "max_level": 15,
    "damage_type": "pure",
    "flags": [ "VERBAL", "SOMATIC", "LOUD" ],
    "energy_source": "MANA"
  },
  {
    "id": "healing",
    "type": "SPELL",
    "name": "Lesser Restoration",
    "description": "Heals a bit of damage on the target, and lifts several ailments.",
    "valid_targets": [ "self", "ally" ],
    "min_damage": -10,
    "max_damage": -30,
    "damage_increment": -1.0,
    "max_level": 20,
    "min_range": 0,
    "max_range": 4,
    "range_increment": 0.75,
    "effect": "attack",
    "shape": "blast",
    "base_casting_time": 300,
    "base_energy_cost": 600,
    "flags": [ "SOMATIC", "VERBAL" ],
    "spell_class": "CLERIC",
    "skill": "faith",  
    "difficulty": 4,
    "energy_source": "MANA",
    "extra_effects": [ { "id": "effect_healing" } ]
  },
  {
    "id": "effect_healing",
    "type": "SPELL",
    "name": "Lesser Restoration Effect",
    "description": "Ailment lifting for Lesser Restoration.",
    "valid_targets": [ "self", "ally" ],
    "min_damage": 1,
    "max_damage": 1,
    "damage_increment": 0,
    "max_level": 20,
    "min_range": 0,
    "max_range": 4,
    "range_increment": 0.75,
    "effect": "attack",
    "shape": "blast",
    "effect_str": "effect_healing",
    "flags": [ "SOMATIC", "VERBAL" ],
    "energy_source": "MANA"
  },
  {
    "id": "deaf",
    "type": "SPELL",
    "name": "Deafness",
    "description": "You produce a shockwave of sound, deafening a singular creature.",
    "valid_targets": [ "self", "ally", "hostile" ],
    "effect": "attack",
    "shape": "blast",
    "effect_str": "deaf",
    "flags": [ "SOMATIC", "VERBAL" ],
    "energy_source": "MANA",
    "spell_class": "CLERIC",
	"skill": "faith",  
    "difficulty": 3,
    "min_range": 4,
    "max_range": 12,
    "range_increment": 0.4,
    "base_casting_time": 100,
    "base_energy_cost": 200,
    "max_level": 20,
    "min_duration": 8000,
    "max_duration": 30000,
    "duration_increment": 1100
  },
  {
    "id": "poison",
    "type": "SPELL",
    "name": "Cause Poison",
    "description": "You form toxic compounds within your target, poisoning them.",
    "valid_targets": [ "self", "ally", "hostile" ],
    "effect": "attack",
    "shape": "blast",
    "effect_str": "badpoison",
    "flags": [ "SOMATIC", "VERBAL" ],
    "energy_source": "MANA",
    "spell_class": "CLERIC",
	"skill": "faith",  
    "difficulty": 3,
    "min_range": 4,
    "max_range": 15,
    "range_increment": 0.55,
    "base_casting_time": 100,
    "base_energy_cost": 200,
    "max_level": 20,
    "min_duration": 8000,
    "max_duration": 30000,
    "duration_increment": 1100
  },
{
    "id": "guardians",
    "type": "SPELL",
    "name": "Guardian Spirits",
    "description": "You call forth spirits to protect you.",
    "valid_targets": [ "ground" ],
    "min_damage": 1,
    "max_damage": 4,
    "//": "level 20 will max out your number of summons",
    "damage_increment": 0.1,
    "max_level": 30,
    "difficulty": 2,
    "spell_class": "CLERIC",
	"skill": "faith",  
    "effect": "summon",
    "shape": "blast",
    "effect_str": "mon_guarding_spirit",
    "energy_source": "MANA",
    "base_energy_cost": 500,
    "//2": "one minute",
    "base_casting_time": 600,
    "min_range": 3,
    "max_range": 3,
    "min_aoe": 2,
    "max_aoe": 2,
    "flags": [ "SOMATIC", "VERBAL", "CONCENTRATE" ],
    "min_duration": 30000,
    "max_duration": 150000,
    "duration_increment": 4000
  },
{
    "id": "regeneration",
    "type": "SPELL",
    "name": "Replenishing Aura",
    "description": "Divine magic flows through you, as an aura of healing surrounds you.",
    "valid_targets": [ "none" ],
    "flags": [ "NO_LEGS" ],
    "effect": "spawn_item",
    "shape": "blast",
    "effect_str": "replenishment_aura",
    "min_damage": 1,
    "max_damage": 1,
    "min_duration": 3000,
    "max_duration": 60000,
    "max_level": 20,
    "spell_class": "CLERIC",
	"skill": "faith",  
    "energy_source": "MANA",
    "base_casting_time": 250,
    "final_casting_time": 50,
    "casting_time_increment": -20.0,
    "base_energy_cost": 200,
    "difficulty": 3
  },
  {
    "id": "force",
    "type": "SPELL",
    "name": "Force",
    "description": "A shockwave which pushes all entities and objects away from you.",
    "effect": "directed_push",
    "shape": "blast",
    "valid_targets": [ "ally", "hostile", "ground", "item" ],
    "spell_class": "CLERIC",
	"skill": "faith",  
    "min_range": 0,
    "max_range": 0,
    "min_aoe": 2,
    "max_aoe": 6,
    "max_level": 10,
    "difficulty": 1,
    "base_casting_time": 85,
    "energy_source": "MANA",
    "base_energy_cost": 50
  },
  {
    "id": "homeward",
    "type": "SPELL",
    "name": "Homeward",
    "description": "Sends you to a teleportive device.",
    "valid_targets": [ "self", "ally", "hostile", "ground", "item" ],
    "spell_class": "CLERIC",
	"skill": "faith",  
    "effect": "translocate",
    "shape": "blast",
    "difficulty": 10,
    "max_level": 40,
    "base_casting_time": 6000,
    "final_casting_time": 200,
    "casting_time_increment": -145,
    "base_energy_cost": 675,
    "energy_source": "MANA"
  },
{
    "id": "mu_spell_shield_faith",
	"type": "SPELL",
	"name": "Shield Of Faith",
	"description": "This spell creates a forcefield around you.",
	"message": "you cast %s",
	"valid_targets": [ "self" ],
	"effect": "spawn_item",
        "shape": "blast",
	"effect_str": "faith_shield",
	"flags": [ "VERBAL", "SOMATIC", "NO_LEGS" ],
	"spell_class": "CLERIC",
	"skill": "faith",  
	"energy_source": "MANA",
	"difficulty": 1,
	"max_level": 10,
	"base_casting_time": 100,
	"casting_time_increment": -1,
    "final_casting_time": 80,
	"base_energy_cost": 100,
	"energy_increment": -1,
    "final_energy_cost": 80,
	"min_damage": 1,
	"max_damage": 1,
	"min_duration": 6000,
	"max_duration": 12000,
	"duration_increment": 1000
  },
{
    "id": "mu_spell_tend_wound",
	"type": "SPELL",
	"name": "Tend Wound",
	"description": "This spell creates a radiant ball of healing energy to tend one wound.",
	"message": "you cast %s",
	"valid_targets": [ "self" ],
	"effect": "spawn_item",
        "shape": "blast",
	"effect_str": "mu_tend_wound_item",
	"flags": [ "VERBAL", "SOMATIC", "NO_LEGS" ],
	"spell_class": "CLERIC",
	"skill": "faith",  
	"energy_source": "MANA",
	"difficulty": 1,
	"max_level": 10,
	"base_casting_time": 100,
	"casting_time_increment": -1,
    "final_casting_time": 80,
	"base_energy_cost": 100,
	"energy_increment": -1,
    "final_energy_cost": 80,
	"min_damage": 1,
	"max_damage": 1,
	"min_duration": 6000,
	"max_duration": 12000,
	"duration_increment": 1000
  },
{
    "id": "mu_spell_bless",
	"type": "SPELL",
	"name": "Bless",
	"description": "Divine power wells you, improving all which you do.",
	"message": "you cast %s",
	"valid_targets": [ "self" ],
	"effect": "attack",
        "shape": "blast",
	"effect_str": "bless",
	"flags": [ "VERBAL", "SOMATIC", "NO_HANDS", "NO_LEGS", "NO_FAIL" ],
	"spell_class": "CLERIC",
	"skill": "faith",  
	"energy_source": "MANA",
	"difficulty": 1,
	"max_level": 10,
	"base_casting_time": 100,
	"casting_time_increment": -1,
    "final_casting_time": 80,
	"base_energy_cost": 100,
	"energy_increment": -1,
    "final_energy_cost": 80,
	"min_damage": 1,
	"max_damage": 1,
	"min_duration": 60000,
	"max_duration": 120000,
	"duration_increment": 10000
  },
{
    "id": "mu_spell_bane",
	"type": "SPELL",
	"name": "Bane",
	"description": "You utter foul words, binding a target with waste.",
	"message": "you cast %s",
	"valid_targets": [ "self", "ally", "hostile", "ground" ],
	"effect": "attack",
        "shape": "blast",
	"effect_str": "mu_effect_bane",
	"flags": [ "VERBAL", "SOMATIC", "NO_LEGS" ],
	"spell_class": "CLERIC",
	"skill": "faith",  
	"energy_source": "MANA",
	"difficulty": 1,
	"max_level": 10,
	"base_casting_time": 100,
	"casting_time_increment": -1,
    "final_casting_time": 80,
	"base_energy_cost": 100,
	"energy_increment": -1,
    "final_energy_cost": 80,
	"min_damage": 1,
	"max_damage": 1,
	"min_duration": 6000,
	"max_duration": 12000,
	"duration_increment": 1000
  },
{
    "id": "mu_spell_add_divine_favor",
	"type": "SPELL",
	"name": "divine favor",
	"description": "This is a template to show off all the available values",
	"message": "divine favor subspell triggered",
	"valid_targets": [ "self" ],
	"effect": "attack",
        "shape": "blast",
	"effect_str": "mu_effect_add_divine_favor",
	"flags": [ "VERBAL", "SOMATIC", "NO_HANDS", "NO_LEGS", "NO_FAIL" ],
	"spell_class": "CLERIC",
	"energy_source": "MANA",
	"difficulty": 1,
	"max_level": 10,
	"base_casting_time": 100,
	"casting_time_increment": -1,
    "final_casting_time": 80,
	"base_energy_cost": 100,
	"energy_increment": -1,
    "final_energy_cost": 80,
	"min_duration": 6000,
	"max_duration": 12000,
	"duration_increment": 1000
  },
  {
    "id": "mu_spell_divine_favor",
	"type": "SPELL",
	"name": "Divine Favor",
	"description": "You pray to the gods, begging their favor.",
	"message": "you cast Divine Favor!",
	"valid_targets": [ "self" ],
	"effect": "attack",
        "shape": "blast",
	"effect_str": "mu_effect_rm_divine_favor",
	"extra_effects": [ { "id": "mu_spell_add_divine_favor", "hit_self": true, "max_level": 10 } ],
	"flags": [ "VERBAL", "SOMATIC", "WONDER" ],
	"spell_class": "CLERIC",
	"skill": "faith",  
	"energy_source": "MANA",
	"difficulty": 1,
	"max_level": 10,
	"base_casting_time": 100,
	"casting_time_increment": -1,
    "final_casting_time": 80,
	"base_energy_cost": 100,
	"energy_increment": -1,
    "final_energy_cost": 80,
	"min_damage": 1,
	"max_damage": 3,
	"damage_increment": 0.20,
	"min_duration": 6000,
	"max_duration": 12000,
	"duration_increment": 1000
  },
  {
    "id": "mu_cleric_hide_undead",
    "type": "SPELL",
    "name": "Hide From Undead",
    "description": "Your knowledge of undead and the powers of your deity allows you to shroud yourself in an aura that makes them think of you as one of their own.",
    "valid_targets": [ "self" ],
    "effect": "spawn_item",
    "shape": "blast",
    "effect_str": "mu_hide_undead_item",
    "flags": [ "SILENT" ],
    "energy_source": "MANA",
	"spell_class": "CLERIC",
	"skill": "faith",  
    "base_casting_time": 500,
    "final_casting_time": 500,
    "base_energy_cost": 600,
    "final_energy_cost": 600,
    "difficulty": 3,
    "max_level": 5,
    "min_damage": 1,
    "max_damage": 1,
    "min_duration": 36000,
    "max_duration": 36000
  },
  {
    "id": "mu_spell_cleric_hold_undead",
	"type": "SPELL",
	"name": "Hold Undead",
	"description": "If this is cast on a monsters hand they are magically forced to hold hands with you, thats why you learned this spell.",
	"message": "you cast %s",
	"valid_targets": [ "hostile" ],
	"targeted_monster_ids": [
      "mon_mtc_zombie",
      "mon_mtc_zombie_warrior_cut",
      "mon_mtc_zombie_warrior_bash",
      "mon_mtc_skeleton",
      "mon_mtc_skeleton_warrior_cut",
      "mon_mtc_skeleton_warrior_bash",
      "mon_mtc_skeleton_warrior_stab",
      "mon_mtc_skeleton_warrior_range",
      "mon_mtc_skeleton_warrior_cut_e",
      "mon_mtc_skeleton_warrior_bash_e",
      "mon_mtc_skeleton_warrior_stab_e"
    ],
	"effect": "mod_moves",
        "shape": "blast",
	"flags": [ "SILENT", "VERBAL" ],
	"spell_class": "CLERIC",
	"skill": "faith",  
	"energy_source": "MANA",
	"difficulty": 2,
	"max_level": 10,
	"base_casting_time": 100,
	"casting_time_increment": -1,
    "final_casting_time": 80,
	"base_energy_cost": 100,
	"energy_increment": -1,
    "final_energy_cost": 80,
	"min_damage": -1000,
	"max_damage": -6000,
	"damage_increment": -500,
	"min_range": 5,
	"max_range": 10,
	"range_increment": 1,
	"min_aoe": 0,
	"max_aoe": 3,
	"aoe_increment": 0.4,
	"field_id": "fd_null",
	"field_chance": 1,
	"min_field_intensity": 1,
	"max_field_intensity": 1,
	"field_intensity_increment": 0.25,
	"field_intensity_variance": 0.1
  }
]