[
  {
    "type": "talk_topic",
    "id": "TALK_NPC_GENERIC_TAVERNWENCH",
    "dynamic_line": [ "Hiii! Welcome. Would you like to order anything?", "Ai, people are rowdy today. Anyway, is there anything you'd like to order?", "sigh, a customer has spilt. Oh! Didn't see you there, I'm sorry. Anything you'd like?", "I like working here but a gal has dreams too you know.", "If I have to dodge another barbrawl I'm going to ask for a raise.", "Just tell me when you need something, or call out and I'll bring it over." ],
    "responses": [
		{
		"text": "I'd like some food.",
		"topic": "TALK_NPC_GENERIC_TAVERNWENCH_FOOD"
		},
		{
		"text": "I'd like a drink.",
		"topic": "TALK_NPC_GENERIC_TAVERNWENCH_DRINK"
		},
		{
		"text": "Okay.",
		"topic": "TALK_DONE"
		}
    ]
  },
  {
    "type": "talk_topic",
    "id": "TALK_NPC_GENERIC_TAVERNWENCH_FOOD",
    "dynamic_line": "Sure. What'll ya have?",
    "responses": [
		{
		"text": "A pumpkin muffin.(2 silver)",
		"topic": "TALK_NPC_GENERIC_TAVERNWENCH_FOOD_2",
		"condition": { "u_has_items": { "item": "silver_coin", "count": 2 } },
		"effect": [ { "u_spawn_item": "pumpkin_muffins" }, { "u_sell_item": "silver_coin", "count": 2 } ]
		},
		{
		"text": "Some flatbread.(1 silver)",
		"topic": "TALK_NPC_GENERIC_TAVERNWENCH_FOOD_2",
		"condition": { "u_has_items": { "item": "silver_coin", "count": 1 } },
		"effect": [ { "u_spawn_item": "flatbread" }, { "u_sell_item": "silver_coin", "count": 1 } ]
		},
		{
		"text": "Some hardtack.(1 silver)",
		"topic": "TALK_NPC_GENERIC_TAVERNWENCH_FOOD_2",
		"condition": { "u_has_items": { "item": "silver_coin", "count": 1 } },
		"effect": [ { "u_spawn_item": "hardtack" }, { "u_sell_item": "silver_coin", "count": 1 } ]
		},
		{
		"text": "A biscuit.(1 silver)",
		"topic": "TALK_NPC_GENERIC_TAVERNWENCH_FOOD_2",
		"condition": { "u_has_items": { "item": "silver_coin", "count": 1 } },
		"effect": [ { "u_spawn_item": "biscuit" }, { "u_sell_item": "silver_coin", "count": 1 } ]
		},
		{
		"text": "A fish fillet.(1 silver)",
		"topic": "TALK_NPC_GENERIC_TAVERNWENCH_FOOD_2",
		"condition": { "u_has_items": { "item": "silver_coin", "count": 1 } },
		"effect": [ { "u_spawn_item": "fish_cooked" }, { "u_sell_item": "silver_coin", "count": 1 } ]
		},
		{
		"text": "Some meat.(1 silver)",
		"topic": "TALK_NPC_GENERIC_TAVERNWENCH_FOOD_2",
		"condition": { "u_has_items": { "item": "silver_coin", "count": 1 } },
		"effect": [ { "u_spawn_item": "meat_cooked" }, { "u_sell_item": "silver_coin", "count": 1 } ]
		},
		{
		"text": "Some cured meat.(2 silver)",
		"topic": "TALK_NPC_GENERIC_TAVERNWENCH_FOOD_2",
		"condition": { "u_has_items": { "item": "silver_coin", "count": 2 } },
		"effect": [ { "u_spawn_item": "jerky" }, { "u_sell_item": "silver_coin", "count": 2 } ]
		},
		{
		"text": "Some fruit leather.(2 silver)",
		"topic": "TALK_NPC_GENERIC_TAVERNWENCH_FOOD_2",
		"condition": { "u_has_items": { "item": "silver_coin", "count": 2 } },
		"effect": [ { "u_spawn_item": "fruit_leather" }, { "u_sell_item": "silver_coin", "count": 2 } ]
		},
		{
		"text": "A sausage.(1 silver)",
		"topic": "TALK_NPC_GENERIC_TAVERNWENCH_FOOD_2",
		"condition": { "u_has_items": { "item": "silver_coin", "count": 1 } },
		"effect": [ { "u_spawn_item": "sausage_cooked" }, { "u_sell_item": "silver_coin", "count": 1 } ]
		},
		{
		"text": "Some beans and rice with meat.(2 silver)",
		"topic": "TALK_NPC_GENERIC_TAVERNWENCH_FOOD_2",
		"condition": { "u_has_items": { "item": "silver_coin", "count": 2 } },
		"effect": [ { "u_spawn_item": "deluxe_beansnrice" }, { "u_sell_item": "silver_coin", "count": 2 } ]
		},
		{
		"text": "A meat pie.(3 silver)",
		"topic": "TALK_NPC_GENERIC_TAVERNWENCH_FOOD_2",
		"condition": { "u_has_items": { "item": "silver_coin", "count": 3 } },
		"effect": [ { "u_spawn_item": "pie_meat" }, { "u_sell_item": "silver_coin", "count": 3 } ]
		},
		{
		"text": "Meat and eggs.(2 silver)",
		"topic": "TALK_NPC_GENERIC_TAVERNWENCH_FOOD_2",
		"condition": { "u_has_items": { "item": "silver_coin", "count": 2 } },
		"effect": [ { "u_spawn_item": "deluxe_eggs" }, { "u_sell_item": "silver_coin", "count": 2 } ]
		},
		{
		"text": "Actually, no.",
		"topic": "TALK_NPC_GENERIC_TAVERNWENCH_ORDER_EXIT"
		}
    ]
  },
  {
    "type": "talk_topic",
    "id": "TALK_NPC_GENERIC_TAVERNWENCH_FOOD_2",
    "dynamic_line": " ",
    "responses": [
		{
		"text": "A pumpkin muffin.(2 silver)",
		"topic": "TALK_NPC_GENERIC_TAVERNWENCH_FOOD_2",
		"condition": { "u_has_items": { "item": "silver_coin", "count": 2 } },
		"effect": [ { "u_spawn_item": "pumpkin_muffins" }, { "u_sell_item": "silver_coin", "count": 2 } ]
		},
		{
		"text": "Some flatbread.(1 silver)",
		"topic": "TALK_NPC_GENERIC_TAVERNWENCH_FOOD_2",
		"condition": { "u_has_items": { "item": "silver_coin", "count": 1 } },
		"effect": [ { "u_spawn_item": "flatbread" }, { "u_sell_item": "silver_coin", "count": 1 } ]
		},
		{
		"text": "Some hardtack.(1 silver)",
		"topic": "TALK_NPC_GENERIC_TAVERNWENCH_FOOD_2",
		"condition": { "u_has_items": { "item": "silver_coin", "count": 1 } },
		"effect": [ { "u_spawn_item": "hardtack" }, { "u_sell_item": "silver_coin", "count": 1 } ]
		},
		{
		"text": "A biscuit.(1 silver)",
		"topic": "TALK_NPC_GENERIC_TAVERNWENCH_FOOD_2",
		"condition": { "u_has_items": { "item": "silver_coin", "count": 1 } },
		"effect": [ { "u_spawn_item": "biscuit" }, { "u_sell_item": "silver_coin", "count": 1 } ]
		},
		{
		"text": "A fish fillet.(1 silver)",
		"topic": "TALK_NPC_GENERIC_TAVERNWENCH_FOOD_2",
		"condition": { "u_has_items": { "item": "silver_coin", "count": 1 } },
		"effect": [ { "u_spawn_item": "fish_cooked" }, { "u_sell_item": "silver_coin", "count": 1 } ]
		},
		{
		"text": "Some meat.(1 silver)",
		"topic": "TALK_NPC_GENERIC_TAVERNWENCH_FOOD_2",
		"condition": { "u_has_items": { "item": "silver_coin", "count": 1 } },
		"effect": [ { "u_spawn_item": "meat_cooked" }, { "u_sell_item": "silver_coin", "count": 1 } ]
		},
		{
		"text": "Some cured meat.(2 silver)",
		"topic": "TALK_NPC_GENERIC_TAVERNWENCH_FOOD_2",
		"condition": { "u_has_items": { "item": "silver_coin", "count": 2 } },
		"effect": [ { "u_spawn_item": "jerky" }, { "u_sell_item": "silver_coin", "count": 2 } ]
		},
		{
		"text": "Some fruit leather.(2 silver)",
		"topic": "TALK_NPC_GENERIC_TAVERNWENCH_FOOD_2",
		"condition": { "u_has_items": { "item": "silver_coin", "count": 2 } },
		"effect": [ { "u_spawn_item": "fruit_leather" }, { "u_sell_item": "silver_coin", "count": 2 } ]
		},
		{
		"text": "A sausage.(1 silver)",
		"topic": "TALK_NPC_GENERIC_TAVERNWENCH_FOOD_2",
		"condition": { "u_has_items": { "item": "silver_coin", "count": 1 } },
		"effect": [ { "u_spawn_item": "sausage_cooked" }, { "u_sell_item": "silver_coin", "count": 1 } ]
		},
		{
		"text": "Some beans and rice with meat.(2 silver)",
		"topic": "TALK_NPC_GENERIC_TAVERNWENCH_FOOD_2",
		"condition": { "u_has_items": { "item": "silver_coin", "count": 2 } },
		"effect": [ { "u_spawn_item": "deluxe_beansnrice" }, { "u_sell_item": "silver_coin", "count": 2 } ]
		},
		{
		"text": "A meat pie.(3 silver)",
		"topic": "TALK_NPC_GENERIC_TAVERNWENCH_FOOD_2",
		"condition": { "u_has_items": { "item": "silver_coin", "count": 3 } },
		"effect": [ { "u_spawn_item": "pie_meat" }, { "u_sell_item": "silver_coin", "count": 3 } ]
		},
		{
		"text": "Meat and eggs.(2 silver)",
		"topic": "TALK_NPC_GENERIC_TAVERNWENCH_FOOD_2",
		"condition": { "u_has_items": { "item": "silver_coin", "count": 2 } },
		"effect": [ { "u_spawn_item": "deluxe_eggs" }, { "u_sell_item": "silver_coin", "count": 2 } ]
		},
		{
		"text": "That is all.",
		"topic": "TALK_NPC_GENERIC_TAVERNWENCH_ORDER_EXIT"
		}
    ]
  },
  {
    "type": "talk_topic",
    "id": "TALK_NPC_GENERIC_TAVERNWENCH_DRINK",
    "dynamic_line": "Sure. Here's what we got.",
    "responses": [
		{
		"text": "Some water.(1 silver)",
		"topic": "TALK_NPC_GENERIC_TAVERNWENCH_DRINK_2",
		"condition": { "u_has_items": { "item": "silver_coin", "count": 1 } },
		"effect": [ { "u_spawn_item": "water_clean", "container": "glass" }, { "u_sell_item": "silver_coin", "count": 1 } ]
		},
		{
		"text": "Some wine.(3 silver)",
		"topic": "TALK_NPC_GENERIC_TAVERNWENCH_DRINK_2",
		"condition": { "u_has_items": { "item": "silver_coin", "count": 3 } },
		"effect": [ { "u_spawn_item": "fruit_wine", "container": "glass" }, { "u_sell_item": "silver_coin", "count": 3 } ]
		},
		{
		"text": "The cheap wine.(1 silver)",
		"topic": "TALK_NPC_GENERIC_TAVERNWENCH_DRINK_2",
		"condition": { "u_has_items": { "item": "silver_coin", "count": 1 } },
		"effect": [ { "u_spawn_item": "bum_wine", "container": "glass" }, { "u_sell_item": "silver_coin", "count": 1 } ]
		},
		{
		"text": "Some gin.(1 silver)",
		"topic": "TALK_NPC_GENERIC_TAVERNWENCH_DRINK_2",
		"condition": { "u_has_items": { "item": "silver_coin", "count": 1 } },
		"effect": [ { "u_spawn_item": "gin", "container": "glass" }, { "u_sell_item": "silver_coin", "count": 1 } ]
		},
		{
		"text": "Some rum.(3 silver)",
		"topic": "TALK_NPC_GENERIC_TAVERNWENCH_DRINK_2",
		"condition": { "u_has_items": { "item": "silver_coin", "count": 3 } },
		"effect": [ { "u_spawn_item": "rum", "container": "glass" }, { "u_sell_item": "silver_coin", "count": 3 } ]
		},
		{
		"text": "Some mead.(2 silver)",
		"topic": "TALK_NPC_GENERIC_TAVERNWENCH_DRINK_2",
		"condition": { "u_has_items": { "item": "silver_coin", "count": 2 } },
		"effect": [ { "u_spawn_item": "mead", "container": "glass" }, { "u_sell_item": "silver_coin", "count": 2 } ]
		},
		{
		"text": "Actually, no.",
		"topic": "TALK_NPC_GENERIC_TAVERNWENCH_ORDER_EXIT"
		}
    ]
  },
  {
    "type": "talk_topic",
    "id": "TALK_NPC_GENERIC_TAVERNWENCH_DRINK_2",
    "dynamic_line": " ",
    "responses": [
		{
		"text": "Some water.(1 silver)",
		"topic": "TALK_NPC_GENERIC_TAVERNWENCH_DRINK_2",
		"condition": { "u_has_items": { "item": "silver_coin", "count": 1 } },
		"effect": [ { "u_spawn_item": "water_clean", "container": "glass" }, { "u_sell_item": "silver_coin", "count": 1 } ]
		},
		{
		"text": "Some wine.(3 silver)",
		"topic": "TALK_NPC_GENERIC_TAVERNWENCH_DRINK_2",
		"condition": { "u_has_items": { "item": "silver_coin", "count": 3 } },
		"effect": [ { "u_spawn_item": "fruit_wine", "container": "glass" }, { "u_sell_item": "silver_coin", "count": 3 } ]
		},
		{
		"text": "The cheap wine.(1 silver)",
		"topic": "TALK_NPC_GENERIC_TAVERNWENCH_DRINK_2",
		"condition": { "u_has_items": { "item": "silver_coin", "count": 1 } },
		"effect": [ { "u_spawn_item": "bum_wine", "container": "glass" }, { "u_sell_item": "silver_coin", "count": 1 } ]
		},
		{
		"text": "Some gin.(1 silver)",
		"topic": "TALK_NPC_GENERIC_TAVERNWENCH_DRINK_2",
		"condition": { "u_has_items": { "item": "silver_coin", "count": 1 } },
		"effect": [ { "u_spawn_item": "gin", "container": "glass" }, { "u_sell_item": "silver_coin", "count": 1 } ]
		},
		{
		"text": "Some rum.(3 silver)",
		"topic": "TALK_NPC_GENERIC_TAVERNWENCH_DRINK_2",
		"condition": { "u_has_items": { "item": "silver_coin", "count": 3 } },
		"effect": [ { "u_spawn_item": "rum", "container": "glass" }, { "u_sell_item": "silver_coin", "count": 3 } ]
		},
		{
		"text": "Some mead.(2 silver)",
		"topic": "TALK_NPC_GENERIC_TAVERNWENCH_DRINK_2",
		"condition": { "u_has_items": { "item": "silver_coin", "count": 2 } },
		"effect": [ { "u_spawn_item": "mead", "container": "glass" }, { "u_sell_item": "silver_coin", "count": 2 } ]
		},
		{
		"text": "That is all.",
		"topic": "TALK_NPC_GENERIC_TAVERNWENCH_ORDER_EXIT"
		}
    ]
  },
  {
    "type": "talk_topic",
    "id": "TALK_NPC_GENERIC_TAVERNWENCH_ORDER_EXIT",
    "dynamic_line": "Anything else you need?",
    "responses": [
		{
		"text": "I'd like some food.",
		"topic": "TALK_NPC_GENERIC_TAVERNWENCH_FOOD"
		},
		{
		"text": "I'd like a drink.",
		"topic": "TALK_NPC_GENERIC_TAVERNWENCH_DRINK"
		},
		{
		"text": "I'm good, thanks.",
		"topic": "TALK_DONE"
		}
    ]
  }
]
