[
{ 
    "result": "longsword_electric+4",
    "type": "recipe",
    "category": "CC_ARCANE",
    "subcategory": "CSC_ARCANE_WEAPONRY",
    "skill_used": "spellcraft",
    "skills_required": [ "spellcraft", 9 ],
    "difficulty": 9,
    "time": "30 m",
    "book_learn": [ [ "infusion_electric_adv", 1 ] ],
    "qualities": [ { "id": "INFUSION", "level": 2 } ],
    "components": [ [ [ "crystallized_mana", 210 ] ], [ [ "longsword+4", 1 ] ] ],
    "proficiencies": [
      { "proficiency": "prof_infusion", "required": true } 
                     ]   
  },
{ 
    "result": "wood_sword_electric+4",
    "type": "recipe",
    "category": "CC_ARCANE",
    "subcategory": "CSC_ARCANE_WEAPONRY",
    "skill_used": "spellcraft",
    "skills_required": [ "spellcraft", 9 ],
    "difficulty": 9,
    "time": "30 m",
    "book_learn": [ [ "infusion_electric_adv", 1 ] ],
    "qualities": [ { "id": "INFUSION", "level": 2 } ],
    "components": [ [ [ "crystallized_mana", 210 ] ], [ [ "wood_sword+4", 1 ] ] ],
    "proficiencies": [
      { "proficiency": "prof_infusion", "required": true } 
                     ]   
  },
{ 
    "result": "makeshift_knife_electric+4",
    "type": "recipe",
    "category": "CC_ARCANE",
    "subcategory": "CSC_ARCANE_WEAPONRY",
    "skill_used": "spellcraft",
    "skills_required": [ "spellcraft", 9 ],
    "difficulty": 9,
    "time": "30 m",
    "book_learn": [ [ "infusion_electric_adv", 1 ] ],
    "qualities": [ { "id": "INFUSION", "level": 2 } ],
    "components": [ [ [ "crystallized_mana", 210 ] ], [ [ "makeshift_knife+4", 1 ] ] ],
    "proficiencies": [
      { "proficiency": "prof_infusion", "required": true } 
                     ]   
  },
{ 
    "result": "knife_baselard_electric+4",
    "type": "recipe",
    "category": "CC_ARCANE",
    "subcategory": "CSC_ARCANE_WEAPONRY",
    "skill_used": "spellcraft",
    "skills_required": [ "spellcraft", 9 ],
    "difficulty": 9,
    "time": "30 m",
    "book_learn": [ [ "infusion_electric_adv", 1 ] ],
    "qualities": [ { "id": "INFUSION", "level": 2 } ],
    "components": [ [ [ "crystallized_mana", 210 ] ], [ [ "knife_baselard+4", 1 ] ] ],
    "proficiencies": [
      { "proficiency": "prof_infusion", "required": true } 
                     ]   
  },
{ 
    "result": "machete_electric+4",
    "type": "recipe",
    "category": "CC_ARCANE",
    "subcategory": "CSC_ARCANE_WEAPONRY",
    "skill_used": "spellcraft",
    "skills_required": [ "spellcraft", 9 ],
    "difficulty": 9,
    "time": "30 m",
    "book_learn": [ [ "infusion_electric_adv", 1 ] ],
    "qualities": [ { "id": "INFUSION", "level": 2 } ],
    "components": [ [ [ "crystallized_mana", 210 ] ], [ [ "machete+4", 1 ] ] ],
    "proficiencies": [
      { "proficiency": "prof_infusion", "required": true } 
                     ]   
  },
{ 
    "result": "cavalry_sabre_electric+4",
    "type": "recipe",
    "category": "CC_ARCANE",
    "subcategory": "CSC_ARCANE_WEAPONRY",
    "skill_used": "spellcraft",
    "skills_required": [ "spellcraft", 9 ],
    "difficulty": 9,
    "time": "30 m",
    "book_learn": [ [ "infusion_electric_adv", 1 ] ],
    "qualities": [ { "id": "INFUSION", "level": 2 } ],
    "components": [ [ [ "crystallized_mana", 210 ] ], [ [ "cavalry_sabre+4", 1 ] ] ],
    "proficiencies": [
      { "proficiency": "prof_infusion", "required": true } 
                     ]   
  },
{ 
    "result": "kris_electric+4",
    "type": "recipe",
    "category": "CC_ARCANE",
    "subcategory": "CSC_ARCANE_WEAPONRY",
    "skill_used": "spellcraft",
    "skills_required": [ "spellcraft", 9 ],
    "difficulty": 9,
    "time": "30 m",
    "book_learn": [ [ "infusion_electric_adv", 1 ] ],
    "qualities": [ { "id": "INFUSION", "level": 2 } ],
    "components": [ [ [ "crystallized_mana", 210 ] ], [ [ "kris+4", 1 ] ] ],
    "proficiencies": [
      { "proficiency": "prof_infusion", "required": true } 
                     ]   
  },
{ 
    "result": "kukri_electric+4",
    "type": "recipe",
    "category": "CC_ARCANE",
    "subcategory": "CSC_ARCANE_WEAPONRY",
    "skill_used": "spellcraft",
    "skills_required": [ "spellcraft", 9 ],
    "difficulty": 9,
    "time": "30 m",
    "book_learn": [ [ "infusion_electric_adv", 1 ] ],
    "qualities": [ { "id": "INFUSION", "level": 2 } ],
    "components": [ [ [ "crystallized_mana", 210 ] ], [ [ "kukri+4", 1 ] ] ],
    "proficiencies": [
      { "proficiency": "prof_infusion", "required": true } 
                     ]   
  },
{ 
    "result": "jian_electric+4",
    "type": "recipe",
    "category": "CC_ARCANE",
    "subcategory": "CSC_ARCANE_WEAPONRY",
    "skill_used": "spellcraft",
    "skills_required": [ "spellcraft", 9 ],
    "difficulty": 9,
    "time": "30 m",
    "book_learn": [ [ "infusion_electric_adv", 1 ] ],
    "qualities": [ { "id": "INFUSION", "level": 2 } ],
    "components": [ [ [ "crystallized_mana", 210 ] ], [ [ "jian+4", 1 ] ] ],
    "proficiencies": [
      { "proficiency": "prof_infusion", "required": true } 
                     ]   
  },
{ 
    "result": "scimitar_electric+4",
    "type": "recipe",
    "category": "CC_ARCANE",
    "subcategory": "CSC_ARCANE_WEAPONRY",
    "skill_used": "spellcraft",
    "skills_required": [ "spellcraft", 9 ],
    "difficulty": 9,
    "time": "30 m",
    "book_learn": [ [ "infusion_electric_adv", 1 ] ],
    "qualities": [ { "id": "INFUSION", "level": 2 } ],
    "components": [ [ [ "crystallized_mana", 210 ] ], [ [ "scimitar+4", 1 ] ] ],
    "proficiencies": [
      { "proficiency": "prof_infusion", "required": true } 
                     ]   
  },
{ 
    "result": "estoc_electric+4",
    "type": "recipe",
    "category": "CC_ARCANE",
    "subcategory": "CSC_ARCANE_WEAPONRY",
    "skill_used": "spellcraft",
    "skills_required": [ "spellcraft", 9 ],
    "difficulty": 9,
    "time": "30 m",
    "book_learn": [ [ "infusion_electric_adv", 1 ] ],
    "qualities": [ { "id": "INFUSION", "level": 2 } ],
    "components": [ [ [ "crystallized_mana", 210 ] ], [ [ "estoc+4", 1 ] ] ],
    "proficiencies": [
      { "proficiency": "prof_infusion", "required": true } 
                     ]   
  },
{ 
    "result": "arming_sword_electric+4",
    "type": "recipe",
    "category": "CC_ARCANE",
    "subcategory": "CSC_ARCANE_WEAPONRY",
    "skill_used": "spellcraft",
    "skills_required": [ "spellcraft", 9 ],
    "difficulty": 9,
    "time": "30 m",
    "book_learn": [ [ "infusion_electric_adv", 1 ] ],
    "qualities": [ { "id": "INFUSION", "level": 2 } ],
    "components": [ [ [ "crystallized_mana", 210 ] ], [ [ "arming_sword+4", 1 ] ] ],
    "proficiencies": [
      { "proficiency": "prof_infusion", "required": true } 
                     ]   
  },
{ 
    "result": "tanto_electric+4",
    "type": "recipe",
    "category": "CC_ARCANE",
    "subcategory": "CSC_ARCANE_WEAPONRY",
    "skill_used": "spellcraft",
    "skills_required": [ "spellcraft", 9 ],
    "difficulty": 9,
    "time": "30 m",
    "book_learn": [ [ "infusion_electric_adv", 1 ] ],
    "qualities": [ { "id": "INFUSION", "level": 2 } ],
    "components": [ [ [ "crystallized_mana", 210 ] ], [ [ "tanto+4", 1 ] ] ],
    "proficiencies": [
      { "proficiency": "prof_infusion", "required": true } 
                     ]   
  },
{ 
    "result": "wakizashi_electric+4",
    "type": "recipe",
    "category": "CC_ARCANE",
    "subcategory": "CSC_ARCANE_WEAPONRY",
    "skill_used": "spellcraft",
    "skills_required": [ "spellcraft", 9 ],
    "difficulty": 9,
    "time": "30 m",
    "book_learn": [ [ "infusion_electric_adv", 1 ] ],
    "qualities": [ { "id": "INFUSION", "level": 2 } ],
    "components": [ [ [ "crystallized_mana", 210 ] ], [ [ "wakizashi+4", 1 ] ] ],
    "proficiencies": [
      { "proficiency": "prof_infusion", "required": true } 
                     ]   
  },
{ 
    "result": "zweihander_electric+4",
    "type": "recipe",
    "category": "CC_ARCANE",
    "subcategory": "CSC_ARCANE_WEAPONRY",
    "skill_used": "spellcraft",
    "skills_required": [ "spellcraft", 9 ],
    "difficulty": 9,
    "time": "30 m",
    "book_learn": [ [ "infusion_electric_adv", 1 ] ],
    "qualities": [ { "id": "INFUSION", "level": 2 } ],
    "components": [ [ [ "crystallized_mana", 210 ] ], [ [ "zweihander+4", 1 ] ] ],
    "proficiencies": [
      { "proficiency": "prof_infusion", "required": true } 
                     ]   
  },
{ 
    "result": "nodachi_electric+4",
    "type": "recipe",
    "category": "CC_ARCANE",
    "subcategory": "CSC_ARCANE_WEAPONRY",
    "skill_used": "spellcraft",
    "skills_required": [ "spellcraft", 9 ],
    "difficulty": 9,
    "time": "30 m",
    "book_learn": [ [ "infusion_electric_adv", 1 ] ],
    "qualities": [ { "id": "INFUSION", "level": 2 } ],
    "components": [ [ [ "crystallized_mana", 210 ] ], [ [ "nodachi+4", 1 ] ] ],
    "proficiencies": [
      { "proficiency": "prof_infusion", "required": true } 
                     ]   
  },
{ 
    "result": "broadsword_electric+4",
    "type": "recipe",
    "category": "CC_ARCANE",
    "subcategory": "CSC_ARCANE_WEAPONRY",
    "skill_used": "spellcraft",
    "skills_required": [ "spellcraft", 9 ],
    "difficulty": 9,
    "time": "30 m",
    "book_learn": [ [ "infusion_electric_adv", 1 ] ],
    "qualities": [ { "id": "INFUSION", "level": 2 } ],
    "components": [ [ [ "crystallized_mana", 210 ] ], [ [ "broadsword+4", 1 ] ] ],
    "proficiencies": [
      { "proficiency": "prof_infusion", "required": true } 
                     ]   
  },
{ 
    "result": "rapier_electric+4",
    "type": "recipe",
    "category": "CC_ARCANE",
    "subcategory": "CSC_ARCANE_WEAPONRY",
    "skill_used": "spellcraft",
    "skills_required": [ "spellcraft", 9 ],
    "difficulty": 9,
    "time": "30 m",
    "book_learn": [ [ "infusion_electric_adv", 1 ] ],
    "qualities": [ { "id": "INFUSION", "level": 2 } ],
    "components": [ [ [ "crystallized_mana", 210 ] ], [ [ "rapier+4", 1 ] ] ],
    "proficiencies": [
      { "proficiency": "prof_infusion", "required": true } 
                     ]   
  },
{ 
    "result": "katana_electric+4",
    "type": "recipe",
    "category": "CC_ARCANE",
    "subcategory": "CSC_ARCANE_WEAPONRY",
    "skill_used": "spellcraft",
    "skills_required": [ "spellcraft", 9 ],
    "difficulty": 9,
    "time": "30 m",
    "book_learn": [ [ "infusion_electric_adv", 1 ] ],
    "qualities": [ { "id": "INFUSION", "level": 2 } ],
    "components": [ [ [ "crystallized_mana", 210 ] ], [ [ "katana+4", 1 ] ] ],
    "proficiencies": [
      { "proficiency": "prof_infusion", "required": true } 
                     ]   
  },
{ 
    "result": "butterfly_swords_electric+4",
    "type": "recipe",
    "category": "CC_ARCANE",
    "subcategory": "CSC_ARCANE_WEAPONRY",
    "skill_used": "spellcraft",
    "skills_required": [ "spellcraft", 9 ],
    "difficulty": 9,
    "time": "30 m",
    "book_learn": [ [ "infusion_electric_adv", 1 ] ],
    "qualities": [ { "id": "INFUSION", "level": 2 } ],
    "components": [ [ [ "crystallized_mana", 210 ] ], [ [ "butterfly_swords+4", 1 ] ] ],
    "proficiencies": [
      { "proficiency": "prof_infusion", "required": true } 
                     ]   
  },
{ 
    "result": "cutlass_electric+4",
    "type": "recipe",
    "category": "CC_ARCANE",
    "subcategory": "CSC_ARCANE_WEAPONRY",
    "skill_used": "spellcraft",
    "skills_required": [ "spellcraft", 9 ],
    "difficulty": 9,
    "time": "30 m",
    "book_learn": [ [ "infusion_electric_adv", 1 ] ],
    "qualities": [ { "id": "INFUSION", "level": 2 } ],
    "components": [ [ [ "crystallized_mana", 210 ] ], [ [ "cutlass+4", 1 ] ] ],
    "proficiencies": [
      { "proficiency": "prof_infusion", "required": true } 
                     ]   
  },
{ 
    "result": "lajatang_electric+4",
    "type": "recipe",
    "category": "CC_ARCANE",
    "subcategory": "CSC_ARCANE_WEAPONRY",
    "skill_used": "spellcraft",
    "skills_required": [ "spellcraft", 9 ],
    "difficulty": 9,
    "time": "30 m",
    "book_learn": [ [ "infusion_electric_adv", 1 ] ],
    "qualities": [ { "id": "INFUSION", "level": 2 } ],
    "components": [ [ [ "crystallized_mana", 210 ] ], [ [ "lajatang+4", 1 ] ] ],
    "proficiencies": [
      { "proficiency": "prof_infusion", "required": true } 
                     ]   
  },
{ 
    "result": "war_flail_electric+4",
    "type": "recipe",
    "category": "CC_ARCANE",
    "subcategory": "CSC_ARCANE_WEAPONRY",
    "skill_used": "spellcraft",
    "skills_required": [ "spellcraft", 9 ],
    "difficulty": 9,
    "time": "30 m",
    "book_learn": [ [ "infusion_electric_adv", 1 ] ],
    "qualities": [ { "id": "INFUSION", "level": 2 } ],
    "components": [ [ [ "crystallized_mana", 210 ] ], [ [ "war_flail+4", 1 ] ] ],
    "proficiencies": [
      { "proficiency": "prof_infusion", "required": true } 
                     ]   
  },
{ 
    "result": "peasant_flail_electric+4",
    "type": "recipe",
    "category": "CC_ARCANE",
    "subcategory": "CSC_ARCANE_WEAPONRY",
    "skill_used": "spellcraft",
    "skills_required": [ "spellcraft", 9 ],
    "difficulty": 9,
    "time": "30 m",
    "book_learn": [ [ "infusion_electric_adv", 1 ] ],
    "qualities": [ { "id": "INFUSION", "level": 2 } ],
    "components": [ [ [ "crystallized_mana", 210 ] ], [ [ "peasant_flail+4", 1 ] ] ],
    "proficiencies": [
      { "proficiency": "prof_infusion", "required": true } 
                     ]   
  },
{ 
    "result": "battleaxe_electric+4",
    "type": "recipe",
    "category": "CC_ARCANE",
    "subcategory": "CSC_ARCANE_WEAPONRY",
    "skill_used": "spellcraft",
    "skills_required": [ "spellcraft", 9 ],
    "difficulty": 9,
    "time": "30 m",
    "book_learn": [ [ "infusion_electric_adv", 1 ] ],
    "qualities": [ { "id": "INFUSION", "level": 2 } ],
    "components": [ [ [ "crystallized_mana", 210 ] ], [ [ "battleaxe+4", 1 ] ] ],
    "proficiencies": [
      { "proficiency": "prof_infusion", "required": true } 
                     ]   
  },
{ 
    "result": "bokken_electric+4",
    "type": "recipe",
    "category": "CC_ARCANE",
    "subcategory": "CSC_ARCANE_WEAPONRY",
    "skill_used": "spellcraft",
    "skills_required": [ "spellcraft", 9 ],
    "difficulty": 9,
    "time": "30 m",
    "book_learn": [ [ "infusion_electric_adv", 1 ] ],
    "qualities": [ { "id": "INFUSION", "level": 2 } ],
    "components": [ [ [ "crystallized_mana", 210 ] ], [ [ "bokken+4", 1 ] ] ],
    "proficiencies": [
      { "proficiency": "prof_infusion", "required": true } 
                     ]   
  }, 
{ 
    "result": "cudgel_electric+4",
    "type": "recipe",
    "category": "CC_ARCANE",
    "subcategory": "CSC_ARCANE_WEAPONRY",
    "skill_used": "spellcraft",
    "skills_required": [ "spellcraft", 9 ],
    "difficulty": 9,
    "time": "30 m",
    "book_learn": [ [ "infusion_electric_adv", 1 ] ],
    "qualities": [ { "id": "INFUSION", "level": 2 } ],
    "components": [ [ [ "crystallized_mana", 210 ] ], [ [ "cudgel+4", 1 ] ] ],
    "proficiencies": [
      { "proficiency": "prof_infusion", "required": true } 
                     ]   
  },
{ 
    "result": "hammer_sledge_electric+4",
    "type": "recipe",
    "category": "CC_ARCANE",
    "subcategory": "CSC_ARCANE_WEAPONRY",
    "skill_used": "spellcraft",
    "skills_required": [ "spellcraft", 9 ],
    "difficulty": 9,
    "time": "30 m",
    "book_learn": [ [ "infusion_electric_adv", 1 ] ],
    "qualities": [ { "id": "INFUSION", "level": 2 } ],
    "components": [ [ [ "crystallized_mana", 210 ] ], [ [ "hammer_sledge+4", 1 ] ] ],
    "proficiencies": [
      { "proficiency": "prof_infusion", "required": true } 
                     ]   
  },
{ 
    "result": "lucern_hammer_electric+4",
    "type": "recipe",
    "category": "CC_ARCANE",
    "subcategory": "CSC_ARCANE_WEAPONRY",
    "skill_used": "spellcraft",
    "skills_required": [ "spellcraft", 9 ],
    "difficulty": 9,
    "time": "30 m",
    "book_learn": [ [ "infusion_electric_adv", 1 ] ],
    "qualities": [ { "id": "INFUSION", "level": 2 } ],
    "components": [ [ [ "crystallized_mana", 210 ] ], [ [ "lucern_hammer+4", 1 ] ] ],
    "proficiencies": [
      { "proficiency": "prof_infusion", "required": true } 
                     ]   
  },
{ 
    "result": "mace_electric+4",
    "type": "recipe",
    "category": "CC_ARCANE",
    "subcategory": "CSC_ARCANE_WEAPONRY",
    "skill_used": "spellcraft",
    "skills_required": [ "spellcraft", 9 ],
    "difficulty": 9,
    "time": "30 m",
    "book_learn": [ [ "infusion_electric_adv", 1 ] ],
    "qualities": [ { "id": "INFUSION", "level": 2 } ],
    "components": [ [ [ "crystallized_mana", 210 ] ], [ [ "mace+4", 1 ] ] ],
    "proficiencies": [
      { "proficiency": "prof_infusion", "required": true } 
                     ]   
  },
{ 
    "result": "morningstar_electric+4",
    "type": "recipe",
    "category": "CC_ARCANE",
    "subcategory": "CSC_ARCANE_WEAPONRY",
    "skill_used": "spellcraft",
    "skills_required": [ "spellcraft", 9 ],
    "difficulty": 9,
    "time": "30 m",
    "book_learn": [ [ "infusion_electric_adv", 1 ] ],
    "qualities": [ { "id": "INFUSION", "level": 2 } ],
    "components": [ [ [ "crystallized_mana", 210 ] ], [ [ "morningstar+4", 1 ] ] ],
    "proficiencies": [
      { "proficiency": "prof_infusion", "required": true } 
                     ]   
  },
{ 
    "result": "q_staff_electric+4",
    "type": "recipe",
    "category": "CC_ARCANE",
    "subcategory": "CSC_ARCANE_WEAPONRY",
    "skill_used": "spellcraft",
    "skills_required": [ "spellcraft", 9 ],
    "difficulty": 9,
    "time": "30 m",
    "book_learn": [ [ "infusion_electric_adv", 1 ] ],
    "qualities": [ { "id": "INFUSION", "level": 2 } ],
    "components": [ [ [ "crystallized_mana", 210 ] ], [ [ "q_staff+4", 1 ] ] ],
    "proficiencies": [
      { "proficiency": "prof_infusion", "required": true } 
                     ]   
  },
{ 
    "result": "shillelagh_electric+4",
    "type": "recipe",
    "category": "CC_ARCANE",
    "subcategory": "CSC_ARCANE_WEAPONRY",
    "skill_used": "spellcraft",
    "skills_required": [ "spellcraft", 9 ],
    "difficulty": 9,
    "time": "30 m",
    "book_learn": [ [ "infusion_electric_adv", 1 ] ],
    "qualities": [ { "id": "INFUSION", "level": 2 } ],
    "components": [ [ [ "crystallized_mana", 210 ] ], [ [ "shillelagh+4", 1 ] ] ],
    "proficiencies": [
      { "proficiency": "prof_infusion", "required": true } 
                     ]   
  },
{ 
    "result": "tonfa_wood_electric+4",
    "type": "recipe",
    "category": "CC_ARCANE",
    "subcategory": "CSC_ARCANE_WEAPONRY",
    "skill_used": "spellcraft",
    "skills_required": [ "spellcraft", 9 ],
    "difficulty": 9,
    "time": "30 m",
    "book_learn": [ [ "infusion_electric_adv", 1 ] ],
    "qualities": [ { "id": "INFUSION", "level": 2 } ],
    "components": [ [ [ "crystallized_mana", 210 ] ], [ [ "tonfa_wood+4", 1 ] ] ],
    "proficiencies": [
      { "proficiency": "prof_infusion", "required": true } 
                     ]   
  },
{ 
    "result": "warhammer_electric+4",
    "type": "recipe",
    "category": "CC_ARCANE",
    "subcategory": "CSC_ARCANE_WEAPONRY",
    "skill_used": "spellcraft",
    "skills_required": [ "spellcraft", 9 ],
    "difficulty": 9,
    "time": "30 m",
    "book_learn": [ [ "infusion_electric_adv", 1 ] ],
    "qualities": [ { "id": "INFUSION", "level": 2 } ],
    "components": [ [ [ "crystallized_mana", 210 ] ], [ [ "warhammer+4", 1 ] ] ],
    "proficiencies": [
      { "proficiency": "prof_infusion", "required": true } 
                     ]   
  },
{ 
    "result": "pitchfork_electric+4",
    "type": "recipe",
    "category": "CC_ARCANE",
    "subcategory": "CSC_ARCANE_WEAPONRY",
    "skill_used": "spellcraft",
    "skills_required": [ "spellcraft", 9 ],
    "difficulty": 9,
    "time": "30 m",
    "book_learn": [ [ "infusion_electric_adv", 1 ] ],
    "qualities": [ { "id": "INFUSION", "level": 2 } ],
    "components": [ [ [ "crystallized_mana", 210 ] ], [ [ "pitchfork+4", 1 ] ] ],
    "proficiencies": [
      { "proficiency": "prof_infusion", "required": true } 
                     ]   
  },
{ 
    "result": "spear_steel_electric+4",
    "type": "recipe",
    "category": "CC_ARCANE",
    "subcategory": "CSC_ARCANE_WEAPONRY",
    "skill_used": "spellcraft",
    "skills_required": [ "spellcraft", 9 ],
    "difficulty": 9,
    "time": "30 m",
    "book_learn": [ [ "infusion_electric_adv", 1 ] ],
    "qualities": [ { "id": "INFUSION", "level": 2 } ],
    "components": [ [ [ "crystallized_mana", 210 ] ], [ [ "spear_steel+4", 1 ] ] ],
    "proficiencies": [
      { "proficiency": "prof_infusion", "required": true } 
                     ]   
  },
{ 
    "result": "qiang_electric+4",
    "type": "recipe",
    "category": "CC_ARCANE",
    "subcategory": "CSC_ARCANE_WEAPONRY",
    "skill_used": "spellcraft",
    "skills_required": [ "spellcraft", 9 ],
    "difficulty": 9,
    "time": "30 m",
    "book_learn": [ [ "infusion_electric_adv", 1 ] ],
    "qualities": [ { "id": "INFUSION", "level": 2 } ],
    "components": [ [ [ "crystallized_mana", 210 ] ], [ [ "qiang+4", 1 ] ] ],
    "proficiencies": [
      { "proficiency": "prof_infusion", "required": true } 
                     ]   
  },
{ 
    "result": "halberd_electric+4",
    "type": "recipe",
    "category": "CC_ARCANE",
    "subcategory": "CSC_ARCANE_WEAPONRY",
    "skill_used": "spellcraft",
    "skills_required": [ "spellcraft", 9 ],
    "difficulty": 9,
    "time": "30 m",
    "book_learn": [ [ "infusion_electric_adv", 1 ] ],
    "qualities": [ { "id": "INFUSION", "level": 2 } ],
    "components": [ [ [ "crystallized_mana", 210 ] ], [ [ "halberd+4", 1 ] ] ],
    "proficiencies": [
      { "proficiency": "prof_infusion", "required": true } 
                     ]   
  },
{ 
    "result": "glaive_electric+4",
    "type": "recipe",
    "category": "CC_ARCANE",
    "subcategory": "CSC_ARCANE_WEAPONRY",
    "skill_used": "spellcraft",
    "skills_required": [ "spellcraft", 9 ],
    "difficulty": 9,
    "time": "30 m",
    "book_learn": [ [ "infusion_electric_adv", 1 ] ],
    "qualities": [ { "id": "INFUSION", "level": 2 } ],
    "components": [ [ [ "crystallized_mana", 210 ] ], [ [ "glaive+4", 1 ] ] ],
    "proficiencies": [
      { "proficiency": "prof_infusion", "required": true } 
                     ]   
  },
{ 
    "result": "naginata_electric+4",
    "type": "recipe",
    "category": "CC_ARCANE",
    "subcategory": "CSC_ARCANE_WEAPONRY",
    "skill_used": "spellcraft",
    "skills_required": [ "spellcraft", 9 ],
    "difficulty": 9,
    "time": "30 m",
    "book_learn": [ [ "infusion_electric_adv", 1 ] ],
    "qualities": [ { "id": "INFUSION", "level": 2 } ],
    "components": [ [ [ "crystallized_mana", 210 ] ], [ [ "naginata+4", 1 ] ] ],
    "proficiencies": [
      { "proficiency": "prof_infusion", "required": true } 
                     ]   
  },
{ 
    "result": "pike_electric+4",
    "type": "recipe",
    "category": "CC_ARCANE",
    "subcategory": "CSC_ARCANE_WEAPONRY",
    "skill_used": "spellcraft",
    "skills_required": [ "spellcraft", 9 ],
    "difficulty": 9,
    "time": "30 m",
    "book_learn": [ [ "infusion_electric_adv", 1 ] ],
    "qualities": [ { "id": "INFUSION", "level": 2 } ],
    "components": [ [ [ "crystallized_mana", 210 ] ], [ [ "pike+4", 1 ] ] ],
    "proficiencies": [
      { "proficiency": "prof_infusion", "required": true } 
                     ]   
  },
{ 
    "result": "bagh_nakha_electric+4",
    "type": "recipe",
    "category": "CC_ARCANE",
    "subcategory": "CSC_ARCANE_WEAPONRY",
    "skill_used": "spellcraft",
    "skills_required": [ "spellcraft", 9 ],
    "difficulty": 9,
    "time": "30 m",
    "book_learn": [ [ "infusion_electric_adv", 1 ] ],
    "qualities": [ { "id": "INFUSION", "level": 2 } ],
    "components": [ [ [ "crystallized_mana", 210 ] ], [ [ "bagh_nakha+4", 1 ] ] ],
    "proficiencies": [
      { "proficiency": "prof_infusion", "required": true } 
                     ]   
  },
{ 
    "result": "cestus_electric+4",
    "type": "recipe",
    "category": "CC_ARCANE",
    "subcategory": "CSC_ARCANE_WEAPONRY",
    "skill_used": "spellcraft",
    "skills_required": [ "spellcraft", 9 ],
    "difficulty": 9,
    "time": "30 m",
    "book_learn": [ [ "infusion_electric_adv", 1 ] ],
    "qualities": [ { "id": "INFUSION", "level": 2 } ],
    "components": [ [ [ "crystallized_mana", 210 ] ], [ [ "cestus+4", 1 ] ] ],
    "proficiencies": [
      { "proficiency": "prof_infusion", "required": true } 
                     ]   
  },
{ 
    "result": "knuckle_brass_electric+4",
    "type": "recipe",
    "category": "CC_ARCANE",
    "subcategory": "CSC_ARCANE_WEAPONRY",
    "skill_used": "spellcraft",
    "skills_required": [ "spellcraft", 9 ],
    "difficulty": 9,
    "time": "30 m",
    "book_learn": [ [ "infusion_electric_adv", 1 ] ],
    "qualities": [ { "id": "INFUSION", "level": 2 } ],
    "components": [ [ [ "crystallized_mana", 210 ] ], [ [ "knuckle_brass+4", 1 ] ] ],
    "proficiencies": [
      { "proficiency": "prof_infusion", "required": true } 
                     ]   
  },
{ 
    "result": "punch_dagger_electric+4",
    "type": "recipe",
    "category": "CC_ARCANE",
    "subcategory": "CSC_ARCANE_WEAPONRY",
    "skill_used": "spellcraft",
    "skills_required": [ "spellcraft", 9 ],
    "difficulty": 9,
    "time": "30 m",
    "book_learn": [ [ "infusion_electric_adv", 1 ] ],
    "qualities": [ { "id": "INFUSION", "level": 2 } ],
    "components": [ [ [ "crystallized_mana", 210 ] ], [ [ "punch_dagger+4", 1 ] ] ],
    "proficiencies": [
      { "proficiency": "prof_infusion", "required": true } 
                     ]   
  }
]