[
{ 
    "result": "longsword_electric+1",
    "type": "recipe",
    "category": "CC_ARCANE",
    "subcategory": "CSC_ARCANE_WEAPONRY",
    "skill_used": "spellcraft",
    "skills_required": [ "spellcraft", 3 ],
    "difficulty": 3,
    "time": "15 m",
    "book_learn": [ [ "infusion_electric", 1 ] ],
    "qualities": [ { "id": "INFUSION", "level": 1 } ],
    "components": [ [ [ "crystallized_mana", 150 ] ], [ [ "longsword+1", 1 ] ] ],
    "proficiencies": [
      { "proficiency": "prof_infusion", "required": false } 
                     ]   
  },
{ 
    "result": "wood_sword_electric+1",
    "type": "recipe",
    "category": "CC_ARCANE",
    "subcategory": "CSC_ARCANE_WEAPONRY",
    "skill_used": "spellcraft",
    "skills_required": [ "spellcraft", 3 ],
    "difficulty": 3,
    "time": "15 m",
    "book_learn": [ [ "infusion_electric", 1 ] ],
    "qualities": [ { "id": "INFUSION", "level": 1 } ],
    "components": [ [ [ "crystallized_mana", 150 ] ], [ [ "wood_sword+1", 1 ] ] ],
    "proficiencies": [
      { "proficiency": "prof_infusion", "required": false } 
                     ]   
  },
{ 
    "result": "makeshift_knife_electric+1",
    "type": "recipe",
    "category": "CC_ARCANE",
    "subcategory": "CSC_ARCANE_WEAPONRY",
    "skill_used": "spellcraft",
    "skills_required": [ "spellcraft", 3 ],
    "difficulty": 3,
    "time": "15 m",
    "book_learn": [ [ "infusion_electric", 1 ] ],
    "qualities": [ { "id": "INFUSION", "level": 1 } ],
    "components": [ [ [ "crystallized_mana", 150 ] ], [ [ "makeshift_knife+1", 1 ] ] ],
    "proficiencies": [
      { "proficiency": "prof_infusion", "required": false } 
                     ]   
  },
{ 
    "result": "knife_baselard_electric+1",
    "type": "recipe",
    "category": "CC_ARCANE",
    "subcategory": "CSC_ARCANE_WEAPONRY",
    "skill_used": "spellcraft",
    "skills_required": [ "spellcraft", 3 ],
    "difficulty": 3,
    "time": "15 m",
    "book_learn": [ [ "infusion_electric", 1 ] ],
    "qualities": [ { "id": "INFUSION", "level": 1 } ],
    "components": [ [ [ "crystallized_mana", 150 ] ], [ [ "knife_baselard+1", 1 ] ] ],
    "proficiencies": [
      { "proficiency": "prof_infusion", "required": false } 
                     ]   
  },
{ 
    "result": "machete_electric+1",
    "type": "recipe",
    "category": "CC_ARCANE",
    "subcategory": "CSC_ARCANE_WEAPONRY",
    "skill_used": "spellcraft",
    "skills_required": [ "spellcraft", 3 ],
    "difficulty": 3,
    "time": "15 m",
    "book_learn": [ [ "infusion_electric", 1 ] ],
    "qualities": [ { "id": "INFUSION", "level": 1 } ],
    "components": [ [ [ "crystallized_mana", 150 ] ], [ [ "machete+1", 1 ] ] ],
    "proficiencies": [
      { "proficiency": "prof_infusion", "required": false } 
                     ]   
  },
{ 
    "result": "cavalry_sabre_electric+1",
    "type": "recipe",
    "category": "CC_ARCANE",
    "subcategory": "CSC_ARCANE_WEAPONRY",
    "skill_used": "spellcraft",
    "skills_required": [ "spellcraft", 3 ],
    "difficulty": 3,
    "time": "15 m",
    "book_learn": [ [ "infusion_electric", 1 ] ],
    "qualities": [ { "id": "INFUSION", "level": 1 } ],
    "components": [ [ [ "crystallized_mana", 150 ] ], [ [ "cavalry_sabre+1", 1 ] ] ],
    "proficiencies": [
      { "proficiency": "prof_infusion", "required": false } 
                     ]   
  },
{ 
    "result": "kris_electric+1",
    "type": "recipe",
    "category": "CC_ARCANE",
    "subcategory": "CSC_ARCANE_WEAPONRY",
    "skill_used": "spellcraft",
    "skills_required": [ "spellcraft", 3 ],
    "difficulty": 3,
    "time": "15 m",
    "book_learn": [ [ "infusion_electric", 1 ] ],
    "qualities": [ { "id": "INFUSION", "level": 1 } ],
    "components": [ [ [ "crystallized_mana", 150 ] ], [ [ "kris+1", 1 ] ] ],
    "proficiencies": [
      { "proficiency": "prof_infusion", "required": false } 
                     ]   
  },
{ 
    "result": "kukri_electric+1",
    "type": "recipe",
    "category": "CC_ARCANE",
    "subcategory": "CSC_ARCANE_WEAPONRY",
    "skill_used": "spellcraft",
    "skills_required": [ "spellcraft", 3 ],
    "difficulty": 3,
    "time": "15 m",
    "book_learn": [ [ "infusion_electric", 1 ] ],
    "qualities": [ { "id": "INFUSION", "level": 1 } ],
    "components": [ [ [ "crystallized_mana", 150 ] ], [ [ "kukri+1", 1 ] ] ],
    "proficiencies": [
      { "proficiency": "prof_infusion", "required": false } 
                     ]   
  },
{ 
    "result": "jian_electric+1",
    "type": "recipe",
    "category": "CC_ARCANE",
    "subcategory": "CSC_ARCANE_WEAPONRY",
    "skill_used": "spellcraft",
    "skills_required": [ "spellcraft", 3 ],
    "difficulty": 3,
    "time": "15 m",
    "book_learn": [ [ "infusion_electric", 1 ] ],
    "qualities": [ { "id": "INFUSION", "level": 1 } ],
    "components": [ [ [ "crystallized_mana", 150 ] ], [ [ "jian+1", 1 ] ] ],
    "proficiencies": [
      { "proficiency": "prof_infusion", "required": false } 
                     ]   
  },
{ 
    "result": "scimitar_electric+1",
    "type": "recipe",
    "category": "CC_ARCANE",
    "subcategory": "CSC_ARCANE_WEAPONRY",
    "skill_used": "spellcraft",
    "skills_required": [ "spellcraft", 3 ],
    "difficulty": 3,
    "time": "15 m",
    "book_learn": [ [ "infusion_electric", 1 ] ],
    "qualities": [ { "id": "INFUSION", "level": 1 } ],
    "components": [ [ [ "crystallized_mana", 150 ] ], [ [ "scimitar+1", 1 ] ] ],
    "proficiencies": [
      { "proficiency": "prof_infusion", "required": false } 
                     ]   
  },
{ 
    "result": "estoc_electric+1",
    "type": "recipe",
    "category": "CC_ARCANE",
    "subcategory": "CSC_ARCANE_WEAPONRY",
    "skill_used": "spellcraft",
    "skills_required": [ "spellcraft", 3 ],
    "difficulty": 3,
    "time": "15 m",
    "book_learn": [ [ "infusion_electric", 1 ] ],
    "qualities": [ { "id": "INFUSION", "level": 1 } ],
    "components": [ [ [ "crystallized_mana", 150 ] ], [ [ "estoc+1", 1 ] ] ],
    "proficiencies": [
      { "proficiency": "prof_infusion", "required": false } 
                     ]   
  },
{ 
    "result": "arming_sword_electric+1",
    "type": "recipe",
    "category": "CC_ARCANE",
    "subcategory": "CSC_ARCANE_WEAPONRY",
    "skill_used": "spellcraft",
    "skills_required": [ "spellcraft", 3 ],
    "difficulty": 3,
    "time": "15 m",
    "book_learn": [ [ "infusion_electric", 1 ] ],
    "qualities": [ { "id": "INFUSION", "level": 1 } ],
    "components": [ [ [ "crystallized_mana", 150 ] ], [ [ "arming_sword+1", 1 ] ] ],
    "proficiencies": [
      { "proficiency": "prof_infusion", "required": false } 
                     ]   
  },
{ 
    "result": "tanto_electric+1",
    "type": "recipe",
    "category": "CC_ARCANE",
    "subcategory": "CSC_ARCANE_WEAPONRY",
    "skill_used": "spellcraft",
    "skills_required": [ "spellcraft", 3 ],
    "difficulty": 3,
    "time": "15 m",
    "book_learn": [ [ "infusion_electric", 1 ] ],
    "qualities": [ { "id": "INFUSION", "level": 1 } ],
    "components": [ [ [ "crystallized_mana", 150 ] ], [ [ "tanto+1", 1 ] ] ],
    "proficiencies": [
      { "proficiency": "prof_infusion", "required": false } 
                     ]   
  },
{ 
    "result": "wakizashi_electric+1",
    "type": "recipe",
    "category": "CC_ARCANE",
    "subcategory": "CSC_ARCANE_WEAPONRY",
    "skill_used": "spellcraft",
    "skills_required": [ "spellcraft", 3 ],
    "difficulty": 3,
    "time": "15 m",
    "book_learn": [ [ "infusion_electric", 1 ] ],
    "qualities": [ { "id": "INFUSION", "level": 1 } ],
    "components": [ [ [ "crystallized_mana", 150 ] ], [ [ "wakizashi+1", 1 ] ] ],
    "proficiencies": [
      { "proficiency": "prof_infusion", "required": false } 
                     ]   
  },
{ 
    "result": "zweihander_electric+1",
    "type": "recipe",
    "category": "CC_ARCANE",
    "subcategory": "CSC_ARCANE_WEAPONRY",
    "skill_used": "spellcraft",
    "skills_required": [ "spellcraft", 3 ],
    "difficulty": 3,
    "time": "15 m",
    "book_learn": [ [ "infusion_electric", 1 ] ],
    "qualities": [ { "id": "INFUSION", "level": 1 } ],
    "components": [ [ [ "crystallized_mana", 150 ] ], [ [ "zweihander+1", 1 ] ] ],
    "proficiencies": [
      { "proficiency": "prof_infusion", "required": false } 
                     ]   
  },
{ 
    "result": "nodachi_electric+1",
    "type": "recipe",
    "category": "CC_ARCANE",
    "subcategory": "CSC_ARCANE_WEAPONRY",
    "skill_used": "spellcraft",
    "skills_required": [ "spellcraft", 3 ],
    "difficulty": 3,
    "time": "15 m",
    "book_learn": [ [ "infusion_electric", 1 ] ],
    "qualities": [ { "id": "INFUSION", "level": 1 } ],
    "components": [ [ [ "crystallized_mana", 150 ] ], [ [ "nodachi+1", 1 ] ] ],
    "proficiencies": [
      { "proficiency": "prof_infusion", "required": false } 
                     ]   
  },
{ 
    "result": "broadsword_electric+1",
    "type": "recipe",
    "category": "CC_ARCANE",
    "subcategory": "CSC_ARCANE_WEAPONRY",
    "skill_used": "spellcraft",
    "skills_required": [ "spellcraft", 3 ],
    "difficulty": 3,
    "time": "15 m",
    "book_learn": [ [ "infusion_electric", 1 ] ],
    "qualities": [ { "id": "INFUSION", "level": 1 } ],
    "components": [ [ [ "crystallized_mana", 150 ] ], [ [ "broadsword+1", 1 ] ] ],
    "proficiencies": [
      { "proficiency": "prof_infusion", "required": false } 
                     ]   
  },
{ 
    "result": "rapier_electric+1",
    "type": "recipe",
    "category": "CC_ARCANE",
    "subcategory": "CSC_ARCANE_WEAPONRY",
    "skill_used": "spellcraft",
    "skills_required": [ "spellcraft", 3 ],
    "difficulty": 3,
    "time": "15 m",
    "book_learn": [ [ "infusion_electric", 1 ] ],
    "qualities": [ { "id": "INFUSION", "level": 1 } ],
    "components": [ [ [ "crystallized_mana", 150 ] ], [ [ "rapier+1", 1 ] ] ],
    "proficiencies": [
      { "proficiency": "prof_infusion", "required": false } 
                     ]   
  },
{ 
    "result": "katana_electric+1",
    "type": "recipe",
    "category": "CC_ARCANE",
    "subcategory": "CSC_ARCANE_WEAPONRY",
    "skill_used": "spellcraft",
    "skills_required": [ "spellcraft", 3 ],
    "difficulty": 3,
    "time": "15 m",
    "book_learn": [ [ "infusion_electric", 1 ] ],
    "qualities": [ { "id": "INFUSION", "level": 1 } ],
    "components": [ [ [ "crystallized_mana", 150 ] ], [ [ "katana+1", 1 ] ] ],
    "proficiencies": [
      { "proficiency": "prof_infusion", "required": false } 
                     ]   
  },
{ 
    "result": "butterfly_swords_electric+1",
    "type": "recipe",
    "category": "CC_ARCANE",
    "subcategory": "CSC_ARCANE_WEAPONRY",
    "skill_used": "spellcraft",
    "skills_required": [ "spellcraft", 3 ],
    "difficulty": 3,
    "time": "15 m",
    "book_learn": [ [ "infusion_electric", 1 ] ],
    "qualities": [ { "id": "INFUSION", "level": 1 } ],
    "components": [ [ [ "crystallized_mana", 150 ] ], [ [ "butterfly_swords+1", 1 ] ] ],
    "proficiencies": [
      { "proficiency": "prof_infusion", "required": false } 
                     ]   
  },
{ 
    "result": "cutlass_electric+1",
    "type": "recipe",
    "category": "CC_ARCANE",
    "subcategory": "CSC_ARCANE_WEAPONRY",
    "skill_used": "spellcraft",
    "skills_required": [ "spellcraft", 3 ],
    "difficulty": 3,
    "time": "15 m",
    "book_learn": [ [ "infusion_electric", 1 ] ],
    "qualities": [ { "id": "INFUSION", "level": 1 } ],
    "components": [ [ [ "crystallized_mana", 150 ] ], [ [ "cutlass+1", 1 ] ] ],
    "proficiencies": [
      { "proficiency": "prof_infusion", "required": false } 
                     ]   
  },
{ 
    "result": "lajatang_electric+1",
    "type": "recipe",
    "category": "CC_ARCANE",
    "subcategory": "CSC_ARCANE_WEAPONRY",
    "skill_used": "spellcraft",
    "skills_required": [ "spellcraft", 3 ],
    "difficulty": 3,
    "time": "15 m",
    "book_learn": [ [ "infusion_electric", 1 ] ],
    "qualities": [ { "id": "INFUSION", "level": 1 } ],
    "components": [ [ [ "crystallized_mana", 150 ] ], [ [ "lajatang+1", 1 ] ] ],
    "proficiencies": [
      { "proficiency": "prof_infusion", "required": false } 
                     ]   
  },
{ 
    "result": "war_flail_electric+1",
    "type": "recipe",
    "category": "CC_ARCANE",
    "subcategory": "CSC_ARCANE_WEAPONRY",
    "skill_used": "spellcraft",
    "skills_required": [ "spellcraft", 3 ],
    "difficulty": 3,
    "time": "15 m",
    "book_learn": [ [ "infusion_electric", 1 ] ],
    "qualities": [ { "id": "INFUSION", "level": 1 } ],
    "components": [ [ [ "crystallized_mana", 150 ] ], [ [ "war_flail+1", 1 ] ] ],
    "proficiencies": [
      { "proficiency": "prof_infusion", "required": false } 
                     ]   
  },
{ 
    "result": "peasant_flail_electric+1",
    "type": "recipe",
    "category": "CC_ARCANE",
    "subcategory": "CSC_ARCANE_WEAPONRY",
    "skill_used": "spellcraft",
    "skills_required": [ "spellcraft", 3 ],
    "difficulty": 3,
    "time": "15 m",
    "book_learn": [ [ "infusion_electric", 1 ] ],
    "qualities": [ { "id": "INFUSION", "level": 1 } ],
    "components": [ [ [ "crystallized_mana", 150 ] ], [ [ "peasant_flail+1", 1 ] ] ],
    "proficiencies": [
      { "proficiency": "prof_infusion", "required": false } 
                     ]   
  },
{ 
    "result": "battleaxe_electric+1",
    "type": "recipe",
    "category": "CC_ARCANE",
    "subcategory": "CSC_ARCANE_WEAPONRY",
    "skill_used": "spellcraft",
    "skills_required": [ "spellcraft", 3 ],
    "difficulty": 3,
    "time": "15 m",
    "book_learn": [ [ "infusion_electric", 1 ] ],
    "qualities": [ { "id": "INFUSION", "level": 1 } ],
    "components": [ [ [ "crystallized_mana", 150 ] ], [ [ "battleaxe+1", 1 ] ] ],
    "proficiencies": [
      { "proficiency": "prof_infusion", "required": false } 
                     ]   
  },
{ 
    "result": "bokken_electric+1",
    "type": "recipe",
    "category": "CC_ARCANE",
    "subcategory": "CSC_ARCANE_WEAPONRY",
    "skill_used": "spellcraft",
    "skills_required": [ "spellcraft", 3 ],
    "difficulty": 3,
    "time": "15 m",
    "book_learn": [ [ "infusion_electric", 1 ] ],
    "qualities": [ { "id": "INFUSION", "level": 1 } ],
    "components": [ [ [ "crystallized_mana", 150 ] ], [ [ "bokken+1", 1 ] ] ],
    "proficiencies": [
      { "proficiency": "prof_infusion", "required": false } 
                     ]   
  }, 
{ 
    "result": "cudgel_electric+1",
    "type": "recipe",
    "category": "CC_ARCANE",
    "subcategory": "CSC_ARCANE_WEAPONRY",
    "skill_used": "spellcraft",
    "skills_required": [ "spellcraft", 3 ],
    "difficulty": 3,
    "time": "15 m",
    "book_learn": [ [ "infusion_electric", 1 ] ],
    "qualities": [ { "id": "INFUSION", "level": 1 } ],
    "components": [ [ [ "crystallized_mana", 150 ] ], [ [ "cudgel+1", 1 ] ] ],
    "proficiencies": [
      { "proficiency": "prof_infusion", "required": false } 
                     ]   
  },
{ 
    "result": "hammer_sledge_electric+1",
    "type": "recipe",
    "category": "CC_ARCANE",
    "subcategory": "CSC_ARCANE_WEAPONRY",
    "skill_used": "spellcraft",
    "skills_required": [ "spellcraft", 3 ],
    "difficulty": 3,
    "time": "15 m",
    "book_learn": [ [ "infusion_electric", 1 ] ],
    "qualities": [ { "id": "INFUSION", "level": 1 } ],
    "components": [ [ [ "crystallized_mana", 150 ] ], [ [ "hammer_sledge+1", 1 ] ] ],
    "proficiencies": [
      { "proficiency": "prof_infusion", "required": false } 
                     ]   
  },
{ 
    "result": "lucern_hammer_electric+1",
    "type": "recipe",
    "category": "CC_ARCANE",
    "subcategory": "CSC_ARCANE_WEAPONRY",
    "skill_used": "spellcraft",
    "skills_required": [ "spellcraft", 3 ],
    "difficulty": 3,
    "time": "15 m",
    "book_learn": [ [ "infusion_electric", 1 ] ],
    "qualities": [ { "id": "INFUSION", "level": 1 } ],
    "components": [ [ [ "crystallized_mana", 150 ] ], [ [ "lucern_hammer+1", 1 ] ] ],
    "proficiencies": [
      { "proficiency": "prof_infusion", "required": false } 
                     ]   
  },
{ 
    "result": "mace_electric+1",
    "type": "recipe",
    "category": "CC_ARCANE",
    "subcategory": "CSC_ARCANE_WEAPONRY",
    "skill_used": "spellcraft",
    "skills_required": [ "spellcraft", 3 ],
    "difficulty": 3,
    "time": "15 m",
    "book_learn": [ [ "infusion_electric", 1 ] ],
    "qualities": [ { "id": "INFUSION", "level": 1 } ],
    "components": [ [ [ "crystallized_mana", 150 ] ], [ [ "mace+1", 1 ] ] ],
    "proficiencies": [
      { "proficiency": "prof_infusion", "required": false } 
                     ]   
  },
{ 
    "result": "morningstar_electric+1",
    "type": "recipe",
    "category": "CC_ARCANE",
    "subcategory": "CSC_ARCANE_WEAPONRY",
    "skill_used": "spellcraft",
    "skills_required": [ "spellcraft", 3 ],
    "difficulty": 3,
    "time": "15 m",
    "book_learn": [ [ "infusion_electric", 1 ] ],
    "qualities": [ { "id": "INFUSION", "level": 1 } ],
    "components": [ [ [ "crystallized_mana", 150 ] ], [ [ "morningstar+1", 1 ] ] ],
    "proficiencies": [
      { "proficiency": "prof_infusion", "required": false } 
                     ]   
  },
{ 
    "result": "q_staff_electric+1",
    "type": "recipe",
    "category": "CC_ARCANE",
    "subcategory": "CSC_ARCANE_WEAPONRY",
    "skill_used": "spellcraft",
    "skills_required": [ "spellcraft", 3 ],
    "difficulty": 3,
    "time": "15 m",
    "book_learn": [ [ "infusion_electric", 1 ] ],
    "qualities": [ { "id": "INFUSION", "level": 1 } ],
    "components": [ [ [ "crystallized_mana", 150 ] ], [ [ "q_staff+1", 1 ] ] ],
    "proficiencies": [
      { "proficiency": "prof_infusion", "required": false } 
                     ]   
  },
{ 
    "result": "shillelagh_electric+1",
    "type": "recipe",
    "category": "CC_ARCANE",
    "subcategory": "CSC_ARCANE_WEAPONRY",
    "skill_used": "spellcraft",
    "skills_required": [ "spellcraft", 3 ],
    "difficulty": 3,
    "time": "15 m",
    "book_learn": [ [ "infusion_electric", 1 ] ],
    "qualities": [ { "id": "INFUSION", "level": 1 } ],
    "components": [ [ [ "crystallized_mana", 150 ] ], [ [ "shillelagh+1", 1 ] ] ],
    "proficiencies": [
      { "proficiency": "prof_infusion", "required": false } 
                     ]   
  },
{ 
    "result": "tonfa_wood_electric+1",
    "type": "recipe",
    "category": "CC_ARCANE",
    "subcategory": "CSC_ARCANE_WEAPONRY",
    "skill_used": "spellcraft",
    "skills_required": [ "spellcraft", 3 ],
    "difficulty": 3,
    "time": "15 m",
    "book_learn": [ [ "infusion_electric", 1 ] ],
    "qualities": [ { "id": "INFUSION", "level": 1 } ],
    "components": [ [ [ "crystallized_mana", 150 ] ], [ [ "tonfa_wood+1", 1 ] ] ],
    "proficiencies": [
      { "proficiency": "prof_infusion", "required": false } 
                     ]   
  },
{ 
    "result": "warhammer_electric+1",
    "type": "recipe",
    "category": "CC_ARCANE",
    "subcategory": "CSC_ARCANE_WEAPONRY",
    "skill_used": "spellcraft",
    "skills_required": [ "spellcraft", 3 ],
    "difficulty": 3,
    "time": "15 m",
    "book_learn": [ [ "infusion_electric", 1 ] ],
    "qualities": [ { "id": "INFUSION", "level": 1 } ],
    "components": [ [ [ "crystallized_mana", 150 ] ], [ [ "warhammer+1", 1 ] ] ],
    "proficiencies": [
      { "proficiency": "prof_infusion", "required": false } 
                     ]   
  },
{ 
    "result": "pitchfork_electric+1",
    "type": "recipe",
    "category": "CC_ARCANE",
    "subcategory": "CSC_ARCANE_WEAPONRY",
    "skill_used": "spellcraft",
    "skills_required": [ "spellcraft", 3 ],
    "difficulty": 3,
    "time": "15 m",
    "book_learn": [ [ "infusion_electric", 1 ] ],
    "qualities": [ { "id": "INFUSION", "level": 1 } ],
    "components": [ [ [ "crystallized_mana", 150 ] ], [ [ "pitchfork+1", 1 ] ] ],
    "proficiencies": [
      { "proficiency": "prof_infusion", "required": false } 
                     ]   
  },
{ 
    "result": "spear_steel_electric+1",
    "type": "recipe",
    "category": "CC_ARCANE",
    "subcategory": "CSC_ARCANE_WEAPONRY",
    "skill_used": "spellcraft",
    "skills_required": [ "spellcraft", 3 ],
    "difficulty": 3,
    "time": "15 m",
    "book_learn": [ [ "infusion_electric", 1 ] ],
    "qualities": [ { "id": "INFUSION", "level": 1 } ],
    "components": [ [ [ "crystallized_mana", 150 ] ], [ [ "spear_steel+1", 1 ] ] ],
    "proficiencies": [
      { "proficiency": "prof_infusion", "required": false } 
                     ]   
  },
{ 
    "result": "qiang_electric+1",
    "type": "recipe",
    "category": "CC_ARCANE",
    "subcategory": "CSC_ARCANE_WEAPONRY",
    "skill_used": "spellcraft",
    "skills_required": [ "spellcraft", 3 ],
    "difficulty": 3,
    "time": "15 m",
    "book_learn": [ [ "infusion_electric", 1 ] ],
    "qualities": [ { "id": "INFUSION", "level": 1 } ],
    "components": [ [ [ "crystallized_mana", 150 ] ], [ [ "qiang+1", 1 ] ] ],
    "proficiencies": [
      { "proficiency": "prof_infusion", "required": false } 
                     ]   
  },
{ 
    "result": "halberd_electric+1",
    "type": "recipe",
    "category": "CC_ARCANE",
    "subcategory": "CSC_ARCANE_WEAPONRY",
    "skill_used": "spellcraft",
    "skills_required": [ "spellcraft", 3 ],
    "difficulty": 3,
    "time": "15 m",
    "book_learn": [ [ "infusion_electric", 1 ] ],
    "qualities": [ { "id": "INFUSION", "level": 1 } ],
    "components": [ [ [ "crystallized_mana", 150 ] ], [ [ "halberd+1", 1 ] ] ],
    "proficiencies": [
      { "proficiency": "prof_infusion", "required": false } 
                     ]   
  },
{ 
    "result": "glaive_electric+1",
    "type": "recipe",
    "category": "CC_ARCANE",
    "subcategory": "CSC_ARCANE_WEAPONRY",
    "skill_used": "spellcraft",
    "skills_required": [ "spellcraft", 3 ],
    "difficulty": 3,
    "time": "15 m",
    "book_learn": [ [ "infusion_electric", 1 ] ],
    "qualities": [ { "id": "INFUSION", "level": 1 } ],
    "components": [ [ [ "crystallized_mana", 150 ] ], [ [ "glaive+1", 1 ] ] ],
    "proficiencies": [
      { "proficiency": "prof_infusion", "required": false } 
                     ]   
  },
{ 
    "result": "naginata_electric+1",
    "type": "recipe",
    "category": "CC_ARCANE",
    "subcategory": "CSC_ARCANE_WEAPONRY",
    "skill_used": "spellcraft",
    "skills_required": [ "spellcraft", 3 ],
    "difficulty": 3,
    "time": "15 m",
    "book_learn": [ [ "infusion_electric", 1 ] ],
    "qualities": [ { "id": "INFUSION", "level": 1 } ],
    "components": [ [ [ "crystallized_mana", 150 ] ], [ [ "naginata+1", 1 ] ] ],
    "proficiencies": [
      { "proficiency": "prof_infusion", "required": false } 
                     ]   
  },
{ 
    "result": "pike_electric+1",
    "type": "recipe",
    "category": "CC_ARCANE",
    "subcategory": "CSC_ARCANE_WEAPONRY",
    "skill_used": "spellcraft",
    "skills_required": [ "spellcraft", 3 ],
    "difficulty": 3,
    "time": "15 m",
    "book_learn": [ [ "infusion_electric", 1 ] ],
    "qualities": [ { "id": "INFUSION", "level": 1 } ],
    "components": [ [ [ "crystallized_mana", 150 ] ], [ [ "pike+1", 1 ] ] ],
    "proficiencies": [
      { "proficiency": "prof_infusion", "required": false } 
                     ]   
  },
{ 
    "result": "bagh_nakha_electric+1",
    "type": "recipe",
    "category": "CC_ARCANE",
    "subcategory": "CSC_ARCANE_WEAPONRY",
    "skill_used": "spellcraft",
    "skills_required": [ "spellcraft", 3 ],
    "difficulty": 3,
    "time": "15 m",
    "book_learn": [ [ "infusion_electric", 1 ] ],
    "qualities": [ { "id": "INFUSION", "level": 1 } ],
    "components": [ [ [ "crystallized_mana", 150 ] ], [ [ "bagh_nakha+1", 1 ] ] ],
    "proficiencies": [
      { "proficiency": "prof_infusion", "required": false } 
                     ]   
  },
{ 
    "result": "cestus_electric+1",
    "type": "recipe",
    "category": "CC_ARCANE",
    "subcategory": "CSC_ARCANE_WEAPONRY",
    "skill_used": "spellcraft",
    "skills_required": [ "spellcraft", 3 ],
    "difficulty": 3,
    "time": "15 m",
    "book_learn": [ [ "infusion_electric", 1 ] ],
    "qualities": [ { "id": "INFUSION", "level": 1 } ],
    "components": [ [ [ "crystallized_mana", 150 ] ], [ [ "cestus+1", 1 ] ] ],
    "proficiencies": [
      { "proficiency": "prof_infusion", "required": false } 
                     ]   
  },
{ 
    "result": "knuckle_brass_electric+1",
    "type": "recipe",
    "category": "CC_ARCANE",
    "subcategory": "CSC_ARCANE_WEAPONRY",
    "skill_used": "spellcraft",
    "skills_required": [ "spellcraft", 3 ],
    "difficulty": 3,
    "time": "15 m",
    "book_learn": [ [ "infusion_electric", 1 ] ],
    "qualities": [ { "id": "INFUSION", "level": 1 } ],
    "components": [ [ [ "crystallized_mana", 150 ] ], [ [ "knuckle_brass+1", 1 ] ] ],
    "proficiencies": [
      { "proficiency": "prof_infusion", "required": false } 
                     ]   
  },
{ 
    "result": "punch_dagger_electric+1",
    "type": "recipe",
    "category": "CC_ARCANE",
    "subcategory": "CSC_ARCANE_WEAPONRY",
    "skill_used": "spellcraft",
    "skills_required": [ "spellcraft", 3 ],
    "difficulty": 3,
    "time": "15 m",
    "book_learn": [ [ "infusion_electric", 1 ] ],
    "qualities": [ { "id": "INFUSION", "level": 1 } ],
    "components": [ [ [ "crystallized_mana", 150 ] ], [ [ "punch_dagger+1", 1 ] ] ],
    "proficiencies": [
      { "proficiency": "prof_infusion", "required": false } 
                     ]   
  }
]