[
{ 
    "result": "longsword_electric+3",
    "type": "recipe",
    "category": "CC_ARCANE",
    "subcategory": "CSC_ARCANE_WEAPONRY",
    "skill_used": "spellcraft",
    "skills_required": [ "spellcraft", 7 ],
    "difficulty": 7,
    "time": "25 m",
    "book_learn": [ [ "infusion_electric_mid", 1 ] ],
    "qualities": [ { "id": "INFUSION", "level": 1 } ],
    "components": [ [ [ "crystallized_mana", 175 ] ], [ [ "longsword+3", 1 ] ] ],
    "proficiencies": [
      { "proficiency": "prof_infusion", "required": true } 
                     ]   
  },
{ 
    "result": "wood_sword_electric+3",
    "type": "recipe",
    "category": "CC_ARCANE",
    "subcategory": "CSC_ARCANE_WEAPONRY",
    "skill_used": "spellcraft",
    "skills_required": [ "spellcraft", 7 ],
    "difficulty": 7,
    "time": "25 m",
    "book_learn": [ [ "infusion_electric_mid", 1 ] ],
    "qualities": [ { "id": "INFUSION", "level": 1 } ],
    "components": [ [ [ "crystallized_mana", 175 ] ], [ [ "wood_sword+3", 1 ] ] ],
    "proficiencies": [
      { "proficiency": "prof_infusion", "required": true } 
                     ]   
  },
{ 
    "result": "makeshift_knife_electric+3",
    "type": "recipe",
    "category": "CC_ARCANE",
    "subcategory": "CSC_ARCANE_WEAPONRY",
    "skill_used": "spellcraft",
    "skills_required": [ "spellcraft", 7 ],
    "difficulty": 7,
    "time": "25 m",
    "book_learn": [ [ "infusion_electric_mid", 1 ] ],
    "qualities": [ { "id": "INFUSION", "level": 1 } ],
    "components": [ [ [ "crystallized_mana", 175 ] ], [ [ "makeshift_knife+3", 1 ] ] ],
    "proficiencies": [
      { "proficiency": "prof_infusion", "required": true } 
                     ]   
  },
{ 
    "result": "knife_baselard_electric+3",
    "type": "recipe",
    "category": "CC_ARCANE",
    "subcategory": "CSC_ARCANE_WEAPONRY",
    "skill_used": "spellcraft",
    "skills_required": [ "spellcraft", 7 ],
    "difficulty": 7,
    "time": "25 m",
    "book_learn": [ [ "infusion_electric_mid", 1 ] ],
    "qualities": [ { "id": "INFUSION", "level": 1 } ],
    "components": [ [ [ "crystallized_mana", 175 ] ], [ [ "knife_baselard+3", 1 ] ] ],
    "proficiencies": [
      { "proficiency": "prof_infusion", "required": true } 
                     ]   
  },
{ 
    "result": "machete_electric+3",
    "type": "recipe",
    "category": "CC_ARCANE",
    "subcategory": "CSC_ARCANE_WEAPONRY",
    "skill_used": "spellcraft",
    "skills_required": [ "spellcraft", 7 ],
    "difficulty": 7,
    "time": "25 m",
    "book_learn": [ [ "infusion_electric_mid", 1 ] ],
    "qualities": [ { "id": "INFUSION", "level": 1 } ],
    "components": [ [ [ "crystallized_mana", 175 ] ], [ [ "machete+3", 1 ] ] ],
    "proficiencies": [
      { "proficiency": "prof_infusion", "required": true } 
                     ]   
  },
{ 
    "result": "cavalry_sabre_electric+3",
    "type": "recipe",
    "category": "CC_ARCANE",
    "subcategory": "CSC_ARCANE_WEAPONRY",
    "skill_used": "spellcraft",
    "skills_required": [ "spellcraft", 7 ],
    "difficulty": 7,
    "time": "25 m",
    "book_learn": [ [ "infusion_electric_mid", 1 ] ],
    "qualities": [ { "id": "INFUSION", "level": 1 } ],
    "components": [ [ [ "crystallized_mana", 175 ] ], [ [ "cavalry_sabre+3", 1 ] ] ],
    "proficiencies": [
      { "proficiency": "prof_infusion", "required": true } 
                     ]   
  },
{ 
    "result": "kris_electric+3",
    "type": "recipe",
    "category": "CC_ARCANE",
    "subcategory": "CSC_ARCANE_WEAPONRY",
    "skill_used": "spellcraft",
    "skills_required": [ "spellcraft", 7 ],
    "difficulty": 7,
    "time": "25 m",
    "book_learn": [ [ "infusion_electric_mid", 1 ] ],
    "qualities": [ { "id": "INFUSION", "level": 1 } ],
    "components": [ [ [ "crystallized_mana", 175 ] ], [ [ "kris+3", 1 ] ] ],
    "proficiencies": [
      { "proficiency": "prof_infusion", "required": true } 
                     ]   
  },
{ 
    "result": "kukri_electric+3",
    "type": "recipe",
    "category": "CC_ARCANE",
    "subcategory": "CSC_ARCANE_WEAPONRY",
    "skill_used": "spellcraft",
    "skills_required": [ "spellcraft", 7 ],
    "difficulty": 7,
    "time": "25 m",
    "book_learn": [ [ "infusion_electric_mid", 1 ] ],
    "qualities": [ { "id": "INFUSION", "level": 1 } ],
    "components": [ [ [ "crystallized_mana", 175 ] ], [ [ "kukri+3", 1 ] ] ],
    "proficiencies": [
      { "proficiency": "prof_infusion", "required": true } 
                     ]   
  },
{ 
    "result": "jian_electric+3",
    "type": "recipe",
    "category": "CC_ARCANE",
    "subcategory": "CSC_ARCANE_WEAPONRY",
    "skill_used": "spellcraft",
    "skills_required": [ "spellcraft", 7 ],
    "difficulty": 7,
    "time": "25 m",
    "book_learn": [ [ "infusion_electric_mid", 1 ] ],
    "qualities": [ { "id": "INFUSION", "level": 1 } ],
    "components": [ [ [ "crystallized_mana", 175 ] ], [ [ "jian+3", 1 ] ] ],
    "proficiencies": [
      { "proficiency": "prof_infusion", "required": true } 
                     ]   
  },
{ 
    "result": "scimitar_electric+3",
    "type": "recipe",
    "category": "CC_ARCANE",
    "subcategory": "CSC_ARCANE_WEAPONRY",
    "skill_used": "spellcraft",
    "skills_required": [ "spellcraft", 7 ],
    "difficulty": 7,
    "time": "25 m",
    "book_learn": [ [ "infusion_electric_mid", 1 ] ],
    "qualities": [ { "id": "INFUSION", "level": 1 } ],
    "components": [ [ [ "crystallized_mana", 175 ] ], [ [ "scimitar+3", 1 ] ] ],
    "proficiencies": [
      { "proficiency": "prof_infusion", "required": true } 
                     ]   
  },
{ 
    "result": "estoc_electric+3",
    "type": "recipe",
    "category": "CC_ARCANE",
    "subcategory": "CSC_ARCANE_WEAPONRY",
    "skill_used": "spellcraft",
    "skills_required": [ "spellcraft", 7 ],
    "difficulty": 7,
    "time": "25 m",
    "book_learn": [ [ "infusion_electric_mid", 1 ] ],
    "qualities": [ { "id": "INFUSION", "level": 1 } ],
    "components": [ [ [ "crystallized_mana", 175 ] ], [ [ "estoc+3", 1 ] ] ],
    "proficiencies": [
      { "proficiency": "prof_infusion", "required": true } 
                     ]   
  },
{ 
    "result": "arming_sword_electric+3",
    "type": "recipe",
    "category": "CC_ARCANE",
    "subcategory": "CSC_ARCANE_WEAPONRY",
    "skill_used": "spellcraft",
    "skills_required": [ "spellcraft", 7 ],
    "difficulty": 7,
    "time": "25 m",
    "book_learn": [ [ "infusion_electric_mid", 1 ] ],
    "qualities": [ { "id": "INFUSION", "level": 1 } ],
    "components": [ [ [ "crystallized_mana", 175 ] ], [ [ "arming_sword+3", 1 ] ] ],
    "proficiencies": [
      { "proficiency": "prof_infusion", "required": true } 
                     ]   
  },
{ 
    "result": "tanto_electric+3",
    "type": "recipe",
    "category": "CC_ARCANE",
    "subcategory": "CSC_ARCANE_WEAPONRY",
    "skill_used": "spellcraft",
    "skills_required": [ "spellcraft", 7 ],
    "difficulty": 7,
    "time": "25 m",
    "book_learn": [ [ "infusion_electric_mid", 1 ] ],
    "qualities": [ { "id": "INFUSION", "level": 1 } ],
    "components": [ [ [ "crystallized_mana", 175 ] ], [ [ "tanto+3", 1 ] ] ],
    "proficiencies": [
      { "proficiency": "prof_infusion", "required": true } 
                     ]   
  },
{ 
    "result": "wakizashi_electric+3",
    "type": "recipe",
    "category": "CC_ARCANE",
    "subcategory": "CSC_ARCANE_WEAPONRY",
    "skill_used": "spellcraft",
    "skills_required": [ "spellcraft", 7 ],
    "difficulty": 7,
    "time": "25 m",
    "book_learn": [ [ "infusion_electric_mid", 1 ] ],
    "qualities": [ { "id": "INFUSION", "level": 1 } ],
    "components": [ [ [ "crystallized_mana", 175 ] ], [ [ "wakizashi+3", 1 ] ] ],
    "proficiencies": [
      { "proficiency": "prof_infusion", "required": true } 
                     ]   
  },
{ 
    "result": "zweihander_electric+3",
    "type": "recipe",
    "category": "CC_ARCANE",
    "subcategory": "CSC_ARCANE_WEAPONRY",
    "skill_used": "spellcraft",
    "skills_required": [ "spellcraft", 7 ],
    "difficulty": 7,
    "time": "25 m",
    "book_learn": [ [ "infusion_electric_mid", 1 ] ],
    "qualities": [ { "id": "INFUSION", "level": 1 } ],
    "components": [ [ [ "crystallized_mana", 175 ] ], [ [ "zweihander+3", 1 ] ] ],
    "proficiencies": [
      { "proficiency": "prof_infusion", "required": true } 
                     ]   
  },
{ 
    "result": "nodachi_electric+3",
    "type": "recipe",
    "category": "CC_ARCANE",
    "subcategory": "CSC_ARCANE_WEAPONRY",
    "skill_used": "spellcraft",
    "skills_required": [ "spellcraft", 7 ],
    "difficulty": 7,
    "time": "25 m",
    "book_learn": [ [ "infusion_electric_mid", 1 ] ],
    "qualities": [ { "id": "INFUSION", "level": 1 } ],
    "components": [ [ [ "crystallized_mana", 175 ] ], [ [ "nodachi+3", 1 ] ] ],
    "proficiencies": [
      { "proficiency": "prof_infusion", "required": true } 
                     ]   
  },
{ 
    "result": "broadsword_electric+3",
    "type": "recipe",
    "category": "CC_ARCANE",
    "subcategory": "CSC_ARCANE_WEAPONRY",
    "skill_used": "spellcraft",
    "skills_required": [ "spellcraft", 7 ],
    "difficulty": 7,
    "time": "25 m",
    "book_learn": [ [ "infusion_electric_mid", 1 ] ],
    "qualities": [ { "id": "INFUSION", "level": 1 } ],
    "components": [ [ [ "crystallized_mana", 175 ] ], [ [ "broadsword+3", 1 ] ] ],
    "proficiencies": [
      { "proficiency": "prof_infusion", "required": true } 
                     ]   
  },
{ 
    "result": "rapier_electric+3",
    "type": "recipe",
    "category": "CC_ARCANE",
    "subcategory": "CSC_ARCANE_WEAPONRY",
    "skill_used": "spellcraft",
    "skills_required": [ "spellcraft", 7 ],
    "difficulty": 7,
    "time": "25 m",
    "book_learn": [ [ "infusion_electric_mid", 1 ] ],
    "qualities": [ { "id": "INFUSION", "level": 1 } ],
    "components": [ [ [ "crystallized_mana", 175 ] ], [ [ "rapier+3", 1 ] ] ],
    "proficiencies": [
      { "proficiency": "prof_infusion", "required": true } 
                     ]   
  },
{ 
    "result": "katana_electric+3",
    "type": "recipe",
    "category": "CC_ARCANE",
    "subcategory": "CSC_ARCANE_WEAPONRY",
    "skill_used": "spellcraft",
    "skills_required": [ "spellcraft", 7 ],
    "difficulty": 7,
    "time": "25 m",
    "book_learn": [ [ "infusion_electric_mid", 1 ] ],
    "qualities": [ { "id": "INFUSION", "level": 1 } ],
    "components": [ [ [ "crystallized_mana", 175 ] ], [ [ "katana+3", 1 ] ] ],
    "proficiencies": [
      { "proficiency": "prof_infusion", "required": true } 
                     ]   
  },
{ 
    "result": "butterfly_swords_electric+3",
    "type": "recipe",
    "category": "CC_ARCANE",
    "subcategory": "CSC_ARCANE_WEAPONRY",
    "skill_used": "spellcraft",
    "skills_required": [ "spellcraft", 7 ],
    "difficulty": 7,
    "time": "25 m",
    "book_learn": [ [ "infusion_electric_mid", 1 ] ],
    "qualities": [ { "id": "INFUSION", "level": 1 } ],
    "components": [ [ [ "crystallized_mana", 175 ] ], [ [ "butterfly_swords+3", 1 ] ] ],
    "proficiencies": [
      { "proficiency": "prof_infusion", "required": true } 
                     ]   
  },
{ 
    "result": "cutlass_electric+3",
    "type": "recipe",
    "category": "CC_ARCANE",
    "subcategory": "CSC_ARCANE_WEAPONRY",
    "skill_used": "spellcraft",
    "skills_required": [ "spellcraft", 7 ],
    "difficulty": 7,
    "time": "25 m",
    "book_learn": [ [ "infusion_electric_mid", 1 ] ],
    "qualities": [ { "id": "INFUSION", "level": 1 } ],
    "components": [ [ [ "crystallized_mana", 175 ] ], [ [ "cutlass+3", 1 ] ] ],
    "proficiencies": [
      { "proficiency": "prof_infusion", "required": true } 
                     ]   
  },
{ 
    "result": "lajatang_electric+3",
    "type": "recipe",
    "category": "CC_ARCANE",
    "subcategory": "CSC_ARCANE_WEAPONRY",
    "skill_used": "spellcraft",
    "skills_required": [ "spellcraft", 7 ],
    "difficulty": 7,
    "time": "25 m",
    "book_learn": [ [ "infusion_electric_mid", 1 ] ],
    "qualities": [ { "id": "INFUSION", "level": 1 } ],
    "components": [ [ [ "crystallized_mana", 175 ] ], [ [ "lajatang+3", 1 ] ] ],
    "proficiencies": [
      { "proficiency": "prof_infusion", "required": true } 
                     ]   
  },
{ 
    "result": "war_flail_electric+3",
    "type": "recipe",
    "category": "CC_ARCANE",
    "subcategory": "CSC_ARCANE_WEAPONRY",
    "skill_used": "spellcraft",
    "skills_required": [ "spellcraft", 7 ],
    "difficulty": 7,
    "time": "25 m",
    "book_learn": [ [ "infusion_electric_mid", 1 ] ],
    "qualities": [ { "id": "INFUSION", "level": 1 } ],
    "components": [ [ [ "crystallized_mana", 175 ] ], [ [ "war_flail+3", 1 ] ] ],
    "proficiencies": [
      { "proficiency": "prof_infusion", "required": true } 
                     ]   
  },
{ 
    "result": "peasant_flail_electric+3",
    "type": "recipe",
    "category": "CC_ARCANE",
    "subcategory": "CSC_ARCANE_WEAPONRY",
    "skill_used": "spellcraft",
    "skills_required": [ "spellcraft", 7 ],
    "difficulty": 7,
    "time": "25 m",
    "book_learn": [ [ "infusion_electric_mid", 1 ] ],
    "qualities": [ { "id": "INFUSION", "level": 1 } ],
    "components": [ [ [ "crystallized_mana", 175 ] ], [ [ "peasant_flail+3", 1 ] ] ],
    "proficiencies": [
      { "proficiency": "prof_infusion", "required": true } 
                     ]   
  },
{ 
    "result": "battleaxe_electric+3",
    "type": "recipe",
    "category": "CC_ARCANE",
    "subcategory": "CSC_ARCANE_WEAPONRY",
    "skill_used": "spellcraft",
    "skills_required": [ "spellcraft", 7 ],
    "difficulty": 7,
    "time": "25 m",
    "book_learn": [ [ "infusion_electric_mid", 1 ] ],
    "qualities": [ { "id": "INFUSION", "level": 1 } ],
    "components": [ [ [ "crystallized_mana", 175 ] ], [ [ "battleaxe+3", 1 ] ] ],
    "proficiencies": [
      { "proficiency": "prof_infusion", "required": true } 
                     ]   
  },
{ 
    "result": "bokken_electric+3",
    "type": "recipe",
    "category": "CC_ARCANE",
    "subcategory": "CSC_ARCANE_WEAPONRY",
    "skill_used": "spellcraft",
    "skills_required": [ "spellcraft", 7 ],
    "difficulty": 7,
    "time": "25 m",
    "book_learn": [ [ "infusion_electric_mid", 1 ] ],
    "qualities": [ { "id": "INFUSION", "level": 1 } ],
    "components": [ [ [ "crystallized_mana", 175 ] ], [ [ "bokken+3", 1 ] ] ],
    "proficiencies": [
      { "proficiency": "prof_infusion", "required": true } 
                     ]   
  }, 
{ 
    "result": "cudgel_electric+3",
    "type": "recipe",
    "category": "CC_ARCANE",
    "subcategory": "CSC_ARCANE_WEAPONRY",
    "skill_used": "spellcraft",
    "skills_required": [ "spellcraft", 7 ],
    "difficulty": 7,
    "time": "25 m",
    "book_learn": [ [ "infusion_electric_mid", 1 ] ],
    "qualities": [ { "id": "INFUSION", "level": 1 } ],
    "components": [ [ [ "crystallized_mana", 175 ] ], [ [ "cudgel+3", 1 ] ] ],
    "proficiencies": [
      { "proficiency": "prof_infusion", "required": true } 
                     ]   
  },
{ 
    "result": "hammer_sledge_electric+3",
    "type": "recipe",
    "category": "CC_ARCANE",
    "subcategory": "CSC_ARCANE_WEAPONRY",
    "skill_used": "spellcraft",
    "skills_required": [ "spellcraft", 7 ],
    "difficulty": 7,
    "time": "25 m",
    "book_learn": [ [ "infusion_electric_mid", 1 ] ],
    "qualities": [ { "id": "INFUSION", "level": 1 } ],
    "components": [ [ [ "crystallized_mana", 175 ] ], [ [ "hammer_sledge+3", 1 ] ] ],
    "proficiencies": [
      { "proficiency": "prof_infusion", "required": true } 
                     ]   
  },
{ 
    "result": "lucern_hammer_electric+3",
    "type": "recipe",
    "category": "CC_ARCANE",
    "subcategory": "CSC_ARCANE_WEAPONRY",
    "skill_used": "spellcraft",
    "skills_required": [ "spellcraft", 7 ],
    "difficulty": 7,
    "time": "25 m",
    "book_learn": [ [ "infusion_electric_mid", 1 ] ],
    "qualities": [ { "id": "INFUSION", "level": 1 } ],
    "components": [ [ [ "crystallized_mana", 175 ] ], [ [ "lucern_hammer+3", 1 ] ] ],
    "proficiencies": [
      { "proficiency": "prof_infusion", "required": true } 
                     ]   
  },
{ 
    "result": "mace_electric+3",
    "type": "recipe",
    "category": "CC_ARCANE",
    "subcategory": "CSC_ARCANE_WEAPONRY",
    "skill_used": "spellcraft",
    "skills_required": [ "spellcraft", 7 ],
    "difficulty": 7,
    "time": "25 m",
    "book_learn": [ [ "infusion_electric_mid", 1 ] ],
    "qualities": [ { "id": "INFUSION", "level": 1 } ],
    "components": [ [ [ "crystallized_mana", 175 ] ], [ [ "mace+3", 1 ] ] ],
    "proficiencies": [
      { "proficiency": "prof_infusion", "required": true } 
                     ]   
  },
{ 
    "result": "morningstar_electric+3",
    "type": "recipe",
    "category": "CC_ARCANE",
    "subcategory": "CSC_ARCANE_WEAPONRY",
    "skill_used": "spellcraft",
    "skills_required": [ "spellcraft", 7 ],
    "difficulty": 7,
    "time": "25 m",
    "book_learn": [ [ "infusion_electric_mid", 1 ] ],
    "qualities": [ { "id": "INFUSION", "level": 1 } ],
    "components": [ [ [ "crystallized_mana", 175 ] ], [ [ "morningstar+3", 1 ] ] ],
    "proficiencies": [
      { "proficiency": "prof_infusion", "required": true } 
                     ]   
  },
{ 
    "result": "q_staff_electric+3",
    "type": "recipe",
    "category": "CC_ARCANE",
    "subcategory": "CSC_ARCANE_WEAPONRY",
    "skill_used": "spellcraft",
    "skills_required": [ "spellcraft", 7 ],
    "difficulty": 7,
    "time": "25 m",
    "book_learn": [ [ "infusion_electric_mid", 1 ] ],
    "qualities": [ { "id": "INFUSION", "level": 1 } ],
    "components": [ [ [ "crystallized_mana", 175 ] ], [ [ "q_staff+3", 1 ] ] ],
    "proficiencies": [
      { "proficiency": "prof_infusion", "required": true } 
                     ]   
  },
{ 
    "result": "shillelagh_electric+3",
    "type": "recipe",
    "category": "CC_ARCANE",
    "subcategory": "CSC_ARCANE_WEAPONRY",
    "skill_used": "spellcraft",
    "skills_required": [ "spellcraft", 7 ],
    "difficulty": 7,
    "time": "25 m",
    "book_learn": [ [ "infusion_electric_mid", 1 ] ],
    "qualities": [ { "id": "INFUSION", "level": 1 } ],
    "components": [ [ [ "crystallized_mana", 175 ] ], [ [ "shillelagh+3", 1 ] ] ],
    "proficiencies": [
      { "proficiency": "prof_infusion", "required": true } 
                     ]   
  },
{ 
    "result": "tonfa_wood_electric+3",
    "type": "recipe",
    "category": "CC_ARCANE",
    "subcategory": "CSC_ARCANE_WEAPONRY",
    "skill_used": "spellcraft",
    "skills_required": [ "spellcraft", 7 ],
    "difficulty": 7,
    "time": "25 m",
    "book_learn": [ [ "infusion_electric_mid", 1 ] ],
    "qualities": [ { "id": "INFUSION", "level": 1 } ],
    "components": [ [ [ "crystallized_mana", 175 ] ], [ [ "tonfa_wood+3", 1 ] ] ],
    "proficiencies": [
      { "proficiency": "prof_infusion", "required": true } 
                     ]   
  },
{ 
    "result": "warhammer_electric+3",
    "type": "recipe",
    "category": "CC_ARCANE",
    "subcategory": "CSC_ARCANE_WEAPONRY",
    "skill_used": "spellcraft",
    "skills_required": [ "spellcraft", 7 ],
    "difficulty": 7,
    "time": "25 m",
    "book_learn": [ [ "infusion_electric_mid", 1 ] ],
    "qualities": [ { "id": "INFUSION", "level": 1 } ],
    "components": [ [ [ "crystallized_mana", 175 ] ], [ [ "warhammer+3", 1 ] ] ],
    "proficiencies": [
      { "proficiency": "prof_infusion", "required": true } 
                     ]   
  },
{ 
    "result": "pitchfork_electric+3",
    "type": "recipe",
    "category": "CC_ARCANE",
    "subcategory": "CSC_ARCANE_WEAPONRY",
    "skill_used": "spellcraft",
    "skills_required": [ "spellcraft", 7 ],
    "difficulty": 7,
    "time": "25 m",
    "book_learn": [ [ "infusion_electric_mid", 1 ] ],
    "qualities": [ { "id": "INFUSION", "level": 1 } ],
    "components": [ [ [ "crystallized_mana", 175 ] ], [ [ "pitchfork+3", 1 ] ] ],
    "proficiencies": [
      { "proficiency": "prof_infusion", "required": true } 
                     ]   
  },
{ 
    "result": "spear_steel_electric+3",
    "type": "recipe",
    "category": "CC_ARCANE",
    "subcategory": "CSC_ARCANE_WEAPONRY",
    "skill_used": "spellcraft",
    "skills_required": [ "spellcraft", 7 ],
    "difficulty": 7,
    "time": "25 m",
    "book_learn": [ [ "infusion_electric_mid", 1 ] ],
    "qualities": [ { "id": "INFUSION", "level": 1 } ],
    "components": [ [ [ "crystallized_mana", 175 ] ], [ [ "spear_steel+3", 1 ] ] ],
    "proficiencies": [
      { "proficiency": "prof_infusion", "required": true } 
                     ]   
  },
{ 
    "result": "qiang_electric+3",
    "type": "recipe",
    "category": "CC_ARCANE",
    "subcategory": "CSC_ARCANE_WEAPONRY",
    "skill_used": "spellcraft",
    "skills_required": [ "spellcraft", 7 ],
    "difficulty": 7,
    "time": "25 m",
    "book_learn": [ [ "infusion_electric_mid", 1 ] ],
    "qualities": [ { "id": "INFUSION", "level": 1 } ],
    "components": [ [ [ "crystallized_mana", 175 ] ], [ [ "qiang+3", 1 ] ] ],
    "proficiencies": [
      { "proficiency": "prof_infusion", "required": true } 
                     ]   
  },
{ 
    "result": "halberd_electric+3",
    "type": "recipe",
    "category": "CC_ARCANE",
    "subcategory": "CSC_ARCANE_WEAPONRY",
    "skill_used": "spellcraft",
    "skills_required": [ "spellcraft", 7 ],
    "difficulty": 7,
    "time": "25 m",
    "book_learn": [ [ "infusion_electric_mid", 1 ] ],
    "qualities": [ { "id": "INFUSION", "level": 1 } ],
    "components": [ [ [ "crystallized_mana", 175 ] ], [ [ "halberd+3", 1 ] ] ],
    "proficiencies": [
      { "proficiency": "prof_infusion", "required": true } 
                     ]   
  },
{ 
    "result": "glaive_electric+3",
    "type": "recipe",
    "category": "CC_ARCANE",
    "subcategory": "CSC_ARCANE_WEAPONRY",
    "skill_used": "spellcraft",
    "skills_required": [ "spellcraft", 7 ],
    "difficulty": 7,
    "time": "25 m",
    "book_learn": [ [ "infusion_electric_mid", 1 ] ],
    "qualities": [ { "id": "INFUSION", "level": 1 } ],
    "components": [ [ [ "crystallized_mana", 175 ] ], [ [ "glaive+3", 1 ] ] ],
    "proficiencies": [
      { "proficiency": "prof_infusion", "required": true } 
                     ]   
  },
{ 
    "result": "naginata_electric+3",
    "type": "recipe",
    "category": "CC_ARCANE",
    "subcategory": "CSC_ARCANE_WEAPONRY",
    "skill_used": "spellcraft",
    "skills_required": [ "spellcraft", 7 ],
    "difficulty": 7,
    "time": "25 m",
    "book_learn": [ [ "infusion_electric_mid", 1 ] ],
    "qualities": [ { "id": "INFUSION", "level": 1 } ],
    "components": [ [ [ "crystallized_mana", 175 ] ], [ [ "naginata+3", 1 ] ] ],
    "proficiencies": [
      { "proficiency": "prof_infusion", "required": true } 
                     ]   
  },
{ 
    "result": "pike_electric+3",
    "type": "recipe",
    "category": "CC_ARCANE",
    "subcategory": "CSC_ARCANE_WEAPONRY",
    "skill_used": "spellcraft",
    "skills_required": [ "spellcraft", 7 ],
    "difficulty": 7,
    "time": "25 m",
    "book_learn": [ [ "infusion_electric_mid", 1 ] ],
    "qualities": [ { "id": "INFUSION", "level": 1 } ],
    "components": [ [ [ "crystallized_mana", 175 ] ], [ [ "pike+3", 1 ] ] ],
    "proficiencies": [
      { "proficiency": "prof_infusion", "required": true } 
                     ]   
  },
{ 
    "result": "bagh_nakha_electric+3",
    "type": "recipe",
    "category": "CC_ARCANE",
    "subcategory": "CSC_ARCANE_WEAPONRY",
    "skill_used": "spellcraft",
    "skills_required": [ "spellcraft", 7 ],
    "difficulty": 7,
    "time": "25 m",
    "book_learn": [ [ "infusion_electric_mid", 1 ] ],
    "qualities": [ { "id": "INFUSION", "level": 1 } ],
    "components": [ [ [ "crystallized_mana", 175 ] ], [ [ "bagh_nakha+3", 1 ] ] ],
    "proficiencies": [
      { "proficiency": "prof_infusion", "required": true } 
                     ]   
  },
{ 
    "result": "cestus_electric+3",
    "type": "recipe",
    "category": "CC_ARCANE",
    "subcategory": "CSC_ARCANE_WEAPONRY",
    "skill_used": "spellcraft",
    "skills_required": [ "spellcraft", 7 ],
    "difficulty": 7,
    "time": "25 m",
    "book_learn": [ [ "infusion_electric_mid", 1 ] ],
    "qualities": [ { "id": "INFUSION", "level": 1 } ],
    "components": [ [ [ "crystallized_mana", 175 ] ], [ [ "cestus+3", 1 ] ] ],
    "proficiencies": [
      { "proficiency": "prof_infusion", "required": true } 
                     ]   
  },
{ 
    "result": "knuckle_brass_electric+3",
    "type": "recipe",
    "category": "CC_ARCANE",
    "subcategory": "CSC_ARCANE_WEAPONRY",
    "skill_used": "spellcraft",
    "skills_required": [ "spellcraft", 7 ],
    "difficulty": 7,
    "time": "25 m",
    "book_learn": [ [ "infusion_electric_mid", 1 ] ],
    "qualities": [ { "id": "INFUSION", "level": 1 } ],
    "components": [ [ [ "crystallized_mana", 175 ] ], [ [ "knuckle_brass+3", 1 ] ] ],
    "proficiencies": [
      { "proficiency": "prof_infusion", "required": true } 
                     ]   
  },
{ 
    "result": "punch_dagger_electric+3",
    "type": "recipe",
    "category": "CC_ARCANE",
    "subcategory": "CSC_ARCANE_WEAPONRY",
    "skill_used": "spellcraft",
    "skills_required": [ "spellcraft", 7 ],
    "difficulty": 7,
    "time": "25 m",
    "book_learn": [ [ "infusion_electric_mid", 1 ] ],
    "qualities": [ { "id": "INFUSION", "level": 1 } ],
    "components": [ [ [ "crystallized_mana", 175 ] ], [ [ "punch_dagger+3", 1 ] ] ],
    "proficiencies": [
      { "proficiency": "prof_infusion", "required": true } 
                     ]   
  }
]