[
{
    "method": "json",
    "om_terrain": "ruined_citadel_blank",
    "//": "Blank pallette for ruined citadels.",
    "type": "mapgen",
    "weight": 100,
    "object": {
      "fill_ter": "t_rock_floor",
      "rows": [
            "                        ",
            "                        ",
            "                        ",
            "                        ",
            "                        ",
            "                        ",
            "                        ",
            "                        ",
            "                        ",
            "                        ",
            "                        ",
            "                        ",
            "                        ",
            "                        ",
            "                        ",
            "                        ",
            "                        ",
            "                        ",
            "                        ",
            "                        ",
            "                        ",
            "                        ",
            "                        ",
            "                        "
      ],
      "palettes": [ "caves" ],
      "place_nested": [
        { "chunks": [ "ruined_citadel_nested" ], "x": 0, "y": 0 },
        { "chunks": [ "ruined_citadel_hall" ], "x": 8, "y": 0 },
        { "chunks": [ "ruined_citadel_nested" ], "x": 16, "y": 0 },
        { "chunks": [ "ruined_citadel_nested" ], "x": 0, "y": 7 },
        { "chunks": [ "ruined_citadel_hall" ], "x": 8, "y": 7 },
        { "chunks": [ "ruined_citadel_nested" ], "x": 16, "y": 7 },
        { "chunks": [ "ruined_citadel_nested" ], "x": 0, "y": 15 },
        { "chunks": [ "ruined_citadel_hall" ], "x": 8, "y": 15 },
        { "chunks": [ "ruined_citadel_nested" ], "x": 16, "y": 15 }
      ]
    }
  },
{
    "method": "json",
    "om_terrain": "ruined_citadel_important",
    "//": "Blank pallette for ruined citadel centers.",
    "type": "mapgen",
    "weight": 100,
    "object": {
      "fill_ter": "t_rock_floor",
      "rows": [
            "                        ",
            "                        ",
            "                        ",
            "                        ",
            "                        ",
            "     wwwwwwwwwwwwww     ",
            "     w            w     ",
            "     w  w000000w  w     ",
            "     w  wwwwwwww  w     ",
            "     w  w000000w  w     ",
            "     w            w     ",
            "     w  w000000w  w     ",
            "     w  wwwwwwww  w     ",
            "     w  w000000w  w     ",
            "     w            w     ",
            "     w            w     ",
            "     wwwwwwhhwwwwww     ",
            "                        ",
            "                        ",
            "                        ",
            "                        ",
            "                        ",
            "                        ",
            "                        "
      ],
      "palettes": [ "caves" ],
      "terrain": { "w": "t_rock_wall", "h": "t_door_c" },
      "furniture": { "0": "f_chest_c" },
      "items": {
                "0": { "item": "coinage", "chance": 70, "repeat": [ 1, 3 ] }
               },
      "place_monsters": [
        { "monster": "GROUP_MTC_undead", "x": [ 1, 23 ], "y": [ 1, 23 ], "density": 0.3 }
      ]
    }
  }  
]