[
	{
    "type": "terrain",
    "id": "t_magical_min_water_dp",
	"looks_like": "t_water_dp",
    "name": "Magical mineral water",
    "description": "A glittering, dazzling shiny crystal clear bubbly body of water water enriched with minerals...you've heard lots of legends of it's magical properties",
	"symbol": "~",
    "color": "light_blue",
    "move_cost": 11,
    "flags": [ "TRANSPARENT", "LIQUID", "NO_SCENT", "SWIMMABLE", "FISHABLE", "DEEP_WATER" ],
    "examine_action": "water_source"
  },
  {
    "type": "terrain",
    "id": "t_magical_torch",
	"looks_like": "torch_lit",
    "name": "Magical elongated torch",
    "description": "A torch burning some sort of magical ever-lasting fire of unknown origin, looking at it soothes you",
    "symbol": ".",
    "color": "yellow",
    "move_cost": 2,
    "roof": "t_flat_roof",
    "light_emitted": 150,
    "flags": [ "TRANSPARENT", "FLAMMABLE_ASH", "SUPPORTS_ROOF", "COLLAPSES", "INDOORS", "FLAT", "ROAD", "MINEABLE", "MOUNTABLE", "PLACE_ITEM" ],
    "bash": {
      "sound": "SMASH!",
      "ter_set": "t_null",
      "str_min": 50,
      "str_max": 400,
      "str_min_supported": 100,
      "items": [ { "item": "splinter", "count": [ 2, 3 ] }, { "item": "stick", "count": [ 1, 2 ] } ]
      }
	}
  
]
