[
{
    "type": "terrain",
    "id": "t_iron_vein",
    "name": "vein of iron ore",
    "description": "A vein of iron.",
    "symbol": "#",
    "color": "dark_gray",
    "move_cost": 0,
    "flags": [ "NOITEM", "SUPPORTS_ROOF", "WALL", "MINEABLE" ],
    "roof": "t_rock_floor",
    "bash": {
      "str_min": 100,
      "str_max": 400,
      "sound": "crash!",
      "sound_fail": "whump!",
      "ter_set": "t_rock_floor",
      "items": [ { "item": "rock", "count": [ 3, 7 ] }, { "item": "chunk_iron_ore", "count": [ 2, 4 ], "prob": 80 } ]
    }
  },
{
    "type": "terrain",
    "id": "t_copper_vein",
    "name": "vein of copper ore",
    "description": "A vein of copper.",
    "symbol": "#",
    "color": "light_red",
    "move_cost": 0,
    "flags": [ "NOITEM", "SUPPORTS_ROOF", "WALL", "MINEABLE" ],
    "roof": "t_rock_floor",
    "bash": {
      "str_min": 100,
      "str_max": 400,
      "sound": "crash!",
      "sound_fail": "whump!",
      "ter_set": "t_rock_floor",
      "items": [ { "item": "rock", "count": [ 3, 7 ] }, { "item": "chunk_copper_ore", "count": [ 2, 4 ], "prob": 80 } ]
    }
  },
{
    "type": "terrain",
    "id": "t_silver_vein",
    "name": "vein of silver ore",
    "description": "A vein of silver.",
    "symbol": "#",
    "color": "black_white",
    "move_cost": 0,
    "flags": [ "NOITEM", "SUPPORTS_ROOF", "WALL", "MINEABLE" ],
    "roof": "t_rock_floor",
    "bash": {
      "str_min": 100,
      "str_max": 400,
      "sound": "crash!",
      "sound_fail": "whump!",
      "ter_set": "t_rock_floor",
      "items": [ { "item": "rock", "count": [ 3, 7 ] }, { "item": "chunk_silver_ore", "count": [ 2, 4 ], "prob": 80 } ]
    }
  },
{
    "type": "terrain",
    "id": "t_garnet_crystal",
    "name": "garnet crystal",
    "description": "A large chunk of garnet.",
    "symbol": "^",
    "color": "red",
    "move_cost": 0,
    "flags": [ "NOITEM", "SUPPORTS_ROOF", "WALL", "MINEABLE" ],
    "roof": "t_rock_floor",
    "bash": {
      "str_min": 100,
      "str_max": 400,
      "sound": "crash!",
      "sound_fail": "whump!",
      "ter_set": "t_rock_floor",
      "items": [ { "item": "rock", "count": [ 3, 7 ] }, { "item": "garnet", "count": [ 40, 55 ], "prob": 100 } ]
    }
  },
{
    "type": "terrain",
    "id": "t_opal_crystal",
    "name": "opal crystal",
    "description": "A large chunk of opal.",
    "symbol": "^",
    "color": "white",
    "move_cost": 0,
    "flags": [ "NOITEM", "SUPPORTS_ROOF", "WALL", "MINEABLE" ],
    "roof": "t_rock_floor",
    "bash": {
      "str_min": 100,
      "str_max": 400,
      "sound": "crash!",
      "sound_fail": "whump!",
      "ter_set": "t_rock_floor",
      "items": [ { "item": "rock", "count": [ 3, 7 ] }, { "item": "opal", "count": [ 40, 55 ], "prob": 100 } ]
    }
  },
{
    "type": "terrain",
    "id": "t_topaz_crystal",
    "name": "topaz crystal",
    "description": "A large chunk of topaz.",
    "symbol": "^",
    "color": "light_blue",
    "move_cost": 0,
    "flags": [ "NOITEM", "SUPPORTS_ROOF", "WALL", "MINEABLE" ],
    "roof": "t_rock_floor",
    "bash": {
      "str_min": 100,
      "str_max": 400,
      "sound": "crash!",
      "sound_fail": "whump!",
      "ter_set": "t_rock_floor",
      "items": [ { "item": "rock", "count": [ 3, 7 ] }, { "item": "blue_topaz", "count": [ 40, 55 ], "prob": 100 } ]
    }
  }        
]