[
{
    "id": "potion_strength_lesser",
    "name": { "str": "potion of strength" },
    "description": "A green liquid, seemingly magical in nature. When consumed, it provides a temporary boost to physical ability.",
    "use_action": { "type": "cast_spell", "spell_id": "strength_effect_item", "no_fail": true, "level": 0 },
    "type": "COMESTIBLE",
    "weight": "265 g",
    "quench": 10,
    "calories": 75,
    "volume": "250ml",
    "charges": 1,
    "fun": -1,
    "healthy": 1,
    "symbol": "~",
    "container": "bottle_glass",
    "color": "green",
    "comestible_type": "DRINK",
    "flags": [ "EATEN_COLD", "NUTRIENT_OVERRIDE" ],
    "phase": "liquid",
    "price": 2500,
    "freezing_point": 40
  },
{
    "id": "potion_strength",
    "type": "COMESTIBLE",
    "name": { "str": "concentrated potion of strength" },
    "copy-from": "potion_strength_lesser",
    "use_action": { "type": "cast_spell", "spell_id": "strength_effect_item", "no_fail": true, "level": 5 },
    "price": 10000
  },
{
    "id": "potion_strength_greater",
    "type": "COMESTIBLE",
    "name": { "str": "elixer of strength" },
    "copy-from": "potion_strength_lesser",
    "use_action": { "type": "cast_spell", "spell_id": "strength_effect_item", "no_fail": true, "level": 10 },
    "price": 20000
  },
{
    "id": "potion_speed_lesser",
    "name": { "str": "potion of haste" },
    "description": "A green liquid, seemingly magical in nature. When consumed, it provides a temporary boost to physical speed.",
    "use_action": { "type": "cast_spell", "spell_id": "speed_effect_item", "no_fail": true, "level": 0 },
    "type": "COMESTIBLE",
    "weight": "265 g",
    "quench": 10,
    "calories": 75,
    "volume": "250ml",
    "charges": 1,
    "fun": -1,
    "healthy": 1,
    "symbol": "~",
    "container": "bottle_glass",
    "color": "green",
    "comestible_type": "DRINK",
    "flags": [ "EATEN_COLD", "NUTRIENT_OVERRIDE" ],
    "phase": "liquid",
    "price": 2500,
    "freezing_point": 40
  },
{
    "id": "potion_speed",
    "type": "COMESTIBLE",
    "name": { "str": "concentrated potion of haste" },
    "copy-from": "potion_strength_lesser",
    "use_action": { "type": "cast_spell", "spell_id": "speed_effect_item", "no_fail": true, "level": 5 },
    "price": 10000
  },
{
    "id": "potion_speed_greater",
    "type": "COMESTIBLE",
    "name": { "str": "elixer of haste" },
    "copy-from": "potion_strength_lesser",
    "use_action": { "type": "cast_spell", "spell_id": "speed_effect_item", "no_fail": true, "level": 10 },
    "price": 20000
  },
{
    "id": "potion_sight_lesser",
    "name": { "str": "potion of vision" },
    "description": "A green liquid, seemingly magical in nature. When consumed, it provides a temporary boost to sight and perception.",
    "use_action": { "type": "cast_spell", "spell_id": "sight_effect_item", "no_fail": true, "level": 0 },
    "type": "COMESTIBLE",
    "weight": "265 g",
    "quench": 10,
    "calories": 75,
    "volume": "250ml",
    "charges": 1,
    "fun": -1,
    "healthy": 1,
    "symbol": "~",
    "container": "bottle_glass",
    "color": "green",
    "comestible_type": "DRINK",
    "flags": [ "EATEN_COLD", "NUTRIENT_OVERRIDE" ],
    "phase": "liquid",
    "price": 2500,
    "freezing_point": 40
  },
{
    "id": "potion_sight",
    "type": "COMESTIBLE",
    "name": { "str": "concentrated potion of vision" },
    "copy-from": "potion_sight_lesser",
    "use_action": { "type": "cast_spell", "spell_id": "sight_effect_item", "no_fail": true, "level": 5 },
    "price": 10000
  },
{
    "id": "potion_sight_greater",
    "type": "COMESTIBLE",
    "name": { "str": "elixer of vision" },
    "copy-from": "potion_sight_lesser",
    "use_action": { "type": "cast_spell", "spell_id": "sight_effect_item", "no_fail": true, "level": 10 },
    "price": 20000
  },
{
    "id": "potion_cleanse_lesser",
    "//": "Does not heal, but effects the 'health' status.",
    "name": { "str": "potion of bodily health" },
    "description": "A green liquid, seemingly magical in nature. When consumed, it improves overall health at the cost of stamina.",
    "use_action": { "type": "cast_spell", "spell_id": "cleanse_effect_item", "no_fail": true, "level": 0 },
    "type": "COMESTIBLE",
    "weight": "265 g",
    "quench": 10,
    "calories": 75,
    "volume": "250ml",
    "charges": 1,
    "fun": -1,
    "healthy": 1,
    "symbol": "~",
    "container": "bottle_glass",
    "color": "green",
    "comestible_type": "DRINK",
    "flags": [ "EATEN_COLD", "NUTRIENT_OVERRIDE" ],
    "phase": "liquid",
    "price": 2500,
    "freezing_point": 40
  },
{
    "id": "potion_cleanse",
    "type": "COMESTIBLE",
    "name": { "str": "concentrated potion of bodily health" },
    "copy-from": "potion_cleanse_lesser",
    "use_action": { "type": "cast_spell", "spell_id": "cleanse_effect_item", "no_fail": true, "level": 5 },
    "price": 10000
  },
{
    "id": "potion_cleanse_greater",
    "type": "COMESTIBLE",
    "name": { "str": "elixer of bodily health" },
    "copy-from": "potion_cleanse_lesser",
    "use_action": { "type": "cast_spell", "spell_id": "cleanse_effect_item", "no_fail": true, "level": 10 },
    "price": 20000
  },
{
    "id": "potion_disinfect",
    "name": { "str": "disinfectious potion" },
    "description": "A green liquid, seemingly magical in nature. When consumed, it can halt or cure wound infection. It has a notoriously sour taste.",
    "use_action": [ "ANTIBIOTIC" ],
    "type": "COMESTIBLE",
    "weight": "265 g",
    "quench": 10,
    "calories": 75,
    "volume": "250ml",
    "charges": 1,
    "fun": -5,
    "healthy": -5,
    "symbol": "~",
    "container": "bottle_glass",
    "color": "green",
    "comestible_type": "DRINK",
    "flags": [ "EATEN_COLD", "NUTRIENT_OVERRIDE" ],
    "phase": "liquid",
    "price": 25000,
    "freezing_point": 40
  },
{
    "id": "potion_antipara_lesser",
    "name": { "str": "potion of anti-paralysis" },
    "description": "A green liquid, seemingly magical in nature. When consumed, it is capable of undoing and blocking paralysis.",
    "use_action": { "type": "cast_spell", "spell_id": "antipara_effect_item", "no_fail": true, "level": 0 },
    "type": "COMESTIBLE",
    "weight": "265 g",
    "quench": 10,
    "calories": 75,
    "volume": "250ml",
    "charges": 1,
    "fun": -1,
    "healthy": 1,
    "symbol": "~",
    "container": "bottle_glass",
    "color": "green",
    "comestible_type": "DRINK",
    "flags": [ "EATEN_COLD", "NUTRIENT_OVERRIDE" ],
    "phase": "liquid",
    "price": 25000,
    "freezing_point": 40
  },
{
    "id": "potion_antipara",
    "type": "COMESTIBLE",
    "name": { "str": "concentrated potion of anti-paralysis" },
    "copy-from": "potion_antipara_lesser",
    "use_action": { "type": "cast_spell", "spell_id": "antipara_effect_item", "no_fail": true, "level": 5 },
    "price": 10000
  },
{
    "id": "potion_antipara_greater",
    "type": "COMESTIBLE",
    "name": { "str": "elixer of anti-paralysis" },
    "copy-from": "potion_antipara_lesser",
    "use_action": { "type": "cast_spell", "spell_id": "antipara_effect_item", "no_fail": true, "level": 10 },
    "price": 20000
  }
]