[
{
    "id": "fire_protection_lesser",
    "name": { "str": "potion of fire protection" },
    "description": "A dark red liquid, seemingly magical in nature. When consumed, it boosts your resistance to heat.",
    "use_action": { "type": "cast_spell", "spell_id": "fire_protect_item", "no_fail": true, "level": 0 },
    "type": "COMESTIBLE",
    "weight": "265 g",
    "quench": 10,
    "calories": 75,
    "volume": "250ml",
    "charges": 1,
    "fun": -1,
    "healthy": 1,
    "symbol": "~",
    "container": "bottle_glass",
    "color": "red",
    "comestible_type": "DRINK",
    "flags": [ "EATEN_COLD", "NUTRIENT_OVERRIDE" ],
    "phase": "liquid",
    "price": 2500,
    "freezing_point": 40
  },
{
    "id": "fire_protection",
    "type": "COMESTIBLE",
    "name": { "str": "concentrated potion of fire protection" },
    "copy-from": "fire_protection_lesser",
    "use_action": { "type": "cast_spell", "spell_id": "fire_protect_item", "no_fail": true, "level": 5 },
    "price": 10000
  },
{
    "id": "fire_protection_greater",
    "type": "COMESTIBLE",
    "name": { "str": "elixer of fire protection" },
    "copy-from": "fire_protection_lesser",
    "use_action": { "type": "cast_spell", "spell_id": "fire_protect_item", "no_fail": true, "level": 10 },
    "price": 20000
  },
{
    "id": "fire_breath_lesser",
    "name": { "str": "potion of firey breath" },
    "description": "A dark red liquid, seemingly magical in nature. When consumed, it allows you to spew liquid fire.",
    "use_action": { "type": "cast_spell", "spell_id": "mage_burning_hands", "no_fail": true, "level": 0 },
    "type": "COMESTIBLE",
    "weight": "265 g",
    "quench": 10,
    "calories": 75,
    "volume": "250ml",
    "charges": 1,
    "fun": -1,
    "healthy": 1,
    "symbol": "~",
    "container": "bottle_glass",
    "color": "red",
    "comestible_type": "DRINK",
    "flags": [ "EATEN_COLD", "NUTRIENT_OVERRIDE" ],
    "phase": "liquid",
    "price": 2500,
    "freezing_point": 40
  },
{
    "id": "fire_breath",
    "type": "COMESTIBLE",
    "name": { "str": "concentrated potion of firey breath" },
    "copy-from": "fire_breath_lesser",
    "use_action": { "type": "cast_spell", "spell_id": "mage_burning_hands", "no_fail": true, "level": 5 },
    "price": 10000
  },
{
    "id": "fire_breath_greater",
    "type": "COMESTIBLE",
    "name": { "str": "elixer of firey breath" },
    "copy-from": "fire_breath_lesser",
    "use_action": { "type": "cast_spell", "spell_id": "mage_burning_hands", "no_fail": true, "level": 10 },
    "price": 20000
  },
{
    "id": "alchemists_fire",
    "type": "TOOL",
    "category": "weapons",
    "name": { "str": "alchemists fire" },
    "description": "This is a bottle of flammable liquid, with a rag inserted. Several runes have been carved along its surface, which now glow red, and could be used to ignite the rag.",
    "weight": "742 g",
    "volume": "750 ml",
    "price": 500,
    "price_postapoc": 500,
    "to_hit": 1,
    "bashing": 5,
    "material": [ "glass", "cotton" ],
    "symbol": "*",
    "color": "light_gray",
    "initial_charges": 1,
    "max_charges": 1,
    "use_action": {
      "need_wielding": true,
      "target": "alchemists_fire_lit",
      "msg": "The alchemist's fire combusts!",
      "target_charges": 1,
      "active": true,
      "moves": 75,
      "menu_text": "Activate runes",
      "type": "transform"
    },
    "flags": [ "NPC_ACTIVATE", "NO_REPAIR" ]
  },
  {
    "id": "alchemists_fire_lit",
    "type": "TOOL",
    "category": "weapons",
    "name": { "str": "alchemists fire" },
    "description": "A bottle of flammable liquid with a flaming rag stoppered in its neck.  Throwing it will shatter the bottle on impact and ignite a fireball.  Dropping it will set you on fire, so don't do that unless you want to burn to death.",
    "weight": "742 g",
    "volume": "750 ml",
    "price": 0,
    "price_postapoc": 0,
    "to_hit": 1,
    "bashing": 5,
    "material": [ "glass", "cotton" ],
    "symbol": "*",
    "color": "light_gray",
    "initial_charges": 1,
    "max_charges": 1,
    "turns_per_charge": 1,
    "use_action": [ "MOLOTOV_LIT" ],
    "flags": [ "LIGHT_15", "TRADER_AVOID", "NPC_THROW_NOW", "NO_REPAIR", "WATER_EXTINGUISH" ]
  },
{
    "id": "pain_reduction_lesser",
    "name": { "str": "potion of numb" },
    "description": "A dark red liquid, seemingly magical in nature. When consumed, it increases bloodflow throughout the body, reducing pain as a result.",
    "use_action": {
      "type": "consume_drug",
      "activation_message": "You drink deeply.",
      "effects": [ { "id": "pkill1", "duration": 720 } ]
    },
    "type": "COMESTIBLE",
    "weight": "265 g",
    "quench": 10,
    "calories": 75,
    "volume": "250ml",
    "charges": 1,
    "fun": -1,
    "healthy": 1,
    "symbol": "~",
    "container": "bottle_glass",
    "color": "red",
    "comestible_type": "DRINK",
    "flags": [ "EATEN_COLD", "NUTRIENT_OVERRIDE" ],
    "phase": "liquid",
    "price": 2500,
    "freezing_point": 40
  },
{
    "id": "pain_reduction",
    "type": "COMESTIBLE",
    "name": { "str": "concentrated potion of numb" },
    "copy-from": "pain_reduction_lesser",
    "use_action": {
      "type": "consume_drug",
      "activation_message": "You drink deeply.",
      "effects": [ { "id": "pkill1", "duration": 940 } ]
    },
       "price": 10000
    },
{
    "id": "pain_reduction_greater",
    "type": "COMESTIBLE",
    "name": { "str": "elixer of numb" },
    "copy-from": "pain_reduction_lesser",
    "use_action": {
      "type": "consume_drug",
      "activation_message": "You drink deeply.",
      "effects": [ { "id": "pkill1", "duration": 1160 } ]
    },
    "price": 20000
  },
{
    "id": "battle_potion_lesser",
    "name": { "str": "potion of war" },
    "description": "A dark red liquid, seemingly magical in nature. When consumed, it triggers the release of several hormones, giving an adrenaline-like effect.",
    "use_action": {
      "type": "consume_drug",
      "activation_message": "You drink deeply.",
      "effects": [ { "id": "adrenaline", "duration": 300 } ]
    },
    "type": "COMESTIBLE",
    "weight": "265 g",
    "quench": 10,
    "calories": 75,
    "volume": "250ml",
    "charges": 1,
    "fun": -1,
    "healthy": 1,
    "symbol": "~",
    "container": "bottle_glass",
    "color": "red",
    "comestible_type": "DRINK",
    "flags": [ "EATEN_COLD", "NUTRIENT_OVERRIDE" ],
    "phase": "liquid",
    "price": 2500,
    "freezing_point": 40
  },
{
    "id": "battle_potion",
    "type": "COMESTIBLE",
    "name": { "str": "concentrated potion of war" },
    "copy-from": "battle_potion_lesser",
    "use_action": {
      "type": "consume_drug",
      "activation_message": "You drink deeply.",
      "effects": [ { "id": "adrenaline", "duration": 600 } ]
    },
       "price": 10000
    },
{
    "id": "battle_potion_greater",
    "type": "COMESTIBLE",
    "name": { "str": "elixer of war" },
    "copy-from": "battle_potion_lesser",
    "use_action": {
      "type": "consume_drug",
      "activation_message": "You drink deeply.",
      "effects": [ { "id": "adrenaline", "duration": 600 } ]
    },
    "price": 20000
  }
]