[
 {
    "id": "potion_eldritch_power",
    "name": { "str": "potion of eldritch power" },
    "description": "A deep purple, almost black liquid. It gives off a strange odor, and you can see small particles of some forgein substance floating in it. It seems magical, though awful to drink.",
    "use_action": { "type": "cast_spell", "spell_id": "eldritch_effect_item", "no_fail": true, "level": 5 },
    "type": "COMESTIBLE",
    "weight": "265 g",
    "quench": 10,
    "calories": 75,
    "volume": "250ml",
    "charges": 1,
    "fun": -10,
    "healthy": 1,
    "symbol": "~",
    "container": "bottle_glass",
    "color": "black",
    "comestible_type": "DRINK",
    "flags": [ "EATEN_COLD", "NUTRIENT_OVERRIDE" ],
    "phase": "liquid",
    "price": 10000,
    "freezing_point": 40
  }
]