[
{
    "id": "cold_protection_lesser",
    "name": { "str": "potion of cold protection" },
    "description": "A blue liquid, seemingly magical in nature. When consumed, it boosts your resistance to the cold.",
    "use_action": { "type": "cast_spell", "spell_id": "ice_protect_item", "no_fail": true, "level": 0 },
    "type": "COMESTIBLE",
    "weight": "265 g",
    "quench": 10,
    "calories": 75,
    "volume": "250ml",
    "charges": 1,
    "fun": -1,
    "healthy": 1,
    "symbol": "~",
    "container": "bottle_glass",
    "color": "blue",
    "comestible_type": "DRINK",
    "flags": [ "EATEN_COLD", "NUTRIENT_OVERRIDE" ],
    "phase": "liquid",
    "price": 2500,
    "freezing_point": 40
  },
{
    "id": "cold_protection",
    "type": "COMESTIBLE",
    "name": { "str": "concentrated potion of cold protection" },
    "copy-from": "cold_protection_lesser",
    "use_action": { "type": "cast_spell", "spell_id": "ice_protect_item", "no_fail": true, "level": 5 },
    "price": 10000
  },
{
    "id": "cold_protection_greater",
    "type": "COMESTIBLE",
    "name": { "str": "elixer of cold protection" },
    "copy-from": "cold_protection_lesser",
    "use_action": { "type": "cast_spell", "spell_id": "ice_protect_item", "no_fail": true, "level": 10 },
    "price": 20000
  },
{
    "id": "stamina_boost_lesser",
    "name": { "str": "potion of bodily cool" },
    "description": "A blue liquid, seemingly magical in nature. When consumed, it helps regulate muscle temperature, providing a boost to stamina at the cost of speed.",
    "use_action": { "type": "cast_spell", "spell_id": "mc_effect_item", "no_fail": true, "level": 0 },
    "type": "COMESTIBLE",
    "weight": "265 g",
    "quench": 10,
    "calories": 75,
    "volume": "250ml",
    "charges": 1,
    "fun": -1,
    "healthy": 1,
    "symbol": "~",
    "container": "bottle_glass",
    "color": "blue",
    "comestible_type": "DRINK",
    "flags": [ "EATEN_COLD", "NUTRIENT_OVERRIDE" ],
    "phase": "liquid",
    "price": 2500,
    "freezing_point": 40
  },
{
    "id": "stamina_boost",
    "type": "COMESTIBLE",
    "name": { "str": "concentrated potion of bodily cool" },
    "copy-from": "stamina_boost_lesser",
    "use_action": { "type": "cast_spell", "spell_id": "mc_effect_item", "no_fail": true, "level": 5 },
    "price": 10000
  },
{
    "id": "stamina_boost_greater",
    "type": "COMESTIBLE",
    "name": { "str": "elixer of bodily cool" },
    "copy-from": "stamina_boost_lesser",
    "use_action": { "type": "cast_spell", "spell_id": "mc_effect_item", "no_fail": true, "level": 10 },
    "price": 20000
  },
{
    "id": "water_breath_lesser",
    "name": { "str": "potion of water breathing" },
    "description": "A blue liquid, seemingly magical in nature. When consumed, it allows you to breathe while underwater.",
    "use_action": { "type": "cast_spell", "spell_id": "water_breathe_item", "no_fail": true, "level": 0 },
    "type": "COMESTIBLE",
    "weight": "265 g",
    "quench": 10,
    "calories": 75,
    "volume": "250ml",
    "charges": 1,
    "fun": -1,
    "healthy": 1,
    "symbol": "~",
    "container": "bottle_glass",
    "color": "blue",
    "comestible_type": "DRINK",
    "flags": [ "EATEN_COLD", "NUTRIENT_OVERRIDE" ],
    "phase": "liquid",
    "price": 2500,
    "freezing_point": 40
  },
{
    "id": "water_breath",
    "type": "COMESTIBLE",
    "name": { "str": "concentrated potion of water breathing" },
    "copy-from": "water_breath_lesser",
    "use_action": { "type": "cast_spell", "spell_id": "water_breathe_item", "no_fail": true, "level": 5 },
    "price": 10000
  },
{
    "id": "water_breath_greater",
    "type": "COMESTIBLE",
    "name": { "str": "elixer of water breathing" },
    "copy-from": "water_breath_lesser",
    "use_action": { "type": "cast_spell", "spell_id": "water_breathe_item", "no_fail": true, "level": 10 },
    "price": 20000
  },
{
    "id": "euphoria_lesser",
    "name": { "str": "potion of euphoria" },
    "description": "A blue liquid, seemingly magical in nature. When consumed, it produces a euphoric high, supresses pain, and induces hallucinations.",
    "use_action": { 
      "type": "consume_drug",
      "effects": [
        { "id": "weed_high", "duration": "180 m" },
        { "id": "pkill1", "duration": "120 m" },
        { "id": "pkill2", "duration": "5 m" },
        { "id": "high", "duration": "60 m" },
        { "id": "smoke", "duration": "1 m" },
        { "id": "hallu", "duration": 3600 }
      ],
      "moves": 6000 },
    "type": "COMESTIBLE",
    "weight": "265 g",
    "quench": 10,
    "calories": 75,
    "volume": "250ml",
    "charges": 1,
    "fun": 20,
    "healthy": 1,
    "symbol": "~",
    "container": "bottle_glass",
    "color": "blue",
    "comestible_type": "DRINK",
    "flags": [ "EATEN_COLD", "NUTRIENT_OVERRIDE" ],
    "phase": "liquid",
    "price": 2500,
    "freezing_point": 40
  },
{
    "id": "potion_beauty_lesser",
    "name": { "str": "potion of beauty" },
    "description": "A blue liquid, seemingly magical in nature. When consumed, it makes oneself beautiful for some time.",
    "use_action": { "type": "cast_spell", "spell_id": "beauty_item", "no_fail": true, "level": 0 },
    "type": "COMESTIBLE",
    "weight": "265 g",
    "quench": 10,
    "calories": 75,
    "volume": "250ml",
    "charges": 1,
    "fun": -1,
    "healthy": 1,
    "symbol": "~",
    "container": "bottle_glass",
    "color": "blue",
    "comestible_type": "DRINK",
    "flags": [ "EATEN_COLD", "NUTRIENT_OVERRIDE" ],
    "phase": "liquid",
    "price": 5000,
    "freezing_point": 40
  },
{
    "id": "potion_beauty",
    "type": "COMESTIBLE",
    "name": { "str": "concentrated potion of beauty" },
    "copy-from": "potion_beauty_lesser",
    "use_action": { "type": "cast_spell", "spell_id": "beauty_item", "no_fail": true, "level": 5 },
    "price": 20000
  },
{
    "id": "potion_beauty_greater",
    "type": "COMESTIBLE",
    "name": { "str": "elixer of beauty" },
    "copy-from": "potion_beauty_lesser",
    "use_action": { "type": "cast_spell", "spell_id": "beauty_item", "no_fail": true, "level": 10 },
    "price": 40000
  }
]