[
{
    "type": "talk_topic",
    "id": "TALK_NPC_GUILD_MASTER",
    "dynamic_line": [ "Hello there. Can I help you with anything?" ],
    "responses": [
                {
		"text": "Who are you?",
		"topic": "TALK_NPC_GUILD_MASTER_WHO"
		},
                { 
                "text": "Does the guild need anything done?", 
                "topic": "TALK_CULT_JOBS" ,
                "condition": { "npc_has_var": "u_joined_guild_chapter", "type": "general", "context": "mission" }
                },
		{
		"text": "Goodbye.",
		"topic": "TALK_DONE"
		}
    ]
  },
{
    "type": "talk_topic",
    "id": "TALK_NPC_GUILD_MASTER_WHO",
    "dynamic_line": [ "Me? I'm the guild master of this chapter. I manage the supplies and mettings in this area." ],
    "responses": [
                {
		"text": "Do you think I could join the guild?",
		"topic": "TALK_NPC_GUILD_MASTER_JOIN",
                "condition": { "not": { "npc_has_var": "u_joined_guild_chapter", "type": "general", "context": "mission" } } 
		},
		{
		"text": "Wow.",
		"topic": "TALK_DONE"
		}
    ]
  },
{
    "type": "talk_topic",
    "id": "TALK_NPC_GUILD_MASTER_JOIN",
    "dynamic_line": [ "That requires a process of application, along with a membership fee. Bring me 25 silver, and you're a member." ],
    "responses": [
                {
		"text": "Sure.",
		"topic": "TALK_DONE",
                "effect": [ { "add_mission": "MISSION_JOIN_GUILD" } ] 
		},
		{
		"text": "No thanks.",
		"topic": "TALK_DONE"
		}
    ]
  }    
]