[
 {
    "id": "mu_spell_armor",
	"type": "SPELL",
	"name": "Mage Armor",
	"description": "You conjure a phantasmal protective aura around thyself.",
	"message": "you cast %s",
	"valid_targets": [ "self" ],
	"effect": "spawn_item",
        "shape": "blast",
	"effect_str": "phantasmal_armor",
	"flags": [ "VERBAL", "SOMATIC", "NO_LEGS" ],
	"spell_class": "MAGE",
	"energy_source": "MANA",
        "skill": "spellcraft",
	"difficulty": 1,
	"max_level": 10,
	"base_casting_time": 100,
	"casting_time_increment": -1,
    "final_casting_time": 80,
	"base_energy_cost": 100,
	"energy_increment": -1,
    "final_energy_cost": 80,
	"min_damage": 1,
	"max_damage": 1,
	"min_duration": 60000,
	"max_duration": 120000,
	"duration_increment": 10000
  },
 {
    "id": "mu_spell_quicken_step",
	"type": "SPELL",
	"name": "Quicken Step",
	"description": "This is a spell that lets you move fast.",
	"message": "you cast %s",
	"valid_targets": [ "self"],
	"effect": "spawn_item",
        "shape": "blast",
	"effect_str": "mu_quicken_step_token",
	"flags": [ "VERBAL", "SOMATIC" ],
	"spell_class": "MAGE",
	"energy_source": "MANA",
	"skill": "spellcraft",
	"difficulty": 1,
	"max_level": 10,
	"base_casting_time": 100,
	"casting_time_increment": -1,
    "final_casting_time": 80,
	"base_energy_cost": 100,
	"energy_increment": -1,
    "final_energy_cost": 80,
	"min_damage": 1,
	"max_damage": 1,
	"min_duration": 60000,
	"max_duration": 120000,
	"duration_increment": 10000
  },
{
    "id": "mu_spell_nightsight",
	"type": "SPELL",
	"name": "Nightsight",
	"description": "Eyeball magic, normally you don't like casting magic near your eyes, but just this once...",
	"message": "you cast %s",
	"valid_targets": [ "self" ],
	"effect": "attack",
        "shape": "blast",
	"effect_str": "mu_nightsight_eff",
	"flags": [ "SILENT", "NO_HANDS" ],
	"spell_class": "MAGE",
	"energy_source": "MANA",
	"skill": "spellcraft",
	"difficulty": 2,
	"max_level": 5,
	"base_casting_time": 300,
    "final_casting_time": 300,
	"base_energy_cost": 200,
    "final_energy_cost": 200,
	"min_duration": 30000,
	"max_duration": 90000,
	"duration_increment": 10000
  },
{
    "id": "mu_spell_light",
	"type": "SPELL",
	"name": "Light",
	"description": "Shine bright like a diamond.",
	"valid_targets": [ "self" ],
	"effect": "spawn_item",
        "shape": "blast",
	"effect_str": "mu_light_item",
	"flags": [ "SILENT", "NO_HANDS" ],
	"spell_class": "MAGE",
	"energy_source": "MANA",
	"skill": "spellcraft",
	"base_casting_time": 300,
    "final_casting_time": 300,
	"base_energy_cost": 100,
    "final_energy_cost": 100,
	"difficulty": 1,
	"max_level": 10,
	"min_damage": 1,
	"max_damage": 1,
	"min_duration": 300000,
	"max_duration": 1200000,
	"duration_increment": 15000
  },
{
    "id": "mu_spell_darkness",
	"type": "SPELL",
	"name": "Darkness",
	"description": "This spell creates a field of darkness, blocking out all light.",
	"valid_targets": [ "hostile", "ground", "self" ],
	"effect": "attack",
        "shape": "blast",
	"spell_class": "MAGE",
	"flags": [ "VERBAL", "SOMATIC", "NO_LEGS" ],
	"energy_source": "MANA",
	"skill": "spellcraft",
	"difficulty": 2,
	"base_casting_time": 150,
	"base_energy_cost": 200,
	"max_level": 10,
	"min_aoe": 2,
	"max_aoe": 5,
	"aoe_increment": 0.5,
	"min_range": 10,
	"max_range": 15,
	"range_increment": 0.50,
	"min_duration": 5000,
	"max_duration": 20000,
	"duration_increment": 1000,
	"field_id": "fd_shadow",
	"field_chance": 1,
	"min_field_intensity": 1,
	"max_field_intensity": 3,
	"field_intensity_increment": 0.20
  },
{
    "id": "mu_spell_hold",
	"type": "SPELL",
	"name": "Hold",
	"description": "If this is cast on a monsters hand they are magically forced to hold hands with you, that's why you learned this spell.",
	"message": "you cast %s",
	"valid_targets": [ "hostile", "ally" ],
	"effect": "mod_moves",
        "shape": "blast",
	"flags": [ "SILENT", "VERBAL", "SOMATIC" ],
	"spell_class": "MAGE",
	"energy_source": "MANA",
	"skill": "spellcraft",
	"difficulty": 2,
	"max_level": 10,
	"base_casting_time": 100,
	"casting_time_increment": -1,
    "final_casting_time": 80,
	"base_energy_cost": 100,
	"energy_increment": -1,
    "final_energy_cost": 80,
	"min_damage": -500,
	"max_damage": -3000,
	"damage_increment": -250,
	"min_range": 5,
	"max_range": 10,
	"range_increment": 1,
	"field_id": "fd_null",
	"field_chance": 1,
	"min_field_intensity": 1,
	"max_field_intensity": 1,
	"field_intensity_increment": 0.25,
	"field_intensity_variance": 0.1
  },
{
    "id": "mu_spell_blur",
	"type": "SPELL",
	"name": "Blur",
	"description": "When you tried learning this spell the ink was all blurry, maybe it was intentional?",
	"message": "you cast %s",
	"valid_targets": [ "self" ],
	"effect": "spawn_item",
        "shape": "blast",
	"effect_str": "mage_active_blur_token",
	"flags": [ "VERBAL", "SOMATIC" ],
	"spell_class": "MAGE",
	"energy_source": "MANA",
	"skill": "spellcraft",
	"difficulty": 2,
	"max_level": 10,
	"base_casting_time": 100,
	"casting_time_increment": -1,
    "final_casting_time": 80,
	"base_energy_cost": 100,
	"energy_increment": -1,
    "final_energy_cost": 80,
	"min_damage": 1,
	"max_damage": 1,
	"min_duration": 3000,
	"max_duration": 6000,
	"duration_increment": 250
  },
{
    "id": "mu_spell_armor_elemental",
	"type": "SPELL",
	"name": "Elemenatal Armor",
	"description": "From the elements, you shield yourself.",
	"message": "you cast %s",
	"valid_targets": [ "self" ],
	"effect": "spawn_item",
        "shape": "blast",
	"effect_str": "elemental_armor",
	"flags": [ "VERBAL", "SOMATIC" ],
	"spell_class": "MAGE",
	"energy_source": "MANA",
	"skill": "spellcraft",
	"difficulty": 1,
	"max_level": 10,
	"base_casting_time": 100,
	"casting_time_increment": -1,
    "final_casting_time": 80,
	"base_energy_cost": 100,
	"energy_increment": -1,
    "final_energy_cost": 80,
	"min_damage": 1,
	"max_damage": 1,
	"min_duration": 60000,
	"max_duration": 120000,
	"duration_increment": 10000
  },
{
    "id": "mage_burning_hands",
    "type": "SPELL",
    "name": "Burning Hands",
    "description": "You project a cone of fire.",
    "valid_targets": [ "ally", "hostile", "ground" ],
    "effect": "attack",
    "shape": "cone",
    "damage_type": "heat",
    "base_casting_time": 100,
    "base_energy_cost": 100,
    "energy_source": "MANA",
    "spell_class": "MAGE",
    "skill": "spellcraft",
    "flags": [ "SOMATIC", "VERBAL", "CONCENTRATE", "IGNITE_FLAMMABLE" ],
    "difficulty": 1,
    "max_level": 20,
    "min_damage": 18,
    "max_damage": 60,
    "damage_increment": 2.1,
    "min_range": 3,
    "max_range": 8,
    "range_increment": 0.25,
    "min_aoe": 15,
    "max_aoe": 15,
    "aoe_increment": 0
  },
{
    "id": "arcane_bolt_projectile",
    "type": "SPELL",
    "name": "arcane bolt projectile",
    "description": "the projectile for Arcane Bolt",
    "message": "",
    "valid_targets": [ "hostile", "ally", "ground" ],
    "flags": [ "VERBAL", "SOMATIC", "NO_LEGS", "SILENT" ],
    "min_damage": 5,
    "damage_increment": 1.5,
    "damage_type": "pure",
    "max_damage": 20,
    "min_range": 8,
    "range_increment": 0.8,
    "max_range": 20,
    "base_energy_cost": 0,
    "spell_class": "MAGE",
    "skill": "spellcraft",
    "difficulty": 1,
    "max_level": 15,
    "base_casting_time": 100,
    "energy_source": "MANA",
    "shape": "blast",
    "effect": "attack"
  },
{
    "id": "arcane_bolt",
    "type": "SPELL",
    "name": "Arcane Bolt",
    "description": "You fire a projectile of pure magic. As your knowledge of the spell increases, you may fire a greater number of stronger bolts.",
    "valid_targets": [ "hostile", "ally", "ground" ],
    "flags": [ "VERBAL", "SOMATIC", "NO_LEGS" ],
    "min_damage": 1,
    "damage_increment": 0.15,
    "max_damage": 4,
    "min_range": 8,
    "range_increment": 0.8,
    "max_range": 20,
    "base_energy_cost": 175,
    "spell_class": "MAGE",
    "skill": "spellcraft",
    "difficulty": 2,
    "max_level": 20,
    "base_casting_time": 100,
    "energy_source": "MANA",
    "shape": "blast",
    "effect": "attack",
    "extra_effects": [
      { "id": "arcane_bolt_projectile" },
      { "id": "arcane_bolt_projectile" },
      { "id": "arcane_bolt_projectile" },
      { "id": "arcane_bolt_projectile" }
    ]
  },
{
    "id": "firebolt",
    "type": "SPELL",
    "name": "Firebolt",
    "description": "You launch a sphere of fire.",
    "valid_targets": [ "hostile", "self", "ground", "ally" ],
    "flags": [ "CONCENTRATE", "SOMATIC", "NO_LEGS", "IGNITE_FLAMMABLE" ],
    "effect": "attack",
    "shape": "blast",
    "damage_type": "heat",
    "min_damage": 1,
    "damage_increment": 0.95,
    "max_damage": 20,
    "min_range": 3,
    "range_increment": 0.4,
    "max_range": 11,
    "base_energy_cost": 50,
    "spell_class": "MAGE",
    "skill": "spellcraft",
    "difficulty": 0,
    "max_level": 20,
    "base_casting_time": 100,
    "energy_source": "MANA"
  },
{
    "id": "magic_stone_mage",
    "type": "SPELL",
    "name": { "str": "Magic Stone" },
    "description": "You touch bits of debris upon the ground, imbuning them with magic and shaping them to pellets.",
    "effect": "spawn_item",
    "shape": "blast",
    "effect_str": "pebble_mana",
    "valid_targets": [ "self" ],
    "spell_class": "MAGE",
    "flags": [ "SOMATIC", "VERBAL" ],
    "max_level": 10,
    "min_damage": 3,
    "max_damage": 7,
    "damage_increment": 0.4,
    "min_duration": 7000,
    "max_duration": 20000,
    "duration_increment": 1300,
    "base_casting_time": 100,
    "base_energy_cost": 25,
    "energy_source": "MANA",
    "skill": "spellcraft",
    "difficulty": 2
  },
{
    "id": "freeze",
    "type": "SPELL",
    "name": "Freeze",
    "description": "You concentrate ice magic within your hands, freezing the target. However, the rush of air generated by this spell can harm you.",
    "valid_targets": [ "hostile", "self", "ally", "ground" ],
    "min_damage": 10,
    "max_damage": 75,
    "damage_increment": 2.6,
    "damage_type": "cold",
    "min_range": 1,
    "max_range": 1,
    "effect": "attack",
    "shape": "blast",
    "base_casting_time": 85,
    "base_energy_cost": 125,
    "spell_class": "MAGE",
    "skill": "spellcraft",
    "difficulty": 4,
    "max_level": 25,
    "flags": [ "SOMATIC", "NO_LEGS" ],
    "energy_source": "MANA",
    "extra_effects": [
      { "id": "mu_spell_hold" },
      { "id": "freeze_kickback", "hit_self": true }
    ]
  },
{
    "id": "freeze_kickback",
    "type": "SPELL",
    "name": "kickback",
    "description": "a kickback damage effect",
    "message": "",
    "valid_targets": [ "self" ],
    "flags": [ "SILENT" ],
    "min_damage": 15,
    "damage_increment": -0.6,
    "damage_type": "cold",
    "max_damage": 0,
    "min_range": 0,
    "range_increment": 0,
    "max_range": 0,
    "base_energy_cost": 0,
    "difficulty": 0,
    "max_level": 25,
    "base_casting_time": 0,
    "energy_source": "MANA",
    "shape": "blast",
    "effect": "attack"
  },
{
    "id": "raise_dead",
    "type": "SPELL",
    "name": "Raise Dead",
    "description": "The undead rise from the ground to meet your foes.",
    "valid_targets": [ "ground" ],
    "min_damage": 1,
    "max_damage": 3,
    "damage_increment": 0.1,
    "max_level": 20,
    "difficulty": 4,
    "spell_class": "MAGE",
    "effect": "attack",
    "shape": "blast",
    "energy_source": "MANA",
    "base_energy_cost": 100,
    "//": "one minute",
    "base_casting_time": 6000,
    "min_range": 3,
    "max_range": 6,
    "min_aoe": 2,
    "max_aoe": 5,
    "flags": [ "SOMATIC", "VERBAL", "CONCENTRATE", "WONDER" ],
    "min_duration": 30000,
    "max_duration": 150000,
    "duration_increment": 4000,
    "extra_effects": [
      { "id": "spawn_skeletons" },
      { "id": "spawn_skeletons2" },
      { "id": "spawn_skeletons3" },
      { "id": "spawn_skeletons4" },
      { "id": "spawn_skeletons5" },
      { "id": "spawn_zombies" },
      { "id": "spawn_zombies2" },
      { "id": "spawn_zombies3" }
    ]
  },
{
    "id": "shield",
    "type": "SPELL",
    "name": { "str": "Magic Shield" },
    "description": "You conjure a magical shield.",
    "effect": "spawn_item",
    "shape": "blast",
    "effect_str": "ebuckler",
    "valid_targets": [ "self" ],
    "spell_class": "MAGE",
    "flags": [ "SOMATIC", "VERBAL" ],
    "max_level": 10,
    "min_damage": 1,
    "max_damage": 1,
    "min_duration": 7000,
    "max_duration": 20000,
    "duration_increment": 1300,
    "base_casting_time": 100,
    "base_energy_cost": 75,
    "energy_source": "MANA",
    "skill": "spellcraft",
    "difficulty": 2
  },
{
    "id": "magic_sword",
    "type": "SPELL",
    "name": { "str": "Magic Sword" },
    "description": "You conjure a magical sword.",
    "effect": "spawn_item",
    "shape": "blast",
    "effect_str": "longsword",
    "valid_targets": [ "self" ],
    "spell_class": "MAGE",
    "flags": [ "SOMATIC", "VERBAL" ],
    "max_level": 10,
    "min_damage": 1,
    "max_damage": 1,
    "damage_increment": 0.4,
    "min_duration": 7000,
    "max_duration": 20000,
    "duration_increment": 1300,
    "base_casting_time": 100,
    "base_energy_cost": 75,
    "energy_source": "MANA",
    "skill": "spellcraft",
    "difficulty": 2
  },
{
    "id": "lightning_bolt",
    "type": "SPELL",
    "name": "Lightning Bolt",
    "description": "You hurl a bolt of lighting.",
    "valid_targets": [ "hostile", "self", "ground", "ally" ],
    "flags": [ "CONCENTRATE", "SOMATIC" ],
    "effect": "attack",
    "shape": "blast",
    "damage_type": "electric",
    "min_damage": 5,
    "damage_increment": 2.3,
    "max_damage": 40,
    "min_range": 5,
    "range_increment": 0.73,
    "max_range": 16,
    "base_energy_cost": 75,
    "spell_class": "MAGE",
    "skill": "spellcraft",
    "difficulty": 1,
    "max_level": 15,
    "base_casting_time": 100,
    "energy_source": "MANA"
  },
{
    "id": "lightning_bolt_greater",
    "type": "SPELL",
    "name": "Greater Lightning Bolt",
    "description": "You hurl a strong bolt of lighting.",
    "valid_targets": [ "hostile", "self", "ground", "ally" ],
    "flags": [ "CONCENTRATE", "SOMATIC" ],
    "effect": "attack",
    "shape": "blast",
    "damage_type": "electric",
    "min_damage": 10,
    "damage_increment": 5,
    "max_damage": 85,
    "min_range": 7,
    "range_increment": 1.07,
    "max_range": 23,
    "base_energy_cost": 125,
    "spell_class": "MAGE",
    "skill": "spellcraft",
    "difficulty": 3,
    "max_level": 15,
    "base_casting_time": 100,
    "energy_source": "MANA"
  },
{
    "id": "firesphere_mage",
    "type": "SPELL",
    "name": "Flame Sphere",
    "description": "You concentrate a wall of fire around yourself, and launch it outwards.",
    "effect": "attack",
    "shape": "blast",
    "flags": [ "NO_LEGS", "SOMATIC", "VERBAL", "IGNITE_FLAMMABLE" ],
    "valid_targets": [ "ally", "hostile", "ground" ],
    "spell_class": "MAGE",
	"skill": "spellcraft",  
    "min_range": 0,
    "max_range": 0,
    "min_aoe": 2,
    "max_aoe": 6,
    "max_level": 15,
    "difficulty": 3,
    "min_damage": 40,
    "max_damage": 120,
    "damage_increment": 5.3,
    "damage_type": "heat",
    "base_casting_time": 85,
    "energy_source": "MANA",
    "base_energy_cost": 150
  },
{
    "id": "mage_charm_beast",
	"type": "SPELL",
	"name": "Charm Beast",
	"description": "This spell will charm any beast you cast it upon.",
	"message": "you cast %s",
	"valid_targets": [ "hostile", "ally" ],
	"effect": "charm_monster",
        "shape": "blast",
	"flags": [ "SILENT", "VERBAL", "SOMATIC", "NO_LEGS" ],
	"spell_class": "MAGE",
	"skill": "spellcraft",
	"energy_source": "MANA",
	"difficulty": 2,
	"max_level": 10,
	"base_casting_time": 100,
	"casting_time_increment": -1,
    "final_casting_time": 80,
	"base_energy_cost": 100,
	"energy_increment": -1,
    "final_energy_cost": 80,
	"min_damage": 50,
	"max_damage": 300,
	"damage_increment": 20,
	"min_range": 5,
	"max_range": 10,
	"range_increment": 1,
	"min_duration": 6000,
	"max_duration": 12000,
	"duration_increment": 1000,
	"field_id": "fd_null",
	"field_chance": 1,
	"min_field_intensity": 1,
	"max_field_intensity": 1,
	"field_intensity_increment": 0.25,
	"field_intensity_variance": 0.1
  },
{
    "id": "aniweapon_mage",
    "type": "SPELL",
    "name": "Animate Weapons",
    "description": "You summon an animated weapon to fight for you.",
    "flags": [ "SOMATIC", "VERBAL", "WONDER" ],
    "valid_targets": [ "ground" ],
    "spell_class": "MAGE",
	"skill": "spellcraft",  
    "effect": "attack",
    "shape": "blast",
    "energy_source": "MANA",
    "min_range": 3,
    "max_range": 6,
    "range_increment": 0.2,
    "min_aoe": 1,
    "max_aoe": 4,
    "aoe_increment": 0.2,
    "max_level": 15,
    "difficulty": 3,
    "min_damage": 1,
    "max_damage": 3,
    "base_casting_time": 100,
    "base_energy_cost": 200,
    "extra_effects": [
      { "id": "mace_effect" },
      { "id": "sword_effect" }
    ]
  },
{
    "id": "toxic_cloud_mage",
    "type": "SPELL",
    "name": "Toxic Mist",
    "description": "Draws forth a broad wall of poisionous vapors, harming any who pass through.",
    "valid_targets": [ "hostile", "ground", "ally" ],
    "effect": "attack",
    "shape": "line",
    "effect_str": "downed",
    "flags": [ "SOMATIC", "NO_LEGS" ],
    "energy_source": "MANA",
    "spell_class": "MAGE",
    "skill": "spellcraft",
    "difficulty": 2,
    "base_casting_time": 100,
    "base_energy_cost": 125,
    "max_level": 10,
    "min_aoe": 5,
    "max_aoe": 10,
    "aoe_increment": 0.5,
    "min_range": 2,
    "max_range": 4,
    "range_increment": 0.2,
    "min_duration": 200,
    "max_duration": 800,
    "duration_increment": 60,
    "field_id": "fd_toxic_gas",
    "field_chance": 1,
    "min_field_intensity": 3,
    "max_field_intensity": 3,
    "field_intensity_variance": 1
  },
{
    "id": "thunderstorm",
    "type": "SPELL",
    "name": "Thunderstorm",
    "description": "You concentrate a powerful ball of lightning in your hands, as you allow it to arch about.",
    "valid_targets": [ "hostile", "ally", "ground" ],
    "flags": [ "VERBAL", "SOMATIC", "NO_LEGS" ],
    "min_damage": 1,
    "damage_increment": 0.15,
    "max_damage": 4,
    "min_range": 16,
    "range_increment": 0.8,
    "max_range": 20,
    "base_energy_cost": 200,
    "spell_class": "MAGE",
    "skill": "spellcraft",
    "difficulty": 5,
    "max_level": 20,
    "base_casting_time": 100,
    "energy_source": "MANA",
    "shape": "blast",
    "effect": "attack",
    "extra_effects": [
      { "id": "lightning_bolt" },
      { "id": "lightning_bolt" },
      { "id": "lightning_bolt" },
      { "id": "lightning_bolt" }
    ]
  },
{
    "id": "cone_of_cold",
    "type": "SPELL",
    "name": "Cone of Cold",
    "description": "You project a cone of frosted air.",
    "valid_targets": [ "ally", "hostile", "ground" ],
    "effect": "attack",
    "shape": "cone",
    "damage_type": "cold",
    "base_casting_time": 100,
    "base_energy_cost": 100,
    "energy_source": "MANA",
    "spell_class": "MAGE",
    "skill": "spellcraft",
    "flags": [ "SOMATIC", "VERBAL", "CONCENTRATE" ],
    "difficulty": 5,
    "max_level": 20,
    "min_damage": 36,
    "max_damage": 80,
    "damage_increment": 2.2,
    "min_range": 5,
    "max_range": 7,
    "range_increment": 0.25,
    "min_aoe": 15,
    "max_aoe": 30,
    "aoe_increment": 0.75
  },
{
    "id": "minor_teleport",
    "type": "SPELL",
    "name": "Minor Teleportation",
    "description": "You teleport yourself within a short range.",
    "effect": "short_range_teleport",
    "shape": "blast",
    "skill": "spellcraft",
    "valid_targets": [ "none" ],
    "flags": [ "SOMATIC", "SILENT", "NO_LEGS" ],
    "min_range": 3,
    "max_range": 9,
    "range_increment": 0.3,
    "min_aoe": 2,
    "max_aoe": 6,
    "aoe_increment": 0.2,
    "max_level": 20,
    "difficulty": 5,
    "spell_class": "MAGE",
    "base_casting_time": 100,
    "energy_source": "MANA",
    "base_energy_cost": 400
  },
{
    "id": "sear_ball",
    "type": "SPELL",
    "name": "Searing Orb",
    "description": "You concentrate an orb of flame in your hands, releasing it to fly.",
    "effect": "attack",
    "shape": "blast",
    "skill": "spellcraft",
    "valid_targets": [ "self", "ally", "hostile", "ground" ],
    "flags": [ "SOMATIC", "VERBAL", "NO_LEGS", "IGNITE_FLAMMABLE" ],
    "max_level": 20,
    "min_damage": 30,
    "max_damage": 80,
    "damage_increment": 2.5,
    "min_aoe": 3,
    "max_aoe": 7,
    "aoe_increment": 0.2,
    "min_range": 6,
    "max_range": 20,
    "range_increment": 0.7,
    "spell_class": "MAGE",
    "base_casting_time": 100,
    "base_energy_cost": 400,
    "energy_source": "MANA",
    "difficulty": 5,
    "damage_type": "heat"
  },
{
    "id": "sleep",
    "type": "SPELL",
    "name": "Dreamer",
    "description": "You make a creature near to you extremley weary.",
    "valid_targets": [ "self", "ally", "hostile" ],
    "min_damage": 1,
    "max_damage": 1,
    "damage_increment": 0,
    "max_level": 15,
    "spell_class": "MAGE",
    "skill": "spellcraft",
    "effect": "attack",
    "shape": "blast",
    "effect_str": "weary_8",
    "min_duration": 60000,
    "max_duration": 600000,
    "duration_increment": 36000,
    "energy_source": "MANA",
    "base_casting_time": 100,
    "base_energy_cost": 350,    
    "difficulty": 5,
    "flags": [ "SOMATIC", "VERBAL", "NO_LEGS", "CONCENTRATE", "SILENT" ], 
    "min_range": 1,
    "max_range": 5,    
    "range_increment": 0.7,
    "extra_effects": [
      { "id": "dreamer_effect" }
    ]
  },
{
    "id": "dreamer_effect",
    "type": "SPELL",
    "name": "Dreamer Effect",
    "description": "Fatuige for Dreamer",
    "valid_targets": [ "self" ],
    "flags": [ "SILENT" ],
    "effect": "recover_energy",
    "effect_str": "FATIGUE",
    "shape": "blast",
    "min_damage": -100,
    "damage_increment": -60,
    "max_damage": -1000,
    "max_level": 15
  },
{
    "id": "summon_minor_elemental",
    "type": "SPELL",
    "name": "Conjure Minor Elementals",
    "description": "You summon several minor elementals to fight for you.",
    "flags": [ "SOMATIC", "VERBAL", "WONDER" ],
    "valid_targets": [ "ground" ],
    "spell_class": "MAGE",
    "skill": "spellcraft",  
    "effect": "attack",
    "shape": "blast",
    "energy_source": "MANA",
    "min_range": 3,
    "max_range": 6,
    "range_increment": 0.2,
    "min_aoe": 1,
    "max_aoe": 4,
    "aoe_increment": 0.2,
    "max_level": 15,
    "difficulty": 4,
    "min_damage": 1,
    "max_damage": 3,
     "damage_increment": 0.14,
    "base_casting_time": 100,
    "base_energy_cost": 250,
    "extra_effects": [
      { "id": "spawn_fire_elementals" },
      { "id": "spawn_earth_elementals" },
      { "id": "spawn_water_elementals" },
      { "id": "spawn_air_elementals" }
    ]
  },
{
    "id": "faithful_hound",
    "type": "SPELL",
    "name": "Faithful Hound",
    "description": "You call a faithful hound to your side, to keep watch over you.",
    "valid_targets": [ "ground" ],
    "min_damage": 1,
    "max_damage": 1,
    "damage_increment": 0,
    "max_level": 20,
    "difficulty": 4,
    "spell_class": "MAGE",
    "effect": "summon",
    "effect_str": "mon_ghost_dog",
    "shape": "blast",
    "energy_source": "MANA",
    "base_energy_cost": 150,
    "base_casting_time": 300,
    "min_range": 3,
    "max_range": 3,
    "min_aoe": 2,
    "max_aoe": 2,
    "flags": [ "SOMATIC", "VERBAL", "CONCENTRATE" ],
    "min_duration": 3000,
    "max_duration": 150000,
    "duration_increment": 7350
  },
{
    "id": "ice_storm",
    "type": "SPELL",
    "name": "Ice Storm",
    "description": "Balls of hail fall from the sky, as you concentrate.",
    "effect": "attack",
    "shape": "blast",
    "skill": "spellcraft",
    "valid_targets": [ "self", "ally", "hostile", "ground" ],
    "flags": [ "SOMATIC", "VERBAL", "NO_LEGS" ],
    "max_level": 20,
    "min_damage": 30,
    "max_damage": 80,
    "damage_increment": 2.5,
    "min_aoe": 3,
    "max_aoe": 20,
    "aoe_increment": 0.85,
    "min_range": 6,
    "max_range": 20,
    "range_increment": 0.7,
    "spell_class": "MAGE",
    "base_casting_time": 100,
    "base_energy_cost": 300,
    "energy_source": "MANA",
    "difficulty": 4,
    "damage_type": "bash"
  },
{
    "id": "polymorph",
    "type": "SPELL",
    "name": "Polymorph; Crow",
    "description": "You transform a nearby creature into a crow.",
    "valid_targets": [ "hostile", "ally", "ground" ],
    "flags": [ "VERBAL", "SOMATIC", "NO_LEGS", "NO_PROJECTILE" ],
    "effect": "targeted_polymorph",
    "effect_str": "mon_crow",
    "shape": "blast",
    "spell_class": "MAGE",
    "energy_source": "MANA",
    "base_casting_time": 150,
    "base_energy_cost": 200,
    "difficulty": 4,
    "max_level": 20,
    "min_damage": 20,
    "max_damage": 40,
    "damage_increment": 2,
    "min_range": 5,
    "max_range": 30,
    "range_increment": 1.5
  },
{
    "id": "mage_clairvoyance",
    "type": "SPELL",
    "name": "Clairvoyance",
    "description": "You close your eyes, and open your mind to project ethereal visions around you.",
    "effect": "attack",
    "shape": "blast",
    "valid_targets": [ "ally", "hostile", "ground" ],
    "flags": [ "SOMATIC", "VERBAL", "IGNORE_WALLS", "NO_PROJECTILE" ],
    "max_level": 20,
    "min_aoe": 4,
    "max_aoe": 13,
    "aoe_increment": 0.5,
    "spell_class": "MAGE",
    "base_casting_time": 350,
    "base_energy_cost": 200,
    "energy_source": "MANA",
    "difficulty": 3,
    "field_id": "fd_clairvoyace_gas",
    "min_field_intensity": 1,
    "max_field_intensity": 1
  },
{
    "id": "major_image",
    "type": "SPELL",
    "name": "Major Image",
    "description": "You create an illusionarry doppleganger to distract oppenents.",
    "valid_targets": [ "ground" ],
    "min_damage": 1,
    "max_damage": 1,
    "damage_increment": 0,
    "max_level": 15,
    "difficulty": 3,
    "spell_class": "MAGE",
    "effect": "summon",
    "effect_str": "mon_major_image",
    "shape": "blast",
    "energy_source": "MANA",
    "base_energy_cost": 150,
    "base_casting_time": 100,
    "min_range": 3,
    "max_range": 3,
    "min_aoe": 2,
    "max_aoe": 2,
    "flags": [ "SOMATIC", "VERBAL", "CONCENTRATE" ],
    "min_duration": 3000,
    "max_duration": 150000,
    "duration_increment": 7350
  },
{
    "id": "break_curse",
    "type": "SPELL",
    "name": "Remove Curse",
    "description": "You touch a creature, and remove any curse affecting it. This also blocks any curses from it for a time.",
    "valid_targets": [ "self", "ally", "hostile" ],
    "effect": "attack",
    "shape": "blast",
    "effect_str": "curse_immune",
    "flags": [ "SOMATIC", "VERBAL" ],
    "energy_source": "MANA",
    "spell_class": "MAGE",
	"skill": "spellcraft",  
    "difficulty": 3,
    "min_range": 1,
    "max_range": 3,
    "range_increment": 0.1,
    "base_casting_time": 100,
    "base_energy_cost": 400,
    "max_level": 20,
    "min_duration": 800,
    "max_duration": 3000,
    "duration_increment": 110
},
{
    "type": "SPELL",
    "name": "Rite of Passage",
    "id": "rite_passage",
    "description": "You weave lines of magic around the internal functions of a lock to open it.",
    "valid_targets": [ "ground" ],
    "effect": "ter_transform",
    "effect_str": "unlock",
    "shape": "blast",
    "flags": [ "NO_LEGS", "SOMATIC", "CONCENTRATE" ],
    "max_level": 15,
    "base_casting_time": 200,
    "final_casting_time": 100,
    "casting_time_increment": -10,
    "base_energy_cost": 350,
    "difficulty": 3,
    "min_range": 1,
    "max_range": 4,
    "range_increment": 0.2,
    "energy_source": "MANA",
    "spell_class": "MAGE"
  }
]