[
 {
    "id": "mon_guarding_spirit",
    "type": "MONSTER",
    "name": { "str": "guardian spirit" },
    "description": "A spectral figure, called forth to protect you.",
    "default_faction": "player",
    "bodytype": "human",
    "categories": [ "MONSTERS" ],
    "species": [ "UNDEAD", "HUMAN" ],
    "volume": "54 L",
    "weight": "70 kg",
    "hp": 80,
    "material": [ "flesh" ],
    "symbol": "S",
    "color": "white",
    "aggression": 100,
    "morale": 100,
    "speed": 100,
    "melee_skill": 6,
    "melee_dice": 3,
    "melee_dice_sides": 6,
    "dodge": 3,
    "armor_bash": 2,
    "armor_cut": 3,
    "armor_stab": 2,
    "armor_bullet": 2,
    "harvest": "exempt",
    "vision_day": 32,
    "vision_night": 12,
    "weakpoint_sets": [ "wps_humanoid_body" ],
    "death_function": { "message": "The %s's body melts away.", "corpse_type": "NO_CORPSE" },
    "special_attacks": [ { "type": "spell", "spell_data": { "id": "smite", "min_level": 2 }, "cooldown": 20, "monster_message": "<color_yellow>%1$s lifts their blade!</color>" } ],
    "flags": [ "SEES", "HEARS", "BASHES", "PATH_AVOID_DANGER_2", "NO_BREATHE", "PATH_AVOID_DANGER_2", "CAN_OPEN_DOORS" ]
  },
{
    "id": "mon_mtc_ghost",
    "type": "MONSTER",
    "name": { "str": "ghost" },
    "description": "A spectral figure, which floats about in a wisplike manner. It does not seem happy to be here.",
    "default_faction": "zombie",
    "bodytype": "human",
    "categories": [ "MONSTERS" ],
    "species": [ "UNDEAD", "HUMAN" ],
    "volume": "54 L",
    "weight": "70 kg",
    "hp": 55,
    "material": [ "flesh" ],
    "symbol": "G",
    "color": "white",
    "aggression": 100,
    "morale": 100,
    "speed": 65,
    "melee_skill": 2,
    "melee_dice": 2,
    "melee_dice_sides": 6,
    "dodge": 1,
    "harvest": "exempt",
    "vision_day": 32,
    "vision_night": 12,
    "weakpoint_sets": [ "wps_humanoid_body" ],
    "death_function": { "message": "The %s's body melts away.", "corpse_type": "NO_CORPSE" },
    "path_settings": { "allow_open_doors": true, "avoid_sharp": true },
    "flags": [ "SEES", "HEARS", "BASHES", "PATH_AVOID_DANGER_2", "NO_BREATHE", "PATH_AVOID_DANGER_2", "CAN_OPEN_DOORS" ]
  },
 {
    "id": "mon_ghost_dog",
    "type": "MONSTER",
    "name": { "str": "ethereal hound" },
    "description": "A ghost-like dog, which still bears the features it did in life. It pants as it sniffs the ground.",
    "default_faction": "dog",
    "bodytype": "dog",
    "categories": [ "WILDLIFE" ],
    "species": [ "MAMMAL" ],
    "volume": "30000 ml",
    "weight": "30 kg",
    "harvest": "exempt",
    "hp": 60,
    "speed": 150,
    "material": [ "flesh" ],
    "symbol": "d",
    "color": "white",
    "aggression": -10,
    "morale": 100,
    "melee_skill": 6,
    "melee_dice": 4,
    "melee_dice_sides": 8,
    "melee_damage": [ { "damage_type": "cut", "amount": 6 } ],
    "dodge": 3,
    "vision_night": 20,
    "anger_triggers": [ "HURT", "FRIEND_ATTACKED", "FRIEND_DIED" ],
    "death_function": { "message": "The %s's body melts away.", "corpse_type": "NO_CORPSE" },
    "special_attacks": [ [ "PARROT_AT_DANGER", 0 ] ],
    "flags": [
      "ANIMAL",
      "GROUP_MORALE",
      "HEARS",
      "PET_MOUNTABLE",
      "HIT_AND_RUN",
      "KEENNOSE",
      "PATH_AVOID_DANGER_1",
      "SEES",
      "SMELLS",
      "SWARMS"
    ]
  },
{
    "id": "mon_ghost_horse",
    "type": "MONSTER",
    "name": { "str": "phantom steed" },
    "description": "A hooved grazing mammal with a mane of hair, a sweeping tail, and powerful-looking muscles. You can see right through it, and appears ghost-like.",
    "default_faction": "herbivore",
    "bodytype": "horse",
    "categories": [ "WILDLIFE" ],
    "species": [ "MAMMAL" ],
    "volume": "550000 ml",
    "weight": "550 kg",
    "hp": 90,
    "speed": 300,
    "material": [ "flesh" ],
    "symbol": "H",
    "color": "white",
    "morale": 20,
    "melee_skill": 6,
    "melee_dice": 2,
    "melee_dice_sides": 12,
    "dodge": 2,
    "armor_bash": 2,
    "anger_triggers": [ "FRIEND_ATTACKED" ],
    "fear_triggers": [ "SOUND" ],
    "placate_triggers": [ "PLAYER_WEAK" ],
    "path_settings": { "avoid_sharp": true },
    "death_function": { "message": "The %s's body melts away.", "corpse_type": "NO_CORPSE" },
    "harvest": "exempt",
    "flags": [
      "SEES",
      "HEARS",
      "SMELLS",
      "ANIMAL",
      "PET_WONT_FOLLOW",
      "PET_MOUNTABLE",
      "PATH_AVOID_DANGER_1"
    ]
  },
{
    "id": "mon_dark_spirit",
    "type": "MONSTER",
    "name": { "str": "shrouded spirit" },
    "description": "A spectral figure, its face obscured by some sort of hood. Two red orbs pierce the pitch black that covers it's face, while a pair of skeletal hands grip a gleaming sword. It doesn't seem to like you.",
    "default_faction": "zombie",
    "bodytype": "human",
    "categories": [ "MONSTERS" ],
    "species": [ "UNDEAD", "HUMAN" ],
    "weakpoint_sets": [ "wps_humanoid_body" ],
    "volume": "174 L",
    "weight": "150 kg",
    "hp": 200,
    "material": [ "flesh" ],
    "symbol": "G",
    "color": "blue",
    "aggression": 100,
    "morale": 100,
    "speed": 90,
    "melee_skill": 4,
    "melee_dice": 4,
    "melee_dice_sides": 6,
    "melee_damage": [
	{
    "damage_type": "cold",
    "amount": 15,
    "armor_penetration": 1,
    "armor_multiplier": 0.5,
    "damage_multiplier": 1
	}
		],
    "dodge": 3,
    "armor_bash": 8,
    "armor_cut": 8,
    "armor_stab": 8,
    "armor_bullet": 6,
    "harvest": "exempt",
    "vision_day": 32,
    "vision_night": 12,
    "death_function": { "message": "The %s's body melts away.", "corpse_type": "NO_CORPSE" },
    "path_settings": { "allow_open_doors": true, "avoid_traps": true, "avoid_sharp": true },
    "death_drops": {
      "subtype": "collection",
      "items": [
        { "item": "longsword", "prob": 100 }
      ]
    },
    "flags": [ "SEES", "HEARS", "BASHES", "PATH_AVOID_DANGER_2", "NO_BREATHE", "PATH_AVOID_DANGER_2", "CAN_OPEN_DOORS" ]
  }
]