[
  {
    "type": "SPECIES",
    "id": "UNDEAD",
    "description": "an undead",
    "footsteps": "shuffling."
  },
  {
    "id": "mongun_mtc_skeleton_range",
    "type": "GUN",
    "copy-from": "fake_item",
    "name": { "str": "shortbow" },
    "description": "Crude shortbow made to be fired by skeletons. It is a bug to have this.",
    "flags": [ "NEVER_JAMS" ],
    "ammo_effects": [ "NEVER_MISFIRES" ],
    "skill": "rifle",
    "durability": 10,
    "range": 100,
    "dispersion": 1000,
    "ranged_damage": { "damage_type": "stab", "amount": 8 }
  },
  {
    "id": "mon_mtc_skeleton",
    "type": "MONSTER",
    "name": { "str": "skeleton" },
    "description": "A ressurected and seemingly bewitched skeleton of a long forgotten decease. It does a rattling sound as it moves.",
    "default_faction": "zombie",
    "bodytype": "human",
	"categories": [ "MONSTERS" ],
    "species": [ "UNDEAD", "HUMAN" ],
    "volume": "62500 ml",
    "weight": "81500 g",
    "hp": 40,
    "speed": 90,
    "material": [ "bone" ],
    "symbol": "Z",
    "color": "white",
    "aggression": 100,
    "morale": 100,
    "melee_skill": 4,
    "melee_dice": 1,
    "melee_dice_sides": 3,
    "melee_damage": [ { "amount": 1, "damage_type": "cut" }, { "amount": 4, "damage_type": "bash" } ],
    "dodge": 2,
    "armor_cut": 5,
    "armor_bullet": 10,
    "armor_stab": 10,
    "armor_acid": 3,
    "vision_day": 30,
    "vision_night": 3,
    "harvest": "mr_bones",
    "weakpoint_sets": [ "wps_humanoid_body" ],
    "special_attacks": [ [ "scratch", 10 ] ],
    "flags": [ "SEES", "HEARS", "HARDTOSHOOT", "NO_BREATHE", "BASHES" ]
  },
  {
    "id": "mon_mtc_skeleton_warrior_cut",
    "copy-from": "mon_mtc_skeleton",
    "type": "MONSTER",
    "name": { "str": "skeletal warrior" },
    "description": "A ressurected and seemingly bewitched skeleton of a long forgotten decease. It takes hold of an edged weapon, so beware.",
    "melee_skill": 6,
    "weakpoint_sets": [ "wps_humanoid_body", "wps_humanoid_light_armor" ],
    "melee_damage": [ { "amount": 8, "damage_type": "cut" } ],
    "death_drops": {
      "subtype": "distribution",
      "items": [
        { "item": "longsword_rusted", "prob": 20 },
        { "item": "machete_rusted", "prob": 20 },
        { "item": "cavalry_sabre_rusted", "prob": 20 },
        { "item": "kris_rusted", "prob": 20 },
        { "item": "scimitar_rusted", "prob": 20 },
            { "group": "shields_all", "prob": 20, "damage": [ 2, 3 ] }
      ]
    }
  },
  {
    "id": "mon_mtc_skeleton_warrior_bash",
    "copy-from": "mon_mtc_skeleton",
    "type": "MONSTER",
    "name": { "str": "skeletal warrior" },
    "description": "A ressurected and seemingly bewitched skeleton of a long forgotten decease. It takes hold of a blunt weapon, so beware.",
    "melee_skill": 6,
    "melee_damage": [ { "amount": 8, "damage_type": "bash" } ],
    "weakpoint_sets": [ "wps_humanoid_body", "wps_humanoid_light_armor" ],
    "death_drops": {
      "subtype": "distribution",
      "items": [
        { "item": "q_staff_moldy", "prob": 30 },
        { "item": "cudgel_moldy", "prob": 40 },
        { "item": "bokken_moldy", "prob": 30 },
            { "group": "shields_all", "prob": 20, "damage": [ 2, 3 ] }
      ]
    }
  },
  {
    "id": "mon_mtc_skeleton_warrior_stab",
    "copy-from": "mon_mtc_skeleton",
    "type": "MONSTER",
    "name": { "str": "skeletal warrior" },
    "description": "A ressurected and seemingly bewitched skeleton of a long forgotten decease. It takes hold of a polearm, so beware.",
    "melee_skill": 6,
    "melee_damage": [ { "amount": 2, "damage_type": "cut" }, { "amount": 6, "damage_type": "stab" } ],
    "weakpoint_sets": [ "wps_humanoid_body", "wps_humanoid_light_armor" ],
    "death_drops": {
      "subtype": "distribution",
      "items": [
        { "item": "halberd_rusted", "prob": 30 },
        { "item": "spear_steel_rusted", "prob": 40 },
        { "item": "pike_rusted", "prob": 30 },
            { "group": "shields_all", "prob": 20, "damage": [ 2, 3 ] }
      ]
    }
  },
  {
    "id": "mon_mtc_skeleton_warrior_range",
    "copy-from": "mon_mtc_skeleton",
    "type": "MONSTER",
    "name": { "str": "skeletal archer" },
    "description": "A ressurected and seemingly bewitched skeleton of a long forgotten decease. It has a bow and a quiver full of arrows, so beware.",
    "speed": 95,
    "dodge": 3,
    "weakpoint_sets": [ "wps_humanoid_body", "wps_humanoid_light_armor" ],
    "death_drops": {
      "subtype": "collection",
      "items": [
        { "item": "shortbow", "prob": 80, "damage": [ 2, 3 ] },
        { "item": "arrow_fire_hardened_fletched", "count": [ 3, 6 ] }
      ]
    },
    "extend": {
      "special_attacks": [
        {
          "type": "gun",
          "cooldown": 10,
          "move_cost": 800,
          "gun_type": "mongun_mtc_skeleton_range",
          "fake_skills": [ [ "gun", 5 ], [ "rifle", 5 ] ],
          "fake_dex": 6,
          "fake_per": 10,
          "require_targeting_player": false,
          "require_targeting_npc": false,
          "description": "The skeleton archer shoots an arrow!",
          "ranges": [ [ 2, 10, "DEFAULT" ] ],
          "no_ammo_sound": "angry dooting"
        }
      ],
      "flags": [ "HIT_AND_RUN" ]
    }
  },
  {
    "id": "mon_mtc_skeleton_warrior_cut_e",
    "copy-from": "mon_mtc_skeleton",
    "type": "MONSTER",
    "name": { "str": "elite skeletal warrior" },
    "description": "A ressurected and seemingly bewitched skeleton of a long forgotten decease. Clad in light armor and a shield, this one has greater experience in handling an edged weapon.",
    "melee_skill": 8,
    "melee_damage": [ { "amount": 16, "damage_type": "cut" } ],
    "weakpoint_sets": [ "wps_humanoid_body", "wps_humanoid_light_armor" ],
    "armor_bash": 5,
    "armor_cut": 15,
    "armor_bullet": 20,
    "armor_stab": 20,
    "death_drops": {
      "subtype": "collection",
      "items": [
        {
          "distribution": [
            { "item": "longsword_rusted", "prob": 20 },
            { "item": "machete_rusted", "prob": 20 },
            { "item": "cavalry_sabre_rusted", "prob": 20 },
            { "item": "kris_rusted", "prob": 20 },
            { "item": "scimitar_rusted", "prob": 20 }
          ]
        },
        {
          "distribution": [
            {
              "collection": [
                { "item": "chainmail_hood", "prob": 70, "damage": [ 2, 3 ] },
                { "item": "chainmail_vest", "prob": 70, "damage": [ 2, 3 ] },
                { "item": "chainmail_legs", "prob": 70, "damage": [ 2, 3 ] }
              ],
              "prob": 50
            },
            { "item": "chainmail_suit", "prob": 50, "damage": [ 2, 3 ] },
            { "group": "shields_all", "prob": 20, "damage": [ 2, 3 ] }
          ]
        }
      ]
    }
  },
  {
    "id": "mon_mtc_skeleton_warrior_bash_e",
    "copy-from": "mon_mtc_skeleton_warrior_cut_e",
    "type": "MONSTER",
    "name": { "str": "elite skeletal warrior" },
    "description": "A ressurected and seemingly bewitched skeleton of a long forgotten decease. Clad in light armor and a shield, this one has greater experience in handling a blunt weapon.",
    "melee_damage": [ { "amount": 18, "damage_type": "bash" } ],
    "weakpoint_sets": [ "wps_humanoid_body", "wps_humanoid_light_armor" ],
    "death_drops": {
      "subtype": "collection",
      "items": [
        {
          "distribution": [
            { "item": "warhammer_rusted", "prob": 25 },
            { "item": "mace_rusted", "prob": 50 },
            { "item": "morningstar_rusted", "prob": 25 }
          ]
        },
        {
          "distribution": [
            {
              "collection": [
                { "item": "chainmail_hood", "prob": 70, "damage": [ 2, 3 ] },
                { "item": "chainmail_vest", "prob": 70, "damage": [ 2, 3 ] },
                { "item": "chainmail_legs", "prob": 70, "damage": [ 2, 3 ] }
              ],
              "prob": 50
            },
            { "item": "chainmail_suit", "prob": 50, "damage": [ 2, 3 ] },
            { "group": "shields_all", "prob": 20, "damage": [ 2, 3 ] }
          ]
        }
      ]
    }
  },
  {
    "id": "mon_mtc_skeleton_warrior_stab_e",
    "copy-from": "mon_mtc_skeleton_warrior_cut_e",
    "type": "MONSTER",
    "name": { "str": "elite skeletal warrior" },
    "description": "A ressurected and seemingly bewitched skeleton of a long forgotten decease. Clad in light armor and a shield, this one has greater experience in handling a polearm.",
    "melee_damage": [ { "amount": 3, "damage_type": "cut" }, { "amount": 12, "damage_type": "stab" } ],
    "weakpoint_sets": [ "wps_humanoid_body", "wps_humanoid_light_armor" ],
    "death_drops": {
      "subtype": "collection",
      "items": [
        {
          "distribution": [
            { "item": "halberd_rusted", "prob": 30 },
            { "item": "spear_steel_rusted", "prob": 40 },
            { "item": "pike_rusted", "prob": 30 }
          ]
        },
        {
          "distribution": [
            {
              "collection": [
                { "item": "chainmail_hood", "prob": 70, "damage": [ 2, 3 ] },
                { "item": "chainmail_vest", "prob": 70, "damage": [ 2, 3 ] },
                { "item": "chainmail_legs", "prob": 70, "damage": [ 2, 3 ] }
              ],
              "prob": 50
            },
            { "item": "chainmail_suit", "prob": 50, "damage": [ 2, 3 ] },
            { "group": "shields_all", "prob": 20, "damage": [ 2, 3 ] }
          ]
        }
      ]
    }
  },
{
    "id": "mon_mtc_goblin_skeleton",
    "//": "Special undead, so goblin necromancers can control their summons.",
    "copy-from": "mon_mtc_skeleton",
    "type": "MONSTER",
    "name": { "str": "skeleton" },
    "default_faction": "goblinoid"
  }
]