[
 {
    "id": "shadowmorph_c",
    "type": "SPELL",
    "name": { "str": "Shadowmorph" },
    "description": "You weave the shadows around you, forming a blade black as night.",
    "effect": "spawn_item",
    "shape": "blast",
    "effect_str": "katana",
    "valid_targets": [ "self" ],
    "spell_class": "WARLOCK_C",
    "skill": "occult",
    "flags": [ "SOMATIC", "CONCENTRATE", "VERBAL" ],
    "max_level": 15,
    "min_damage": 1,
    "max_damage": 1,
    "min_duration": 5000,
    "max_duration": 14000,
    "duration_increment": 600,
    "base_casting_time": 300,
    "base_energy_cost": 100,
    "energy_source": "MANA",
    "difficulty": 3
  },
  {
    "type": "SPELL",
    "id": "hex_c",
    "name": "Hex",
    "description": "You invoke the powers of the elders to place foul hinderances upon your opposition.",
    "valid_targets": [ "ally", "hostile", "self" ],
    "spell_class": "WARLOCK_C",
    "effect": "none",
    "shape": "blast",
    "max_level": 20,
    "energy_source": "MANA",
    "skill": "occult",
    "base_energy_cost": 100,
    "base_casting_time": 100,
    "flags": [ "WONDER", "NO_HANDS", "NO_LEGS", "VERBAL" ],
    "min_damage": 2,
    "max_damage": 2,
    "min_range": 5,
    "max_range": 10,
    "range_increment": 0.55,
    "message": "I call upon fell shadows, to bring my hated foe to gallows!",
    "extra_effects": [
      { "id": "weakness_hex" },
      { "id": "mindsap_hex" },
      { "id": "paralysis_hex" },
      {  "id": "withering_hex" },
      { "id": "starving_hex" }
    ]
  },
  {
    "id": "shadowarmor",
    "type": "SPELL",
    "name": { "str": "Night Armor" },
    "description": "You weave the shadows around you, forming a light set of armor.",
    "effect": "spawn_item",
    "shape": "blast",
    "effect_str": "armor_blarmor",
    "valid_targets": [ "self" ],
    "spell_class": "WARLOCK_C",
    "skill": "occult",
    "flags": [ "SOMATIC", "CONCENTRATE", "VERBAL", "NO_LEGS" ],
    "max_level": 15,
    "min_damage": 1,
    "max_damage": 1,
    "min_duration": 5000,
    "max_duration": 14000,
    "duration_increment": 600,
    "base_casting_time": 300,
    "base_energy_cost": 100,
    "energy_source": "MANA",
    "difficulty": 3
  },
  {
    "id": "truestrike",
    "type": "SPELL",
    "name": "True Strike",
    "description": "You imbune your strike with magical power.",
    "valid_targets": [ "hostile", "ally", "ground" ],
    "min_damage": 10,
    "max_damage": 80,
    "damage_increment": 3.5,
    "min_range": 1,
    "max_range": 1,
    "effect": "attack",
    "shape": "blast",
    "base_casting_time": 85,
    "final_casting_time": 40,
    "casting_time_increment": -2.25,
    "base_energy_cost": 75,
    "spell_class": "WARLOCK_C",
    "skill": "occult",
    "difficulty": 1,
    "max_level": 20,
    "damage_type": "cut",
    "flags": [ "VERBAL", "NO_HANDS" ],
    "energy_source": "MANA"
  },
  {
    "id": "smokescreen",
    "type": "SPELL",
    "name": "Smokescreen",
    "description": "Draws forth a broad wall of thick smoke, masking your trail momentarily.",
    "valid_targets": [ "hostile", "ground", "ally" ],
    "effect": "attack",
    "shape": "line",
    "effect_str": "downed",
    "flags": [ "SOMATIC", "NO_LEGS" ],
    "energy_source": "MANA",
    "spell_class": "WARLOCK_C",
    "skill": "occult",
    "difficulty": 2,
    "base_casting_time": 125,
    "final_casting_time": 90,
    "casting_time_increment": -3.5,
    "base_energy_cost": 150,
    "max_level": 10,
    "min_aoe": 5,
    "max_aoe": 10,
    "aoe_increment": 0.5,
    "min_range": 2,
    "max_range": 4,
    "range_increment": 0.2,
    "min_duration": 200,
    "max_duration": 800,
    "duration_increment": 60,
    "field_id": "fd_smoke",
    "field_chance": 1,
    "min_field_intensity": 3,
    "max_field_intensity": 3,
    "field_intensity_variance": 1
  },
  {
    "id": "shadow_arrow",
    "type": "SPELL",
    "name": "Shadow Arrow",
    "description": "You weave an arrow, and propell it at high speeds from you fingertips.",
    "effect": "attack",
    "shape": "blast",
    "valid_targets": [ "ally", "hostile", "ground" ],
    "flags": [ "SOMATIC", "NO_LEGS" ],
    "max_level": 35,
    "min_damage": 8,
    "max_damage": 100,
    "damage_increment": 3,
    "min_range": 4,
    "max_range": 16,
    "range_increment": 0.35,
    "difficulty": 6,
    "spell_class": "WARLOCK_C",
    "skill": "occult",
    "base_casting_time": 200,
    "final_casting_time": 100,
    "casting_time_increment": -5,
    "base_energy_cost": 140,
    "damage_type": "stab",
    "sound_description": "a whistle",
    "energy_source": "MANA"
  },
  {
    "id": "masking",
    "type": "SPELL",
    "name": "Masking",
    "description": "You cloak yourself in shadow, blending into the background.",
    "valid_targets": [ "self", "ally", "hostile" ],
    "effect": "attack",
    "shape": "blast",
    "effect_str": "invisibility",
    "flags": [ "SOMATIC", "VERBAL" ],
    "energy_source": "MANA",
    "spell_class": "WARLOCK_C",
    "skill": "occult",
    "difficulty": 5,
    "base_casting_time": 400,
    "base_energy_cost": 150,
    "max_level": 20,
    "min_duration": 6000,
    "max_duration": 12000,
    "duration_increment": 300
  }
]