[
{
    "type": "mapgen",
    "method": "json",
    "om_terrain": [ "bandit_camp_hut" ],
    "//": "Bunks",
    "weight": 100,
    "object": {
      "fill_ter": "t_floor",
	  "faction_owner": [
		{ "id": "bandits", "x": [ 0, 23 ], "y": [ 0, 23 ] }				
      ],
      "rows": [
            "                        ",
            "          ssss          ",
            "    wwwwwwsAAswwwww     ",
            "    wxxfffrrrrffxxw     ",
            "    wwwwwwwffwwwwww     ",
            "    obbfffdffdffbbo     ",
            "    wwwwwwwffwwwwww     ",
            "    obbf!fdffdffbbo     ",
            "    wwwwwwwffwwwwww     ",
            "    obbfffdffdf!bbo     ",
            "    wwwwwwwffwwwwww     ",
            "    obbf!fdffdffbbo     ",
            "    wwwwwwwffwwwwww     ",
            "    obbfffdffdf!bbo     ",
            "    wwwwwwwddwwwwww     ",
            "    wwwwwwwffwwwwww     ",
            "    obbfffdffdf!bbo     ",
            "    wwwwwwwffwwwwww     ",
            "    obbfffdffdf!bbo     ",
            "    wwwwwwwffwwwwww     ",
            "    obbfffdffdf!bbo     ",
            "    wwwwwwwddwwwwww     ",
            "                        ",
            "                        "
      ],
      "palettes": [ "city_building_home" ],
	  "npcs": {
		"!": { "class": "bandit_mtc" }
		}
    }
  },
{
    "type": "mapgen",
    "method": "json",
    "om_terrain": [ "bandit_camp_hut" ],
    "//": "Longhouse, dining hall.",
    "weight": 100,
    "object": {
      "fill_ter": "t_dirt",
	  "faction_owner": [
		{ "id": "bandits", "x": [ 0, 23 ], "y": [ 0, 23 ] }				
      ],
      "rows": [
            "                        ",
            "        ssssss          ",
            "    wwwwsAAAAswwwww     ",
            "    wff!rrrrrrff!fw     ",
            "    wfffffffffffffw     ",
            "    wfcttcfffcttcfo     ",
            "    wfcttcfffcttcfo     ",
            "    wfcttcfffcttcfo     ",
            "    wfcttcfffcttcfo     ",
            "    wfcttcfffcttcfo     ",
            "    wfcttcfffcttcfo     ",
            "    wfcttcfffcttcfo     ",
            "    wfcttcfffcttcfo     ",
            "    wfcttcf!fcttcfo     ",
            "    wfcttcfffcttcfo     ",
            "    wfcttcfffcttcfo     ",
            "    wfcttcfffcttcfo     ",
            "    wfcttcfffcttcfo     ",
            "    wfcttcfffcttcfo     ",
            "    w!fffffffffff!w     ",
            "    w!!ffffffffff!w     ",
            "    wwwwwwdwdwwwwww     ",
            "                        ",
            "                        "
      ],
      "palettes": [ "city_building_home" ],
	  "npcs": {
		"!": { "class": "bandit_mtc" }
		}
    }
  },
{
    "type": "mapgen",
    "method": "json",
    "om_terrain": [ "bandit_camp_important" ],
    "//": "Treasury",
    "weight": 100,
    "object": {
      "fill_ter": "t_dirt",
	  "faction_owner": [
		{ "id": "bandits", "x": [ 0, 23 ], "y": [ 0, 23 ] }				
      ],
      "rows": [
            "                        ",
            "                        ",
            "    wwwwwwwwwwwwwww     ",
            "    wf!!fff!fff!!fw     ",
            "    wfffffffffffffw     ",
            "    w*fff*fff*fff*w     ",
            "    w*fff*fff*fff*w     ",
            "    w*fff*fff*fff*w     ",
            "    w*fff*fff*fff*w     ",
            "    w*fff*fff*fff*w     ",
            "    w!fffffffffff!w     ",
            "    w!fffffffffff!w     ",
            "    w*fff*fff*fff*w     ",
            "    w*fff*fff*fff*w     ",
            "    w*fff*fff*fff*w     ",
            "    w*fff*fff*fff*w     ",
            "    w*fff*fff*fff*w     ",
            "    w*fff*fff*fff*w     ",
            "    w*fff*fff*fff*w     ",
            "    w*fff*fff*fff*w     ",
            "    wf!!fffffff!!fw     ",
            "    wwwwwwwdwwwwwww     ",
            "                        ",
            "                        "
      ],
      "palettes": [ "city_building_home" ],
	  "npcs": {
		"!": { "class": "bandit_mtc" }
		}
    }
  },
{
    "type": "mapgen",
    "method": "json",
    "om_terrain": [ "bandit_camp_important" ],
    "//": "Stolen goods",
    "weight": 80,
    "object": {
      "fill_ter": "t_dirt",
	  "faction_owner": [
		{ "id": "bandits", "x": [ 0, 23 ], "y": [ 0, 23 ] }				
      ],
      "rows": [
            "                        ",
            "                        ",
            "    wwwwwwwwwwwwwww     ",
            "    wf!!fff!fff!!fw     ",
            "    wfffffffffffffw     ",
            "    wffffUfffffUffw     ",
            "    wffffUfUUffUffw     ",
            "    wfffffffffffffw     ",
            "    wffffUfUUffUffw     ",
            "    wffffUfffffUffw     ",
            "    w!fffffUUffff!w     ",
            "    w!fffUfffffUf!w     ",
            "    wffffUfUUffUffw     ",
            "    wfffffffffffffw     ",
            "    wffffUfUUffUffw     ",
            "    wffffUfffffUffw     ",
            "    wffffffUUfffffw     ",
            "    wffffUfffffUffw     ",
            "    wffffUfUUffUffw     ",
            "    wfffffffffffffw     ",
            "    wf!!fffffff!!fw     ",
            "    wwwwwwwdwwwwwww     ",
            "                        ",
            "                        "
      ],
      "palettes": [ "city_building_home" ], 
      "items": {
      "U": { "item": "bandit_loot", "chance": 100 }
	  
    }, 
      "furniture": { "U": "f_table" },
	  "npcs": {
		"!": { "class": "bandit_mtc" }
		}
    }
  },
{
    "type": "mapgen",
    "method": "json",
    "om_terrain": [ "bandit_camp_roof" ],
    "weight": 100,
    "object": {
      "fill_ter": "t_open_air",
      "rows": [
            "                        ",
            "                        ",
            "    uuuuuuuuuuuuuuu     ",
            "    uuuuuuuuuuuuuuu     ",
            "    uuuuuuuuuuuuuuu     ",
            "    uuuuuuuuuuuuuuu     ",
            "    uuuuuuuuuuuuuuu     ",
            "    uuuuuuuuuuuuuuu     ",
            "    uuuuuuuuuuuuuuu     ",
            "    uuuuuuuuuuuuuuu     ",
            "    uuuuuuuuuuuuuuu     ",
            "    uuuuuuuuuuuuuuu     ",
            "    uuuuuuuuuuuuuuu     ",
            "    uuuuuuuuuuuuuuu     ",
            "    uuuuuuuuuuuuuuu     ",
            "    uuuuuuuuuuuuuuu     ",
            "    uuuuuuuuuuuuuuu     ",
            "    uuuuuuuuuuuuuuu     ",
            "    uuuuuuuuuuuuuuu     ",
            "    uuuuuuuuuuuuuuu     ",
            "    uuuuuuuuuuuuuuu     ",
            "    uuuuuuuuuuuuuuu     ",
            "                        ",
            "                        "
      ],
      "palettes": [ "city_building_roof_palette" ]
    }
  }
]