[
{
    "type": "mapgen",
    "om_terrain": [ "druid_circle" ],
    "method": "json",
    "weight": 100,
    "object": {
	"fill_ter": "t_dirt",
      "rows": [
            "                        ",
            "                        ",
            "                        ",
            "                        ",
            "                        ",
            "      .............     ",
            "      . .       . .     ",
            "      . w.     .w .     ",
            "      .   . U .   .     ",
            "      .    .t.    .     ",
            "      .    UtU    .     ",
            "      .    .t.    .     ",
            "      .   . U .   .     ",
            "      . w.     .w .     ",
            "      . .       . .     ",
            "      ..         ..     ",
            "      .............     ",
            "                        ",
            "                        ",
            "                        ",
            "                        ",
            "                        ",
            "                        ",
            "                        "
      ],
      "palettes": [ "cult" ],     
      "furniture": { "U": "f_chair", "t": "f_table" },
      "npcs": {
		"U": { "class": "druid_master" }
		}
	 }
	},
{
    "type": "mapgen",
    "om_terrain": [ "druid_circle_roof" ],
    "method": "json",
    "weight": 100,
    "object": {
	"fill_ter": "t_dirt",
      "rows": [
            "                        ",
            "                        ",
            "                        ",
            "                        ",
            "                        ",
            "                        ",
            "                        ",
            "        .........       ",
            "        .........       ",
            "        .........       ",
            "        .........       ",
            "        .........       ",
            "        .........       ",
            "        .........       ",
            "                        ",
            "                        ",
            "                        ",
            "                        ",
            "                        ",
            "                        ",
            "                        ",
            "                        ",
            "                        ",
            "                        "
      ],
      "palettes": [ "cult_roof" ]
	 }
	} 
]