[
 {
    "type": "mapgen",
    "method": "json",
    "om_terrain": [ "guildhall" ],
    "//": "Brewer guild",
    "weight": 100,
    "object": {
      "fill_ter": "t_floor",
	  "faction_owner": [
		{ "id": "kingdom", "x": [ 0, 23 ], "y": [ 0, 23 ] }				
      ],
      "rows": [
            "........................",
            "..wwwwwwwwwwwwwwwwwwww..",
            "..wff1fffffffffffffffw..",
            "..offffhhhhhhhhfffttto..",
            "..o2ffhtttttttthfft!fo..",
            "..offfhtfffff1thfftffo..",
            "..wfffht2ff?ffthfftffw..",
            "..w2fffffffffffffffffw..",
            "..w?ffffffffffffffff?w..",
            "..offffffffffff2wwwdww..",
            "..offffffffffff?w0ff0w..",
            "..offffff?ffffffw0000w..",
            "..wwwddwwwfffff1wwwwww..",
            "..wbbffbbwffffffffff1o..",
            "..w2fffffwfffwwdwwdwww..",
            "..wbbffbbwfffwtfwff3tw..",
            "..wfffff1wfffwhfwffhtw..",
            "..wbbffbbwfffwf?w?fftw..",
            "..wwwoowwwwddwwowwwwow..",
            "........................",
            "........................",
            "........................",
            "........................",
            "........................"
      ],
      "palettes": [ "city_building_palette" ], 
      "npcs": {
		"!": { "class": "generic_tavernkeep" },
		"1": { "class": "generic_female_citizen" },
		"2": { "class": "generic_male_citizen" },
		"3": { "class": "brewer_guild_master" }
		}
    }
  },
{
    "type": "mapgen",
    "method": "json",
    "om_terrain": [ "guildhall_roof" ],
    "weight": 100,
    "object": {
      "fill_ter": "t_open_air",
      "rows": [
            "                        ",
            "  uuuuuuuuuuuuuuuuuuuu  ",
            "  uuuuuuuuuuuuuuuuuuuu  ",
            "  uuuuuuuuuuuuuuuuuuuu  ",
            "  uuuuuuuuuuuuuuuuuuuu  ",
            "  uuuuuuuuuuuuuuuuuuuu  ",
            "  uuuuuuuuuuuuuuuuuuuu  ",
            "  uuuuuuuuuuuuuuuuuuuu  ",
            "  uuuuuuuuuuuuuuuuuuuu  ",
            "  uuuuuuuuuuuuuuuuuuuu  ",
            "  uuuuuuuuuuuuuuuuuuuu  ",
            "  uuuuuuuuuuuuuuuuuuuu  ",
            "  uuuuuuuuuuuuuuuuuuuu  ",
            "  uuuuuuuuuuuuuuuuuuuu  ",
            "  uuuuuuuuuuuuuuuuuuuu  ",
            "  uuuuuuuuuuuuuuuuuuuu  ",
            "  uuuuuuuuuuuuuuuuuuuu  ",
            "  uuuuuuuuuuuuuuuuuuuu  ",
            "  uuuuuuuuuuuuuuuuuuuu  ",
            "                        ",
            "                        ",
            "                        ",
            "                        ",
            "                        "
      ],
      "palettes": [ "city_building_roof_palette" ]
    }
  }
]