[
	{
    "type": "mapgen",
    "om_terrain": [ "Magical_Pond1" ],
    "method": "json",
    "weight": 100,
    "object": {
	"fill_ter": "t_rock_floor",
      "rows": [
        "wwwwwwwwwwwwwwwwwwwwwwww",
        "wwwwwwwwwwwwwwwwwwwwwwww",
        "wwwwwwwwwwwwwwwwwwwwwwww",
        "wwwwwwwwwwwwwwwwwwwwwwww",
        "wwwwwwwwwwwwwwwwwwwwwwww",
        "wwwwwwwwwwwwwwwwwwwwwwww",
        "wwwwwwwwwwwwwwwwwwwwwwww",
        "wwwwwwwwwwwwwwwwwwwwwwww",
        "wwwwwwwwwwwwwwwwwwwwwwww",
        "wwwwwwwwwwwwwwwwwwwwwwww",
        "wwwwwwwwwwwwwwwwwwwwwwww",
        ".>wwwwwwwwwwwwwwwwwwwwww",
        "wwwwwwwwwwwwwwwwwwwwwwww",
        "wwwwwwwwwwwwwwwwwwwwwwww",
        "wwwwwwwwwwwwwwwwwwwwwwww",
        "wwwwwwwwwwwwwwwwwwwwwwww",
        "wwwwwwwwwwwwwwwwwwwwwwww",
        "wwwwwwwwwwwwwwwwwwwwwwww",
        "wwwwwwwwwwwwwwwwwwwwwwww",
        "wwwwwwwwwwwwwwwwwwwwwwww",
        "wwwwwwwwwwwwwwwwwwwwwwww",
        "wwwwwwwwwwwwwwwwwwwwwwww",
        "wwwwwwwwwwwwwwwwwwwwwwww",
        "wwwwwwwwwwwwwwwwwwwwwwww"
      ],
      "terrain": {
        " ": "t_dirt",
		">": "t_stairs_down",
		"w": "t_magical_min_water_dp"
      }
	 }
	},
	{
    "type": "mapgen",
    "om_terrain": [ "Magical_Pond2" ],
    "method": "json",
    "weight": 100,
    "object": {
	"fill_ter": "t_rock_floor",
      "rows": [
        "wwwwwwwwwwwwwwwwwwwwwwww",
        "wwwwwwwwwwwwwwwwwwwwwwww",
        "wwwwwwwwwwwwwwwwwwwwwwww",
        "wwwwwwwwwwwwwwwwwwwwwwww",
        "wwwwwwwwwwwwwwwwwwwwwwww",
        "wwwwwwwwwwwwwwwwwwwwwwww",
        "wwwwwwwwwwwwwwwwwwwwwwww",
        "wwwwwwwwwwwwwwwwwwwwwwww",
        "wwwwwwwwwwwwwwwwwwwwwwww",
        "wwwwwwwwwwwwwwwwwwwwwwww",
        "wwwwwwwwwwwwwwwwwwwwwwww",
        "wwwwwwwwwwwwwwwwwwwwwwww",
        "wwwwwwwwwwwwwwwwwwwwwwww",
        "wwwwwwwwwwwwwwwwwwwwwwww",
        "wwwwwwwwwwwwwwwwwwwwwwww",
        "wwwwwwwwwwwwwwwwwwwwwwww",
        "wwwwwwwwwwwwwwwwwwwwwwww",
        "wwwwwwwwwwwwwwwwwwwwwwww",
        "wwwwwwwwwwwwwwwwwwwwwwww",
        "wwwwwwwwwwwwwwwwwwwwwwww",
        "wwwwwwwwwwwwwwwwwwwwwwww",
        "wwwwwwwwwwwwwwwwwwwwwwww",
        "wwwwwwwwwwwwwwwwwwwwwwww",
        "wwwwwwwwwwwwwwwwwwwwwwww"
      ],
      "terrain": {
        " ": "t_dirt",
		"w": "t_magical_min_water_dp"
      }
	 }
	},
	{
    "type": "mapgen",
    "om_terrain": [ "Magical_Pond_Caves1" ],
    "method": "json",
    "weight": 100,
    "object": {
	"fill_ter": "t_rock_floor",
      "rows": [
        "%%%%%%%%%%%%%%%%%%%%%%%%",
        "%wwwwwwwwwwwwwwwwwwwwww%",
        "%wwwwwwwwwwwwwwwwwwwwww%",
        "%wwwwwwwwwwwwwwwwwwwwww%",
        "%wwwwwwwwwwwwwwwwwwwwww%",
        "%e..........b...b...b..%",
        "%e.....................%",
        "%%%%%.%%%%%......t......",
        "%%%%...%%%%%%..........%",
        "%%%l...l%%%%%%.e.l.l.e.%",
        "%%...t...%%%%%%%%%%%%%%%",
        "%%.......%%%wwwwwwwwwww%",
        "%%e.....e%%%wwwwwwwwwww%",
        "%%%%%.%%%%%%wwwwwwwwwww%",
        "%t.....l.l.%..b...b...b%",
        "%..........%...........%",
        "%e...............t....l%",
        "%.e.......t%..........l%",
        "%%%%%...e.l%e..........%",
        "%%%t...%%%%%..b...b...b%",
        "%%%....%%%%%wwwwwwwwwww%",
        "%%..<...%%%%wwwwwwwwwww%",
        "%%e...l.%%%%wwwwwwwwwww%",
        "%%%%%%%%%%%%%%%%%%%%%%%%"
      ],
      "terrain": {
        " ": "t_dirt",
        ".": "t_rock_floor",
		"<": "t_stairs_up",
		"%": "t_rock_wall",
		"t": "t_magical_torch",
		"w": "t_magical_min_water_dp"
      },
	  "furniture": {
		"l": "f_statue",
		"e": "f_crate_c",
		"b": "f_wood_keg"
	  },
	  "liquids": {
      "b": { "liquid": "magical_min_water", "amount": [ 100, 175 ] }
	  }
	 }
	},
	{
    "type": "mapgen",
    "om_terrain": [ "Magical_Pond_Caves2" ],
    "method": "json",
    "weight": 100,
    "object": {
	"fill_ter": "t_rock_floor",
      "rows": [
        "%%%%%%%%%%%%%%%%%%%%%%%%",
        "%.l.l.%...e...e...e..e.%",
        "%.....%................%",
        "%e.t............t.....l%",
        "%e....%...............l%",
        "%.....%e.t.............%",
        "%.....%e.......b..b..b.%",
        ".....e%%%.%%%wwwwwwwwww%",
        "%%%%%%%%%.%%%wwwwwwwwww%",
        "%wwwwb..l.l%%wwwwwwwwww%",
        "%wwww......%%%%%%%%%%%%%",
        "%wwww.....e%%%%%%%%%%%%%",
        "%wwwwb..t..%%%%%%%%%%%%%",
        "%wwww.....l%.leel..wwww%",
        "%wwwwb.....%......bwwww%",
        "%wwww......%...t...wwww%",
        "%wwwwb.............wwww%",
        "%wwww......%...t..bwwww%",
        "%wwwwb.....%.......wwww%",
        "%wwww...t.l%.elle.bwwww%",
        "%wwwwb.....%%%%%%%%%%%%%",
        "%wwww.....e%%%%%%%%%%%%%",
        "%wwww.e.e..%%%%%%%%%%%%%",
        "%%%%%%%%%%%%%%%%%%%%%%%%"
      ],
      "terrain": {
        " ": "t_dirt",
        ".": "t_rock_floor",
		"<": "t_stairs_up",
		"%": "t_rock_wall",
		"t": "t_magical_torch",
		"w": "t_magical_min_water_dp"
      },
	  "furniture": {
		"l": "f_statue",
		"e": "f_crate_c",
		"b": "f_wood_keg"
	  },
	  "liquids": {
      "b": { "liquid": "magical_min_water", "amount": [ 100, 175 ] }
	  }
	 }
	}
]