[
  {
    "type": "mapgen",
    "method": "json",
    "om_terrain": [ "old_catacomb_enter" ],
    "weight": 100,
    "object": {
      "fill_ter": "t_rock_floor",
      "rows": [
        "                  S     ",
        "            S         S ",
        "   S                    ",
        "         S     S      S ",
        "        S               ",
        "   S            S       ",
        "   llllllllllllllllll  S",
        "   l.......UU.!.....l   ",
        " S l........>.......l   ",
        "   lH..............HlS  ",
        "   l!..............!l   ",
        "   lH..............Hl S ",
        " S l................l   ",
        "   l................l S ",
        "  Sl...!H.......H!..l   ",
        "   llllllllhhllllllll   ",
        "  S        .. S     S   ",
        "     S   S .. S         ",
        "         S  . S    S S  ",
        "   S   S              S ",
        "                        ",
        "        S    S     S    ",
        "    S                   ",
        "            S    S      "
      ],
      "palettes": [ "catacombs" ],
      "furniture": { "U": "f_table", "H": "f_table", "!": "f_hanging_lantern_out" }
    }
  }, 
  {
    "type": "mapgen",
    "method": "json",
    "om_terrain": [ "old_catacomb_enter" ],
    "//": "Open air",
    "weight": 100,
    "object": {
      "fill_ter": "t_rock_floor",
      "rows": [
        "                  S     ",
        "            S         S ",
        "   S                    ",
        "         S     S      S ",
        "        S               ",
        "   S            S       ",
        "   l................l  S",
        "   ..................   ",
        " S .........>........   ",
        "   ..................S  ",
        "   ..................   ",
        "   .........l........ S ",
        " S ..................   ",
        "   .................. S ",
        "  S..................   ",
        "   l................l   ",
        "  S        .. S     S   ",
        "     S   S .. S         ",
        "         S  . S    S S  ",
        "   S   S              S ",
        "                        ",
        "        S    S     S    ",
        "    S                   ",
        "            S    S      "
      ],
      "palettes": [ "catacombs" ]
    }
  }, 
  {
    "type": "mapgen",
    "method": "json",
    "om_terrain": [ "old_catacomb_enter" ],
    "//": "Old church, mabey?",
    "weight": 100,
    "object": {
      "fill_ter": "t_rock_floor",
      "rows": [
        "                  S     ",
        "            S         S ",
        "   S                    ",
        "         S     S      S ",
        "        S               ",
        "   S            S       ",
        "   llllllllllllllllll  S",
        "   l.......U!U......l   ",
        " S l........>.......l   ",
        "   l!..............!lS  ",
        "   lH.////////////.Hl   ",
        "   lH..............Hl S ",
        " S l!.////////////.!l   ",
        "   l................l S ",
        "  Sl...!H.......H!..l   ",
        "   llllllllhhllllllll   ",
        "  S        .. S     S   ",
        "     S   S .. S         ",
        "         S  . S    S S  ",
        "   S   S              S ",
        "                        ",
        "        S    S     S    ",
        "    S                   ",
        "            S    S      "
      ],
      "palettes": [ "catacombs" ],  
      "furniture": { "U": "f_table", "/": "f_bench", "H": "f_table", "!": "f_hanging_lantern_out" }
    }
  }, 
  {
    "type": "mapgen",
    "method": "json",
    "om_terrain": [ "old_catacomb_roof" ],
    "weight": 100,
    "object": {
      "fill_ter": "t_open_air",
      "rows": [
        "                        ",
        "                        ",
        "                        ",
        "                        ",
        "                        ",
        "                        ",
        "   ..................   ",
        "   ..................   ",
        "   ..................   ",
        "   ..................   ",
        "   ..................   ",
        "   ..................   ",
        "   ..................   ",
        "   ..................   ",
        "   ..................   ",
        "   ..................   ",
        "                        ",
        "                        ",
        "                        ",
        "                        ",
        "                        ",
        "                        ",
        "                        ",
        "                        "
      ],
      "palettes": [ "catacombs_roof" ]
    }
  },
  {
    "type": "mapgen",
    "method": "json",
    "om_terrain": [ "ocata1" ],
    "//": "Underground level - Z -1.",
    "weight": 100,
    "object": {
      "fill_ter": "t_rock_floor",
      "rows": [
        "##########l...l#########",
        "####llClCll...llClCll###",
        "####lC.xx.......xx.Cl###",
        "####lC.xx.......xx.Cl###",
        "####llClCll...llClCll###",
        "#####llllll...llllll####",
        "#####l............l#####",
        "#####l..ll..<.ll..l#####",
        "#####l............l#####",
        "#####l............l#####",
        "#####l......l.....l#####",
        "#####llllll...lllll#####",
        "##########l...l#########",
        "####llClCll...llClCll###",
        "####lC.xx.......xx.Cl###",
        "####lC.xx.......xx.Cl###",
        "####llClCll...llClCll###",
        "##########l...l#########",
        "####llClCll...llClCll###",
        "####lC...xx...xx...Cl###",
        "####lC...xxx.xxx...Cl###",
        "####llClCllx.xllClCll###",
        "##########l...l#########",
        "##########l...l#########"
      ],
      "palettes": [ "catacombs" ],
      "furniture": { "C": "f_coffin_c" },
      "monster": { "x": { "monster": "mon_mtc_zombie", "chance": 50 } },
      "sealed_item": {
      "C": {
      "items": { "item": "lair_loot_generic", "chance": 40 },
      "furniture": "f_coffin_c"
  }
}
    }
  },
  {
    "type": "mapgen",
    "method": "json",
    "om_terrain": [ "ocata2" ],
    "//": "Same as above, without stairs.",
    "weight": 100,
    "object": {
      "fill_ter": "t_rock_floor",
      "rows": [
        "##########l...l#########",
        "####llClCll...llClCll###",
        "####lC.xx.......xx.Cl###",
        "####lC.xx.......xx.Cl###",
        "####llClCll...llClCll###",
        "#####llllll...llllll####",
        "#####C............C#####",
        "#####l..ll....ll..l#####",
        "#####C.x.x.....x.xC#####",
        "#####l.x.x.....x.xl#####",
        "#####C.x.x..l..x.xC#####",
        "#####lClCll...lClCl#####",
        "##########l...l#########",
        "####llClCll...llClCll###",
        "####lC.xx.......xx.Cl###",
        "####lC.xx.......xx.Cl###",
        "####llClCll...llClCll###",
        "##########l...l#########",
        "####llClCll...llClCll###",
        "####lC...xx...xx...Cl###",
        "####lC...xxx.xxx...Cl###",
        "####llClCllx.xllClCll###",
        "##########l...l#########",
        "##########l...l#########"
      ],
      "palettes": [ "catacombs" ],
      "furniture": { "C": "f_coffin_c" },
      "monster": { "x": { "monster": "mon_mtc_zombie", "chance": 50 } },
      "sealed_item": {
      "C": {
      "items": { "item": "lair_loot_generic", "chance": 40 },
      "furniture": "f_coffin_c"
  }
}
    }
  },
  {
    "type": "mapgen",
    "method": "json",
    "om_terrain": [ "ocata2" ],
    "//": "Collasped passageways.",
    "weight": 100,
    "object": {
      "fill_ter": "t_rock_floor",
      "rows": [
        "##########l...l#########",
        "####llClCll...llClCll###",
        "####lC.xx..##...xx.Cl###",
        "####lC.xx...##..xx.Cl###",
        "####llClCll.#.llClCll###",
        "#####llllll...llllll####",
        "#####l##..........C#####",
        "#####C###l....l#..l#####",
        "#####lx..x....x##xC#####",
        "#####Cx##x#..#.x.xl#####",
        "#####lx#.x.####x.xC#####",
        "#####llClll.##lClll#####",
        "##########l...l#########",
        "####llClCll...llClCll###",
        "####lC.xx...##..xx.Cl###",
        "####lC.xx..#..#.xx.Cl###",
        "####llClCll...llClCll###",
        "##########l..#l#########",
        "####llClCl#.#.llClCll###",
        "####lC..xx###.xx...Cl###",
        "####lC...xxx#xxx...Cl###",
        "####llClCllx.xllClCll###",
        "##########l...l#########",
        "##########l...l#########"
      ],
      "palettes": [ "catacombs" ],
      "furniture": { "C": "f_coffin_c" },
      "monster": { "x": { "monster": "mon_mtc_zombie", "chance": 50 } },
      "sealed_item": {
      "C": {
      "items": { "item": "lair_loot_generic", "chance": 20 },
      "furniture": "f_coffin_c"
  }
}
    }
  },
  {
    "type": "mapgen",
    "method": "json",
    "om_terrain": [ "ocata2" ],
    "//": "Few coffins.",
    "weight": 100,
    "object": {
      "fill_ter": "t_rock_floor",
      "rows": [
        "##########l...l#########",
        "####lllllll...lllllll###",
        "####l..xx........xx.l###",
        "####l..xx........xx.l###",
        "####llClCll...llClCll###",
        "#####llllll...llllll####",
        "#####l............l#####",
        "#####l..ll....ll..l#####",
        "#####C.x.x.....x.xC#####",
        "#####l.x.x.....x.xl#####",
        "#####l.x.x..l..x.xl#####",
        "#####lllCll...lClll#####",
        "##########l...l#########",
        "####lllllll...lllllll###",
        "####l.xx.........xx.l###",
        "####l.xx.........xx.l###",
        "####llClCll...llClCll###",
        "##########l...l#########",
        "####lllllll...lllllll###",
        "####l....xx...xx....l###",
        "####l....xxx.xxx....l###",
        "####llClCllx.xllClCll###",
        "##########l...l#########",
        "##########l...l#########"
      ],
      "palettes": [ "catacombs" ],
      "furniture": { "C": "f_coffin_c" },
      "monster": { "x": { "monster": "mon_mtc_zombie", "chance": 20 } },
      "sealed_item": {
      "C": {
      "items": { "item": "lair_loot_generic", "chance": 20 },
      "furniture": "f_coffin_c"
  }
}
    }
  },
  {
    "type": "mapgen",
    "method": "json",
    "om_terrain": [ "ocata2" ],
    "//": "Few undead.",
    "weight": 100,
    "object": {
      "fill_ter": "t_rock_floor",
      "rows": [
        "##########l...l#########",
        "####llClCll...llClCll###",
        "####lC.xx.......xx.Cl###",
        "####lC.xx.......xx.Cl###",
        "####llClCll...llClCll###",
        "#####llllll...llllll####",
        "#####C............C#####",
        "#####l..ll....ll..l#####",
        "#####C.x.x.....x.xC#####",
        "#####l.x.x.....x.xl#####",
        "#####C.x.x..l..x.xC#####",
        "#####lClCll...lClCl#####",
        "##########l...l#########",
        "####llClCll...llClCll###",
        "####lC.xx.......xx.Cl###",
        "####lC.xx.......xx.Cl###",
        "####llClCll...llClCll###",
        "##########l...l#########",
        "####llClCll...llClCll###",
        "####lC...xx...xx...Cl###",
        "####lC...xxx.xxx...Cl###",
        "####llClCllx.xllClCll###",
        "##########l...l#########",
        "##########l...l#########"
      ],
      "palettes": [ "catacombs" ],
      "furniture": { "C": "f_coffin_c" },
      "monster": { "x": { "monster": "mon_mtc_zombie", "chance": 20 } },
      "sealed_item": {
      "C": {
      "items": { "item": "lair_loot_generic", "chance": 20 },
      "furniture": "f_coffin_c"
  }
}
    }
  },
{
    "type": "mapgen",
    "method": "json",
    "om_terrain": [ "ocata2" ],
    "//": "Water seepage.",
    "weight": 100,
    "object": {
      "fill_ter": "t_rock_floor",
      "rows": [
        "##########l...l#########",
        "####llClCll~..llClCll###",
        "####lC..xx....xx~~.Cl###",
        "####lC.x~x....x~~~xCl###",
        "####llClCll...llClCll###",
        "#####llllll...llllll####",
        "#####C~...~.......C#####",
        "#####l..ll....ll..l#####",
        "#####C.x.x..~..x.xC#####",
        "#####l.x.x..~~.x~xl#####",
        "#####C~x.x..l..x.xC#####",
        "#####lClCll..~lClCl#####",
        "##########l..~l#########",
        "####llClCll...llClCll###",
        "####lC..~xx...xx...Cl###",
        "####lC.x~~xx.xxx...Cl###",
        "####llClCllx.xllClCll###",
        "##########l...l#########",
        "####llClCll...llClCll###",
        "####lC..xxx...xx...Cl###",
        "####lC..~~xx.xx~x..Cl###",
        "####llClCllx.xllClCll###",
        "##########l..~l#########",
        "##########l...l#########"
      ],
      "palettes": [ "catacombs" ],
      "furniture": { "C": "f_coffin_c" },
      "monster": { "x": { "monster": "mon_mtc_skeleton", "chance": 50 } },
      "sealed_item": {
      "C": {
      "items": { "item": "lair_loot_generic", "chance": 20 },
      "furniture": "f_coffin_c"
  }
}
    }
  },
{
    "type": "mapgen",
    "method": "json",
    "om_terrain": [ "ocata3" ],
    "//": "Passage connector.",
    "weight": 100,
    "object": {
      "fill_ter": "t_rock_floor",
      "rows": [
        "########################",
        "####llClCllClCllClCll###",
        "####lC.xx.......xx.Cl###",
        "####lC.xx.......xx.Cl###",
        "####llClCllhhhllClCll###",
        "lllllllllll...llllllllll",
        "l......................l",
        "........ll....ll........",
        ".....x..x.x...x.x..x....",
        "l....x..x.x...x.x..x...l",
        "llllll..x.x.l.x.x.llllll",
        "#####llllll...lllll#####",
        "##########l...l#########",
        "####llClCll...llClCll###",
        "####lC.xx.......xx.Cl###",
        "####lC.xx.......xx.Cl###",
        "####llClCll...llClCll###",
        "##########l...l#########",
        "####llClCll...llClCll###",
        "####lC...xx...xx...Cl###",
        "####lC...xxx.xxx...Cl###",
        "####llClCllx.xllClCll###",
        "##########l...l#########",
        "##########l...l#########"
      ],
      "palettes": [ "catacombs" ],
      "furniture": { "C": "f_coffin_c" },
      "monster": { "x": { "monster": "mon_mtc_zombie", "chance": 50 } },
      "sealed_item": {
      "C": {
      "items": { "item": "lair_loot_generic", "chance": 20 },
      "furniture": "f_coffin_c"
  }
}
    }
  },
{
    "type": "mapgen",
    "method": "json",
    "om_terrain": [ "ocata3_open" ],
    "//": "Passage connector with opening.",
    "weight": 100,
    "object": {
      "fill_ter": "t_rock_floor",
      "rows": [
        "###########...##########",
        "####llClCll...llClCll###",
        "####lC.xx.......xx.Cl###",
        "####lC.xx.......xx.Cl###",
        "####llClCll...llClCll###",
        "lllllllllll...llllllllll",
        "l......................l",
        "........ll....ll........",
        ".....x..x.x...x.x..x....",
        "l....x..x.x...x.x..x...l",
        "llllll..x.x.l.x.x.llllll",
        "#####llllll...lllll#####",
        "##########l...l#########",
        "####llClCll...llClCll###",
        "####lC.xx.......xx.Cl###",
        "####lC.xx.......xx.Cl###",
        "####llClCll...llClCll###",
        "##########l...l#########",
        "####llClCll...llClCll###",
        "####lC...xx...xx...Cl###",
        "####lC...xxx.xxx...Cl###",
        "####llClCllx.xllClCll###",
        "##########l...l#########",
        "##########l...l#########"
      ],
      "palettes": [ "catacombs" ],
      "furniture": { "C": "f_coffin_c" },
      "monster": { "x": { "monster": "mon_mtc_zombie", "chance": 50 } },
      "sealed_item": {
      "C": {
      "items": { "item": "lair_loot_generic", "chance": 20 },
      "furniture": "f_coffin_c"
  }
}
    }
  },
{
    "type": "mapgen",
    "method": "json",
    "om_terrain": [ "ocata4r" ],
    "//": "Right side passage.",
    "weight": 100,
    "object": {
      "fill_ter": "t_rock_floor",
      "rows": [
        "########################",
        "####llClCllClCllClCll###",
        "####lC.xx.......xx.Cl###",
        "####lC.xx.......xx.Cl###",
        "####llClCllhhhllClCll###",
        "lllllllllll...llllllllll",
        "#####l.................l",
        "#####l..ll....ll........",
        "#####l.x.x.....x.x......",
        "#####l.x.x.....x.x.....l",
        "#####l.x.x..l..x.xllllll",
        "#####llllll...lllll#####",
        "##########l...l#########",
        "####llClCll...llClCll###",
        "####lC.xx.......xx.Cl###",
        "####lC.xx.......xx.Cl###",
        "####llClCll...llClCll###",
        "##########l...l#########",
        "####llClCll...llClCll###",
        "####lC...xx...xx...Cl###",
        "####lC...xxx.xxx...Cl###",
        "####llClCllx.xllClCll###",
        "##########l...l#########",
        "##########l...l#########"
      ],
      "palettes": [ "catacombs" ],
      "furniture": { "C": "f_coffin_c" },
     "monster": { "x": { "monster": "mon_mtc_zombie", "chance": 50 } },
      "sealed_item": {
      "C": {
      "items": { "item": "lair_loot_generic", "chance": 20 },
      "furniture": "f_coffin_c"
  }
}
    }
  },
{
    "type": "mapgen",
    "method": "json",
    "om_terrain": [ "ocata4l" ],
    "//": "Left side passage.",
    "weight": 100,
    "object": {
      "fill_ter": "t_rock_floor",
      "rows": [
        "########################",
        "####llClCllClCllClCll###",
        "####lC.xx......xx..Cl###",
        "####lC.xx......xx..Cl###",
        "####llClCllhhhllClCll###",
        "lllllllllll...lllllll###",
        "l.................l#####",
        "........ll....ll..l#####",
        "......x.x......x.xl#####",
        "l.....x.x......x.xl#####",
        "#####lx.x...l..x.xl#####",
        "#####llllll...lllll#####",
        "##########l...l#########",
        "####llClCll.x.llClCll###",
        "####lC.xx...x...xx.Cl###",
        "####lC.xx...x...xx.Cl###",
        "####llClCll...llClCll###",
        "##########l...l#########",
        "####llClCll...llClCll###",
        "####lC...xx...xx...Cl###",
        "####lC...xxx.xxx...Cl###",
        "####llClCllx.xllClCll###",
        "##########l...l#########",
        "##########l...l#########"
      ],
      "palettes": [ "catacombs" ],
      "furniture": { "C": "f_coffin_c" },
      "monster": { "x": { "monster": "mon_mtc_zombie", "chance": 50 } },
      "sealed_item": {
      "C": {
      "items": { "item": "lair_loot_generic", "chance": 20 },
      "furniture": "f_coffin_c"
  }
}
    }
  },
{
    "type": "mapgen",
    "method": "json",
    "om_terrain": [ "ocata5" ],
    "//": "Finale, necromancer.",
    "weight": 100,
    "object": {
      "fill_ter": "t_rock_floor",
      "rows": [
        "########################",
        "####llClCllClCllClCll###",
        "####lC.............Cl###",
        "####lC.............Cl###",
        "####llClCllhhhllClCll###",
        "lllllllllll...llllllllll",
        "lL....................Ll",
        "h.......lL....Ll.......h",
        "h...........x..........h",
        "lL....................Ll",
        "llllll......L.....llllll",
        "#####llllll...lllll#####",
        "##########l...l#########",
        "####lllllllhhhlllllll###",
        "####lt....L...L....fl###",
        "####ltc............Bl###",
        "####lllllllllllllllll###",
        "########################",
        "########################",
        "########################",
        "########################",
        "########################",
        "########################",
        "########################"
      ],
      "palettes": [ "catacombs" ],
      "furniture": { "C": "f_coffin_c", "B": "f_bed", "L": "f_hanging_lantern", "c": "f_chair", "t": "f_table", "f": "f_infusion_bench"  },
      "monster": { "x": { "monster": "mon_mtc_goblin_necromancer", "chance": 100 } },
      "items": {
      "t": [ { "item": "spell_scrolls_wizard1", "chance": 100, "repeat": [ 1, 3 ] }, { "item": "lair_loot_generic", "chance": 100, "repeat": [ 4, 8 ] } ]
    },
      "sealed_item": {
      "C": {
      "items": { "item": "lair_loot_generic", "chance": 90 },
      "furniture": "f_coffin_c"
  }
}
    }
  },
{
    "type": "mapgen",
    "method": "json",
    "om_terrain": [ "ocata5" ],
    "//": "Finale, warrior crypt.",
    "weight": 70,
    "object": {
      "fill_ter": "t_rock_floor",
      "rows": [
        "########################",
        "####llClCllClCllClCll###",
        "####lC..yy......yy.Cl###",
        "####lC..yy......yy.Cl###",
        "####llClCllxxxllClCll###",
        "llllllClCll...llClClllll",
        "l......................l",
        "h......xll..y.llx......h",
        "h...........F..........h",
        "l......xxx..y..xxx.....l",
        "lllll.......l.......llll",
        "###lCxll.llx..ll.ll.Cl##",
        "###llxCCxCCx.xCCxCCxll##",
        "###lC.ll.ll...ll.ll.Cl##",
        "###ll...............ll##",
        "###lC......xxx......Cl##",
        "###llClClClFCFlClClCll##",
        "###lllllllllllllllllll##",
        "########################",
        "########################",
        "########################",
        "########################",
        "########################",
        "########################"
      ],
      "palettes": [ "catacombs" ],
      "signs": { "F": { "signage": "Here lies our greatest heroes, may they be remembered for all time." } },
      "furniture": { "C": "f_coffin_c", "F": "f_sign" },
      "monster": { "x": { "monster": "mon_mtc_skeleton_warrior_cut", "chance": 75 },
                   "y": { "monster": "mon_mtc_skeleton_warrior_range", "chance": 75 } },
      "sealed_item": {
      "C": {
      "items": { "item": "lair_loot_generic", "chance": 100, "repeat": [ 2, 4 ] },
      "furniture": "f_coffin_c"
  }
}
    }
  },
{
    "type": "mapgen",
    "method": "json",
    "om_terrain": [ "ocata5" ],
    "//": "Finale, dark spirit",
    "weight": 60,
    "object": {
      "fill_ter": "t_rock_floor",
      "rows": [
        "########################",
        "####llClCllClCllClCll###",
        "####lC.............Cl###",
        "####lC.............Cl###",
        "####llClCll...llClCll###",
        "llllllClCll...llClClllll",
        "l......................l",
        "h.......ll....ll.......h",
        "h......................h",
        "l......................l",
        "lllll.......l.......llll",
        "###ll.ll.ll...ll.ll.ll##",
        "###lC.CC.CC...CC.CC.Cl##",
        "###ll.ll.ll...ll.ll.ll##",
        "###lC.......x.......Cl##",
        "###ll...............ll##",
        "###lClClClClClClClClCl##",
        "###lllllllllllllllllll##",
        "########################",
        "########################",
        "########################",
        "########################",
        "########################",
        "########################"
      ],
      "palettes": [ "catacombs" ],
      "furniture": { "C": "f_coffin_c" },
      "monster": { "x": { "monster": "mon_dark_spirit", "chance": 100 } },
      "sealed_item": {
      "C": {
      "items": { "item": "lair_loot_generic", "chance": 100, "repeat": [ 2, 4 ] },
      "furniture": "f_coffin_c"
  }
}
    }
  }
]
