[
 {
    "type": "palette",
    "id": "catacombs",
    "terrain": {
      ".": "t_rock_floor",
      " ": [ [ "t_grass", 15 ], [ "t_dirt", 4 ], [ "t_dirtmound", 3 ] ],
      "T": "t_tree_dead",
      "S": "t_shrub",
      "<": "t_slope_up",
      ">": "t_slope_down",
      "#": "t_rock",
      "~": "t_water_sh_underground",
      "l": "t_rock_wall",
      "h": "t_door_c"
    }
    },
{
    "type": "palette",
    "id": "catacombs_roof",
    "terrain": {
      ".": "t_rock_floor_no_roof",
      " ": "t_open_air"
    }
    },
{
    "type": "palette",
    "id": "cult",
    "terrain": {
      ".": "t_dirt",
      "-": "t_floor",
      " ": [ [ "t_grass", 15 ], [ "t_dirt", 4 ], [ "t_shrub", 2 ], [ "t_tree", 1 ] ],
      "w": "t_wall_wood",
      "S": "t_shrub",
      "<": "t_slope_up",
      ">": "t_slope_down",
      "h": "t_door_c",
      "!": "t_privacy_fence",
      "s": "t_splitrail_fence",
      "f": "t_fencegate_c"
    }
    },
{
    "type": "palette",
    "id": "cult_roof",
    "terrain": {
      ".": "t_shingle_flat_roof",
      " ": "t_open_air"
    }
    },
{
    "type": "palette",
    "id": "farm_mtc",
    "terrain": {
      " ": [ [ "t_grass", 15 ], [ "t_dirt", 4 ] ],
      "/": "t_splitrail_fence",
      "f": "t_fencegate_c",
      "#": "t_dirtmound"
    }
    },
{
    "type": "palette",
    "id": "goblin_camp",
    "furniture": {
      "b": "f_straw_bed",
      "@": "f_logstool",
      "c": "f_firering",
      "0": "f_barrel_c",
      "t": "f_table",
      "L": "f_hanging_lantern"
    },
    "terrain": {
      ".": "t_dirtfloor",
      " ": [ [ "t_grass", 15 ], [ "t_dirt", 4 ] ],
      "<": "t_slope_up",
      ">": "t_slope_down",
      "/": "t_wall_rammed_earth",
      "q": "t_wall_rammed_earth",
      "h": "t_door_c",
      "b": "t_dirtfloor",
      "@": "t_dirtfloor",
      "c": "t_dirt",
      "0": "t_dirtfloor",
      "t": "t_dirtfloor"
    },
    "traps": { "x": "tr_firewood_source" },
    "items": {
      "x": { "item": "stash_wood", "chance": 100, "repeat": [ 1, 2 ] },
      "b": { "item": "bed", "chance": 100 },
      "c": { "item": "oven", "chance": 100, "repeat": [ 3, 5 ] }
    }
    },
{
    "type": "palette",
    "id": "goblin_camp_roof",
    "terrain": {
      ".": "t_dirt",
      " ": "t_open_air",
      "<": "t_slope_up",
      ">": "t_slope_down",
      "u": "t_shingle_flat_roof"
    }
    },
{
    "type": "palette",
    "id": "city_ruins",
    "//": "A palette for abandoned homes and their furniture in a medieval city.",
    "furniture": {
      "A": "f_fireplace",
      "b": [ [ "f_bed_frame", 5 ] ],
	  "K": "f_cupboard", 
	  "*": "f_cupboard",
	  "t": "f_table",
	  "h": "f_chair",
	  "H": "f_armchair",
	  "D": "f_dresser",
	  "B": "f_bookcase",
	  "T": "f_desk",
	  "Y": "f_rack_coat",
	  "O": "f_woodstove",
	  "F": "f_forge",
	  "V": "f_bellows",
	  "╦": "f_counter"
    },
    "terrain": {
      "d": [ [ "t_door_c", 5 ], [ "t_door_o", 5 ] ],
      "l": [ [ "t_door_locked_peep", 2 ], [ "t_door_locked", 10 ] ],
	  "i": "t_door_locked_interior",
      "w": [ [ "t_wall_wood", 15 ], [ "t_dirt", 25 ], [ "t_grass", 25 ] ],
	  "A": "t_rock_floor_no_roof",
	  "f": "t_dirt",
	  "c": [ [ "t_floor", 25 ], [ "t_dirt", 25 ], [ "t_grass", 25 ] ],
	  "b": "t_floor",
	  "D": "t_floor",
	  "B": "t_floor",
	  "H": "t_floor",
	  "t": "t_floor",
	  "h": "t_floor",
	  "T": "t_floor",
	  "Y": "t_floor",
	  "O": "t_floor",
	  "u": "t_floor",
      "s": "t_rock_wall",
      "#": "t_rock",
	  "r": "t_rock_floor",
	  "F": "t_rock_floor",
	  "x": "t_rock_floor",
	  "V": "t_rock_floor",
	  "K": "t_rock_floor",
	  "╦": "t_rock_floor",
	  "▄": "t_rock_floor",
	  "a": "t_rock_floor",
	  "*": "t_rock_floor",
      " ": [ [ "t_dirt", 1 ], [ "t_grass", 5 ] ],
      "o": [
        [ "t_window_domestic", 5 ],
        [ "t_window_empty", 25 ],
        [ "t_curtains", 5 ]
      ],
      "<": "t_wood_stairs_up",
      ">": "t_wood_stairs_down"
    },
    "liquids": { "g": { "liquid": "water_clean", "amount": [ 0, 100 ] } },
	"traps": { "x": "tr_firewood_source" },
    "items": {
      "x": { "item": "stash_wood", "chance": 5, "repeat": [ 2, 5 ] },
	  "O": { "item": "oven", "chance": 5, "repeat": [ 2, 5 ] },
	  "K": { "item": "kitchen_counters", "chance": 5, "repeat": [ 2, 5 ] },
	  "t": { "item": "dishes_dining", "chance": 5, "repeat": [ 2, 5 ] },
	  "u": { "item": "bucket", "chance": 10 },
	  "A": { "item": "stash_wood", "chance": 30, "repeat": [ 2, 5 ] },
	  "B": { "item": "textbooks_school", "chance": 5, "repeat": [ 2, 5 ] },
	  "T": { "item": "camping", "chance": 5, "repeat": [ 2, 5 ] },
	  "╦": [ { "item": "blacksmith", "chance": 5, "repeat": [ 1, 3] }, { "item": "BLACKSMITH_SHOP", "chance": 100 } ],
	  "*": { "item": "silver_coinage", "chance": 5, "repeat": [ 10, 25] },
	  "▄": { "item": "charcoal", "chance": 5, "repeat": [ 100, 150 ] },
	  "a": { "item": "anvil", "chance": 5 },
      "D": [
			{ "item": "SUS_dresser_mens", "chance": 5, "repeat": [ 1, 2 ] },
			{ "item": "SUS_dresser_womens", "chance": 5, "repeat": [ 1, 2 ] }
		],
	  "b": [
			{ "item": "bed", "x": [ 10, 8 ], "y": [ 10, 9 ], "chance": 5 }
		]
    }
  },
{
    "type": "palette",
    "id": "city_ruins_roof",
    "//": "A palette for the ruined rooves of cities and their chimneys.",
    "terrain": {
      " ": "t_open_air",
	  "u": [ [ "t_shingle_flat_roof", 15 ], [ "t_open_air", 85 ] ],
      "w": [ [ "t_wall_wood", 25 ], [ "t_floor", 25 ] ],
	  "f": "t_floor",
      "s": "t_rock_wall",
	  "r": "t_rock_floor",
	  "<": "t_wood_stairs_up",
      ">": "t_wood_stairs_down"
    }
  },
{
    "type": "palette",
    "id": "caves",
    "terrain": {
      " ": [ [ "t_rock_floor", 75 ], [ "t_rock", 2 ] ],
      "#": "t_rock",
      ">": "t_slope_down",
      "<": "t_slope_up",
      "~": "t_water_sh_underground",
      "A": "t_open_air"
    }
    },
{
    "type": "palette",
    "id": "caves_enter",
    "terrain": {
      " ":  [ [ "t_dirt", 1 ], [ "t_grass", 5 ] ],
      "#": "t_rock",
      ">": "t_slope_down",
      "<": "t_slope_up",
      "~": "t_water_sh_underground",
      "A": "t_open_air"
    }
    },
{
    "type": "palette",
    "id": "mushroom_caves",
    "terrain": {
      " ": [ [ "t_rock_floor", 55 ], [ "t_dirt", 75 ], [ "t_rock", 2 ] ],
      "#": "t_rock",
      ">": "t_slope_down",
      "<": "t_slope_up",
      "~": "t_water_sh_underground"
    }
    },
{
    "type": "palette",
    "id": "cave_settlement",
    "terrain": {
      " ": [ [ "t_rock_floor", 75 ], [ "t_dirt", 4 ], [ "t_rock", 2 ] ],
      "w": [ [ "t_wall_wood", 65 ], [ "t_rock_floor", 25 ] ],
      "d": [ [ "t_door_c", 10 ], [ "t_door_o", 10 ], [ "t_rock_floor", 3 ] ]
    },
    "furniture": {
      "A": "f_fireplace",
      "b": [ [ "f_bed_frame", 5 ] ],
	  "K": "f_cupboard", 
	  "*": "f_cupboard",
	  "t": "f_table",
	  "h": "f_chair",
	  "H": "f_armchair",
	  "D": "f_dresser",
	  "B": "f_bookcase",
	  "T": "f_desk",
	  "Y": "f_rack_coat",
	  "O": "f_firering",
	  "╦": "f_counter"
    },
   "items": {
      "x": { "item": "stash_wood", "chance": 5, "repeat": [ 2, 5 ] },
	  "O": { "item": "oven", "chance": 5, "repeat": [ 2, 5 ] },
	  "K": { "item": "kitchen_counters", "chance": 5, "repeat": [ 2, 5 ] },
	  "t": { "item": "dishes_dining", "chance": 5, "repeat": [ 2, 5 ] },
	  "u": { "item": "bucket", "chance": 10 },
	  "A": { "item": "stash_wood", "chance": 30, "repeat": [ 2, 5 ] },
	  "B": { "item": "textbooks_school", "chance": 5, "repeat": [ 2, 5 ] },
	  "T": { "item": "camping", "chance": 5, "repeat": [ 2, 5 ] },
	  "*": { "item": "silver_coinage", "chance": 5, "repeat": [ 10, 25] },
      "D": [
			{ "item": "SUS_dresser_mens", "chance": 5, "repeat": [ 1, 2 ] },
			{ "item": "SUS_dresser_womens", "chance": 5, "repeat": [ 1, 2 ] }
		],
	  "b": [
			{ "item": "bed", "x": [ 10, 8 ], "y": [ 10, 9 ], "chance": 5 }
		]
    }
    },
{
    "type": "palette",
    "id": "dragon_lair",
    "terrain": {
      " ": [ [ "t_dirt", 1 ], [ "t_grass", 5 ] ],
      "#": "t_rock",
      ",": "t_rock_floor_no_roof",
      ".": "t_open_air",
      ">": "t_slope_down",
      "<": "t_slope_up",
      "~": "t_water_sh_underground"
    }
    },
{
    "type": "palette",
    "id": "wizard_study",
    "//": "A palette for the wizard study.",
    "terrain": {
      " ": [ [ "t_dirt", 1 ], [ "t_grass", 5 ] ],
      "f": "t_floor",
      ".": "t_dirt",
      "s": "t_rock_wall",
      "r": "t_rock_floor",
      "l": "t_rock_floor_no_roof",
      "<": "t_wood_stairs_up",
      ">": "t_wood_stairs_down",
      "d": "t_door_c",
      "o": "t_window_domestic"
    },
   "furniture": {
      "A": "f_fireplace",
      "b": "f_bed",
	  "K": "f_cupboard", 
          "q": "f_hanging_lantern",
	  "*": "f_chest_c",
	  "t": "f_table",
	  "h": "f_chair",
	  "H": "f_armchair",
	  "D": "f_dresser",
	  "B": "f_bookcase",
	  "T": "f_desk",
	  "Y": "f_rack_coat",
	  "╦": "f_bookcase",
          "2": "f_infusion_bench"
    },
   "items": {
	  "K": { "item": "kitchen_counters", "chance": 70, "repeat": [ 2, 5 ] },
	  "t": { "item": "dishes_dining", "chance": 70, "repeat": [ 2, 5 ] },
	  "u": { "item": "bucket", "chance": 100 },
	  "A": [ { "item": "stash_wood", "chance": 70, "repeat": [ 2, 5 ] }, { "item": "oven", "chance": 70, "repeat": [ 2, 5 ] } ],
	  "B": { "item": "textbooks_school", "chance": 70, "repeat": [ 2, 5 ] },
	  "T": { "item": "camping", "chance": 70, "repeat": [ 2, 5 ] },
	  "╦": [ { "item": "spell_scrolls_wizard_all", "chance": 95, "repeat": [ 1, 3 ] }, { "item": "crystallized_mana", "chance": 100, "repeat": [ 1, 2 ] } ],
	  "*": { "item": "coinage", "chance": 70, "repeat": [ 10, 25 ] },
      "D": [
			{ "item": "SUS_dresser_mens", "chance": 75, "repeat": [ 1, 2 ] },
			{ "item": "SUS_dresser_womens", "chance": 75, "repeat": [ 1, 2 ] }
		],
	  "b": [
			{ "item": "bed", "x": [ 10, 8 ], "y": [ 10, 9 ], "chance": 100 }
		]
    }
  },
{
    "type": "palette",
    "id": "wizard_academy",
    "//": "A palette for the wizard academy.",
    "terrain": {
      " ": [ [ "t_dirt", 1 ], [ "t_grass", 5 ] ],
      "f": "t_floor",
      ".": "t_dirt",
      "s": "t_rock_wall",
      "r": "t_rock_floor",
      "l": "t_rock_floor_no_roof",
      "<": "t_wood_stairs_up",
      ">": "t_wood_stairs_down",
      "d": "t_door_c",
      ")": "t_dirtmound",
      "(": "t_dirtmound",
      "o": "t_window_domestic",
      "#": "t_rock"
    },
   "furniture": {
      "A": "f_fireplace",
      "b": "f_bed",
	  "K": "f_cupboard", 
          "q": "f_hanging_lantern",
	  "*": "f_chest_c",
	  "t": "f_table",
	  "h": "f_chair",
          "c": "f_chair",
	  "H": "f_armchair",
	  "D": "f_dresser",
	  "B": "f_bookcase",
	  "T": "f_desk",
	  "Y": "f_rack_coat",
	  "╦": "f_bookcase",
          "2": "f_infusion_bench"
    },
    "sealed_item": { ")": { "item": { "item": "seed_fire_flower" }, "furniture": "f_plant_seedling", "chance": 90 } }
  },
{
    "type": "palette",
    "id": "fiend_cult",
    "terrain": {
      ".": "t_rock_floor",
      " ": [ [ "t_tree", 15 ], [ "t_shrub", 15 ], [ "t_grass", 13 ], [ "t_dirt", 4 ] ],
      "<": "t_slope_up",
      ">": "t_slope_down",
      "#": "t_rock",
      "~": "t_water_moving_sh_underground",
      "l": "t_rock_wall",
      "h": "t_door_c"
    },
    "furniture": {
      "A": "f_burning_brazier",
          "q": "f_hanging_lantern",
	  "t": "f_table",
	  "c": "f_chair",
	  "B": "f_bookcase"
    }
    },
{
    "type": "palette",
    "id": "medieval_cathedral",
    "terrain": {
      ".": "t_rock_floor",
      " ": [ [ "t_tree", 5 ], [ "t_region_shrub", 5 ], [ "t_grass", 13 ], [ "t_dirt", 4 ] ],
      "u": "t_shingle_flat_roof",
      "l": "t_rock_wall",
      "h": "t_door_c",
      "O": "t_column",
      "0": [ [ "t_window_stained_green", 10 ], [ "t_window_stained_red", 10 ], [ "t_window_stained_blue", 10 ] ]
    },
    "furniture": {
      "A": "f_burning_brazier",
          "q": "f_hanging_lantern",
	  "t": "f_table",
	  "c": "f_chair",
          "/": "f_bench",
	  "B": "f_bookcase",
          "o": "f_barrel_o"
    }
    },
{
    "type": "palette",
    "id": "mine_mtc",
    "//": "A palette for mines.",
    "terrain": {
      " ": [ [ "t_dirt", 1 ], [ "t_grass", 5 ] ],
      "f": "t_floor",
      ".": "t_dirt",
      "u": "t_dirt",
      "s": "t_rock_wall",
      "r": "t_rock_floor",
      "l": "t_rock_floor_no_roof",
      "<": "t_slope_down",
      ">": "t_slope_up",
      "d": "t_door_c",
      "o": "t_window_domestic",
      "#": "t_rock"
    },
   "furniture": {
      "A": "f_fireplace",
      "b": "f_bed",
	  "K": "f_cupboard", 
          "q": "f_hanging_lantern",
	  "t": "f_table",
	  "h": "f_chair",
	  "T": "f_desk"
    },
   "items": {
	  "u": { "item": "bucket", "chance": 100 },
	  "A": [ { "item": "stash_wood", "chance": 70, "repeat": [ 2, 5 ] }, { "item": "oven", "chance": 70, "repeat": [ 2, 5 ] } ],
	  "b": [
			{ "item": "bed", "x": [ 10, 8 ], "y": [ 10, 9 ], "chance": 100 }
		]
    }
  },
{
    "type": "palette",
    "id": "hexbound_cult",
    "terrain": {
      ".": "t_dirt",
      "f": "t_floor",
      " ": [ [ "t_grass", 15 ], [ "t_dirt", 4 ], [ "t_shrub", 2 ], [ "t_tree", 1 ] ],
      "w": "t_wall_wood",
      "s": "t_rock_wall",
      "S": "t_shrub",
      "<": "t_slope_up",
      ">": "t_slope_down",
      "d": "t_door_c",
      "-": "t_rock_floor_no_roof"
    },
    "furniture": {
      "A": "f_straw_dummy",
      "V": "f_burning_brazier",
      "b": "f_bed",
	  "B": "f_bookcase",
          "F": "f_forge", 
          "q": "f_hanging_lantern",
	  "t": "f_table",
	  "h": "f_chair",
	  "C": "f_counter"
    }
    },
{
    "type": "palette",
    "id": "water_temple",
    "terrain": {
      " ": "t_water_dp",
      "f": "t_floor",
      ".": [ [ "t_grass", 15 ], [ "t_dirt", 4 ], [ "t_shrub", 2 ], [ "t_tree", 1 ] ],
      "w": "t_wall_wood",
      "s": "t_rock_wall",
      "<": "t_slope_up",
      ">": "t_slope_down",
      "d": "t_door_c",
      "-": "t_rock_floor_no_roof"
    },
    "furniture": {
      "A": "f_barrel_c",
      "V": "f_burning_brazier",
      "?": "f_hanging_lantern",
      "b": "f_bed",
	  "B": "f_bookcase",
	  "t": "f_table",
	  "h": "f_chair"
    }
    },
{
    "type": "palette",
    "id": "waystation",
    "terrain": {
      ".": "t_rock_floor",
      " ": [ [ "t_grass", 15 ], [ "t_dirt", 4 ], [ "t_shrub", 3 ], [ "t_tree", 2 ] ],
      "~": "t_water_sh",
      "s": "t_rock_wall",
      "d": "t_door_c",
      "o": "t_window_domestic"
    },
    "furniture": {
      "A": "f_barrel_c",
      "?": "f_hanging_lantern",
      "b": "f_bed",
	  "B": "f_bookcase",
	  "t": "f_table",
	  "c": "f_chair"
    }
    }
]