[
{
    "type": "mapgen",
    "method": "json",
    "om_terrain": [ "watchtower" ],
    "weight": 100,
    "object": {
      "fill_ter": "t_rock_floor",
	  "faction_owner": [
		{ "id": "kingdom", "x": [ 0, 23 ], "y": [ 0, 23 ] }				
      ],
      "rows": [
            "........................",
            "........................",
            "........................",
            "........................",
            "........................",
            "..lllllllllllllllllll...",
            "..l.................l...",
            "..l.................l...",
            "..l.................l...",
            "..l....ll/ll/ll.....l...",
            "..l...ll`````<ll....l...",
            "..l..llq`1````qll...l...",
            "..l..lf````````fl...l...",
            "..l..lf````````fl...l...",
            "..l..lf````1```fl...l...",
            "..l..lf````````fl...l...",
            "..l..lf````````fl...l...",
            "..l..llq``````qll...l...",
            "..l...ll/lhhl/ll....l...",
            "..l......1..1.......l...",
            "..l.................l...",
            "..lllll.......lllllll...",
            "........................",
            "........................"
      ],
      "palettes": [ "catacombs" ],
      "furniture": 
               { 
                 "f": "f_barrel_c",
                 "q": "f_hanging_lantern" 
               },
      "terrain": 
               { 
                 ".": [ [ "t_grass", 5 ], [ "t_dirt", 3 ] ],
                 "/": "t_embrasure_rock",
                 "`": "t_rock_floor"  
               },
	  "npcs": {
		"1": { "class": "city_guard" }
		}
    }
  },
{
    "type": "mapgen",
    "method": "json",
    "om_terrain": [ "watchtower_up" ],
    "weight": 100,
    "object": {
      "fill_ter": "t_floor",
	  "faction_owner": [
		{ "id": "kingdom", "x": [ 0, 23 ], "y": [ 0, 23 ] }				
      ],
      "rows": [
            "                        ",
            "                        ",
            "                        ",
            "                        ",
            "                        ",
            "                        ",
            "                        ",
            "                        ",
            "                        ",
            "       ss~s~s~s         ",
            "      s~qfff<>~s        ",
            "     s~ffffffff~s       ",
            "     s/fffccqff/s       ",
            "     ~1ffcttcfff~       ",
            "     s/ffcttcff/s       ",
            "     ~ffffccffff~       ",
            "     s/ffffffff/s       ",
            "     s~1fqffqff~s       ",
            "      ss~ss~ss~s        ",
            "                        ",
            "                        ",
            "                        ",
            "                        ",
            "                        "
      ],
      "palettes": [ "city_building_roof_palette" ],      
      "furniture": 
               { 
                 "/": "f_bed",
                 "t": "f_table", 
                 "c": "f_chair", 
                 "q": "f_hanging_lantern" 
               },
      "terrain": 
               { 
                 "~": "t_embrasure_rock" 
               },
      "items": {
                 "/": { "item": "bed", "chance": 100 }	  
                },
	  "npcs": {
		"1": { "class": "city_guard" }
		}
    }
  },
{
    "type": "mapgen",
    "method": "json",
    "om_terrain": [ "watchtower_roof" ],
    "weight": 100,
    "object": {
      "fill_ter": "t_floor",
	  "faction_owner": [
		{ "id": "kingdom", "x": [ 0, 23 ], "y": [ 0, 23 ] }				
      ],
      "rows": [
            "                        ",
            "                        ",
            "                        ",
            "                        ",
            "                        ",
            "                        ",
            "                        ",
            "                        ",
            "                        ",
            "       .f.f.f.f         ",
            "      .fffff>f.f        ",
            "     .fffffffff.f       ",
            "     f1fffffffff.       ",
            "     .fffffffff1f       ",
            "     fffffffffff.       ",
            "     .fffffffffff       ",
            "     fffffffffff.       ",
            "     .fffffffff.f       ",
            "      .f.f.f.f.f        ",
            "                        ",
            "                        ",
            "                        ",
            "                        ",
            "                        "
      ],
      "palettes": [ "city_building_roof_palette" ],
       "terrain": 
               { 
                 ".": "t_embrasure_rock"
               },
	  "npcs": {
		"1": { "class": "city_guard" }
		}
    }
  }  
]