[
{
    "type": "mapgen",
    "method": "json",
    "om_terrain": [ "roadside_waystation" ],
    "weight": 100,
    "object": {
      "fill_ter": "t_floor",
	  "faction_owner": [
		{ "id": "kingdom", "x": [ 0, 23 ], "y": [ 0, 23 ] }				
      ],
      "rows": [
            "                        ",
            "       sssssssssss      ",
            "       sb.d..?s.bs      ",
            "       sb.s...d.bs      ",
            "       ssssdssssss      ",
            "       sc.2..ct!?s      ",
            "       ot....ct..s      ",
            "       sc....ctt.s      ",
            "       sc.....1..s      ",
            "       st...c...cs      ",
            "       sc..ctc..ts      ",
            "       s2...c...cs      ",
            "       s?.....1.?s      ",
            "       ssosddssoss      ",
            "          ....          ",
            "  ~~~      ..           ",
            " ~~~~~~    ..           ",
            " ~~~~~~......           ",
            " ~~~~~~......           ",
            " ~~~~~~    ..           ",
            "  ~~~~~    ..           ",
            "           ..           ",
            "           ..           ",
            "           ..           "
      ],
      "palettes": [ "waystation" ],
	  "npcs": {
		"!": { "class": "generic_tavernkeep" },
		"1": { "class": "generic_female_citizen" },
		"2": { "class": "generic_male_citizen" }
		},
          "items": {
	  "t": { "item": "dishes_dining", "chance": 70, "repeat": [ 2, 5 ] }, 
          "b": { "item": "bed", "chance": 100 }
    }
    }
  },
{
    "type": "mapgen",
    "method": "json",
    "om_terrain": [ "roadside_waystation_roof" ],
    "weight": 100,
    "object": {
      "fill_ter": "t_floor",
      "rows": [
            "                        ",
            "       ...........      ",
            "       ...........      ",
            "       ...........      ",
            "       ...........      ",
            "       ...........      ",
            "       ...........      ",
            "       ...........      ",
            "       ...........      ",
            "       ...........      ",
            "       ...........      ",
            "       ...........      ",
            "       ...........      ",
            "       ...........      ",
            "                        ",
            "                        ",
            "                        ",
            "                        ",
            "                        ",
            "                        ",
            "                        ",
            "                        ",
            "                        ",
            "                        "
      ],
      "palettes": [ "catacombs_roof" ]
    }
  }  
]