[  
{
    "type": "mapgen",
    "method": "json",
    "om_terrain": [ "wizard_study" ],
    "weight": 100,
    "object": {
      "fill_ter": "t_floor",
	  "faction_owner": [
		{ "id": "kingdom", "x": [ 0, 23 ], "y": [ 0, 23 ] }				
      ],
      "rows": [

            "                        ",
            "       sssoooossss      ",
            "       sDfffff*bbsss    ",
            "     sssDffffffbbsus    ",
            "    ssqssssssdssssds    ",
            "    sffffffffffffqfs    ",
            "    offffffffffffffo    ",
            "    offfffhthffffffo    ",
            "    offfffhthf!ffffo    ",
            "    sfffffhthfffff2s    ",
            "    sAfffffffqssddss    ",
            "    sAffffffffs╦rr╦s    ",
            "    oKfffffffBs╦rr╦s    ",
            "    sKffffHffBs╦rr╦s    ",
            "    sKfffffffBs╦rr╦s    ",
            "    ssffffffffssssss    ",
            "     ssYffffqss         ",
            "      ssoddoss          ",
            "         ..             ",
            "         ..             ",
            "         ..             ",
            "         ..             ",
            "         ..             ",
            "         ..             "
      ],
      "palettes": [ "wizard_study" ],
      "npcs": {
		"!": { "class": "apprentice_mage" }
		}
    }
  },
{
    "type": "mapgen",
    "method": "json",
    "om_terrain": [ "wizard_study_roof" ],
    "weight": 100,
    "object": {
      "fill_ter": "t_open_air",
      "rows": [

            "                        ",
            "       uuuuuuuuuuu      ",
            "       uuuuuuuuuuuuu    ",
            "     uuuuuuuuuuuuuuu    ",
            "    uuuuuuuuuuuuuuuu    ",
            "    uuuuuuuuuuuuuuuu    ",
            "    uuuuuuuuuuuuuuuu    ",
            "    uuuuuuuuuuuuuuuu    ",
            "    uuuuuuuuuuuuuuuu    ",
            "    uuuuuuuuuuuuuuuu    ",
            "    uuuuuuuuuuuuuuuu    ",
            "    uuuuuuuuuuuuuuuu    ",
            "    uuuuuuuuuuuuuuuu    ",
            "    uuuuuuuuuuuuuuuu    ",
            "    uuuuuuuuuuuuuuuu    ",
            "    uuuuuuuuuuuuuuuu    ",
            "     uuuuuuuuuu         ",
            "      uuuuuuuu          ",
            "                        ",
            "                        ",
            "                        ",
            "                        ",
            "                        ",
            "                        "
      ],
      "palettes": [ "city_building_roof_palette" ]
    }
  }
]