[
	{
    "type": "npc_class",
    "id": "NPC_BLACKSMITH",
    "name": { "str": "Blacksmith" },
    "job_description": "I know the ways of the forge.",
    "traits": [
      { "group": "NPC_starting_traits" },
      { "group": "BG_story_COMMON" },
      { "group": "Appearance_demographics" }
    ],
    "bonus_str": { "rng": [ 4, 6 ] },
    "bonus_dex": { "rng": [ 0, 2 ] },
    "bonus_int": { "rng": [ 0, 2 ] },
    "bonus_per": { "rng": [ 0, 2 ] },
	"worn_override": "NPC_blacksmith_worn",
    "weapon_override": "NPC_blacksmith_wield",
	"shopkeeper_item_group": "BLACKSMITH_SHOP",
    "skills": [
      { "skill": "ALL", "level": { "mul": [ { "one_in": 3 }, { "sum": [ { "dice": [ 2, 2 ] }, { "rng": [ -1, -2 ] } ] } ] } },
	  { "skill": "fabrication", "bonus": { "rng": [ 8, 10 ] } }
    ]
	},
	{
    "type": "npc_class",
    "id": "NPC_TAVERNKEEP",
    "name": { "str": "Tavernkeep" },
    "job_description": "I own a tavern and provide its services.",
    "traits": [
      { "group": "NPC_starting_traits" },
      { "group": "BG_story_COMMON" },
      { "group": "Appearance_demographics" }
    ],
    "bonus_str": { "rng": [ 0, 2 ] },
    "bonus_dex": { "rng": [ 0, 2 ] },
    "bonus_int": { "rng": [ 0, 2 ] },
    "bonus_per": { "rng": [ 0, 2 ] },
	"worn_override": "NPC_tavernkeep_worn",
    "weapon_override": "NPC_tavernkeep_wield",
    "skills": [
      { "skill": "ALL", "level": { "mul": [ { "one_in": 3 }, { "sum": [ { "dice": [ 2, 2 ] }, { "rng": [ -1, -2 ] } ] } ] } }
    ]
	},
	{
    "type": "npc_class",
    "id": "NPC_GUARD",
    "name": { "str": "Guard" },
    "job_description": "I'm a guard. I guard things.",
    "traits": [
      { "group": "NPC_starting_traits" },
      { "group": "Appearance_demographics" }
    ],
    "bonus_str": { "rng": [ 2, 3 ] },
    "bonus_dex": { "rng": [ 2, 4 ] },
    "bonus_int": { "rng": [ 0, 1 ] },
    "bonus_per": { "rng": [ 1, 2 ] },
	"worn_override": "NPC_guard_worn",
    "weapon_override": "NPC_guard_wield",
    "skills": [
      { "skill": "ALL", "level": { "mul": [ { "one_in": 3 }, { "sum": [ { "dice": [ 2, 2 ] }, { "rng": [ -1, -2 ] } ] } ] } },
      { "skill": "melee", "bonus": { "rng": [ 2, 3 ] } },
      { "skill": "dodge", "bonus": { "rng": [ 2, 3 ] } }
    ]
	},
	{
    "type": "npc_class",
    "id": "NPC_BOUNCER",
    "name": { "str": "Guard" },
    "job_description": "I get to decide who goes into the joint and who doesn't.",
    "traits": [
      { "group": "NPC_starting_traits" },
      { "group": "BG_story_COMMON" },
      { "group": "Appearance_demographics" }
    ],
    "bonus_str": { "rng": [ 3, 5 ] },
    "bonus_dex": { "rng": [ 1, 3 ] },
    "bonus_int": { "rng": [ 0, 1 ] },
    "bonus_per": { "rng": [ 1, 3 ] },
	"worn_override": "NPC_bouncer_worn",
    "weapon_override": "NPC_bouncer_wield",
    "skills": [
      { "skill": "ALL", "level": { "mul": [ { "one_in": 3 }, { "sum": [ { "dice": [ 2, 2 ] }, { "rng": [ -1, -2 ] } ] } ] } },
      { "skill": "melee", "bonus": { "rng": [ 2, 3 ] } },
      { "skill": "dodge", "bonus": { "rng": [ 2, 3 ] } }
    ]
	},
	{
    "type": "npc_class",
    "id": "NPC_MAID",
    "name": { "str": "Maid" },
    "job_description": "I clean and sometimes cook.",
    "traits": [
      { "group": "NPC_starting_traits" },
      { "group": "BG_story_COMMON" },
      { "group": "Appearance_demographics" }
    ],
    "bonus_str": { "rng": [ 0, 1 ] },
    "bonus_dex": { "rng": [ 1, 3 ] },
    "bonus_int": { "rng": [ 0, 1 ] },
    "bonus_per": { "rng": [ 1, 3 ] },
	"worn_override": "NPC_maid_worn",
    "weapon_override": "NPC_maid_wield",
    "skills": [
      { "skill": "ALL", "level": { "mul": [ { "one_in": 3 }, { "sum": [ { "dice": [ 2, 2 ] }, { "rng": [ -1, -2 ] } ] } ] } }
    ]
	},
	{
    "type": "npc_class",
    "id": "NPC_FEMALE_CITIZEN",
    "name": { "str": "Female Citizen" },
    "job_description": "Just living my life.",
    "traits": [
      { "group": "NPC_starting_traits" },
      { "group": "BG_story_COMMON" },
      { "group": "Appearance_demographics" }
    ],
    "bonus_str": { "rng": [ 0, 1 ] },
    "bonus_dex": { "rng": [ 0, 2 ] },
    "bonus_int": { "rng": [ 0, 1 ] },
    "bonus_per": { "rng": [ 0, 1 ] },
	"worn_override": "NPC_female_citizen_worn",
    "weapon_override": "NPC_female_citizen_wield",
    "skills": [
      { "skill": "ALL", "level": { "mul": [ { "one_in": 3 }, { "sum": [ { "dice": [ 2, 2 ] }, { "rng": [ -1, -2 ] } ] } ] } }
    ]
	},
	{
    "type": "npc_class",
    "id": "NPC_MALE_CITIZEN",
    "name": { "str": "Male Citizen" },
    "job_description": "Just living my life.",
    "traits": [
      { "group": "NPC_starting_traits" },
      { "group": "BG_story_COMMON" },
      { "group": "Appearance_demographics" }
    ],
    "bonus_str": { "rng": [ 0, 2 ] },
    "bonus_dex": { "rng": [ 0, 1 ] },
    "bonus_int": { "rng": [ 0, 1 ] },
    "bonus_per": { "rng": [ 0, 1 ] },
	"worn_override": "NPC_male_citizen_worn",
    "weapon_override": "NPC_male_citizen_wield",
    "skills": [
      { "skill": "ALL", "level": { "mul": [ { "one_in": 3 }, { "sum": [ { "dice": [ 2, 2 ] }, { "rng": [ -1, -2 ] } ] } ] } }
    ]
	},
	{
    "type": "npc_class",
    "id": "NPC_FISHER",
    "name": { "str": "Fisher" },
    "job_description": "Fishing has been my life.",
    "traits": [
      { "group": "NPC_starting_traits" },
      { "group": "BG_story_COMMON" },
      { "group": "Appearance_demographics" }
    ],
    "bonus_str": { "rng": [ 0, 2 ] },
    "bonus_dex": { "rng": [ 0, 1 ] },
    "bonus_int": { "rng": [ 0, 1 ] },
    "bonus_per": { "rng": [ 0, 1 ] },
	"worn_override": "NPC_fisher_worn",
    "weapon_override": "NPC_fisher_wield",
	"shopkeeper_item_group": "NPC_FISHER_shopkeep",
    "skills": [
      { "skill": "ALL", "level": { "mul": [ { "one_in": 3 }, { "sum": [ { "dice": [ 2, 2 ] }, { "rng": [ -1, -2 ] } ] } ] } }
    ]
	},
	{
    "type": "npc_class",
    "id": "NPC_KITCHEN",
    "name": { "str": "Kitchenstaff" },
    "job_description": "I cook and bake.",
    "traits": [
      { "group": "NPC_starting_traits" },
       { "group": "BG_story_COMMON" },
      { "group": "Appearance_demographics" }
    ],
    "bonus_str": { "rng": [ 0, 1 ] },
    "bonus_dex": { "rng": [ 0, 2 ] },
    "bonus_int": { "rng": [ 0, 2 ] },
    "bonus_per": { "rng": [ 0, 1 ] },
	"worn_override": "NPC_kitchenstaff_worn",
    "weapon_override": "NPC_kitchenstaff_wield",
    "skills": [
      { "skill": "ALL", "level": { "mul": [ { "one_in": 3 }, { "sum": [ { "dice": [ 2, 2 ] }, { "rng": [ -1, -2 ] } ] } ] } }
    ]
	},
	{
    "type": "npc_class",
    "id": "NPC_TAVERNWENCH",
    "name": { "str": "Tavernwench" },
    "job_description": "I serve the drinks and things at taverns and such places.",
    "traits": [
      { "group": "NPC_starting_traits" },
       { "group": "BG_story_COMMON" },
      { "group": "Appearance_demographics" }
    ],
    "bonus_str": { "rng": [ 0, 1 ] },
    "bonus_dex": { "rng": [ 0, 2 ] },
    "bonus_int": { "rng": [ 0, 1 ] },
    "bonus_per": { "rng": [ 0, 1 ] },
	"worn_override": "NPC_tavernwench_worn",
    "weapon_override": "NPC_tavernwench_wield",
    "skills": [
      { "skill": "ALL", "level": { "mul": [ { "one_in": 3 }, { "sum": [ { "dice": [ 2, 2 ] }, { "rng": [ -1, -2 ] } ] } ] } }
    ]
	},
	{
    "type": "npc_class",
    "id": "NPC_DRAGONSLAYER",
    "name": { "str": "Dragonslayer" },
    "job_description": "I hunt dragons.",
    "traits": [
      { "group": "NPC_starting_traits" },
       { "group": "BG_story_COMMON" },
      { "group": "Appearance_demographics" }
    ],
    "bonus_str": { "rng": [ 8, 12 ] },
    "bonus_dex": { "rng": [ 4, 8 ] },
    "bonus_int": { "rng": [ 2, 4 ] },
    "bonus_per": { "rng": [ 4, 8 ] },
	"worn_override": "NPC_dragonslayer_worn",
    "weapon_override": "NPC_dragonslayer_wield",
    "skills": [
      { "skill": "ALL", "level": { "mul": [ { "one_in": 3 }, { "sum": [ { "dice": [ 2, 2 ] }, { "rng": [ -1, -2 ] } ] } ] } },
      { "skill": "melee", "bonus": { "rng": [ 4, 5 ] } },
      { "skill": "dodge", "bonus": { "rng": [ 4, 5 ] } },
      { "skill": "cutting", "bonus": { "rng": [ 4, 5 ] } }
    ]
	},
	{
    "type": "npc_class",
    "id": "NPC_KNIGHT",
    "name": { "str": "Knight" },
    "job_description": "I'm a knight of the realm.",
    "traits": [
      { "group": "NPC_starting_traits" },
       { "group": "BG_story_COMMON" },
      { "group": "Appearance_demographics" }
    ],
    "bonus_str": { "rng": [ 3, 4 ] },
    "bonus_dex": { "rng": [ 1, 4 ] },
    "bonus_int": { "rng": [ 1, 4 ] },
    "bonus_per": { "rng": [ 1, 4 ] },
	"worn_override": "NPC_knight_worn",
    "weapon_override": "NPC_knight_wield",
    "skills": [
      { "skill": "ALL", "level": { "mul": [ { "one_in": 3 }, { "sum": [ { "dice": [ 2, 2 ] }, { "rng": [ -1, -2 ] } ] } ] } },
      { "skill": "melee", "bonus": { "rng": [ 4, 5 ] } },
      { "skill": "dodge", "bonus": { "rng": [ 4, 5 ] } }
    ]
	},
	{
    "type": "npc_class",
    "id": "NPC_ROGUE",
    "name": { "str": "Rogue" },
    "job_description": "I'm a dashing rogue, or a sleazy one. You decide.",
    "traits": [
      { "group": "NPC_starting_traits" },
       { "group": "BG_story_COMMON" },
      { "group": "Appearance_demographics" }
    ],
    "bonus_str": { "rng": [ 1, 3 ] },
    "bonus_dex": { "rng": [ 2, 4 ] },
    "bonus_int": { "rng": [ 1, 3 ] },
    "bonus_per": { "rng": [ 2, 4 ] },
	"worn_override": "NPC_rogue_worn",
    "weapon_override": "NPC_rogue_wield",
    "skills": [
      { "skill": "ALL", "level": { "mul": [ { "one_in": 3 }, { "sum": [ { "dice": [ 2, 2 ] }, { "rng": [ -1, -2 ] } ] } ] } },
      { "skill": "melee", "bonus": { "rng": [ 1, 2 ] } },
      { "skill": "dodge", "bonus": { "rng": [ 3, 4 ] } }
    ]
	},
	{
    "type": "npc_class",
    "id": "NPC_EROTIC",
    "name": { "str": "Erotic dancer" },
    "job_description": "Naughty",
    "traits": [
      { "group": "NPC_starting_traits" },
       { "group": "BG_story_COMMON" },
      { "group": "Appearance_demographics" }
    ],
    "bonus_str": { "rng": [ 0, 1 ] },
    "bonus_dex": { "rng": [ 4, 6 ] },
    "bonus_int": { "rng": [ 0, 1 ] },
    "bonus_per": { "rng": [ 0, 2 ] },
	"worn_override": "NPC_erotic_worn",
    "weapon_override": "NPC_erotic_wield",
    "skills": [
      { "skill": "ALL", "level": { "mul": [ { "one_in": 3 }, { "sum": [ { "dice": [ 2, 2 ] }, { "rng": [ -1, -2 ] } ] } ] } }
    ]
	},
{
    "type": "npc_class",
    "id": "NPC_GAMBLER",
    "name": { "str": "Gambler" },
    "job_description": "I run games within the tavern, betting upon dice rolls.",
    "traits": [
      { "group": "NPC_starting_traits" },
      { "group": "BG_story_COMMON" },
      { "group": "Appearance_demographics" }
    ],
    "bonus_str": { "rng": [ 0, 2 ] },
    "bonus_dex": { "rng": [ 0, 2 ] },
    "bonus_int": { "rng": [ 0, 2 ] },
    "bonus_per": { "rng": [ 0, 2 ] },
    "worn_override": "NPC_tavernkeep_worn",
    "weapon_override": "NPC_GAMBLER_carry",
    "skills": [
      { "skill": "ALL", "level": { "mul": [ { "one_in": 3 }, { "sum": [ { "dice": [ 2, 2 ] }, { "rng": [ -1, -2 ] } ] } ] } }
    ]
	},
  {
    "type": "npc_class",
    "id": "NPC_CHILD",
    "name": { "str": "Child" },
    "job_description": "I'm just a kid.",
    "traits": [
      { "group": "NPC_starting_traits" },
      { "group": "Appearance_demographics" }
    ],
    "bonus_str": { "rng": [ -2, 1 ] },
    "bonus_dex": { "rng": [ -2, 1 ] },
    "bonus_int": { "rng": [ -2, 1 ] },
    "bonus_per": { "rng": [ -2, 1 ] },
    "worn_override": "NPC_tavernkeep_worn",
    "weapon_override": "NPC_male_citizen_wield"
	},
 {
    "type": "npc_class",
    "id": "NPC_SHOPKEEPER",
    "name": { "str": "Shopkeeper" },
    "job_description": "I own a general store.",
    "traits": [
      { "group": "NPC_starting_traits" },
      { "group": "BG_story_COMMON" },
      { "group": "Appearance_demographics" }
    ],
    "bonus_str": { "rng": [ 0, 2 ] },
    "bonus_dex": { "rng": [ 0, 2 ] },
    "bonus_int": { "rng": [ 1, 2 ] },
    "bonus_per": { "rng": [ 1, 2 ] },
    "worn_override": "NPC_shopkeeper_worn",
    "shopkeeper_item_group": "NPC_SHOPKEEPER_carry",
    "weapon_override": "NPC_male_citizen_wield",
    "skills": [
      { "skill": "ALL", "level": { "mul": [ { "one_in": 3 }, { "sum": [ { "dice": [ 2, 2 ] }, { "rng": [ -1, -2 ] } ] } ] } }
    ]
	},
{
    "type": "npc_class",
    "id": "NPC_ALCHEMIST",
    "name": { "str": "Alchemist" },
    "job_description": "I own a potion store.",
    "traits": [
      { "group": "NPC_starting_traits" },
      { "group": "BG_story_COMMON" },
      { "group": "Appearance_demographics" }
    ],
    "bonus_str": { "rng": [ 0, 2 ] },
    "bonus_dex": { "rng": [ 0, 2 ] },
    "bonus_int": { "rng": [ 1, 2 ] },
    "bonus_per": { "rng": [ 1, 2 ] },
    "worn_override": "NPC_shopkeeper_worn",
    "shopkeeper_item_group": "NPC_ALCHEMIST_shopkeep",
    "weapon_override": "NPC_male_citizen_wield",
    "skills": [
      { "skill": "ALL", "level": { "mul": [ { "one_in": 3 }, { "sum": [ { "dice": [ 2, 2 ] }, { "rng": [ -1, -2 ] } ] } ] } },
         { "skill": "spellcraft", "bonus": { "rng": [ 1, 1 ] } },
         { "skill": "chemistry", "bonus": { "rng": [ 3, 5 ] } }
    ]
	},
{
    "type": "npc_class",
    "id": "NPC_POTTER",
    "name": { "str": "Potter" },
    "job_description": "I work clay.",
    "traits": [
      { "group": "NPC_starting_traits" },
      { "group": "BG_story_COMMON" },
      { "group": "Appearance_demographics" }
    ],
    "bonus_str": { "rng": [ 0, 2 ] },
    "bonus_dex": { "rng": [ 1, 3 ] },
    "bonus_int": { "rng": [ 0, 2 ] },
    "bonus_per": { "rng": [ 0, 2 ] },
	"worn_override": "NPC_shopkeeper_worn",
	"shopkeeper_item_group": "NPC_POTTER_shopkeep",
    "weapon_override": "NPC_male_citizen_wield",
    "skills": [
      { "skill": "ALL", "level": { "mul": [ { "one_in": 3 }, { "sum": [ { "dice": [ 2, 2 ] }, { "rng": [ -1, -2 ] } ] } ] } },
	  { "skill": "fabrication", "bonus": { "rng": [ 2, 3 ] } },
          { "skill": "survival", "bonus": { "rng": [ 2, 3 ] } }
    ]
	},
{
    "type": "npc_class",
    "id": "NPC_LEATHERWORKER",
    "name": { "str": "Leatherworker" },
    "job_description": "I work hide.",
    "traits": [
      { "group": "NPC_starting_traits" },
      { "group": "BG_story_COMMON" },
      { "group": "Appearance_demographics" }
    ],
    "bonus_str": { "rng": [ 0, 2 ] },
    "bonus_dex": { "rng": [ 1, 3 ] },
    "bonus_int": { "rng": [ 0, 2 ] },
    "bonus_per": { "rng": [ 0, 2 ] },
	"worn_override": "NPC_shopkeeper_worn",
	"shopkeeper_item_group": "NPC_LEATHERWORKER_shopkeep",
    "weapon_override": "NPC_male_citizen_wield",
    "skills": [
      { "skill": "ALL", "level": { "mul": [ { "one_in": 3 }, { "sum": [ { "dice": [ 2, 2 ] }, { "rng": [ -1, -2 ] } ] } ] } },
	  { "skill": "fabrication", "bonus": { "rng": [ 2, 3 ] } },
          { "skill": "tailor", "bonus": { "rng": [ 2, 3 ] } }
    ]
	},
{
    "type": "npc_class",
    "id": "NPC_BAKER",
    "name": { "str": "Baker" },
    "job_description": "I make bread.",
    "traits": [
      { "group": "NPC_starting_traits" },
      { "group": "BG_story_COMMON" },
      { "group": "Appearance_demographics" }
    ],
    "bonus_str": { "rng": [ 0, 2 ] },
    "bonus_dex": { "rng": [ 0, 2 ] },
    "bonus_int": { "rng": [ 1, 2 ] },
    "bonus_per": { "rng": [ 1, 2 ] },
    "worn_override": "NPC_shopkeeper_worn",
    "shopkeeper_item_group": "NPC_BAKER_shopkeep",
    "weapon_override": "NPC_male_citizen_wield",
    "skills": [
      { "skill": "ALL", "level": { "mul": [ { "one_in": 3 }, { "sum": [ { "dice": [ 2, 2 ] }, { "rng": [ -1, -2 ] } ] } ] } },  
          { "skill": "cooking", "bonus": { "rng": [ 2, 3 ] } }
    ]
	},
{
    "type": "npc_class",
    "id": "NPC_BREWER",
    "name": { "str": "Brewer" },
    "job_description": "I brew alcohol.",
    "traits": [
      { "group": "NPC_starting_traits" },
      { "group": "BG_story_COMMON" },
      { "group": "Appearance_demographics" }
    ],
    "bonus_str": { "rng": [ 0, 2 ] },
    "bonus_dex": { "rng": [ 0, 2 ] },
    "bonus_int": { "rng": [ 1, 2 ] },
    "bonus_per": { "rng": [ 1, 2 ] },
    "worn_override": "NPC_shopkeeper_worn",
    "shopkeeper_item_group": "NPC_BREWER_shopkeep",
    "weapon_override": "NPC_male_citizen_wield",
    "skills": [
      { "skill": "ALL", "level": { "mul": [ { "one_in": 3 }, { "sum": [ { "dice": [ 2, 2 ] }, { "rng": [ -1, -2 ] } ] } ] } },  
          { "skill": "cooking", "bonus": { "rng": [ 2, 3 ] } }
    ]
	},
{
    "type": "npc_class",
    "id": "NPC_MEDIC",
    "name": { "str": "Town Medic" },
    "job_description": "I work at an infirmary.",
    "traits": [
      { "group": "NPC_starting_traits" },
      { "group": "BG_story_COMMON" },
      { "group": "Appearance_demographics" }
    ],
    "bonus_str": { "rng": [ 0, 2 ] },
    "bonus_dex": { "rng": [ 0, 2 ] },
    "bonus_int": { "rng": [ 1, 2 ] },
    "bonus_per": { "rng": [ 1, 2 ] },
    "worn_override": "NPC_tavernkeep_worn",
    "weapon_override": "MTC_DOCTOR_carry",
    "skills": [
      { "skill": "ALL", "level": { "mul": [ { "one_in": 3 }, { "sum": [ { "dice": [ 3, 3 ] }, { "rng": [ -1, -2 ] } ] } ] } },
        { "skill": "firstaid", "bonus": { "rng": [ 3, 5 ] } }
    ]
	},
{
    "type": "npc_class",
    "id": "NPC_STABLEMASTER",
    "name": { "str": "Stablemaster" },
    "job_description": "I man the stables.",
    "traits": [
      { "group": "NPC_starting_traits" },
      { "group": "BG_story_COMMON" },
      { "group": "Appearance_demographics" }
    ],
    "bonus_str": { "rng": [ 0, 2 ] },
    "bonus_dex": { "rng": [ 0, 2 ] },
    "bonus_int": { "rng": [ 0, 2 ] },
    "bonus_per": { "rng": [ 0, 2 ] },
    "worn_override": "NPC_tavernkeep_worn",
    "weapon_override": "MTC_STABLEMASTER_carry",
    "skills": [
      { "skill": "ALL", "level": { "mul": [ { "one_in": 3 }, { "sum": [ { "dice": [ 3, 3 ] }, { "rng": [ -1, -2 ] } ] } ] } }
    ]
	},
{
    "type": "npc_class",
    "id": "NPC_CARPENTER",
    "name": { "str": "Carpenter" },
    "job_description": "I own a carpentry shop.",
    "traits": [
      { "group": "NPC_starting_traits" },
      { "group": "BG_story_COMMON" },
      { "group": "Appearance_demographics" }
    ],
    "bonus_str": { "rng": [ 0, 2 ] },
    "bonus_dex": { "rng": [ 0, 2 ] },
    "bonus_int": { "rng": [ 1, 2 ] },
    "bonus_per": { "rng": [ 1, 2 ] },
    "worn_override": "NPC_shopkeeper_worn",
    "weapon_override": "NPC_cult_member_wield",
    "shopkeeper_item_group": "NPC_CARPENTER_carry",
    "skills": [
      { "skill": "ALL", "level": { "mul": [ { "one_in": 3 }, { "sum": [ { "dice": [ 2, 2 ] }, { "rng": [ -1, -2 ] } ] } ] } },
        { "skill": "fabrication", "bonus": { "rng": [ 3, 5 ] } }
    ]
	},
{
    "type": "npc_class",
    "id": "NPC_CULT_DEFENDER",
    "name": { "str": "Defender" },
    "job_description": "I'm a guard. I guard things.",
    "traits": [
      { "group": "NPC_starting_traits" },
       { "group": "BG_story_COMMON" },
      { "group": "Appearance_demographics" }
    ],
    "bonus_str": { "rng": [ 1, 3 ] },
    "bonus_dex": { "rng": [ 1, 4 ] },
    "bonus_int": { "rng": [ 0, 1 ] },
    "bonus_per": { "rng": [ 1, 2 ] },
    "worn_override": "NPC_cult_defender_worn",
    "weapon_override": "NPC_guard_wield",
    "skills": [
      { "skill": "ALL", "level": { "mul": [ { "one_in": 3 }, { "sum": [ { "dice": [ 2, 2 ] }, { "rng": [ -1, -2 ] } ] } ] } },
      { "skill": "melee", "bonus": { "rng": [ 1, 2 ] } },
      { "skill": "dodge", "bonus": { "rng": [ 1, 2 ] } }
    ]
	},
{
    "type": "npc_class",
    "id": "NPC_CULT_MEMBER",
    "name": { "str": "Member" },
    "job_description": "I joined a cult.",
    "traits": [
      { "group": "NPC_starting_traits" },
       { "group": "BG_story_COMMON" },
      { "group": "Appearance_demographics" }
    ],
    "bonus_str": { "rng": [ 0, 2 ] },
    "bonus_dex": { "rng": [ 0, 1 ] },
    "bonus_int": { "rng": [ 0, 1 ] },
    "bonus_per": { "rng": [ 0, 1 ] },
    "worn_override": "NPC_cultist_worn",
    "weapon_override": "NPC_cult_member_wield",
    "skills": [
      { "skill": "ALL", "level": { "mul": [ { "one_in": 3 }, { "sum": [ { "dice": [ 2, 2 ] }, { "rng": [ -1, -2 ] } ] } ] } }
    ]
	},
{
    "type": "npc_class",
    "id": "NPC_CULT_ONOCTI",
    "name": { "str": "Onocti" },
    "job_description": "I aid rituals.",
    "traits": [
      { "group": "NPC_starting_traits" },
       { "group": "BG_story_COMMON" },
      { "group": "Appearance_demographics" }
    ],
    "bonus_str": { "rng": [ 0, 2 ] },
    "bonus_dex": { "rng": [ 0, 1 ] },
    "bonus_int": { "rng": [ 0, 1 ] },
    "bonus_per": { "rng": [ 0, 1 ] },
    "worn_override": "NPC_cult_onocti_worn",
    "weapon_override": "NPC_cult_member_wield",
    "skills": [
      { "skill": "ALL", "level": { "mul": [ { "one_in": 3 }, { "sum": [ { "dice": [ 2, 2 ] }, { "rng": [ -1, -2 ] } ] } ] } }
    ]
	},
{
    "type": "npc_class",
    "id": "NPC_CULT_HOMAGE",
    "name": { "str": "Homage" },
    "job_description": "I conduct rituals.",
    "traits": [
      { "group": "NPC_starting_traits" },
       { "group": "BG_story_COMMON" },
      { "group": "Appearance_demographics" }
    ],
    "bonus_str": { "rng": [ 0, 2 ] },
    "bonus_dex": { "rng": [ 0, 1 ] },
    "bonus_int": { "rng": [ 0, 1 ] },
    "bonus_per": { "rng": [ 0, 1 ] },
    "worn_override": "NPC_cult_homage_worn",
    "weapon_override": "NPC_cult_member_wield",
    "skills": [
      { "skill": "ALL", "level": { "mul": [ { "one_in": 3 }, { "sum": [ { "dice": [ 2, 2 ] }, { "rng": [ -1, -2 ] } ] } ] } }
    ]
	},
{
    "type": "npc_class",
    "id": "NPC_CULT_LOREVESSEL",
    "name": { "str": "Lorevessel" },
    "job_description": "I drink and I know things.",
    "traits": [
      { "group": "NPC_starting_traits" },
       { "group": "BG_story_COMMON" },
      { "group": "Appearance_demographics" }
    ],
    "bonus_str": { "rng": [ 0, 2 ] },
    "bonus_dex": { "rng": [ 0, 1 ] },
    "bonus_int": { "rng": [ 0, 2 ] },
    "bonus_per": { "rng": [ 0, 1 ] },
    "worn_override": "NPC_cult_homage_worn",
    "weapon_override": "NPC_cult_member_wield",
    "skills": [
      { "skill": "ALL", "level": { "mul": [ { "one_in": 3 }, { "sum": [ { "dice": [ 2, 2 ] }, { "rng": [ -1, -2 ] } ] } ] } }
    ]
	},
{
    "type": "npc_class",
    "id": "NPC_CULT_COMMUNER",
    "name": { "str": "Communer" },
    "job_description": "I contact the elder ones.",
    "traits": [
      { "group": "NPC_starting_traits" },
       { "group": "BG_story_COMMON" },
      { "group": "Appearance_demographics" }
    ],
    "bonus_str": { "rng": [ 0, 2 ] },
    "bonus_dex": { "rng": [ 0, 1 ] },
    "bonus_int": { "rng": [ 0, 1 ] },
    "bonus_per": { "rng": [ 0, 1 ] },
    "worn_override": "NPC_cult_communer_worn",
    "weapon_override": "NPC_cult_member_wield",
    "skills": [
      { "skill": "ALL", "level": { "mul": [ { "one_in": 3 }, { "sum": [ { "dice": [ 2, 2 ] }, { "rng": [ -1, -2 ] } ] } ] } }
    ]
	},
{
    "type": "npc_class",
    "id": "NPC_CULT_ELDER",
    "name": { "str": "Elder" },
    "job_description": "I joined a cult, and may or may not be the leader of said cult.",
    "traits": [
      { "group": "NPC_starting_traits" },
       { "group": "BG_story_COMMON" },
      { "group": "Appearance_demographics" }
    ],
    "bonus_str": { "rng": [ 0, 2 ] },
    "bonus_dex": { "rng": [ 0, 1 ] },
    "bonus_int": { "rng": [ 0, 1 ] },
    "bonus_per": { "rng": [ 0, 1 ] },
    "worn_override": "NPC_cult_elder_worn",
    "weapon_override": "NPC_cult_member_wield",
    "skills": [
      { "skill": "ALL", "level": { "mul": [ { "one_in": 3 }, { "sum": [ { "dice": [ 2, 2 ] }, { "rng": [ -1, -2 ] } ] } ] } }
    ]
	},
{
    "type": "npc_class",
    "id": "NPC_CULT_ELDER_FIEND",
    "name": { "str": "Elder" },
    "job_description": "I joined a cult, and may or may not be the leader of said cult.",
    "traits": [
      { "group": "NPC_starting_traits" },
       { "group": "BG_story_COMMON" },
      { "group": "Appearance_demographics" }
    ],
    "bonus_str": { "rng": [ 0, 2 ] },
    "bonus_dex": { "rng": [ 0, 1 ] },
    "bonus_int": { "rng": [ 0, 1 ] },
    "bonus_per": { "rng": [ 0, 1 ] },
    "worn_override": "NPC_cult_elder_worn",
    "weapon_override": "NPC_cult_member_wield",
    "shopkeeper_item_group": "warlock_magic_items",
    "skills": [
      { "skill": "ALL", "level": { "mul": [ { "one_in": 3 }, { "sum": [ { "dice": [ 2, 2 ] }, { "rng": [ -1, -2 ] } ] } ] } }
    ]
	},
{
    "type": "npc_class",
    "id": "NPC_BANDIT_MTC",
    "name": { "str": "Highwayman" },
    "job_description": "I rob people.",
    "traits": [
      { "group": "NPC_starting_traits" },
      { "group": "Appearance_demographics" }
    ],
    "bonus_str": { "rng": [ 3, 5 ] },
    "bonus_dex": { "rng": [ 1, 3 ] },
    "bonus_int": { "rng": [ 0, 1 ] },
    "bonus_per": { "rng": [ 1, 3 ] },
	"worn_override": "NPC_bouncer_worn",
    "weapon_override": "NPC_knight_wield",
    "skills": [
      { "skill": "ALL", "level": { "mul": [ { "one_in": 3 }, { "sum": [ { "dice": [ 2, 2 ] }, { "rng": [ -1, -2 ] } ] } ] } },
      { "skill": "melee", "level": { "mul": [ { "one_in": 3 }, { "sum": [ { "dice": [ 1, 1 ] }, { "rng": [ -1, -2 ] } ] } ] } },
      { "skill": "dodge", "level": { "mul": [ { "one_in": 3 }, { "sum": [ { "dice": [ 1, 1 ] }, { "rng": [ -1, -2 ] } ] } ] } }
    ]
	},
{
    "type": "npc_class",
    "id": "NPC_CULT_MAGICIAN",
    "name": { "str": "Magician" },
    "job_description": "I joined a cult, and sell magic scrolls.",
    "traits": [
      { "group": "NPC_starting_traits" },
       { "group": "BG_story_COMMON" },
      { "group": "Appearance_demographics" }
    ],
    "bonus_str": { "rng": [ 0, 2 ] },
    "bonus_dex": { "rng": [ 0, 1 ] },
    "bonus_int": { "rng": [ 0, 3 ] },
    "bonus_per": { "rng": [ 0, 1 ] },
    "worn_override": "NPC_cultist_worn",
    "weapon_override": "NPC_cult_member_wield",
    "shopkeeper_item_group": "NPC_CULT_MAGICIAN_SELL",
    "skills": [
      { "skill": "ALL", "level": { "mul": [ { "one_in": 3 }, { "sum": [ { "dice": [ 2, 2 ] }, { "rng": [ -1, -2 ] } ] } ] } },
      { "skill": "occult", "bonus": { "rng": [ 2, 3 ] } }
    ]
	},
{
    "type": "npc_class",
    "id": "NPC_CULT_MAGICIAN_FIEND",
    "name": { "str": "Magician" },
    "job_description": "I joined a cult, and sell magic scrolls.",
    "traits": [
      { "group": "NPC_starting_traits" },
       { "group": "BG_story_COMMON" },
      { "group": "Appearance_demographics" }
    ],
    "bonus_str": { "rng": [ 0, 2 ] },
    "bonus_dex": { "rng": [ 0, 1 ] },
    "bonus_int": { "rng": [ 0, 3 ] },
    "bonus_per": { "rng": [ 0, 1 ] },
    "worn_override": "NPC_cultist_worn",
    "weapon_override": "NPC_cult_member_wield",
    "shopkeeper_item_group": "NPC_CULT_MAGICIAN_FIEND_SELL",
    "skills": [
      { "skill": "ALL", "level": { "mul": [ { "one_in": 3 }, { "sum": [ { "dice": [ 2, 2 ] }, { "rng": [ -1, -2 ] } ] } ] } },
      { "skill": "occult", "bonus": { "rng": [ 2, 3 ] } }
    ]
	},
{
    "type": "npc_class",
    "id": "NPC_MAGE_APPRENTICE",
    "name": { "str": "Apprentice Magi" },
    "job_description": "I'm just learning magic.",
    "traits": [
      { "group": "NPC_starting_traits" },
       { "group": "BG_story_COMMON" },
      { "group": "Appearance_demographics" }
    ],
    "spells": [ { "id": "mu_spell_cantrip", "level": 4 }, { "id": "firebolt", "level": 6 } ],
    "bonus_str": { "rng": [ 0, 0 ] },
    "bonus_dex": { "rng": [ 0, 0 ] },
    "bonus_int": { "rng": [ 1, 4 ] },
    "bonus_per": { "rng": [ 0, 0 ] },
    "worn_override": "NPC_wizard_worn",
    "weapon_override": "NPC_wizard_wield",
    "skills": [
      { "skill": "ALL", "level": { "mul": [ { "one_in": 3 }, { "sum": [ { "dice": [ 2, 2 ] }, { "rng": [ -1, -2 ] } ] } ] } },
      { "skill": "spellcraft", "bonus": { "rng": [ 1, 2 ] } }
    ]
	},
{
    "type": "npc_class",
    "id": "NPC_PRIEST",
    "name": { "str": "Priest" },
    "job_description": "I run a church.",
    "traits": [
      { "group": "NPC_starting_traits" },
      { "group": "BG_story_COMMON" },
      { "group": "Appearance_demographics" }
    ],
    "bonus_str": { "rng": [ 0, 1 ] },
    "bonus_dex": { "rng": [ 0, 2 ] },
    "bonus_int": { "rng": [ 0, 2 ] },
    "bonus_per": { "rng": [ 0, 1 ] },
    "worn_override": "NPC_priest_worn",
    "weapon_override": "NPC_priest_wield",
    "skills": [
      { "skill": "ALL", "level": { "mul": [ { "one_in": 3 }, { "sum": [ { "dice": [ 1, 1 ] }, { "rng": [ -1, -2 ] } ] } ] } },
      { "skill": "faith", "bonus": { "rng": [ 1, 2 ] } }
    ]
	},
{
    "type": "npc_class",
    "id": "NPC_FIRST_INSTRUCTOR",
    "name": { "str": "First Year Instructor" },
    "job_description": "I teach magic.",
    "traits": [
      { "group": "NPC_starting_traits" },
       { "group": "BG_story_COMMON" },
      { "group": "Appearance_demographics" }
    ],
    "spells": [ { "id": "mu_spell_cantrip", "level": 5 },
                { "id": "mu_spell_armor", "level": 3 },
                { "id": "mu_spell_light", "level": 3 },
                { "id": "mu_spell_darkness", "level": 3 },
                { "id": "mu_spell_armor_elemental", "level": 5 },
                { "id": "mage_burning_hands", "level": 2 },
                { "id": "firebolt", "level": 12 } ],
    "bonus_str": { "rng": [ 0, 2 ] },
    "bonus_dex": { "rng": [ 0, 2 ] },
    "bonus_int": { "rng": [ 1, 4 ] },
    "bonus_per": { "rng": [ 0, 2 ] },
    "worn_override": "NPC_wizard_worn",
    "weapon_override": "NPC_wizard_wield",
    "shopkeeper_item_group": "spell_scrolls_wizard1",
    "skills": [
      { "skill": "spellcraft", "bonus": { "rng": [ 1, 2 ] } }
    ]
	},
{
    "type": "npc_class",
    "id": "NPC_SECOND_INSTRUCTOR",
    "name": { "str": "Second Year Instructor" },
    "job_description": "I teach magic.",
    "traits": [
      { "group": "NPC_starting_traits" },
       { "group": "BG_story_COMMON" },
      { "group": "Appearance_demographics" }
    ],
    "spells": [ { "id": "mu_spell_cantrip", "level": 10 },
                { "id": "mu_spell_armor", "level": 6 },
                { "id": "mu_spell_light", "level": 6 },
                { "id": "mu_spell_darkness", "level": 6 },
                { "id": "mu_spell_armor_elemental", "level": 10 },
                { "id": "mage_burning_hands", "level": 4 },
                { "id": "firebolt", "level": 14 } ],
    "bonus_str": { "rng": [ 0, 2 ] },
    "bonus_dex": { "rng": [ 0, 2 ] },
    "bonus_int": { "rng": [ 1, 4 ] },
    "bonus_per": { "rng": [ 0, 2 ] },
    "worn_override": "NPC_wizard_worn",
    "weapon_override": "NPC_wizard_wield",
    "shopkeeper_item_group": "spell_scrolls_wizard2",
    "skills": [
      { "skill": "spellcraft", "bonus": { "rng": [ 2, 3 ] } }
    ]
	},
{
    "type": "npc_class",
    "id": "NPC_THIRD_INSTRUCTOR",
    "name": { "str": "Third Year Instructor" },
    "job_description": "I teach magic.",
    "traits": [
      { "group": "NPC_starting_traits" },
       { "group": "BG_story_COMMON" },
      { "group": "Appearance_demographics" }
    ],
    "spells": [ { "id": "mu_spell_cantrip", "level": 10 },
                { "id": "mu_spell_armor", "level": 9 },
                { "id": "mu_spell_light", "level": 9 },
                { "id": "mu_spell_darkness", "level": 9 },
                { "id": "mu_spell_armor_elemental", "level": 10 },
                { "id": "mage_burning_hands", "level": 8 },
                { "id": "firebolt", "level": 14 } ],
    "bonus_str": { "rng": [ 0, 2 ] },
    "bonus_dex": { "rng": [ 0, 2 ] },
    "bonus_int": { "rng": [ 1, 4 ] },
    "bonus_per": { "rng": [ 0, 2 ] },
    "worn_override": "NPC_wizard_worn",
    "weapon_override": "NPC_wizard_wield",
    "shopkeeper_item_group": "spell_scrolls_wizard3",
    "skills": [
      { "skill": "spellcraft", "bonus": { "rng": [ 3, 4 ] } }
    ]
	},
{
    "type": "npc_class",
    "id": "NPC_FOURTH_INSTRUCTOR",
    "name": { "str": "Fourth Year Instructor" },
    "job_description": "I teach magic.",
    "traits": [
      { "group": "NPC_starting_traits" },
       { "group": "BG_story_COMMON" },
      { "group": "Appearance_demographics" }
    ],
    "spells": [ { "id": "mu_spell_cantrip", "level": 20 },
                { "id": "mu_spell_armor", "level": 12 },
                { "id": "mu_spell_light", "level": 12 },
                { "id": "mu_spell_darkness", "level": 12 },
                { "id": "mu_spell_armor_elemental", "level": 10 },
                { "id": "mage_burning_hands", "level": 10 },
                { "id": "firebolt", "level": 20 } ],
    "bonus_str": { "rng": [ 0, 2 ] },
    "bonus_dex": { "rng": [ 0, 2 ] },
    "bonus_int": { "rng": [ 1, 4 ] },
    "bonus_per": { "rng": [ 0, 2 ] },
    "worn_override": "NPC_wizard_worn",
    "weapon_override": "NPC_wizard_wield",
    "shopkeeper_item_group": "spell_scrolls_wizard4",
    "skills": [
      { "skill": "spellcraft", "bonus": { "rng": [ 4, 5 ] } }
    ]
	},
{
    "type": "npc_class",
    "id": "NPC_INFUSION_INSTRUCTOR",
    "name": { "str": "Infusion Instructor" },
    "job_description": "I teach magic.",
    "traits": [
      { "group": "NPC_starting_traits" },
       { "group": "BG_story_COMMON" },
      { "group": "Appearance_demographics" }
    ],
    "bonus_str": { "rng": [ 0, 2 ] },
    "bonus_dex": { "rng": [ 0, 2 ] },
    "bonus_int": { "rng": [ 1, 4 ] },
    "bonus_per": { "rng": [ 0, 2 ] },
    "worn_override": "NPC_wizard_worn",
    "weapon_override": "NPC_wizard_wield",
    "shopkeeper_item_group": "spell_scrolls_wizard4",
    "skills": [      
      { "skill": "ALL", "level": { "mul": [ { "one_in": 3 }, { "sum": [ { "dice": [ 2, 2 ] }, { "rng": [ -1, -2 ] } ] } ] } },
      { "skill": "spellcraft", "bonus": { "rng": [ 4, 5 ] } }
    ]
	},
{
    "type": "npc_class",
    "id": "NPC_ALCHEMY_INSTRUCTOR",
    "name": { "str": "Alchemy Instructor" },
    "job_description": "I teach alchemy.",
    "traits": [
      { "group": "NPC_starting_traits" },
       { "group": "BG_story_COMMON" },
      { "group": "Appearance_demographics" }
    ],
    "bonus_str": { "rng": [ 0, 2 ] },
    "bonus_dex": { "rng": [ 0, 2 ] },
    "bonus_int": { "rng": [ 1, 4 ] },
    "bonus_per": { "rng": [ 0, 2 ] },
    "worn_override": "NPC_wizard_worn",
    "weapon_override": "NPC_wizard_wield",
    "shopkeeper_item_group": "ingredients_all",
    "skills": [      
      { "skill": "ALL", "level": { "mul": [ { "one_in": 3 }, { "sum": [ { "dice": [ 2, 2 ] }, { "rng": [ -1, -2 ] } ] } ] } },
      { "skill": "spellcraft", "bonus": { "rng": [ 1, 2 ] } },
      { "skill": "chemistry", "bonus": { "rng": [ 4, 5 ] } }
    ]
	},
{
    "type": "npc_class",
    "id": "NPC_ACADEMY_LIBRARIAN",
    "name": { "str": "Librarian" },
    "job_description": "I handle magic books.",
    "traits": [
      { "group": "NPC_starting_traits" },
       { "group": "BG_story_COMMON" },
      { "group": "Appearance_demographics" }
    ],
    "spells": [ { "id": "mu_spell_cantrip", "level": 4 }, { "id": "firebolt", "level": 6 } ],
    "bonus_str": { "rng": [ 0, 0 ] },
    "bonus_dex": { "rng": [ 0, 0 ] },
    "bonus_int": { "rng": [ 1, 4 ] },
    "bonus_per": { "rng": [ 0, 0 ] },
    "worn_override": "NPC_wizard_worn",
    "shopkeeper_item_group": "NPC_ACADEMY_LIBRARIAN_shopkeep",
    "weapon_override": "NPC_male_citizen_wield",
    "skills": [
      { "skill": "ALL", "level": { "mul": [ { "one_in": 3 }, { "sum": [ { "dice": [ 2, 2 ] }, { "rng": [ -1, -2 ] } ] } ] } },
      { "skill": "spellcraft", "bonus": { "rng": [ 1, 2 ] } }
    ]
	},
{
    "type": "npc_class",
    "id": "NPC_ACADEMY_INFUSIONIST",
    "name": { "str": "Infusionist" },
    "job_description": "I handle magic items.",
    "traits": [
      { "group": "NPC_starting_traits" },
       { "group": "BG_story_COMMON" },
      { "group": "Appearance_demographics" }
    ],
    "spells": [ { "id": "mu_spell_cantrip", "level": 4 }, { "id": "firebolt", "level": 6 } ],
    "bonus_str": { "rng": [ 0, 0 ] },
    "bonus_dex": { "rng": [ 0, 0 ] },
    "bonus_int": { "rng": [ 1, 4 ] },
    "bonus_per": { "rng": [ 0, 0 ] },
    "worn_override": "NPC_wizard_worn",
    "shopkeeper_item_group": "NPC_ACADEMY_INFUSIONIST_shopkeep",
    "weapon_override": "NPC_male_citizen_wield",
    "skills": [
      { "skill": "ALL", "level": { "mul": [ { "one_in": 3 }, { "sum": [ { "dice": [ 2, 2 ] }, { "rng": [ -1, -2 ] } ] } ] } },
      { "skill": "spellcraft", "bonus": { "rng": [ 1, 2 ] } }
    ]
	},
{
    "type": "npc_class",
    "id": "NPC_ACADEMY_MAGIC_ITEM_SELL",
    "name": { "str": "Infusionist" },
    "job_description": "I handle magic items.",
    "traits": [
      { "group": "NPC_starting_traits" },
       { "group": "BG_story_COMMON" },
      { "group": "Appearance_demographics" }
    ],
    "spells": [ { "id": "mu_spell_cantrip", "level": 4 }, { "id": "firebolt", "level": 6 } ],
    "bonus_str": { "rng": [ 0, 0 ] },
    "bonus_dex": { "rng": [ 0, 0 ] },
    "bonus_int": { "rng": [ 1, 4 ] },
    "bonus_per": { "rng": [ 0, 0 ] },
    "worn_override": "NPC_wizard_worn",
    "shopkeeper_item_group": "magic_items_all",
    "weapon_override": "NPC_male_citizen_wield",
    "skills": [
      { "skill": "ALL", "level": { "mul": [ { "one_in": 3 }, { "sum": [ { "dice": [ 2, 2 ] }, { "rng": [ -1, -2 ] } ] } ] } },
      { "skill": "spellcraft", "bonus": { "rng": [ 1, 2 ] } }
    ]
	},
{
    "type": "npc_class",
    "id": "NPC_DRUID_MASTER",
    "name": { "str": "Master Druid" },
    "job_description": "I'm a druid.",
    "traits": [
      { "group": "NPC_starting_traits" },
       { "group": "BG_story_COMMON" },
      { "group": "Appearance_demographics" }
    ],
    "spells": [ 
                { "id": "mu_spell_cantrip", "level": 20 },
                { "id": "mu_druid_spell_flamestrike", "level": 7 },
                { "id": "mu_spell_druid_longstride", "level": 7 },
                { "id": "mu_spell_druid_eye_predator", "level": 5 },
                { "id": "mu_spell_druid_light", "level": 7 },
                { "id": "mu_druid_spell_tend_wound", "level": 7 },
                { "id": "mu_spell_druid_hold_beast", "level": 7 },
                { "id": "mu_spell_druid_charm_beast", "level": 7 },
                { "id": "mu_spell_druid_flaming_sphere", "level": 5 },
                { "id": "mu_spell_druid_entangle", "level": 7 },
                { "id": "mu_druid_spell_armor", "level": 10 } 
              ],
    "bonus_str": { "rng": [ 1, 4 ] },
    "bonus_dex": { "rng": [ 0, 2 ] },
    "bonus_int": { "rng": [ 1, 4 ] },
    "bonus_per": { "rng": [ 0, 2 ] },
    "worn_override": "NPC_wizard_worn",
    "weapon_override": "NPC_wizard_wield",
    "skills": [
      { "skill": "spellcraft", "bonus": { "rng": [ 4, 5 ] } }
    ]
	},
{
    "type": "npc_class",
    "id": "NPC_MINER",
    "name": { "str": "Miner" },
    "job_description": "I delve the deep.",
    "traits": [
      { "group": "NPC_starting_traits" },
      { "group": "BG_story_COMMON" },
      { "group": "Appearance_demographics" }
    ],
    "bonus_str": { "rng": [ 2, 4 ] },
    "bonus_dex": { "rng": [ 0, 2 ] },
    "bonus_int": { "rng": [ 0, 2 ] },
    "bonus_per": { "rng": [ 0, 2 ] },
	"worn_override": "NPC_male_citizen_worn",
    "weapon_override": "NPC_miner_wield",
	"shopkeeper_item_group": "mine_sell_mtc",
    "skills": [
      { "skill": "ALL", "level": { "mul": [ { "one_in": 3 }, { "sum": [ { "dice": [ 2, 2 ] }, { "rng": [ -1, -2 ] } ] } ] } }
    ]
	},
{
    "type": "npc_class",
    "id": "NPC_ACOLYTE",
    "name": { "str": "Acolyte" },
    "job_description": "I'm a middle-man for gods.",
    "traits": [
      { "group": "NPC_starting_traits" },
      { "group": "BG_story_COMMON" },
      { "group": "Appearance_demographics" }
    ],
    "bonus_str": { "rng": [ 0, 2 ] },
    "bonus_dex": { "rng": [ 0, 2 ] },
    "bonus_int": { "rng": [ 0, 2 ] },
    "bonus_per": { "rng": [ 0, 2 ] },
	"worn_override": "NPC_acolyte_worn",
    "weapon_override": "NPC_acolyte_wield",
    "skills": [
      { "skill": "ALL", "level": { "mul": [ { "one_in": 3 }, { "sum": [ { "dice": [ 2, 2 ] }, { "rng": [ -1, -2 ] } ] } ] } },
	  { "skill": "faith", "bonus": { "rng": [ 1, 4 ] } }
    ]
	},
{
    "type": "npc_class",
    "id": "NPC_ACOLYTE_SCRIBE",
    "name": { "str": "Acolyte" },
    "job_description": "I'm a middle-man for gods.",
    "traits": [
      { "group": "NPC_starting_traits" },
      { "group": "BG_story_COMMON" },
      { "group": "Appearance_demographics" }
    ],
    "bonus_str": { "rng": [ 0, 2 ] },
    "bonus_dex": { "rng": [ 0, 2 ] },
    "bonus_int": { "rng": [ 0, 2 ] },
    "bonus_per": { "rng": [ 0, 2 ] },
	"worn_override": "NPC_shopkeeper_worn",
    "weapon_override": "NPC_acolyte_wield",
	"shopkeeper_item_group": "spell_scrolls_cleric",
    "skills": [
      { "skill": "ALL", "level": { "mul": [ { "one_in": 3 }, { "sum": [ { "dice": [ 2, 2 ] }, { "rng": [ -1, -2 ] } ] } ] } },
	  { "skill": "faith", "bonus": { "rng": [ 1, 4 ] } }
    ]
	}
]
