[
  {
    "type": "faction",
    "id": "kingdom",
    "name": "The Kingdom",
    "likes_u": 0,
    "respects_u": 0,
    "known_by_u": false,
    "size": 10,
    "power": 50,
    "food_supply": 1000,
    "wealth": 1000,
	"currency": "silver_coin",
    "relations": {
      "kingdom": {
        "kill on sight": false,
        "watch your back": true,
        "share my stuff": true,
        "guard your stuff": true,
        "lets you in": true,
        "defends your space": true,
        "knows your voice": true
      },
	  "your_followers": {
        "kill on sight": false,
        "watch your back": true,
        "share my stuff": false,
        "guard your stuff": false,
        "lets you in": true,
        "defends your space": false,
        "knows your voice": false
      },
	  "bandits": {
        "kill on sight": true,
        "watch your back": false,
        "share my stuff": false,
        "guard your stuff": false,
        "lets you in": false,
        "defends your space": false,
        "knows your voice": false
      },
	  "cultists": {
        "kill on sight": true,
        "watch your back": false,
        "share my stuff": false,
        "guard your stuff": false,
        "lets you in": false,
        "defends your space": false,
        "knows your voice": false
      }
    },
    "epilogues": [ { "power_min": 0, "id": "epilogue_faction_kingdom_0" },
                   { "power_min": 150, "id": "epilogue_faction_kingdom_150" },
                   { "power_min": 300, "id": "epilogue_faction_kingdom_300" },
                   { "power_min": 600, "id": "epilogue_faction_kingdom_600" },
                   { "power_min": 1000, "id": "epilogue_faction_kingdom_1000" },
                   { "power_min": 5000, "id": "epilogue_faction_kingdom_5000" } ],
    "description": "The kingdom. From the royalty to the guards and commoners, this encompasses all of society."
  },
  {
    "type": "faction",
    "id": "bandits",
    "name": "Bandits",
    "likes_u": 0,
    "respects_u": 0,
    "known_by_u": false,
    "size": 10,
    "power": 50,
    "food_supply": 1000,
    "wealth": 1000,
	"currency": "silver_coin",
    "relations": {
      "bandits": {
        "kill on sight": false,
        "watch your back": true,
        "share my stuff": true,
        "guard your stuff": true,
        "lets you in": true,
        "defends your space": true,
        "knows your voice": true
      },
	  "your_followers": {
        "kill on sight": true,
        "watch your back": false,
        "share my stuff": false,
        "guard your stuff": false,
        "lets you in": false,
        "defends your space": false,
        "knows your voice": false
      },
	  "kingdom": {
        "kill on sight": true,
        "watch your back": false,
        "share my stuff": false,
        "guard your stuff": false,
        "lets you in": false,
        "defends your space": false,
        "knows your voice": false
      },
	  "cultists": {
        "kill on sight": true,
        "watch your back": false,
        "share my stuff": false,
        "guard your stuff": false,
        "lets you in": false,
        "defends your space": false,
        "knows your voice": false
      }
    },
    "epilogues": [ { "power_min": 0, "id": "epilogue_faction_blank" } ],
    "description": "Bandits. Cutthroats without tact or hygiene. The bane of travellers and merchants alike."
  },
  {
    "type": "faction",
    "id": "cultists",
    "name": "Cultists",
    "likes_u": 0,
    "respects_u": 0,
    "known_by_u": false,
    "size": 10,
    "power": 50,
    "food_supply": 1000,
    "wealth": 1000,
	"currency": "silver_coin",
    "relations": {
      "cultists": {
        "kill on sight": false,
        "watch your back": true,
        "share my stuff": true,
        "guard your stuff": true,
        "lets you in": true,
        "defends your space": true,
        "knows your voice": true
      },
	  "your_followers": {
        "kill on sight": true,
        "watch your back": false,
        "share my stuff": false,
        "guard your stuff": false,
        "lets you in": false,
        "defends your space": false,
        "knows your voice": false
      },
	  "bandits": {
        "kill on sight": true,
        "watch your back": false,
        "share my stuff": false,
        "guard your stuff": false,
        "lets you in": false,
        "defends your space": false,
        "knows your voice": false
      },
	  "kingdom": {
        "kill on sight": true,
        "watch your back": false,
        "share my stuff": false,
        "guard your stuff": false,
        "lets you in": false,
        "defends your space": false,
        "knows your voice": false
      }
    },
    "epilogues": [ { "power_min": 0, "id": "epilogue_faction_blank" } ],
    "description": "Strange cultists who kidnap people and sacrifice them to perform their dark magic. Each member has had their hearts and eyes replaced by similar organs not of this world and their tomes have so far proven indecipherable."
  }
]
