[
{
    "id": "MISSION_GET_PAPER",
    "type": "mission_definition",
    "name": "Errand Running",
    "description": "Get some paper (40 paper sheets).",
    "goal": "MGOAL_FIND_ITEM",
	"item": "paper",
	"count": 40,
    "difficulty": 1,
    "value": 1,
    "followup": "MISSION_GET_PAPER",
    "deadline_low": 3,
    "deadline_high": 3,
	"origins": [ "ORIGIN_OPENER_NPC" ],
	"end": { "effect": [
		{ "u_spawn_item": "copper_coin", "count": 15 }
		] },
	"has_generic_rewards": false,
	"dialogue": {
      "describe": "Go get some paper.",
	  "offer": "I need more paper. Bring me some, I'll pay you for your troubles.",
	  "advice": "Just buy paper, and bring it here.",
      "accepted": "Good.",
      "rejected": "Someone must do it.",
      "inquire": "Do you have what I need?",
      "success": "Good. Here, for your trouble.",
      "success_lie": "Where are they?",
      "failure": "I guess I'll just pass it off."
    }
  },
{
    "id": "MISSION_GET_LEATHER",
    "type": "mission_definition",
    "name": "Errand Running",
    "description": "Get some leather (40 leather patches).",
    "goal": "MGOAL_FIND_ITEM",
	"item": "leather",
	"count": 40,
    "difficulty": 1,
    "value": 1,
    "followup": "MISSION_GET_LEATHER",
    "deadline_low": 4,
    "deadline_high": 6,
	"origins": [ "ORIGIN_OPENER_NPC" ],
	"end": { "effect": [
		{ "u_spawn_item": "copper_coin", "count": 45 }
		] },
	"has_generic_rewards": false,
	"dialogue": {
      "describe": "Go get some leather.",
	  "offer": "I need more leather. Bring some to me, and I'll pay you for your troubles.",
	  "advice": "Just buy leather, and bring it here.",
      "accepted": "Good.",
      "rejected": "Someone must do it.",
      "inquire": "Do you have what I need?",
      "success": "Good. Here, for your trouble.",
      "success_lie": "Where are they?",
      "failure": "I guess I'll just pass it off."
    }
  },
{
    "id": "MISSION_GET_METAL",
    "type": "mission_definition",
    "name": "Errand Running",
    "description": "Get some metal (25 steel lumps).",
    "goal": "MGOAL_FIND_ITEM",
	"item": "steel_lump",
	"count": 25,
    "difficulty": 1,
    "value": 1,
    "followup": "MISSION_GET_METAL",
    "deadline_low": 4,
    "deadline_high": 6,
	"origins": [ "ORIGIN_OPENER_NPC" ],
	"end": { "effect": [
		{ "u_spawn_item": "copper_coin", "count": 45 }
		] },
	"has_generic_rewards": false,
	"dialogue": {
      "describe": "Go get some metal.",
	  "offer": "I need more metal. Bring me some, and I'll pay you for your troubles.",
	  "advice": "Just buy metal, and bring it here.",
      "accepted": "Good.",
      "rejected": "Someone must do it.",
      "inquire": "Do you have what I need?",
      "success": "Good. Here, for your trouble.",
      "success_lie": "Where are they?",
      "failure": "I guess I'll just pass it off."
    }
  },
{
    "id": "MISSION_GET_LOGS",
    "type": "mission_definition",
    "name": "Errand Running",
    "description": "Get some wood (10 logs).",
    "goal": "MGOAL_FIND_ITEM",
	"item": "log",
	"count": 10,
    "difficulty": 1,
    "value": 1,
    "followup": "MISSION_GET_LOGS",
    "deadline_low": 7,
    "deadline_high": 7,
	"origins": [ "ORIGIN_OPENER_NPC" ],
	"end": { "effect": [
		{ "u_spawn_item": "silver_coin", "count": 5 }
		] },
	"has_generic_rewards": false,
	"dialogue": {
      "describe": "Go get some logs.",
	  "offer": "I need more logs. Bring me some, and I'll pay you for your troubles.",
	  "advice": "Just cut down a tree, and bring it here.",
      "accepted": "Good.",
      "rejected": "Someone must do it.",
      "inquire": "Do you have what I need?",
      "success": "Good. Here, for your trouble.",
      "success_lie": "Where are they?",
      "failure": "I guess I'll just pass it off."
    }
  },
{
    "id": "MISSION_GET_CLAY",
    "type": "mission_definition",
    "name": "Errand Running",
    "description": "Get some clay (25 steel lumps).",
    "goal": "MGOAL_FIND_ITEM",
	"item": "clay_lump",
	"count": 25,
    "difficulty": 1,
    "value": 1,
    "followup": "MISSION_GET_METAL",
    "deadline_low": 4,
    "deadline_high": 6,
	"origins": [ "ORIGIN_OPENER_NPC" ],
	"end": { "effect": [
		{ "u_spawn_item": "copper_coin", "count": 25 }
		] },
	"has_generic_rewards": false,
	"dialogue": {
      "describe": "Go get some clay.",
	  "offer": "I need more clay. Bring me some, and I'll pay you for your troubles.",
	  "advice": "I know some deposits lie along river banks.",
      "accepted": "Good.",
      "rejected": "Someone must do it.",
      "inquire": "Do you have what I need?",
      "success": "Good. Here, for your trouble.",
      "success_lie": "Where is it?",
      "failure": "I guess I'll just pass it off."
    }
  }
]