[
  {
    "//": "This assigns characters a random appearance based on racial demographics in a fantasy world's human cities.",
    "type": "trait_group",
	"id": "Appearance_demographics",
    "subtype": "distribution",
	"traits": [
      { "group": "race_human", "prob": 50 },
      { "group": "race_elf", "prob": 10 },
      { "group": "race_dwarf", "prob": 10 },
      { "group": "race_kath", "prob": 3 },
      { "group": "race_lupen", "prob": 3 },
      { "group": "race_lhizhar", "prob": 2 },
      { "group": "race_ravian", "prob": 2 },
      { "group": "race_phaloce", "prob": 2 },
      { "group": "race_sharmer", "prob": 2 },
      { "group": "race_venusian", "prob": 2 },
      { "group": "race_ratten", "prob": 2 },
      { "group": "race_mousen", "prob": 2 },
      { "group": "race_ursa", "prob": 2 },
      { "group": "race_minotaur", "prob": 2 },
      { "group": "race_anteris", "prob": 2 },
      { "group": "race_spinoire", "prob": 2 },
      { "group": "race_slime", "prob": 2 }
    ]
  },
  {
    "type": "trait_group",
    "id": "Hair_Any",
    "subtype": "distribution",
    "traits": [
      { "group": "Hair_Red", "prob": 15 },
      { "group": "Hair_Blond", "prob": 15 },
      { "group": "Hair_Black", "prob": 20 },
      { "group": "Hair_Brown", "prob": 20 },
      { "group": "Hair_Gray", "prob": 13 },
      { "group": "Hair_White", "prob": 13 },
      { "trait": "HAIR_BALD", "prob": 4 }
    ]
  },
  {
    "type": "trait_group",
    "id": "Skin_Any",
    "subtype": "distribution",
    "traits": [
      { "trait": "SKIN_DARK", "prob": 5 },
      { "trait": "SKIN_MEDIUM", "prob": 30 },
      { "trait": "SKIN_TAN", "prob": 30 },
      { "trait": "SKIN_PINK", "prob": 5 },
      { "trait": "SKIN_LIGHT", "prob": 30 }
    ]
  },
  {
    "type": "trait_group",
    "id": "race_human",
    "subtype": "collection",
    "traits": [
	{ "group": "Hair_Any", "prob": 100 },
	{ "group": "Skin_Any", "prob": 100 },
	{ "trait": "GOODCARDIO", "prob": 100 },
	{ "trait": "STR_UP_2", "prob": 85 },
	{ "trait": "DEX_UP_2", "prob": 85 },
	{ "trait": "INT_UP_2", "prob": 85 },
	{ "trait": "PER_UP_2", "prob": 85 }
	]
  },
  {
    "type": "trait_group",
    "id": "race_elf",
    "subtype": "collection",
    "traits": [
	{ "group": "Hair_Any", "prob": 100 },
	{ "group": "Skin_Any", "prob": 100 },
	{ "trait": "THRESH_ELFA", "prob": 100 },
	{ "trait": "ELFA_EARS", "prob": 100 },
	{ "trait": "FEYHEARING", "prob": 85 },
	{ "trait": "ANIMALEMPATH", "prob": 85 },
	{ "trait": "LIGHTSTEP", "prob": 85 },
	{ "trait": "ELFA_FNV", "prob": 85 },
	{ "trait": "WAKEFUL3", "prob": 85 },
	{ "trait": "PARAIMMUNE", "prob": 85 },
	{ "trait": "BENDY1", "prob": 85 },
	{ "trait": "DEX_UP_3", "prob": 85 },
	{ "trait": "INT_UP_3", "prob": 85 },
	{ "trait": "PER_UP_3", "prob": 85 }
	]
  },
  {
    "type": "trait_group",
    "id": "race_dwarf",
    "subtype": "collection",
    "traits": [
	{ "group": "Hair_Any", "prob": 100 },
	{ "group": "Skin_Any", "prob": 100 },
	{ "trait": "THRESH_TROGLOBITE", "prob": 100 },
	{ "trait": "ELFA_EARS", "prob": 100 },
	{ "trait": "STR_UP_3", "prob": 85 },
	{ "trait": "INT_UP_2", "prob": 85 },
	{ "trait": "DISIMMUNE", "prob": 85 },
	{ "trait": "INFRESIST", "prob": 85 },
	{ "trait": "ALCMET", "prob": 85 },
	{ "trait": "PAINRESIST_TROGLO", "prob": 85 },
	{ "trait": "STOCKY_TROGLO", "prob": 100 },
	{ "trait": "TROGLO", "prob": 85 },
	{ "trait": "THICKSKIN", "prob": 85 }
	]
  },
  {
    "type": "trait_group",
    "id": "race_kath",
    "subtype": "collection",
    "traits": [
	{ "group": "Hair_Any", "prob": 100 },
	{ "group": "Skin_Any", "prob": 100 },
	{ "trait": "THRESH_FELINE", "prob": 100 },
	{ "trait": "FELINE_EARS", "prob": 100 },
	{ "trait": "CARNIVORE", "prob": 85 },
	{ "trait": "LIGHTSTEP", "prob": 85 },
	{ "trait": "PRETTY", "prob": 85 },
	{ "trait": "FEL_EYE", "prob": 85 },
	{ "trait": "FEL_NV", "prob": 85 },
	{ "trait": "FANGS", "prob": 85 },
	{ "trait": "FELINE_FUR", "prob": 85 },
	{ "trait": "CLAWS_RETRACT", "prob": 85 },
	{ "trait": "PADDED_FEET", "prob": 85 },
	{ "trait": "TAIL_LONG", "prob": 85 },
	{ "trait": "WHISKERS", "prob": 85 },
	{ "trait": "SNOUT", "prob": 85 },
	{ "trait": "DEX_UP_3", "prob": 85 },
	{ "trait": "PAWS", "prob": 85 }
	]
  },
  {
    "type": "trait_group",
    "id": "race_lupen",
    "subtype": "collection",
    "traits": [
	{ "group": "Hair_Any", "prob": 100 },
	{ "group": "Skin_Any", "prob": 100 },
	{ "trait": "THRESH_LUPINE", "prob": 100 },
	{ "trait": "CANINE_EARS", "prob": 100 },
	{ "trait": "PAWS", "prob": 85 },
	{ "trait": "GOODCARDIO", "prob": 85 },
	{ "trait": "GOURMAND", "prob": 85 },
	{ "trait": "SMELLY", "prob": 85 },
	{ "trait": "ANIMALDISCORD", "prob": 85 },
	{ "trait": "NIGHTVISION2", "prob": 85 },
	{ "trait": "FANGS", "prob": 85 },
	{ "trait": "LUPINE_FUR", "prob": 85 },
	{ "trait": "PADDED_FEET", "prob": 85 },
	{ "trait": "TAIL_FLUFFY", "prob": 85 },
	{ "trait": "LUPINE_EARS", "prob": 85 },
	{ "trait": "STR_UP_2", "prob": 85 },
	{ "trait": "MUZZLE", "prob": 85 },
	{ "trait": "GROWL", "prob": 85 }
	]
  },
  {
    "type": "trait_group",
    "id": "race_lhizhar",
    "subtype": "collection",
    "traits": [
	{ "group": "Hair_Any", "prob": 100 },
	{ "group": "Skin_Any", "prob": 100 },
	{ "trait": "THRESH_LIZARD", "prob": 100 },
	{ "trait": "THICK_SCALES", "prob": 100 },
	{ "trait": "THICKSKIN", "prob": 85 },
	{ "trait": "LIZ_EYE", "prob": 85 },
	{ "trait": "LIZ_IR", "prob": 85 },
	{ "trait": "REGEN_LIZ", "prob": 85 },
	{ "trait": "FANGS", "prob": 85 },
	{ "trait": "MEMBRANE", "prob": 85 },
	{ "trait": "TALONS", "prob": 85 },
	{ "trait": "TAIL_THICK", "prob": 85 },
	{ "trait": "MUT_TOUGH", "prob": 85 },
	{ "trait": "LARGE_OK", "prob": 85 },
	{ "trait": "STR_UP_2", "prob": 85 },
	{ "trait": "DEX_UP_2", "prob": 85 },
	{ "trait": "SLIT_NOSTRILS", "prob": 85 },
	{ "trait": "FORKED_TONGUE", "prob": 85 },
	{ "trait": "MUZZLE_LONG", "prob": 85 },
	{ "trait": "WEBBED", "prob": 85 },
	{ "trait": "CARNIVORE", "prob": 85 },
	{ "trait": "COLDBLOOD4", "prob": 85 },
	{ "trait": "HISS", "prob": 85 },
	{ "trait": "BADTEMPER", "prob": 85 }
	]
  },
  {
    "type": "trait_group",
    "id": "race_ravian",
    "subtype": "collection",
    "traits": [
	{ "group": "Hair_Any", "prob": 100 },
	{ "group": "Skin_Any", "prob": 100 },
	{ "trait": "THRESH_BIRD", "prob": 100 },
	{ "trait": "FEATHERS", "prob": 100 },
	{ "trait": "QUICK", "prob": 85 },
	{ "trait": "LIGHTEATER", "prob": 85 },
	{ "trait": "NIGHTVISION", "prob": 85 },
	{ "trait": "DEFT", "prob": 85 },
	{ "trait": "LIGHTSTEP", "prob": 85 },
	{ "trait": "EAGLEEYED", "prob": 85 },
	{ "trait": "BADBACK", "prob": 85 },
	{ "trait": "BIRD_EYE", "prob": 85 },
	{ "trait": "DOWN", "prob": 85 },
	{ "trait": "GIZZARD", "prob": 85 },
	{ "trait": "FLEET2", "prob": 85 },
	{ "trait": "WINGS_BIRD", "prob": 85 },
	{ "trait": "DEX_UP_3", "prob": 85 },
	{ "trait": "PER_UP_4", "prob": 85 },
	{ "trait": "HOLLOW_BONES", "prob": 85 },
	{ "trait": "BEAK", "prob": 85 },
	{ "trait": "BEAK_PECK", "prob": 85 }
	]
  },
  {
    "type": "trait_group",
    "id": "race_phaloce",
    "subtype": "collection",
    "traits": [
	{ "group": "Hair_Any", "prob": 100 },
	{ "group": "Skin_Any", "prob": 100 },
	{ "trait": "THRESH_CEPHALOPOD", "prob": 100 },
	{ "trait": "GILLS_CEPH", "prob": 100 },
	{ "trait": "CEPH_EYES", "prob": 85 },
	{ "trait": "CEPH_VISION", "prob": 85 },
	{ "trait": "INK_GLANDS", "prob": 85 },
	{ "trait": "MOUTH_TENTACLES", "prob": 85 },
	{ "trait": "DEX_UP_4", "prob": 85 },
	{ "trait": "INT_UP_4", "prob": 85 },
	{ "trait": "SLIT_NOSTRILS", "prob": 85 },
	{ "trait": "THIRST", "prob": 85 },
	{ "trait": "SLIMY", "prob": 85 },
	{ "trait": "COLDBLOOD", "prob": 85 },
	{ "trait": "ARM_TENTACLES_8", "prob": 85 },
	{ "trait": "LEG_TENTACLES", "prob": 85 },
	{ "trait": "LEG_TENT_BRACE", "prob": 85 }
	]
  },
  {
    "type": "trait_group",
    "id": "race_sharmer",
    "subtype": "collection",
    "traits": [
	{ "group": "Hair_Any", "prob": 100 },
	{ "group": "Skin_Any", "prob": 100 },
	{ "trait": "THRESH_FISH", "prob": 100 },
	{ "trait": "GILLS", "prob": 100 },
	{ "trait": "GOODCARDIO", "prob": 85 },
	{ "trait": "QUICK", "prob": 85 },
	{ "trait": "NIGHTVISION3", "prob": 85 },
	{ "trait": "MEMBRANE", "prob": 85 },
	{ "trait": "SLEEK_SCALES", "prob": 85 },
	{ "trait": "TAIL_FIN", "prob": 85 },
	{ "trait": "DEX_UP_4", "prob": 85 },
	{ "trait": "SMELLY2", "prob": 85 },
	{ "trait": "WEBBED", "prob": 85 },
	{ "trait": "THIRST", "prob": 85 },
	{ "trait": "SLIMY", "prob": 85 },
	{ "trait": "COLDBLOOD", "prob": 85 },
	{ "trait": "AMPHIBIAN", "prob": 85 },
	{ "trait": "SEESLEEP", "prob": 85 },
	{ "trait": "WATERSLEEP", "prob": 85 },
	{ "trait": "TOXICFLESH", "prob": 85 },
	{ "trait": "FRESHWATEROSMOSIS", "prob": 85 },
	{ "trait": "ELECTRORECEPTORS", "prob": 85 },
	{ "trait": "SHARKTEETH", "prob": 85 }
	]
  },
  {
    "type": "trait_group",
    "id": "race_venusian",
    "subtype": "collection",
    "traits": [
	{ "group": "Hair_Any", "prob": 100 },
	{ "group": "Skin_Any", "prob": 100 },
	{ "trait": "THRESH_PLANT", "prob": 100 },
	{ "trait": "ELFA_EARS", "prob": 100 },
	{ "trait": "PLANTSKIN", "prob": 100 },
	{ "trait": "ROSEBUDS", "prob": 85 },
	{ "trait": "SUNLIGHT_DEPENDENT", "prob": 85 },
	{ "trait": "DISIMMUNE", "prob": 85 },
	{ "trait": "REGEN", "prob": 85 },
	{ "trait": "THORNS", "prob": 85 },
	{ "trait": "TRANSPIRATION", "prob": 85 },
	{ "trait": "LEAVES3", "prob": 85 },
	{ "trait": "PRETTY", "prob": 85 },
	{ "trait": "SAPROPHAGE", "prob": 85 },
	{ "trait": "HAIRROOTS", "prob": 85 },
	{ "trait": "TREE_COMMUNION", "prob": 85 },
	{ "trait": "STR_UP_2", "prob": 85 },
	{ "trait": "VINES3", "prob": 85 },
	{ "trait": "ROOTS2", "prob": 85 },
	{ "trait": "PSYCHOPATH", "prob": 85 },
	{ "trait": "HEAVYSLEEPER", "prob": 85 },
	{ "trait": "CARNIVORE", "prob": 85 },
	{ "trait": "CARNIVORE", "prob": 85 },
	{ "trait": "COLDBLOOD", "prob": 85 }
	]
  },
  {
    "type": "trait_group",
    "id": "race_ratten",
    "subtype": "collection",
    "traits": [
	{ "group": "Hair_Any", "prob": 100 },
	{ "group": "Skin_Any", "prob": 100 },
	{ "trait": "THRESH_RAT", "prob": 100 },
	{ "trait": "TAIL_RAT", "prob": 100 },
	{ "trait": "FUR", "prob": 85 },
	{ "trait": "MOUSE_EARS", "prob": 85 },
	{ "trait": "DISRESISTANT", "prob": 85 },
	{ "trait": "NIGHTVISION2", "prob": 85 },
	{ "trait": "INCISORS", "prob": 85 },
	{ "trait": "MUZZLE_RAT", "prob": 85 },
	{ "trait": "FUR", "prob": 85 },
	{ "trait": "CLAWS_RAT", "prob": 85 },
	{ "trait": "INFRESIST", "prob": 85 },
	{ "trait": "EATDEAD", "prob": 85 },
	{ "trait": "BURROW", "prob": 85 },
	{ "trait": "WHISKERS_RAT", "prob": 85 },
	{ "trait": "TROGLO", "prob": 85 },
	{ "trait": "GROWL", "prob": 85 }
	]
  },
  {
    "type": "trait_group",
    "id": "race_mousen",
    "subtype": "collection",
    "traits": [
	{ "group": "Hair_Any", "prob": 100 },
	{ "group": "Skin_Any", "prob": 100 },
	{ "trait": "THRESH_MOUSE", "prob": 100 },
	{ "trait": "MOUSE_EARS", "prob": 100 },
	{ "trait": "TAIL_RAT", "prob": 85 },
	{ "trait": "FLEET", "prob": 85 },
	{ "trait": "GOODHEARING", "prob": 85 },
	{ "trait": "GOODCARDIO2", "prob": 85 },
	{ "trait": "QUICK", "prob": 85 },
	{ "trait": "EASYSLEEPER", "prob": 85 },
	{ "trait": "DEFT", "prob": 85 },
	{ "trait": "GOURMAND", "prob": 85 },
	{ "trait": "EAGLEEYED", "prob": 85 },
	{ "trait": "SLEEPY", "prob": 85 },
	{ "trait": "PROJUNK", "prob": 85 },
	{ "trait": "ANIMALDISCORD2", "prob": 85 },
	{ "trait": "NIGHTVISION2", "prob": 85 },
	{ "trait": "LIGHT_BONES", "prob": 85 },
	{ "trait": "LIGHTFUR", "prob": 85 },
	{ "trait": "WHISKERS_RAT", "prob": 85 },
	{ "trait": "DEX_UP_2", "prob": 85 },
	{ "trait": "SMALL_OK", "prob": 85 },
	{ "trait": "CRAFTY", "prob": 85 },
	{ "trait": "HUNGER", "prob": 85 }
	]
  },
  {
    "type": "trait_group",
    "id": "race_ursa",
    "subtype": "collection",
    "traits": [
	{ "group": "Hair_Any", "prob": 100 },
	{ "group": "Skin_Any", "prob": 100 },
	{ "trait": "THRESH_URSINE", "prob": 100 },
	{ "trait": "URSINE_EARS", "prob": 100 },
	{ "trait": "URSINE_EYE", "prob": 85 },
	{ "trait": "URSINE_FUR", "prob": 85 },
	{ "trait": "CLAWS", "prob": 85 },
	{ "trait": "PADDED_FEET", "prob": 85 },
	{ "trait": "TAIL_STUB", "prob": 85 },
	{ "trait": "HIBERNATE", "prob": 85 },
	{ "trait": "MUT_TOUGH3", "prob": 85 },
	{ "trait": "FAT", "prob": 85 },
	{ "trait": "HUGE_OK", "prob": 85 },
	{ "trait": "STR_UP_4", "prob": 85 },
	{ "trait": "SMELLY", "prob": 85 },
	{ "trait": "MUZZLE_BEAR", "prob": 85 },
	{ "trait": "PONDEROUS1", "prob": 85 },
	{ "trait": "GROWL", "prob": 85 }
	]
  },
  {
    "type": "trait_group",
    "id": "race_minotaur",
    "subtype": "collection",
    "traits": [
	{ "group": "Hair_Any", "prob": 100 },
	{ "group": "Skin_Any", "prob": 100 },
	{ "trait": "THRESH_CATTLE", "prob": 100 },
	{ "trait": "TAIL_CATTLE", "prob": 100 },
	{ "trait": "NIGHTVISION", "prob": 85 },
	{ "trait": "THICKSKIN", "prob": 85 },
	{ "trait": "DISRESISTANT", "prob": 85 },
	{ "trait": "FUR", "prob": 85 },
	{ "trait": "PHEROMONE_MAMMAL", "prob": 85 },
	{ "trait": "HOOVES", "prob": 85 },
	{ "trait": "GRAZER", "prob": 85 },
	{ "trait": "HORNS", "prob": 85 },
	{ "trait": "HUGE_OK", "prob": 85 },
	{ "trait": "MUT_TOUGH3", "prob": 85 },
	{ "trait": "STR_UP_2", "prob": 85 },
	{ "trait": "MINOTAUR", "prob": 85 }
	]
  },
  {
    "type": "trait_group",
    "id": "race_anteris",
    "subtype": "collection",
    "traits": [
	{ "group": "Hair_Any", "prob": 100 },
	{ "group": "Skin_Any", "prob": 100 },
	{ "trait": "THRESH_INSECT", "prob": 100 },
	{ "trait": "ANTENNAE", "prob": 100 },
	{ "trait": "GOODCARDIO", "prob": 85 },
	{ "trait": "QUICK", "prob": 85 },
	{ "trait": "LIGHTEATER", "prob": 85 },
	{ "trait": "EASYSLEEPER", "prob": 85 },
	{ "trait": "NIGHTVISION2", "prob": 85 },
	{ "trait": "TERRIFYING", "prob": 85 },
	{ "trait": "HEAVYSLEEPER", "prob": 85 },
	{ "trait": "PROJUNK", "prob": 85 },
	{ "trait": "ANIMALDISCORD", "prob": 85 },
	{ "trait": "INFRARED", "prob": 85 },
	{ "trait": "CHITIN2", "prob": 85 },
	{ "trait": "PHEROMONE_INSECT", "prob": 85 },
	{ "trait": "COMPOUND_EYES", "prob": 85 },
	{ "trait": "WINGS_INSECT", "prob": 85 },
	{ "trait": "MANDIBLES", "prob": 85 },
	{ "trait": "STR_UP", "prob": 85 },
	{ "trait": "DEX_UP", "prob": 85 },
	{ "trait": "COLDBLOOD", "prob": 85 },
	{ "trait": "INSECT_ARMS_OK", "prob": 85 }
	]
  },
  {
    "type": "trait_group",
    "id": "race_spinoire",
    "subtype": "collection",
    "traits": [
	{ "group": "Hair_Any", "prob": 100 },
	{ "group": "Skin_Any", "prob": 100 },
	{ "trait": "THRESH_SPIDER", "prob": 100 },
	{ "trait": "FANGS_SPIDER", "prob": 100 },
	{ "trait": "CARNIVORE", "prob": 85 },
	{ "trait": "FLEET", "prob": 85 },
	{ "trait": "POISRESIST", "prob": 85 },
	{ "trait": "NIGHTVISION3", "prob": 85 },
	{ "trait": "INFRARED", "prob": 85 },
	{ "trait": "CHITIN_FUR2", "prob": 85 },
	{ "trait": "POISONOUS2", "prob": 85 },
	{ "trait": "WEB_WALKER", "prob": 100 },
	{ "trait": "WEB_WEAVER", "prob": 85 },
	{ "trait": "WEB_RAPPEL", "prob": 85 },
	{ "trait": "WEB_ROPE", "prob": 85 },
	{ "trait": "DEX_UP_2", "prob": 85 },
	{ "trait": "TROGLO", "prob": 85 },
	{ "trait": "COLDBLOOD", "prob": 85 },
	{ "trait": "ARACHNID_ARMS_OK", "prob": 85 },
	{ "trait": "CANNIBAL", "prob": 85 }
	]
  },
  {
    "type": "trait_group",
    "id": "race_slime",
    "subtype": "collection",
    "traits": [
	{ "group": "Hair_Any", "prob": 100 },
	{ "group": "Skin_Any", "prob": 100 },
	{ "trait": "THRESH_SLIME", "prob": 100 },
	{ "trait": "AMORPHOUS", "prob": 100 },
	{ "trait": "POISRESIST", "prob": 85 },
	{ "trait": "REGEN", "prob": 85 },
	{ "trait": "RADIOGENIC", "prob": 85 },
	{ "trait": "DISIMMUNE", "prob": 85 },
	{ "trait": "PARAIMMUNE", "prob": 85 },
	{ "trait": "POISONOUS", "prob": 85 },
	{ "trait": "SLIME_HANDS", "prob": 85 },
	{ "trait": "BENDY3", "prob": 85 },
	{ "trait": "DEX_UP", "prob": 85 },
	{ "trait": "INT_UP", "prob": 85 },
	{ "trait": "INT_SLIME", "prob": 85 },
	{ "trait": "PER_SLIME_OK", "prob": 85 },
	{ "trait": "HUNGER2", "prob": 85 },
	{ "trait": "THIRST2", "prob": 85 },
	{ "trait": "VISCOUS", "prob": 85 },
	{ "trait": "SLIMESPAWNER", "prob": 85 },
	{ "trait": "ACIDPROOF", "prob": 85 },
	{ "trait": "ACIDBLOOD", "prob": 85 }
	]
  }
]
