[
	{
    "type": "item_group",
    "id": "NPC_blacksmith_worn",
    "subtype": "collection",
    "entries": [
      { "item": "loincloth" },
      { "item": "footrags" },
	  { "item": "gloves_wraps" },
      { "item": "tunic" },
	  { "item": "leather_belt" },
      { "item": "jacket_leather" },
      { "item": "pants_leather" },
	  { "item": "gloves_leather" },
      { "item": "boots" },
      { "item": "leather_pouch" },
      { "item": "apron_leather" }
    ]
	},
	{
    "type": "item_group",
    "id": "NPC_blacksmith_wield",
    "subtype": "collection",
    "entries": [ { "item": "hammer_sledge_short" } ]
	},
	{
    "type": "item_group",
    "id": "NPC_tavernkeep_worn",
    "subtype": "collection",
    "entries": [
      { "item": "loincloth" },
      { "item": "footrags" },
      { "item": "gambeson" },
      { "item": "leather_belt" },
      { "item": "pants_leather" },
      { "item": "boots" },
      { "item": "leather_pouch" }
    ]
	},
	{
    "type": "item_group",
    "id": "NPC_tavernkeep_wield",
    "subtype": "collection",
    "entries": [ { "item": "knife_carving" } ]
	},
	{
    "type": "item_group",
    "id": "NPC_guard_worn",
    "subtype": "collection",
    "entries": [
      { "item": "loincloth" },
      { "item": "footrags" },
      { "item": "leather_belt" },
      { "item": "gloves_leather" },
      { "item": "boots_larmor" },
      { "item": "leather_pouch" },
      { "item": "chainmail_suit" },
      { "group": "shields_all" },
      { "item": "scabbard" }
    ]
	},
	{
    "type": "item_group",
    "id": "NPC_guard_wield",
    "subtype": "collection",
    "entries": [ { "item": "arming_sword" } ]
	},
	{
    "type": "item_group",
    "id": "NPC_bouncer_worn",
    "subtype": "collection",
    "entries": [
      { "item": "loincloth" },
      { "item": "footrags" },
	  { "item": "gloves_wraps" },
      { "item": "tunic" },
	  { "item": "leather_belt" },
      { "item": "jacket_leather" },
      { "item": "pants_leather" },
      { "item": "boots" },
      { "item": "leather_pouch" }
    ]
	},
	{
    "type": "item_group",
    "id": "NPC_bouncer_wield",
    "subtype": "collection",
    "entries": [ { "item": "punch_dagger" } ]
	},
	{
    "type": "item_group",
    "id": "NPC_maid_worn",
    "subtype": "collection",
    "entries": [
      { "item": "panties" },
	  { "item": "maid_hat" },
      { "item": "maid_dress" },
	  { "item": "leather_belt" },
      { "item": "gloves_light" },
      { "item": "heels" },
	  { "item": "stockings" },
      { "item": "leather_pouch" }
    ]
	},
	{
    "type": "item_group",
    "id": "NPC_maid_wield",
    "subtype": "collection",
    "entries": [ { "item": "feather_duster" } ]
	},
	{
    "type": "item_group",
    "id": "NPC_female_citizen_worn",
    "subtype": "collection",
    "entries": [
      { "item": "panties" },
      { "item": "footrags" },
	  { "item": "chestwrap" },
      { "group": "female_citizen_clothing" },
	  { "item": "leather_belt" },
      { "item": "gloves_light" },
      { "item": "mocassins" },
      { "item": "leather_pouch" }
    ]
	},
	{
    "type": "item_group",
    "id": "NPC_female_citizen_wield",
    "subtype": "collection",
    "entries": [ { "item": "primitive_knife" } ]
	},
	{
    "type": "item_group",
    "id": "NPC_male_citizen_worn",
    "subtype": "collection",
    "entries": [
      { "item": "loincloth" },
      { "item": "footrags" },
      { "group": "male_citizen_clothing" },
      { "item": "leather_belt" },
      { "item": "pants_leather" },
      { "item": "boots" },
      { "item": "leather_pouch" }
    ]
	},
	{
    "type": "item_group",
    "id": "NPC_male_citizen_wield",
    "subtype": "collection",
    "entries": [ { "item": "primitive_knife" } ]
	},
	{
    "type": "item_group",
    "id": "NPC_fisher_worn",
    "subtype": "collection",
    "entries": [
      { "item": "loincloth" },
      { "item": "footrags" },
	  { "item": "gloves_wraps" },
	  { "item": "gloves_leather" },
      { "item": "tunic" },
      { "item": "leather_belt" },
      { "item": "pants_leather" },
      { "item": "boots" },
      { "item": "leather_pouch" },
      { "item": "leather_pouch" },
      { "item": "straw_hat" }
    ]
	},
	{
    "type": "item_group",
    "id": "NPC_fisher_wield",
    "subtype": "collection",
    "entries": [ { "item": "fishing_rod_basic" } ]
	},
	{
    "type": "item_group",
    "id": "NPC_kitchenstaff_worn",
    "subtype": "collection",
    "entries": [
      { "item": "loincloth" },
      { "item": "footrags" },
      { "item": "tunic" },
      { "item": "leather_belt" },
      { "item": "pants_leather" },
      { "item": "boots" },
      { "item": "jacket_chef" },
      { "item": "leather_pouch" },
      { "item": "hat_chef" }
    ]
	},
	{
    "type": "item_group",
    "id": "NPC_kitchenstaff_wield",
    "subtype": "collection",
    "entries": [ { "group": "kitchenstaff_wield" } ]
	},
	{
    "type": "item_group",
    "id": "NPC_tavernwench_worn",
    "subtype": "collection",
    "entries": [
      { "item": "panties" },
      { "item": "copper_ear" },
      { "item": "leather_belt" },
      { "item": "skirt_leather" },
	  { "item": "dress_shirt" },
	  { "item": "corset" },
      { "item": "mocassins" },
      { "item": "leather_pouch" },
      { "item": "barrette" }
    ]
	},
	{
    "type": "item_group",
    "id": "NPC_tavernwench_wield",
    "subtype": "collection",
    "entries": [ { "item": "knife_folding" } ]
	},
	{
    "type": "item_group",
    "id": "NPC_knight_worn",
    "subtype": "collection",
    "entries": [
      { "item": "loincloth" },
      { "item": "footrags" },
      { "item": "leather_belt" },
      { "item": "gloves_plate" },
      { "item": "boots_plate" },
      { "item": "leather_pouch" },
	  { "item": "leather_pouch" },
      { "item": "chainmail_suit" },
	  { "item": "helmet_barbute" },
	  { "item": "armor_lightplate" },
      { "group": "metal_shields" },
      { "item": "scabbard" }
    ]
	},
	{
    "type": "item_group",
    "id": "NPC_knight_wield",
    "subtype": "collection",
    "entries": [ { "group": "warrior_weapons" } ]
	},
	{
    "type": "item_group",
    "id": "NPC_dragonslayer_worn",
    "subtype": "collection",
    "entries": [
      { "item": "loincloth" },
      { "item": "footrags" },
      { "item": "leather_belt" },
      { "item": "gloves_plate" },
      { "item": "boots_plate" },
      { "item": "leather_pouch" },
	  { "item": "leather_pouch" },
      { "item": "chainmail_suit" },
	  { "item": "helmet_plate" },
	  { "item": "armor_plate" },
      { "group": "metal_shields" },
      { "item": "scabbard" }
    ]
	},
	{
    "type": "item_group",
    "id": "NPC_dragonslayer_wield",
    "subtype": "collection",
    "entries": [ { "item": "mtc_sword_dragonslayer" } ]
	},
	{
    "type": "item_group",
    "id": "NPC_rogue_worn",
    "subtype": "collection",
    "entries": [
      { "item": "loincloth" },
      { "item": "footrags" },
	  { "item": "gloves_wraps" },
      { "item": "tunic" },
	  { "item": "leather_belt" },
      { "item": "jacket_leather" },
      { "item": "pants_leather" },
	  { "item": "gloves_leather" },
      { "item": "boots" },
      { "item": "leather_pouch" },
	  { "item": "vambrace_larmor" },
	  { "item": "cloak_leather" },
      { "group": "bucklers" },
      { "item": "scabbard" }
    ]
	},
	{
    "type": "item_group",
    "id": "NPC_rogue_wield",
    "subtype": "collection",
    "entries": [ { "group": "rogue_weapons" } ]
	},
	{
    "type": "item_group",
    "id": "NPC_erotic_worn",
    "subtype": "collection",
    "entries": [
      { "item": "hot_pants_leather" },
      { "item": "corset" }
    ]
	},
	{
    "type": "item_group",
    "id": "NPC_erotic_wield",
    "subtype": "collection",
    "entries": [ { "item": "bullwhip" } ]
	},
{
    "type": "item_group",
    "id": "NPC_GAMBLER_carry",
    "subtype": "collection",
    "items": [ { "item": "copper_coin", "count-min": 500, "count-max": 3000, "prob": 100 }, { "item": "silver_coin", "count-min": 100, "count-max": 300, "prob": 100 } ]
  },
  {
    "type": "item_group", 
    "id": "NPC_SHOPKEEPER_carry",
    "subtype": "collection",
    "items": [ { "item": "copper_coin", "count-min": 500, "count-max": 3000, "prob": 100 }, 
               { "item": "silver_coin", "count-min": 100, "count-max": 300, "prob": 100 },
               { "item": "clay_pot", "count-min": 10, "count-max": 25, "prob": 100 },
               { "item": "clay_teapot", "count-min": 10, "count-max": 25, "prob": 100 },
               { "item": "mortar_pestle", "count-min": 10, "count-max": 25, "prob": 100 },
               { "item": "cordage_6", "count-min": 10, "count-max": 25, "prob": 75 },
               { "item": "cordage_36", "count-min": 10, "count-max": 25, "prob": 75 },         
               { "item": "string_6", "count-min": 10, "count-max": 25, "prob": 75 },
               { "item": "string_36", "count-min": 10, "count-max": 25, "prob": 75 },
               { "item": "rope_6", "count-min": 10, "count-max": 25, "prob": 75 },
               { "item": "rope_30", "count-min": 10, "count-max": 25, "prob": 75 },      
               { "item": "copper_knife", "count-min": 1, "count-max": 3, "prob": 75 },
               { "item": "crude_picklock", "count-min": 10, "count-max": 100, "prob": 100 },
               { "item": "ink", "count-max": 7, "prob": 65 },
               { "item": "lamp_oil", "count-max": 10, "prob": 75 },
               { "item": "feather_quill", "count-max": 7, "prob": 65 },              
               { "item": "lantern", "prob": 70, "charges": 500 },
               { "item": "oil_lamp", "prob": 70, "charges": 750 },
               { "item": "incense", "count-max": 3, "prob": 70 },
               { "group": "dry_goods", "prob": 70 },
               { "group": "mtc_pantry_liquids", "prob": 70 },
               { "group": "male_citizen_clothing", "prob": 70 },
               { "group": "female_citizen_clothing", "prob": 70 },
               { "group": "kitchenstaff_wield", "prob": 70 },
               { "group": "dry_goods", "prob": 70 },
               { "group": "NPC_rogue_worn", "prob": 70 },
               { "group": "NPC_fisher_wield", "prob": 70 },
               { "group": "NPC_tavernwench_worn", "prob": 70 },
               { "group": "charcoal", "prob": 70 },
               { "group": "alcohol_loot", "prob": 70 },
               { "group": "mtc_pantry_liquids", "prob": 70 },
               { "group": "candle", "prob": 70 } ]
  },
  {
    "type": "item_group", 
    "id": "NPC_CARPENTER_carry",
    "subtype": "collection",
    "items": [ { "item": "copper_coin", "count-min": 500, "count-max": 3000, "prob": 100 }, 
               { "item": "silver_coin", "count-min": 100, "count-max": 300, "prob": 100 },
               { "item": "cordage_6", "count-min": 10, "count-max": 25, "prob": 75 },
               { "item": "cordage_36", "count-min": 10, "count-max": 25, "prob": 75 },         
               { "item": "string_6", "count-min": 10, "count-max": 25, "prob": 75 },
               { "item": "string_36", "count-min": 10, "count-max": 25, "prob": 75 },
               { "item": "rope_6", "count-min": 10, "count-max": 25, "prob": 75 },
               { "item": "rope_30", "count-min": 10, "count-max": 25, "prob": 75 },      
               { "item": "copper_knife", "count-min": 1, "count-max": 3, "prob": 75 },
               { "item": "ax", "count-min": 1, "count-max": 3, "prob": 75 },
               { "item": "hatchet", "count-min": 1, "count-max": 3, "prob": 75 },
               { "item": "saw", "count-min": 1, "count-max": 3, "prob": 75 },
               { "item": "stone_chisel", "count-min": 1, "count-max": 3, "prob": 75 },
               { "item": "hammer", "count-min": 1, "count-max": 3, "prob": 75 },
               { "item": "wood_beam", "count-min": 10, "count-max": 90, "prob": 75 },
               { "item": "wood_panel", "count-min": 10, "count-max": 90, "prob": 75 },
               { "item": "wood_sheet", "count-min": 10, "count-max": 90, "prob": 75 },
               { "item": "long_pole", "count-min": 10, "count-max": 90, "prob": 75 },
               { "item": "broom", "count-min": 1, "count-max": 3, "prob": 75 },
               { "item": "button_wood", "count-min": 10, "count-max": 30, "prob": 75 },
               { "item": "2h_flail_wood", "count-min": 3, "count-max": 5, "prob": 75 },
               { "item": "bokken", "count-min": 3, "count-max": 5, "prob": 75 },
               { "item": "cane", "count-min": 3, "count-max": 5, "prob": 75 },
               { "item": "cudgel", "count-min": 3, "count-max": 5, "prob": 75 },
               { "item": "q_staff", "count-min": 3, "count-max": 5, "prob": 75 },
               { "group": "wooden_shields", "prob": 75 },
               { "group": "trinkets_misc", "prob": 70 }
                ]
  },
  {
    "type": "item_group", 
    "id": "NPC_ALCHEMIST_shopkeep",
    "subtype": "collection",
    "items": [ { "item": "copper_coin", "count-min": 500, "count-max": 3000, "prob": 100 }, 
               { "item": "silver_coin", "count-min": 100, "count-max": 300, "prob": 100 },
               { "group": "ingredients_all", "prob": 75 },
               { "group": "potions_all", "prob": 75 },
               { "group": "potions_lesser", "prob": 95 },
               { "group": "potions_mid", "prob": 85 } ]
  },
  {
    "type": "item_group", 
    "id": "NPC_POTTER_shopkeep",
    "subtype": "collection",
    "items": [ { "item": "copper_coin", "count-min": 500, "count-max": 3000, "prob": 100 }, 
               { "item": "silver_coin", "count-min": 100, "count-max": 300, "prob": 100 },
               { "item": "clay_pot", "count-min": 10, "count-max": 25, "prob": 70 },
               { "item": "clay_teapot", "count-min": 10, "count-max": 25, "prob": 70 },
               { "item": "ceramic_cup", "count-min": 10, "count-max": 25, "prob": 70 },
               { "item": "ceramic_mug", "count-min": 10, "count-max": 25, "prob": 70 },
               { "item": "bowl_clay", "count-min": 10, "count-max": 25, "prob": 70 },
               { "item": "clay_hydria", "count-min": 10, "count-max": 25, "prob": 70 },
               { "item": "clay_watercont", "count-min": 10, "count-max": 25, "prob": 70 },
               { "item": "jug_clay", "count-min": 10, "count-max": 25, "prob": 70 },
               { "group": "charcoal", "prob": 70 }
           ]
  },
  {
    "type": "item_group", 
    "id": "NPC_LEATHERWORKER_shopkeep",
    "subtype": "collection",
    "items": [ { "item": "copper_coin", "count-min": 300, "count-max": 1500, "prob": 100 }, 
               { "item": "silver_coin", "count-min": 50, "count-max": 150, "prob": 100 },
               { "item": "backpack_hiking", "count-max": 10, "prob": 70 },
               { "item": "backpack_leather", "count-max": 10, "prob": 70 },
               { "item": "leather_pouch", "count-max": 10, "prob": 70 },
               { "item": "boots", "count-max": 10, "prob": 70 },
               { "item": "boots_fur", "count-max": 10, "prob": 70 },
               { "item": "boots_larmor", "count-max": 10, "prob": 70 },
               { "item": "boots_winter", "count-max": 10, "prob": 70 },
               { "item": "leathersandals", "count-max": 10, "prob": 70 },
               { "item": "mocassins", "count-max": 10, "prob": 70 },
               { "item": "cloak_leather", "count-max": 10, "prob": 70 },
               { "item": "duster_leather", "count-max": 10, "prob": 70 },
               { "item": "jacket_leather", "count-max": 10, "prob": 70 },
               { "item": "sleeveless_duster_leather", "count-max": 10, "prob": 70 },
               { "item": "sleeveless_trenchcoat_leather", "count-max": 10, "prob": 70 },
               { "item": "trenchcoat_leather", "count-max": 10, "prob": 70 },
               { "item": "baldric", "count-max": 10, "prob": 70 },
               { "item": "bootsheath", "count-max": 10, "prob": 70 },
               { "item": "bscabbard", "count-max": 10, "prob": 70 },
               { "item": "scabbard", "count-max": 10, "prob": 70 },
               { "item": "sheath", "count-max": 10, "prob": 70 },
               { "item": "spearsling", "count-max": 10, "prob": 70 },
               { "item": "coin_purse", "count-max": 10, "prob": 70 },
               { "item": "leather", "count-max": 30, "prob": 70 }
           ]
  },
{  
    "type": "item_group", 
    "id": "NPC_FISHER_shopkeep",
    "subtype": "collection",
    "items": [ { "item": "salted_fish", "count-max": 150, "prob": 70 },
               { "item": "fish_smoked", "count-max": 150, "prob": 70 },
               { "item": "bone", "count-max": 75, "prob": 50 },
               { "item": "tallow", "count-max": 75, "prob": 70 }
             ]
  },
{  
    "type": "item_group", 
    "id": "NPC_BAKER_shopkeep",
    "subtype": "collection",
    "items": [ { "item": "pumpkin_muffins", "count-max": 30, "prob": 60 },
               { "item": "sourdough_bread", "count-max": 30, "prob": 80 },
               { "item": "flatbread", "count-max": 30, "prob": 80 },
               { "item": "bread", "count-max": 30, "prob": 80 },
               { "item": "hardtack", "count-max": 30, "prob": 80 },
               { "item": "brown_bread", "count-max": 30, "prob": 80 }
             ]
  },
{  
    "type": "item_group", 
    "id": "NPC_BREWER_shopkeep",
    "subtype": "collection",
    "items": [ 
               { "item": "beer", "count-min": 10, "count-max": 50, "prob": 80 },
               { "item": "whiskey", "count-min": 3, "count-max": 20, "prob": 60 }
             ]
  },
{
    "type": "item_group", 
    "id": "NPC_ACADEMY_LIBRARIAN_shopkeep",
    "subtype": "collection",
    "items": [ 
               { "group": "manuals", "prob": 70 },
               { "group": "infusion_books", "prob": 10 },
               { "group": "alchemy_books", "prob": 10 }
            ]
  },
{
    "type": "item_group", 
    "id": "NPC_ACADEMY_INFUSIONIST_shopkeep",
    "subtype": "collection",
    "items": [ 
               { "group": "weapons_plus1", "prob": 80 },
               { "group": "armor_plus1", "prob": 80 }
            ]
  },
  {
    "type": "item_group",
    "id": "MTC_DOCTOR_carry",
    "subtype": "distribution",
    "entries": [
      { "item": "bandages", "prob": 100, "count-min": 20, "count-max": 50 }
    ]
  },
{
    "type": "item_group", 
    "id": "MTC_STABLEMASTER_carry",
    "subtype": "collection",
    "items": [ { "item": "horse_tack", "count-min": 50, "count-max": 200, "prob": 100 } ]
  },
{
    "type": "item_group",
    "id": "NPC_cult_defender_worn",
    "subtype": "collection",
    "entries": [
      { "item": "loincloth" },
      { "item": "footrags" },
      { "item": "leather_belt" },
      { "item": "gloves_leather" },
      { "item": "boots_larmor" },
      { "item": "leather_pouch" },
      { "item": "cult_robes_defender" },
      { "group": "shields_all" },
      { "item": "scabbard" }
    ]
	},
{
    "type": "item_group",
    "id": "NPC_cultist_worn",
    "subtype": "collection",
    "entries": [
      { "item": "loincloth" },
      { "item": "footrags" },
      { "item": "cult_robes" },
      { "item": "tunic" },
      { "item": "leather_belt" },
      { "item": "pants_leather" },
      { "item": "boots" },
      { "item": "leather_pouch" }
    ]
	},
{
    "type": "item_group",
    "id": "NPC_cult_onocti_worn",
    "subtype": "collection",
    "entries": [
      { "item": "loincloth" },
      { "item": "footrags" },
      { "item": "cult_robes_ritual" },
      { "item": "tunic" },
      { "item": "leather_belt" },
      { "item": "pants_leather" },
      { "item": "boots" },
      { "item": "leather_pouch" }
    ]
	},
{
    "type": "item_group",
    "id": "NPC_cult_homage_worn",
    "subtype": "collection",
    "entries": [
      { "item": "loincloth" },
      { "item": "footrags" },
      { "item": "cult_robes_priest" },
      { "item": "tunic" },
      { "item": "leather_belt" },
      { "item": "pants_leather" },
      { "item": "boots" },
      { "item": "leather_pouch" }
    ]
	},
{
    "type": "item_group",
    "id": "NPC_cult_communer_worn",
    "subtype": "collection",
    "entries": [
      { "item": "loincloth" },
      { "item": "footrags" },
      { "item": "cult_robes_commune" },
      { "item": "tunic" },
      { "item": "leather_belt" },
      { "item": "pants_leather" },
      { "item": "boots" },
      { "item": "leather_pouch" }
    ]
	},
{
    "type": "item_group",
    "id": "NPC_cult_elder_worn",
    "subtype": "collection",
    "entries": [
      { "item": "loincloth" },
      { "item": "footrags" },
      { "item": "cult_robes_elder" },
      { "item": "tunic" },
      { "item": "leather_belt" },
      { "item": "pants_leather" },
      { "item": "boots" },
      { "item": "leather_pouch" }
    ]
  },
{
    "type": "item_group", 
    "id": "NPC_CULT_MAGICIAN_SELL",
    "subtype": "collection",
    "items": [ { "group": "spell_scrolls_warlock", "prob": 85 },
	       { "group": "spell_scrolls_warlock_eldritch", "prob": 85 }
                ]
  },
{
    "type": "item_group", 
    "id": "NPC_CULT_MAGICIAN_FIEND_SELL",
    "subtype": "collection",
    "items": [ { "group": "spell_scrolls_warlock", "prob": 80 },
	       { "group": "spell_scrolls_warlock_fiend", "prob": 70 }
                ]
  },
{
    "type": "item_group", 
    "id": "NPC_CULT_LEADER_FIEND_SELL",
    "subtype": "collection",
    "items": [ { "group": "warlock_magic_items", "prob": 80 }
                ]
  },
{
    "type": "item_group",
    "id": "NPC_cult_member_wield",
    "subtype": "collection",
    "entries": [ { "item": "primitive_knife" } ]
	},
{
    "type": "item_group",
    "id": "NPC_wizard_worn",
    "subtype": "collection",
    "entries": [
      { "item": "loincloth" },
      { "item": "footrags" },
      { "item": "cloak" },
      { "item": "tunic" },
      { "item": "leather_belt" },
      { "item": "pants_leather" },
      { "item": "boots" },
      { "item": "leather_pouch" }
    ]
  },
{
    "type": "item_group",
    "id": "NPC_wizard_wield",
    "subtype": "collection",
    "entries": [ { "item": "magic_focus_staff" } ]
	},
{
    "type": "item_group",
    "id": "NPC_priest_worn",
    "subtype": "collection",
    "entries": [
      { "item": "loincloth" },
      { "item": "footrags" },
      { "item": "tunic" },
      { "item": "leather_belt" },
      { "item": "pants_leather" },
      { "item": "boots" },
      { "item": "leather_pouch" },
      { "item": "holy_symbol_wood" },
      { "item": "cloak" }
    ]
	},
{
    "type": "item_group",
    "id": "NPC_priest_wield",
    "subtype": "collection",
    "entries": [ { "item": "gods_and_godesses" } ]
	},
{
    "type": "item_group",
    "id": "NPC_shopkeeper_worn",
    "//": "Includes massive bag for shopkeepers.",
    "subtype": "collection",
    "entries": [
      { "item": "loincloth" },
      { "item": "footrags" },
      { "group": "male_citizen_clothing" },
      { "item": "leather_belt" },
      { "item": "pants_leather" },
      { "item": "boots" },
      { "item": "leather_pouch" },
      { "item": "bigpack_mtc" }
    ]
	},
{
    "type": "item_group",
    "id": "NPC_acolyte_worn",
    "subtype": "collection",
    "entries": [
      { "item": "loincloth" },
      { "item": "footrags" },
      { "item": "tunic" },
      { "item": "leather_belt" },
      { "item": "pants_leather" },
      { "item": "boots" },
      { "item": "leather_pouch" },
      { "item": "holy_symbol_wood" }
    ]
	},
{
    "type": "item_group",
    "id": "NPC_farmer_wield",
    "subtype": "collection",
    "entries": [ { "item": "2h_flail_wood" } ]
	},
{
    "type": "item_group",
    "id": "NPC_miner_wield",
    "subtype": "collection",
    "entries": [ { "item": "pickaxe" } ]
	},
{
    "type": "item_group",
    "id": "NPC_acolyte_wield",
    "subtype": "collection",
    "entries": [ { "item": "cleric_focus_staff", "charges": [ 7, 10 ] } ]
	}
]
