[
 {
    "type": "snippet",
    "category": "<good>",
    "text": [
      "fine",
      "wonderful",
      "good",
      "great",
      "superior",
      "virtuous"
    ]
  },
  {
    "type": "snippet",
    "category": "<bad>",
    "text": [
      "poor",
      "awful",
      "low",
      "ill",
      "unwell",
      "unpleasent"
    ]
  },
  {
    "type": "snippet",
    "category": "<name_g>",
    "//": "Friendly name pro-nouns and references",
    "text": [
      "amigo",
      "comrade",
      "my good fellow",
      "lad",
      "mate",
      "my fellow nomad",
      "partner",
      "fellow being",
      "friend",
      "fellow traveler",
      "pal",
      "fella",
      "my dude",
      "buddy",
      "chum",
      "bruv"
    ]
  }
]