[
{
    "result": "ink",
    "type": "recipe",
    "activity_level": "LIGHT_EXERCISE",
    "category": "CC_CHEM",
    "subcategory": "CSC_CHEM_OTHER",
    "skill_used": "survival",
    "difficulty": 2,
    "skills_required": [ "chemistry", 1 ],
    "time": "30 m",
    "batch_time_factors": [ 70, 4 ],
    "autolearn": true,
    "book_learn": [ [ "textbook_survival", 1 ], [ "survival_book", 1 ] ],
    "qualities": [ { "id": "COOK", "level": 2 } ],
    "tools": [ [ [ "surface_heat", 3, "LIST" ] ] ],
    "components": [ [ [ "water", 1 ], [ "water_clean", 1 ] ], [ [ "egg_chicken", 1 ] ], [ [ "honeycomb", 1 ] ], [ [ "ash", 10 ] ] ]
  }
]