[
{
    "result": "copper",
    "type": "recipe",
    "activity_level": "LIGHT_EXERCISE",
    "id_suffix": "smelt",
    "category": "CC_OTHER",
    "subcategory": "CSC_OTHER_MATERIALS",
    "skill_used": "fabrication",
    "difficulty": 1,
    "time": "12 m",
    "book_learn": [ [ "textbook_fabrication", 3 ], [ "forging_book_mtc", 3 ] ],
    "batch_time_factors": [ 90, 4 ],
    "autolearn": true,
    "result_mult": 22,
    "tools": [ [ [ "crucible", -1 ], [ "crucible_clay", -1 ] ], [ [ "fire", -1 ] ] ],
    "components": [ [ [ "chunk_copper_ore", 1 ] ] ]
  },
{
    "result": "silver_small",
    "type": "recipe",
    "activity_level": "LIGHT_EXERCISE",
    "id_suffix": "smelt",
    "category": "CC_OTHER",
    "subcategory": "CSC_OTHER_MATERIALS",
    "skill_used": "fabrication",
    "difficulty": 1,
    "time": "12 m",
    "book_learn": [ [ "textbook_fabrication", 3 ], [ "forging_book_mtc", 3 ] ],
    "batch_time_factors": [ 90, 4 ],
    "autolearn": true,
    "result_mult": 34,
    "tools": [ [ [ "crucible", -1 ], [ "crucible_clay", -1 ] ], [ [ "fire", -1 ] ] ],
    "components": [ [ [ "chunk_silver_ore", 1 ] ] ]
  },
{
    "result": "steel_lump",
    "type": "recipe",
    "activity_level": "LIGHT_EXERCISE",
    "id_suffix": "smelt",
    "category": "CC_OTHER",
    "subcategory": "CSC_OTHER_MATERIALS",
    "skill_used": "fabrication",
    "difficulty": 4,
    "time": "60 m",
    "batch_time_factors": [ 90, 4 ],
    "autolearn": true,
    "book_learn": [ [ "textbook_armschina", 3 ], [ "textbook_fabrication", 3 ], [ "forging_book_mtc", 3 ] ],
    "result_mult": 3,
    "byproducts": [ [ "steel_chunk", 2 ] ],
    "using": [ [ "forging_standard", 4 ] ],
    "tools": [ [ [ "crucible", -1 ], [ "crucible_clay", -1 ] ], [ [ "fire", -1 ] ] ],
    "components": [
      [ [ "chunk_iron_ore", 1 ] ],
      [ [ "material_shrd_limestone", 1 ], [ "material_limestone", 10 ] ],
      [ [ "charcoal", 10 ], [ "coal_lump", 10 ] ]
    ]
  } 
]