[
{ 
    "result": "totem_small",
    "type": "recipe",
    "category": "CC_OTHER",
    "subcategory": "CSC_OTHER_OTHER",
    "skill_used": "fabrication",
    "difficulty": 0,
    "time": "10 m",  
    "qualities": [ { "id": "CUT", "level": 1 } ],
    "proficiencies": [ { "proficiency": "prof_carving" } ],
    "components": [ [ [ "splinter", 1 ] ] ]
  },
{ 
    "result": "bone_charm",
    "type": "recipe",
    "category": "CC_OTHER",
    "subcategory": "CSC_OTHER_OTHER",
    "skill_used": "fabrication",
    "difficulty": 0,
    "time": "10 m",  
    "qualities": [ { "id": "CUT", "level": 1 } ],
    "proficiencies": [ { "proficiency": "prof_carving" } ],
    "components": [ [ [ "bone_any", 10, "LIST" ] ] ]
  },
{
    "result": "totem_small_metal",
    "type": "recipe",
    "activity_level": "LIGHT_EXERCISE",
    "category": "CC_OTHER",
    "subcategory": "CSC_OTHER_OTHER",
    "skill_used": "fabrication",
    "difficulty": 0,
    "time": "10 m",
    "using": [ [ "blacksmithing_standard", 3 ], [ "steel_tiny", 1 ] ],
    "proficiencies": [ { "proficiency": "prof_fine_metalsmithing" } ],
    "qualities": [ { "id": "CHISEL", "level": 3 } ],
    "tools": [ [ [ "swage", -1 ] ] ]
  },
{
    "result": "totem_small_fiber",
    "type": "recipe",
    "activity_level": "LIGHT_EXERCISE",
    "category": "CC_OTHER",
    "subcategory": "CSC_OTHER_OTHER",
    "skill_used": "fabrication",
    "difficulty": 0,
    "time": "10 m",
    "using": [ [ "plant_cordage", 1 ] ]
  }
]