[
  {
    "type": "proficiency",
    "id": "prof_infusion",
    "name": { "str": "Infusion" },
    "description": "You know the basics of incanting raw magic with mundane objects.",
    "category": "prof_misc_craft",
    "can_learn": true,
    "default_time_multiplier": 2,
    "default_fail_multiplier": 3,
    "time_to_learn": "10 h"
  },
{
    "type": "proficiency",
    "id": "prof_alchemy",
    "name": { "str": "Alchemical Brewing" },
    "category": "prof_chem",
    "description": "You have some experience in alchemical process.",
    "can_learn": true,
    "default_time_multiplier": 2,
    "default_fail_multiplier": 3,
    "time_to_learn": "12 h"
  },
{
    "type": "proficiency",
    "id": "prof_alchemy_adv",
    "name": { "str": "Advanced Alchemy" },
    "category": "prof_chem",
    "description": "You are now familiar with alchemical processes.",
    "can_learn": true,
    "default_time_multiplier": 2,
    "default_fail_multiplier": 3,
    "time_to_learn": "36 h",
    "required_proficiencies": [ "prof_alchemy" ]
  }
]