[
{
    "type": "recipe",
    "activity_level": "MODERATE_EXERCISE",
    "result": "inkwell",
    "category": "CC_OTHER",
    "subcategory": "CSC_OTHER_CONTAINERS",
    "skill_used": "fabrication",
    "difficulty": 6,
    "time": "1 h",
    "book_learn": [ [ "glassblowing_book", 5 ] ],
    "proficiencies": [ { "proficiency": "prof_glassblowing" } ],
    "qualities": [ { "id": "CHISEL", "level": 3 } ],
    "tools": [ [ [ "tongs", -1 ] ], [ [ "pipe", -1 ] ], [ [ "crucible", -1 ], [ "crucible_clay", -1 ] ], [ [ "forge", 75 ] ] ],
    "components": [ [ [ "glass_shard", 3 ], [ "pipe_glass", 1 ], [ "flask_glass", 3 ], [ "test_tube", 6 ], [ "marble", 75 ] ] ]
  }, 
{
    "type": "recipe",
    "activity_level": "fake",
    "result": "feather_quill",
    "category": "CC_OTHER",
    "subcategory": "CSC_OTHER_TOOLS",
    "skill_used": "survival",
    "difficulty": 0,
    "time": "5 m",
    "autolearn": true,
    "qualities": [ { "id": "CUT", "level": 1 } ],
    "components": [ [ [ "feather", 1 ] ] ]
  },
{
    "type": "recipe",
    "activity_level": "LIGHT_EXERCISE",
    "result": "lantern",
    "category": "CC_OTHER",
    "subcategory": "CSC_OTHER_TOOLS",
    "skill_used": "fabrication",
    "difficulty": 3,
    "time": "45 m",
    "autolearn": true,    
    "proficiencies": [ { "proficiency": "prof_metalworking" } ],    
    "tools": [ [ [ "surface_heat", 2, "LIST" ] ], [ [ "crucible", -1 ], [ "crucible_clay", -1 ] ], [ [ "swage", -1 ] ] ],
    "using": [ [ "blacksmithing_standard", 2 ] ],
    "components": [
      [ [ "scrap", 20 ] ],
      [ [ "rag", 1 ] ],
      [ [ "bottle_glass", 1 ], [ "flask_glass", 1 ], [ "jar_glass_sealed", 1 ] ]
    ]
  }
]