[
 {
    "type": "skill",
    "id": "spellcraft",
    "name": { "str": "magicka" },
    "description": "Your skill in the manipulation of the arcane. Higher levels allow for advanced spellcasting and artification.",
    "display_category": "display_crafting"
  },
  {
    "type": "skill",
    "id": "faith",
    "name": { "str": "faith" },
    "description": "Your belief within the otherwoldly divine. The greater your piety, the greater your divine abilities.",
    "display_category": "display_crafting"
  },
  {
    "type": "skill",
    "id": "occult",
    "name": { "str": "occultism" },
    "description": "Your knowledge of the otherworldly occult. The greater your knowledge, the stronger the otherworldly influence you wield.",
    "display_category": "display_crafting"
  }
]