[
{
    "type": "trap",
    "id": "tr_fire_sigil",
    "name": "flame sigil",
    "color": "red",
    "symbol": "^",
    "action": "spell",
    "visibility": 3,
    "avoidance": 99,
    "difficulty": 20,
    "drops": [ { "item": "fire_sigil", "quantity": 1 } ],
    "spell_data": { "id": "sigil_fire_effect" }
  },
{
    "type": "trap",
    "id": "tr_frost_sigil",
    "name": "frost sigil",
    "color": "blue",
    "symbol": "^",
    "action": "spell",
    "visibility": 3,
    "avoidance": 99,
    "difficulty": 20,
    "drops": [ { "item": "frost_sigil", "quantity": 1 } ],
    "spell_data": { "id": "sigil_frost_effect" }
  },
{
    "type": "trap",
    "id": "tr_electric_sigil",
    "name": "electric sigil",
    "color": "blue",
    "symbol": "^",
    "action": "spell",
    "visibility": 3,
    "avoidance": 99,
    "difficulty": 20,
    "drops": [ { "item": "electric_sigil", "quantity": 1 } ],
    "spell_data": { "id": "sigil_electric_effect" }
  },
{
    "type": "trap",
    "id": "tr_smoke_sigil",
    "name": "smoke sigil",
    "color": "black",
    "symbol": "^",
    "action": "spell",
    "visibility": 3,
    "avoidance": 99,
    "difficulty": 20,
    "drops": [ { "item": "smoke_sigil", "quantity": 1 } ],
    "spell_data": { "id": "sigil_smoke_effect" }
  },
{
    "type": "trap",
    "id": "tr_gas_sigil",
    "name": "gas sigil",
    "color": "green",
    "symbol": "^",
    "action": "spell",
    "visibility": 3,
    "avoidance": 99,
    "difficulty": 20,
    "drops": [ { "item": "gas_sigil", "quantity": 1 } ],
    "spell_data": { "id": "sigil_gas_effect" }
  },
{
    "type": "trap",
    "id": "tr_acid_sigil",
    "name": "acrid sigil",
    "color": "green",
    "symbol": "^",
    "action": "spell",
    "visibility": 3,
    "avoidance": 99,
    "difficulty": 20,
    "drops": [ { "item": "gas_sigil", "quantity": 1 } ],
    "spell_data": { "id": "sigil_acid_effect" }
  },
{
    "type": "trap",
    "id": "tr_bile_sigil",
    "name": "bile sigil",
    "color": "pink",
    "symbol": "^",
    "action": "spell",
    "visibility": 3,
    "avoidance": 99,
    "difficulty": 20,
    "drops": [ { "item": "gas_sigil", "quantity": 1 } ],
    "spell_data": { "id": "sigil_bile_effect" }
  },
{
    "type": "trap",
    "id": "tr_web_sigil",
    "name": "webbed sigil",
    "color": "light_gray",
    "symbol": "^",
    "action": "spell",
    "visibility": 3,
    "avoidance": 99,
    "difficulty": 20,
    "drops": [ { "item": "gas_sigil", "quantity": 1 } ],
    "spell_data": { "id": "sigil_web_effect" }
  }
]