[
{
    "id": "hand_cart",
    "type": "vehicle",
    "name": "Hand Cart",
    "blueprint": [ "o" ],
    "parts": [
      { "x": 0, "y": 0, "parts": [ "frame_wood_cross", "wheel_mount_wood", "wheel_wood_b" ] },
      { "x": 0, "y": 0, "part": "wood box" }
    ]
  },
{
    "type": "vehicle",
    "id": "skiff",
    "name": "Skiff",
    "parts": [
      { "x": 0, "y": 0, "parts": [ "frame_wood_cross", "wooden_aisle", "sail", "boat_board" ] },
      { "x": 1, "y": 0, "parts": [ "frame_wood_cross", "seat_wood", "controls", "boat_board" ] },
      { "x": 2, "y": 0, "parts": [ "frame_wood_cross", "wooden_aisle", "boat_board" ] },
      { "x": -1, "y": 0, "parts": [ "frame_wood_cross", "wooden_aisle", "sail", "boat_board" ] },      
      { "x": -2, "y": 0, "parts": [ "frame_wood_cross", "wooden_aisle", "sail", "boat_board" ] },
      { "x": 0, "y": 1, "parts": [ "frame_wood_cross", "wooden_aisle", "boat_board" ] },
      { "x": 1, "y": 1, "parts": [ "frame_wood_cross", "wooden_aisle", "boat_board" ] },
      { "x": 2, "y": 1, "parts": [ "frame_wood_cross", "wooden_aisle", "boat_board" ] },
      { "x": -1, "y": 1, "parts": [ "frame_wood_cross", "wooden_aisle", "boat_board" ] },      
      { "x": -2, "y": 1, "parts": [ "frame_wood_cross", "wooden_aisle", "boat_board" ] },  
      { "x": 0, "y": -1, "parts": [ "frame_wood_cross", "wooden_aisle", "boat_board" ] },
      { "x": 1, "y": -1, "parts": [ "frame_wood_cross", "wooden_aisle", "boat_board" ] },
      { "x": 2, "y": -1, "parts": [ "frame_wood_cross", "wooden_aisle", "boat_board" ] },
      { "x": -1, "y": -1, "parts": [ "frame_wood_cross", "wooden_aisle", "boat_board" ] },      
      { "x": -2, "y": -1, "parts": [ "frame_wood_cross", "wooden_aisle", "boat_board" ] }
    ]
  }
]