[
{
    "type": "palette",
    "id": "goblin_camp",
    "terrain": {
      ".": "t_dirt",
      " ": [ [ "t_grass", 15 ], [ "t_dirt", 4 ] ],
      "<": "t_slope_up",
      ">": "t_slope_down",
      "/": "t_wall_rammed_earth",
      "w": "t_wall_wood",
      "u": "t_shingle_flat_roof",
      "h": "t_door_c"
    },
    "furniture": {
      "b": "f_straw_bed",
      "@": "f_logstool",
      "c": "f_firering",
      "0": "f_barrel_c",
      "t": "f_table"
    },
    "traps": { "x": "tr_firewood_source" },
    "items": {
      "x": { "item": "stash_wood", "chance": 100, "repeat": [ 1, 2 ] },
      "b": { "item": "bed", "chance": 100 },
      "c": { "item": "oven", "chance": 100, "repeat": [ 3, 5 ] }
    },
    "sealed_item": { "0": { "item": { "item": "barrel_food_loot" }, "furniture": "f_barrel_c", "chance": 70 } }
    }
]