[
  {
    "type": "mapgen",
    "om_terrain": "goblin_camp_gate",
    "method": "json",
    "object": {
      "fill_ter": "t_dirt",
      "rows": [
        "                        ",
        "                        ",
        "                        ",
        "                        ",
        "           1            ",
        "                        ",
        "                        ",
        "                        ",
        "                        ",
        "                        ",
        "                        ",
        "                        ",
        "                        ",
        "                        ",
        "   <                <   ",
        "////////       /////////",
        "////////       /////////",
        "////////       /////////",
        "////////       /////////",
        "                        ",
        "                        ",
        "                        ",
        "                        ",
        "                        "
      ],
      "palettes": [ "goblin_camp" ],
      "place_monsters": [
        { "monster": "GROUP_DMBB_GOBLINS", "x": [ 12 ], "y": [ 12 ], "density": 0.1, "repeat": [ 1, 3 ] }
      ],
      "nested": {
        "1": { "chunks": [
			[ "firepit", 80 ],
			[ "hut", 80 ],
                        [ "food", 80 ]
			]
			}
      }
    }
   },
 {
    "type": "mapgen",
    "om_terrain": "goblin_camp_wall",
    "method": "json",
    "object": {
      "fill_ter": "t_dirt",
      "rows": [
        "                        ",
        "                        ",
        "                        ",
        "                        ",
        "           1            ",
        "                        ",
        "                        ",
        "                        ",
        "                        ",
        "                        ",
        "                        ",
        "                        ",
        "                        ",
        "                        ",
        "            <           ",
        "////////////////////////",
        "////////////////////////",
        "////////////////////////",
        "////////////////////////",
        "                        ",
        "                        ",
        "                        ",
        "                        ",
        "                        "
      ],
      "palettes": [ "goblin_camp" ],
      "place_monsters": [
        { "monster": "GROUP_DMBB_GOBLINS", "x": [ 12 ], "y": [ 12 ], "density": 0.1, "repeat": [ 1, 3 ] }
      ],
      "nested": {
        "1": { "chunks": [
			[ "firepit", 80 ],
			[ "hut", 80 ],
                        [ "food", 80 ]
			]
			}
      }
    }
   },
{
    "type": "mapgen",
    "om_terrain": "goblin_camp_rangen",
    "method": "json",
    "object": {
      "fill_ter": "t_dirt",
      "rows": [
        "                        ",
        "                        ",
        "                        ",
        "                        ",
        "                        ",
        "           1            ",
        "                        ",
        "                        ",
        "                        ",
        "                        ",
        "                        ",
        "                        ",
        "                        ",
        "                        ",
        "                        ",
        "           1            ",
        "                        ",
        "                        ",
        "                        ",
        "                        ",
        "                        ",
        "                        ",
        "                        ",
        "                        "
      ],
      "palettes": [ "goblin_camp" ],
      "place_monsters": [
        { "monster": "GROUP_DMBB_GOBLINS", "x": [ 12 ], "y": [ 12 ], "density": 0.1, "repeat": [ 1, 3 ] }
      ],
      "nested": {
        "1": { "chunks": [
			[ "firepit", 80 ],
			[ "hut", 80 ],
                        [ "food", 80 ]
			]
			}
      }
    }
  },
{
    "type": "mapgen",
    "om_terrain": "goblin_camp_gate_upper",
    "method": "json",
    "object": {
      "fill_ter": "t_dirt",
      "rows": [
        "                        ",
        "                        ",
        "                        ",
        "                        ",
        "           1            ",
        "                        ",
        "                        ",
        "                        ",
        "                        ",
        "                        ",
        "                        ",
        "                        ",
        "                        ",
        "                        ",
        "   >                >   ",
        "........................",
        "........................",
        "........................",
        "........................",
        "                        ",
        "                        ",
        "                        ",
        "                        ",
        "                        "
      ],
      "palettes": [ "goblin_camp_roof" ],
      "nested": {
        "1": { "chunks": [
			[ "roof", 100 ]
			]
			}
      }
    }
   },
{
    "type": "mapgen",
    "om_terrain": "goblin_camp_wall_upper",
    "method": "json",
    "object": {
      "fill_ter": "t_dirt",
      "rows": [
        "                        ",
        "                        ",
        "                        ",
        "                        ",
        "           1            ",
        "                        ",
        "                        ",
        "                        ",
        "                        ",
        "                        ",
        "                        ",
        "                        ",
        "                        ",
        "                        ",
        "            >           ",
        "........................",
        "........................",
        "........................",
        "........................",
        "                        ",
        "                        ",
        "                        ",
        "                        ",
        "                        "
      ],
      "palettes": [ "goblin_camp_roof" ],
      "nested": {
        "1": { "chunks": [
			[ "roof", 100 ]
			]
			}
      }
    }
   },
{
    "type": "mapgen",
    "om_terrain": "goblin_camp_rangen_roof",
    "method": "json",
    "object": {
      "fill_ter": "t_dirt",
      "rows": [
        "                        ",
        "                        ",
        "                        ",
        "                        ",
        "                        ",
        "           1            ",
        "                        ",
        "                        ",
        "                        ",
        "                        ",
        "                        ",
        "                        ",
        "                        ",
        "                        ",
        "                        ",
        "           1            ",
        "                        ",
        "                        ",
        "                        ",
        "                        ",
        "                        ",
        "                        ",
        "                        ",
        "                        "
      ],
      "palettes": [ "goblin_camp_roof" ],
      "nested": {
        "1": { "chunks": [
			[ "roof", 100 ]
			]
			}
      }
    }
  }
]
