[
{
    "type": "mapgen",
    "method": "json",
    "nested_mapgen_id": "hut",
    "object": {
      "mapgensize": [ 8, 8 ],
      "rows": [
        "////////",
        "/b....b/",
        "/....../",
        "/.....@/",
        "h.....t/",
        "/.....@/",
        "/b....b/",
        "////////"
      ],
      "palettes": [ "goblin_camp" ],
      "terrain": { "/": "t_wall_rammed_earth", ".": "t_dirt" }
    }
    },
{
    "type": "mapgen",
    "method": "json",
    "nested_mapgen_id": "hut",
    "object": {
      "mapgensize": [ 8, 8 ],
      "rows": [
        "////////",
        "/b....b/",
        "/....../",
        "/b....b/",
        "h....../",
        "/....../",
        "/b....b/",
        "////////"
      ],
      "palettes": [ "goblin_camp" ],
      "terrain": { "/": "t_wall_rammed_earth", ".": "t_dirt" }
    }
    },
{
    "type": "mapgen",
    "method": "json",
    "nested_mapgen_id": "hut",
    "object": {
      "mapgensize": [ 8, 8 ],
      "rows": [
        "////////",
        "/b....b/",
        "/....../",
        "/b....b/",
        "h....../",
        "/....../",
        "/b..@.b/",
        "////////"
      ],
      "palettes": [ "goblin_camp" ],
      "terrain": { "/": "t_wall_rammed_earth", ".": "t_dirt" }
    }
    },
{
    "type": "mapgen",
    "method": "json",
    "nested_mapgen_id": "hut",
    "object": {
      "mapgensize": [ 8, 8 ],
      "rows": [
        "////////",
        "/b.t@.b/",
        "/....../",
        "/b....b/",
        "h....../",
        "/....../",
        "/b.t@.b/",
        "////////"
      ],
      "palettes": [ "goblin_camp" ],
      "terrain": { "/": "t_wall_rammed_earth", ".": "t_dirt" }
    }
    },
{
    "type": "mapgen",
    "method": "json",
    "nested_mapgen_id": "hut",
    "object": {
      "mapgensize": [ 8, 8 ],
      "rows": [
        "////////",
        "/b....b/",
        "/....../",
        "/.@t@../",
        "h.@t@../",
        "/..... /",
        "/b.@@.b/",
        "////////"
      ],
      "palettes": [ "goblin_camp" ],
      "terrain": { "/": "t_wall_rammed_earth", ".": "t_dirt" }
    }
    },
{
    "type": "mapgen",
    "method": "json",
    "nested_mapgen_id": "hut",
    "object": {
      "mapgensize": [ 8, 8 ],
      "rows": [
        "////////",
        "/b....b/",
        "/....../",
        "/@...t@/",
        "h....t@/",
        "/....../",
        "/b.@@.b/",
        "////////"
      ],
      "palettes": [ "goblin_camp" ],
      "terrain": { "/": "t_wall_rammed_earth", ".": "t_dirt" }
    }
    },
{
    "type": "mapgen",
    "method": "json",
    "nested_mapgen_id": "firepit",
    "object": {
      "mapgensize": [ 8, 8 ],
      "rows": [
        "/  x   /",
        "   xx   ",
        " @....@ ",
        " ..cc.. ",
        " ..cc.. ",
        " @....@ ",
        "   ..   ",
        "/      /"
      ],
      "palettes": [ "goblin_camp" ],
      "terrain": { "/": "t_wall_rammed_earth", ".": "t_dirt" }
    }
    },
{
    "type": "mapgen",
    "method": "json",
    "nested_mapgen_id": "roof",
    "object": {
      "mapgensize": [ 8, 8 ],
      "rows": [
        "uuuuuuuu",
        "uuuuuuuu",
        "uuuuuuuu",
        "uuuuuuuu",
        "uuuuuuuu",
        "uuuuuuuu",
        "uuuuuuuu",
        "uuuuuuuu"
      ],
      "palettes": [ "goblin_camp_roof" ]
    }
    },
{
    "type": "mapgen",
    "method": "json",
    "nested_mapgen_id": "food",
    "object": {
      "mapgensize": [ 8, 8 ],
      "rows": [
        "////////",
        "/000000/",
        "/0....0/",
        "h...0.0/",
        "/0..0.0/",
        "/0....0/",
        "/000000/",
        "////////"
      ],
      "palettes": [ "goblin_camp" ],
      "terrain": { "/": "t_wall_rammed_earth", ".": "t_dirt" }
    }
    }
]