[
{
    "type": "BOOK",
    "copy-from": "spell_scroll",
    "id": "spell_scroll_druid_spell_flamestrike",
    "name": { "str": "Scroll of Flamestrike", "str_pl": "Scrolls of Flamestrike" },
    "description": "Fire!",
    "use_action": { "type": "learn_spell", "spells": [ "mu_druid_spell_flamestrike" ] }
  },
{
    "type": "BOOK",
    "copy-from": "spell_scroll",
    "id": "spell_scroll_druid_spell_longstride",
    "name": { "str": "Scroll of Longstride", "str_pl": "Scrolls of Longstride" },
    "description": "I gotta go fast.",
    "use_action": { "type": "learn_spell", "spells": [ "mu_spell_druid_longstride" ] }
  },
{
    "type": "BOOK",
    "copy-from": "spell_scroll",
    "id": "spell_scroll_druid_spell_eye_predator",
    "name": { "str": "Scroll of Eye of the Predator", "str_pl": "Scrolls of Eye of the Predator" },
    "description": "Growl.",
    "use_action": { "type": "learn_spell", "spells": [ "mu_spell_druid_eye_predator" ] }
  },
{
    "type": "BOOK",
    "copy-from": "spell_scroll",
    "id": "spell_scroll_druid_spell_light",
    "name": { "str": "Scroll of Light", "str_pl": "Scrolls of Light" },
    "description": "Shine on you crazy diamond.",
    "use_action": { "type": "learn_spell", "spells": [ "mu_spell_druid_light" ] }
  },
{
    "type": "BOOK",
    "copy-from": "spell_scroll",
    "id": "spell_scroll_druid_spell_tend_wound",
    "name": { "str": "Scroll of Tend Wound", "str_pl": "Scrolls of Tend Wound" },
    "description": "Thats gonna leave a mark.",
    "use_action": { "type": "learn_spell", "spells": [ "mu_druid_spell_tend_wound" ] }
  },
{
    "type": "BOOK",
    "copy-from": "spell_scroll",
    "id": "spell_scroll_druid_spell_hold_beast",
    "name": { "str": "Scroll of Hold Beast", "str_pl": "Scrolls of Hold Beast" },
    "description": "This is a scroll of Hold Beast. Is that grease?",
    "use_action": { "type": "learn_spell", "spells": [ "mu_spell_druid_hold_beast" ] }
  },
{
    "type": "BOOK",
    "copy-from": "spell_scroll",
    "id": "spell_scroll_druid_spell_charm_beast",
    "name": { "str": "Scroll of Charm Beast", "str_pl": "Scrolls of Charm Beast" },
    "description": "Put the snake charmers to shame.",
    "use_action": { "type": "learn_spell", "spells": [ "mu_spell_druid_charm_beast" ] }
  },
{
    "type": "BOOK",
    "copy-from": "spell_scroll",
    "id": "spell_scroll_druid_spell_flaming_sphere",
    "name": { "str": "Scroll of Flaming Sphere", "str_pl": "Scrolls of Flaming Sphere" },
    "description": "Dont cast this in your home. Or anywhere flammable, for that matter.",
    "use_action": { "type": "learn_spell", "spells": [ "mu_spell_druid_flaming_sphere" ] }
  },
{
    "type": "BOOK",
    "copy-from": "spell_scroll",
    "id": "spell_scroll_druid_spell_entangle",
    "name": { "str": "Scroll of Entangle", "str_pl": "Scrolls of Entangle" },
    "description": "AAAHHH! Plants.",
    "use_action": { "type": "learn_spell", "spells": [ "mu_spell_druid_entangle" ] }
  },
{
    "type": "BOOK",
    "copy-from": "spell_scroll",
    "id": "spell_scroll_druid_spell_armor",
    "name": { "str": "Scroll of Elemenatal Armor", "str_pl": "Scrolls of Elemenatal Armor" },
    "description": "All this for a magic raincoat.",
    "use_action": { "type": "learn_spell", "spells": [ "mu_druid_spell_armor" ] }
  }
]