[
{
    "type": "mapgen",
    "method": "json",
    "om_terrain": [ "home_ruins" ],
    "weight": 100,
    "object": {
      "fill_ter": "t_floor",
      "rows": [
        "                        ",
        "                        ",
        "                        ",
        "                        ",
        "                        ",
        "                        ",
        "   wwwwwwowwwwwwoowww   ",
        "   wKcrOOrxxwbbcccc*w   ",
        "   oKcrrrrccwbbcccc*o   ",
        "   wccccccccwwwwdwwww   ",
        "   wccccccccccccccccw   ",
        "   wcccccccccccchthcw   ",
        "   occcccccccccchthco   ",
        "   wcccccccccccchthcw   ",
        "   wccccccccccccchccw   ",
        "   wwwwowwwllwwwowwww   ",
        "           ffxx         ",
        "           fff    www   ",
        "           fffffffduw   ",
        "           fff    www   ",
        "           ff           ",
        "           ff           ",
        "           ff           ",
        "           ff           "
      ],
      "palettes": [ "city_ruins" ],
      "place_monsters": [
        { "monster": "GROUP_DMBB_ELDRITCH", "x": [ 12 ], "y": [ 12 ], "density": 0.1, "repeat": [ 1, 3 ] }
      ]
    }
  },
  {
    "type": "mapgen",
    "method": "json",
    "om_terrain": [ "home_ruins" ],
    "weight": 100,
    "object": {
      "fill_ter": "t_floor",
      "rows": [
        "                        ",
        "                        ",
        "                        ",
        "                        ",
        "                        ",
        "                        ",
        "   wwwwwwowwwwwwoowww   ",
        "   wKcrOOrxxwbbcccc*w   ",
        "   oKcrrrrccwbbcccc*o   ",
        "   wccccccccwwwwdwwww   ",
        "   wccccccccccccccccw   ",
        "   wcccccccccccchthcw   ",
        "   occcccccccccchthco   ",
        "   wcccccccccccchthcw   ",
        "   wccccccccccccchccw   ",
        "   wwwwowwwllwwwowwww   ",
        "           ffxx         ",
        "           fff    www   ",
        "           fffffffduw   ",
        "           fff    www   ",
        "           ff           ",
        "           ff           ",
        "           ff           ",
        "           ff           "
      ],
      "palettes": [ "city_ruins" ],
      "place_monsters": [
        { "monster": "GROUP_DMBB_ELDRITCH", "x": [ 12 ], "y": [ 12 ], "density": 0.1, "repeat": [ 1, 3 ] }
      ]
    }
  },
  {
    "type": "mapgen",
    "method": "json",
    "om_terrain": [ "home_ruins" ],
    "weight": 100,
    "object": {
      "fill_ter": "t_floor",
      "rows": [
        "                        ",
        "                        ",
        "                        ",
        "                        ",
        "                        ",
        "                        ",
        "   wwwwwwowwwwwwoowww   ",
        "   wKcrOOrxxwbbcccc*w   ",
        "   oKcrrrrccwbbcccc*o   ",
        "   wccccccccwwwwdwwww   ",
        "   wccccccccccccccccw   ",
        "   wcccccccccccchthcw   ",
        "   occcccccccccchthco   ",
        "   wcccccccccccchthcw   ",
        "   wccccccccccccchccw   ",
        "   wwwwowwwllwwwowwww   ",
        "           ffxx         ",
        "           fff    www   ",
        "           fffffffduw   ",
        "           fff    www   ",
        "           ff           ",
        "           ff           ",
        "           ff           ",
        "           ff           "
      ],
      "palettes": [ "city_ruins" ],
      "place_monsters": [
        { "monster": "GROUP_DMBB_ELDRITCH", "x": [ 12 ], "y": [ 12 ], "density": 0.1, "repeat": [ 1, 3 ] }
      ]
    }
  },
  {
    "type": "mapgen",
    "method": "json",
    "om_terrain": [ "home_ruins" ],
    "weight": 100,
    "object": {
      "fill_ter": "t_floor",
      "rows": [
        "                        ",
        "                        ",
        "                        ",
        "                        ",
        "                        ",
        "                        ",
        "   wwwwwwowwwwwwoowww   ",
        "   wKcrOOrxxwbbcccc*w   ",
        "   oKcrrrrccwbbcccc*o   ",
        "   wccccccccwwwwdwwww   ",
        "   wccccccccccccccccw   ",
        "   wcccccccccccchthcw   ",
        "   occcccccccccchthco   ",
        "   wcccccccccccchthcw   ",
        "   wccccccccccccchccw   ",
        "   wwwwowwwllwwwowwww   ",
        "           ffxx         ",
        "           fff    www   ",
        "           fffffffduw   ",
        "           fff    www   ",
        "           ff           ",
        "           ff           ",
        "           ff           ",
        "           ff           "
      ],
      "palettes": [ "city_ruins" ],
      "place_monsters": [
        { "monster": "GROUP_DMBB_ELDRITCH", "x": [ 12 ], "y": [ 12 ], "density": 0.1, "repeat": [ 1, 3 ] }
      ]
    }
  },
{
    "type": "mapgen",
    "method": "json",
    "om_terrain": [ "home_roof_ruins" ],
    "weight": 100,
    "//": "Roof with single latrine.",
    "object": {
      "fill_ter": "t_open_air",
      "rows": [
        "                        ",
        "                        ",
        "                        ",
        "                        ",
        "                        ",
        "                        ",
        "   uuuuuuuuuuuuuuuuuu   ",
        "   uuuuuuuuuuuuuuuuuu   ",
        "   uuuuuuuuuuuuuuuuuu   ",
        "   uuuuuuuuuuuuuuuuuu   ",
        "   uuuuuuuuuuuuuuuuuu   ",
        "   uuuuuuuuuuuuuuuuuu   ",
        "   uuuuuuuuuuuuuuuuuu   ",
        "   uuuuuuuuuuuuuuuuuu   ",
        "   uuuuuuuuuuuuuuuuuu   ",
        "   uuuuuuuuuuuuuuuuuu   ",
        "                        ",
        "                  uuu   ",
        "                  uuu   ",
        "                  uuu   ",
        "                        ",
        "                        ",
        "                        ",
        "                        "
      ],
      "palettes": [ "city_ruins_roof" ]
    }
  },
{
    "method": "json",
    "om_terrain": "ruined_city_road",
    "type": "mapgen",
    "weight": 100,
    "object": {
      "fill_ter": "t_dirt",
      "rows": [
        ",,,                  ,,,",
        ",,,,                ,,,,",
        ",,,,                ,,,,",
        ",,,,                ,,,,",
        ",,,,                ,,,,",
        ",,,,                ,,,,",
        ",,,,                ,,,,",
        ",,,,                ,,,,",
        ",,,,                ,,,,",
        ",,,,                ,,,,",
        ",,,,                ,,,,",
        ",,,,                ,,,,",
        ",,,,                ,,,,",
        ",,,,                ,,,,",
        ",,,,                ,,,,",
        ",,,,                ,,,,",
        ",,,,                ,,,,",
        ",,,,                ,,,,",
        ",,,,                ,,,,",
        ",,,,                ,,,,",
        ",,,,                ,,,,",
        ",,,,                ,,,,",
        ",,,,                ,,,,",
        ",,,                  ,,,"
      ],
      "palettes": [ "city_ruins" ],
      "place_monsters": [
        { "monster": "GROUP_DMBB_ELDRITCH", "x": [ 12 ], "y": [ 12 ], "density": 0.1, "repeat": [ 1, 3 ] }
      ],
	  "terrain": {
      ",": [ [ "t_rock_floor_no_roof", 5 ], [ "t_dirt", 10 ], [ "t_grass", 25 ] ]
      }
    }
  },
{
    "method": "json",
    "om_terrain": "ruined_city_road_enter",
    "//": "Made specifically for the associated quest.",
    "type": "mapgen",
    "weight": 100,
    "object": {
      "fill_ter": "t_dirt",
      "rows": [
        ",,,                  ,,,",
        ",,,,                ,,,,",
        ",,,,                ,,,,",
        ",,,,                ,,,,",
        ",,,,                ,,,,",
        ",,,,                ,,,,",
        ",,,,                ,,,,",
        ",,,,                ,,,,",
        ",,,,                ,,,,",
        ",,,,                ,,,,",
        ",,,,                ,,,,",
        ",,,,                ,,,,",
        ",,,,                ,,,,",
        ",,,,                ,,,,",
        ",,,,                ,,,,",
        ",,,,                ,,,,",
        ",,,,                ,,,,",
        ",,,,                ,,,,",
        ",,,,                ,,,,",
        ",,,,                ,,,,",
        ",,,,                ,,,,",
        ",,,,                ,,,,",
        ",,,,                ,,,,",
        ",,,                  ,,,"
      ],
      "palettes": [ "city_ruins" ],
      "place_monsters": [
        { "monster": "GROUP_DMBB_ELDRITCH", "x": [ 12 ], "y": [ 12 ], "density": 0.1, "repeat": [ 1, 3 ] }
      ],
	  "terrain": {
      ",": [ [ "t_rock_floor_no_roof", 5 ], [ "t_dirt", 10 ], [ "t_grass", 25 ] ]
      }
    }
  },
{
    "type": "mapgen",
    "method": "json",
    "om_terrain": [ "home_ruins_down" ],
    "//": "Custom house with downwards staircase. Quest target.",
    "weight": 100,
    "object": {
      "fill_ter": "t_floor",
      "rows": [
        "                        ",
        "                        ",
        "                        ",
        "                        ",
        "                        ",
        "                        ",
        "   wwwwwwowwwwwwoowww   ",
        "   wKcrOOrxxwbbcccc*w   ",
        "   oKcrrrrccwbbcccc*o   ",
        "   wccccccccwwwwdwwww   ",
        "   wccccc>ccccccccccw   ",
        "   wcccccccccccchthcw   ",
        "   occcccccccccchthco   ",
        "   wcccccccccccchthcw   ",
        "   wccccccccccccchccw   ",
        "   wwwwowwwllwwwowwww   ",
        "           ffxx         ",
        "           fff    www   ",
        "           fffffffduw   ",
        "           fff    www   ",
        "           ff           ",
        "           ff           ",
        "           ff           ",
        "           ff           "
      ],
      "palettes": [ "city_ruins" ],
      "place_monsters": [
        { "monster": "GROUP_DMBB_ELDRITCH", "x": [ 12 ], "y": [ 12 ], "density": 0.1, "repeat": [ 1, 3 ] }
      ]
    }
  },
{
    "method": "json",
    "om_terrain": "home_basement",
    "//": "Basement with a hole, leads to the cave.",
    "type": "mapgen",
    "weight": 100,
    "object": {
      "fill_ter": "t_rock_floor",
      "rows": [
            "########################",
            "########################",
            "########################",
            "########################",
            "########################",
            "########sssssssssssss###",
            "########srrrrrrrrrrrs###",
            "########srrrrrrrrrrrs###",
            "########srrrrrrrrrrrs###",
            "########srrrrrrrrrrrs###",
            "########s<rrrrrrrrrrs###",
            "########srrrrrrrrrrrrrrr",
            "########srrrrrrrrrrrrrrr",
            "########srrrrrrrrrrrrrrr",
            "########srrrrrrrrrrrs###",
            "########srrrrrrrrrrrs###",
            "########srrrrrrrrrrrs###",
            "########srrrrrrrrrrrs###",
            "########srrrrrrrrrrrs###",
            "########sssssssssssss###",
            "########################",
            "########################",
            "########################",
            "########################"
      ],
      "palettes": [ "city_ruins" ],
      "place_monsters": [
        { "monster": "GROUP_DMBB_ELDRITCH", "x": [ 15 ], "y": [ 12 ], "density": 0.1, "repeat": [ 1, 3 ] }
      ]
    }
  },
{
    "method": "json",
    "om_terrain": "elder_caves",
    "//": "Blank pallette for infested caves.",
    "type": "mapgen",
    "weight": 100,
    "object": {
      "fill_ter": "t_rock_floor",
      "rows": [
            "                        ",
            "                        ",
            "                        ",
            "                        ",
            "                        ",
            "                        ",
            "                        ",
            "                        ",
            "                        ",
            "                        ",
            "                        ",
            "                        ",
            "                        ",
            "                        ",
            "                        ",
            "                        ",
            "                        ",
            "                        ",
            "                        ",
            "                        ",
            "                        ",
            "                        ",
            "                        ",
            "                        "
      ],
      "palettes": [ "caves" ],
      "place_nested": [
        { "chunks": [ "eldritch_nested" ], "x": 8, "y": 8 },
        { "chunks": [ "eldritch_nested" ], "x": 16, "y": 8 },
        { "chunks": [ "eldritch_nested" ], "x": 8, "y": 17 },
        { "chunks": [ "eldritch_nested" ], "x": 16, "y": 17 }
      ],
      "place_monsters": [
        { "monster": "GROUP_DMBB_ELDRITCH", "x": [ 15 ], "y": [ 12 ], "density": 0.2, "repeat": [ 1, 3 ] }
      ]
    }
  },
{
    "type": "mapgen",
    "method": "json",
    "nested_mapgen_id": "home_ruins_down_a", 
    "//": "Updated mapgen for the surface camp.",
    "object": {
      "mapgensize": [ 23, 23 ],
      "rows": [
        "                       ",
        "                       ",
        "                       ",
        "                       ",
        "                       ",
        "                       ",
        "            wwwwoowww  ",
        "            wbbcccc?w  ",
        "            wbbccccco  ",
        "            wwwwdwwww  ",
        "                       ",
        "                       ",
        "   wwwww?      ?       ",
        "   wbccd       wdwwww  ",
        "   wbccw       wcccbw  ",
        "   wwoww       wowwww  ",
        "                       ",
        "                       ",
        "                       ",
        "          O            ",
        "                       ",
        "                       ",
        "                       "
      ],
      "terrain": { "w": "t_wall_wood", "c": "t_floor", "o": "t_window_empty",  "d": "t_door_c" },
      "furniture": { "b": "f_straw_bed", "O": "f_firering", "?": "f_hanging_lantern" },
      "items": {
      "b": { "item": "bed", "chance": 100 },
      "O": { "item": "oven", "chance": 100, "repeat": [ 3, 5 ] }
    }
    }
  },
{
    "type": "mapgen",
    "method": "json",
    "nested_mapgen_id": "quellna_camp", 
    "//": "Quelln'a camp, mission target.",
    "object": {
      "mapgensize": [ 23, 23 ],
      "rows": [
        "                       ",
        "   wwwwwwwwwwwwwwwww   ",
        "  wwbb           bbww  ",
        "  wb               bw  ",
        "  wb       ~       bw  ",
        "  w   O   ~~~   O   w  ",
        "  w      ~~~~~      w  ",
        "  w  ^^ ~~~~~~~     w  ",
        "  w  ^ ~~~~~~~~~    w  ",
        "  w   ~~~~~~~~~~~   w  ",
        "  w   ~~~~~~~~~~~  ^w  ",
        "  w   ~~~~~~~~~~~   w  ",
        "  w    ~~~~~~~~~    w  ",
        "  w  ^  ~~~~~~~     w  ",
        "  w      ~~~~~      w  ",
        "  w   O   ~~~   O   w  ",
        "  wb       ~       bw  ",
        "  wb              bww  ",
        "  wwbb          bbww   ",
        "   wwwww      wwwww    ",
        "                       ",
        "                       ",
        "                       "
      ],
      "terrain": { "w": "t_rock", "c": "t_rock_floor",  "d": "t_door_c", "~": "t_water_sh_underground" },
      "furniture": { "b": "f_straw_bed", "O": "f_firering", "?": "f_hanging_lantern", "^": "f_barrel_o" },
     "place_monsters": [
        { "monster": "GROUP_DMBB_ELDRITCH_WATER", "x": [ 4 ], "y": [ 4 ], "density": 0.1, "repeat": [ 2, 4 ] },
        { "monster": "GROUP_POND_FISH", "x": [ 6 ], "y": [ 6 ], "repeat": 3 }
      ],
      "items": {
      "b": { "item": "bed", "chance": 100 },
      "O": { "item": "oven", "chance": 100, "repeat": [ 3, 5 ] },
      "^": [ { "item": "potions_all", "chance": 10 }, 
             { "item": "group_water_alchemy", "chance": 30, "repeat": [ 3, 5 ] },  
             { "item": "trinkets_misc", "chance": 50, "repeat": [ 2, 4 ] },
             { "item": "lair_loot_generic", "chance": 40, "repeat": [ 1, 2 ] } ]
    }
    }
  }
]