[
{
    "//": "Nested group for the eldritch caves.",
    "type": "mapgen",
    "method": "json",
    "nested_mapgen_id": "eldritch_nested",
    "object": {
      "mapgensize": [ 8, 8 ],
      "place_nested": [
        { "chunks": [ [ "pillar", 25 ], [ "cave_none", 25 ], [ "cave_pond", 25 ], [ "flesh_egg", 25 ], [ "cultists", 3 ], [ "quellna_camp", 1 ] ], "x": 0, "y": 0 }
      ]
    }
  },
{
    "type": "mapgen",
    "method": "json",
    "nested_mapgen_id": "cultists",
    "object": {
      "mapgensize": [ 8, 8 ],
      "rows": [
        "##    ##",
        "#U    U#",
        "        ",
        "   HH   ",
        "        ",
        "        ",
        "#U    U#",
        "##    ##"
      ],
      "palettes": [ "caves" ],
      "furniture": { "U": "f_hanging_lantern_out", "H": "f_table" },
      "items": { "H": { "item": "knife_meat_cleaver", "chance": 100 } },
      "npcs": {
    "1": { "class": "cult_member" }
  }
    }
    },
{
    "type": "mapgen",
    "method": "json",
    "nested_mapgen_id": "pillar",
    "object": {
      "mapgensize": [ 8, 8 ],
      "rows": [
        "        ",
        "    #   ",
        "   ###  ",
        "  ##### ",
        "  ##### ",
        "   ###  ",
        "    #   ",
        "        "
      ],
      "palettes": [ "caves" ]
    }
    },
{
    "type": "mapgen",
    "method": "json",
    "nested_mapgen_id": "cave_none",
    "object": {
      "mapgensize": [ 8, 8 ],
      "rows": [
        "        ",
        "        ",
        "        ",
        "        ",
        "        ",
        "        ",
        "        ",
        "        "
      ],
      "palettes": [ "caves" ]
    }
    },
{
    "type": "mapgen",
    "method": "json",
    "nested_mapgen_id": "flesh_egg",
    "object": {
      "mapgensize": [ 8, 8 ],
      "rows": [
        "   x    ",
        "        ",
        "    x   ",
        " x      ",
        "     x  ",
        "   x    ",
        "     x  ",
        "        "
      ],
      "palettes": [ "caves" ],
      "monster": { "x": { "monster": "mon_flesh_egg", "chance": 75 } }
    }
    },
{
    "type": "mapgen",
    "method": "json",
    "nested_mapgen_id": "cave_pond",
    "object": {
      "mapgensize": [ 8, 8 ],
      "rows": [
        " ~~~~~~ ",
        "~~~~~~~~",
        "~~~~~~~~",
        "~~~~~~~~",
        "~~~~~~~~",
        "~~~~~~~~",
        " ~~~~~~ ",
        "        "
      ],
      "palettes": [ "caves" ],
      "place_monsters": [
        { "monster": "GROUP_DMBB_ELDRITCH_WATER", "x": [ 4 ], "y": [ 4 ], "density": 0.1, "repeat": [ 1, 3 ] },
        { "monster": "GROUP_POND_FISH", "x": [ 6 ], "y": [ 6 ], "repeat": 3 }
      ]
    }
    }
]