[
{
    "type": "GENERIC",
    "id": "longsword_fire+4",
    "copy-from": "longsword",
    "looks_like": "longsword",
    "name": "<color_light_red>longsword++++</color>",
    "relic_data": { "passive_effects": [ { "id": "mtc_rune_wield_fire_ench" } ] },
    "proportional": { "price": 1.8, "bashing": 1.8, "cutting": 1.8 }
  },
{
    "type": "GENERIC",
    "id": "wood_sword_fire+4",
    "copy-from": "sword_wood",
    "looks_like": "sword_wood",
    "name": "<color_light_red>wooden sword++++</color>",
    "relic_data": { "passive_effects": [ { "id": "mtc_rune_wield_fire_ench" } ] },
    "proportional": { "price": 1.8, "bashing": 1.8, "cutting": 1.8 }
  },
  {
    "type": "GENERIC",
    "id": "makeshift_knife_fire+4",
    "copy-from": "makeshift_knife",
    "looks_like": "makeshift_knife",
    "name": "<color_light_red>makeshift knife++++</color>",
    "relic_data": { "passive_effects": [ { "id": "mtc_rune_wield_fire_ench" } ] },
    "proportional": { "price": 1.8, "bashing": 1.8, "cutting": 1.8 }
  },
  {
    "type": "GENERIC",
    "id": "knife_baselard_fire+4",
    "copy-from": "knife_baselard",
    "looks_like": "knife_baselard",
    "name": "<color_light_red>baselard++++</color>",
    "relic_data": { "passive_effects": [ { "id": "mtc_rune_wield_fire_ench" } ] },
    "proportional": { "price": 1.8, "bashing": 1.8, "cutting": 1.8 }
  },
  {
    "type": "GENERIC",
    "id": "machete_fire+4",
    "copy-from": "machete",
    "looks_like": "machete",
    "name": "<color_light_red>machete++++</color>",
    "relic_data": { "passive_effects": [ { "id": "mtc_rune_wield_fire_ench" } ] },
    "proportional": { "price": 1.8, "bashing": 1.8, "cutting": 1.8 }
  },
  {
    "type": "GENERIC",
    "id": "cavalry_sabre_fire+4",
    "copy-from": "cavalry_sabre",
    "looks_like": "cavalry_sabre",
    "name": "<color_light_red>cavalry sabre++++</color>",
    "relic_data": { "passive_effects": [ { "id": "mtc_rune_wield_fire_ench" } ] },
    "proportional": { "price": 1.8, "bashing": 1.8, "cutting": 1.8 }
  },
  {
    "type": "GENERIC",
    "id": "kris_fire+4",
    "copy-from": "kris",
    "looks_like": "kris",
    "name": "<color_light_red>kirs++++</color>",
    "relic_data": { "passive_effects": [ { "id": "mtc_rune_wield_fire_ench" } ] },
    "proportional": { "price": 1.8, "bashing": 1.8, "cutting": 1.8 }
  },
  {
    "type": "GENERIC",
    "id": "kukri_fire+4",
    "copy-from": "kukri",
    "looks_like": "kukri",
    "name": "<color_light_red>kukri++++</color>",
    "relic_data": { "passive_effects": [ { "id": "mtc_rune_wield_fire_ench" } ] },
    "proportional": { "price": 1.8, "bashing": 1.8, "cutting": 1.8 }
  },
  {
    "type": "GENERIC",
    "id": "jian_fire+4",
    "copy-from": "jian",
    "looks_like": "jian",
    "name": "<color_light_red>jian++++</color>",
    "relic_data": { "passive_effects": [ { "id": "mtc_rune_wield_fire_ench" } ] },
    "proportional": { "price": 1.8, "bashing": 1.8, "cutting": 1.8 }
  },
  {
    "type": "GENERIC",
    "id": "scimitar_fire+4",
    "copy-from": "scimitar",
    "looks_like": "scimitar",
    "name": "<color_light_red>scimitar++++</color>",
    "relic_data": { "passive_effects": [ { "id": "mtc_rune_wield_fire_ench" } ] },
    "proportional": { "price": 1.8, "bashing": 1.8, "cutting": 1.8 }
  },
  {
    "type": "GENERIC",
    "id": "estoc_fire+4",
    "copy-from": "estoc",
    "looks_like": "estoc",
    "name": "<color_light_red>estoc++++</color>",
    "relic_data": { "passive_effects": [ { "id": "mtc_rune_wield_fire_ench" } ] },
    "proportional": { "price": 1.8, "bashing": 1.8, "cutting": 1.8 }
  },
  {
    "type": "GENERIC",
    "id": "arming_sword_fire+4",
    "copy-from": "arming_sword",
    "looks_like": "arming_sword",
    "name": "<color_light_red>arming sword++++</color>",
    "relic_data": { "passive_effects": [ { "id": "mtc_rune_wield_fire_ench" } ] },
    "proportional": { "price": 1.8, "bashing": 1.8, "cutting": 1.8 }
  },
  {
    "type": "GENERIC",
    "id": "tanto_fire+4",
    "copy-from": "tanto",
    "looks_like": "tanto",
    "name": "<color_light_red>tanto++++</color>",
    "relic_data": { "passive_effects": [ { "id": "mtc_rune_wield_fire_ench" } ] },
    "proportional": { "price": 1.8, "bashing": 1.8, "cutting": 1.8 }
  },
  {
    "type": "GENERIC",
    "id": "wakizashi_fire+4",
    "copy-from": "wakizashi",
    "looks_like": "wakizashi",
    "name": "<color_light_red>wakizashi++++</color>",
    "relic_data": { "passive_effects": [ { "id": "mtc_rune_wield_fire_ench" } ] },
    "proportional": { "price": 1.8, "bashing": 1.8, "cutting": 1.8 }
  },
  {
    "type": "GENERIC",
    "id": "zweihander_fire+4",
    "copy-from": "zweihander",
    "looks_like": "zweihander",
    "name": "<color_light_red>zweihander++++</color>",
    "relic_data": { "passive_effects": [ { "id": "mtc_rune_wield_fire_ench" } ] },
    "proportional": { "price": 1.8, "bashing": 1.8, "cutting": 1.8 }
  },
  {
    "type": "GENERIC",
    "id": "nodachi_fire+4",
    "copy-from": "nodachi",
    "looks_like": "nodachi",
    "name": "<color_light_red>nodachi++++</color>",
    "relic_data": { "passive_effects": [ { "id": "mtc_rune_wield_fire_ench" } ] },
    "proportional": { "price": 1.8, "bashing": 1.8, "cutting": 1.8 }
  },
  {
    "type": "GENERIC",
    "id": "broadsword_fire+4",
    "copy-from": "broadsword",
    "looks_like": "broadsword",
    "name": "<color_light_red>broadsword++++</color>",
    "relic_data": { "passive_effects": [ { "id": "mtc_rune_wield_fire_ench" } ] },
    "proportional": { "price": 1.8, "bashing": 1.8, "cutting": 1.8 }
  },
  {
    "type": "GENERIC",
    "id": "rapier_fire+4",
    "copy-from": "rapier",
    "looks_like": "rapier",
    "name": "<color_light_red>rapier++++</color>",
    "relic_data": { "passive_effects": [ { "id": "mtc_rune_wield_fire_ench" } ] },
    "proportional": { "price": 1.8, "bashing": 1.8, "cutting": 1.8 }
  },
  {
    "type": "GENERIC",
    "id": "katana_fire+4",
    "copy-from": "katana",
    "looks_like": "katana",
    "name": "<color_light_red>katana++++</color>",
    "relic_data": { "passive_effects": [ { "id": "mtc_rune_wield_fire_ench" } ] },
    "proportional": { "price": 1.8, "bashing": 1.8, "cutting": 1.8 }
  },
  {
    "type": "GENERIC",
    "id": "butterfly_swords_fire+4",
    "copy-from": "butterfly_swords",
    "looks_like": "butterfly_swords",
    "name": "<color_light_red>butterfly swords++++</color>",
    "relic_data": { "passive_effects": [ { "id": "mtc_rune_wield_fire_ench" } ] },
    "proportional": { "price": 1.8, "bashing": 1.8, "cutting": 1.8 }
  },
  {
    "type": "GENERIC",
    "id": "cutlass_fire+4",
    "copy-from": "cutlass",
    "looks_like": "cutlass",
    "name": "<color_light_red>cutlass++++</color>",
    "relic_data": { "passive_effects": [ { "id": "mtc_rune_wield_fire_ench" } ] },
    "proportional": { "price": 1.8, "bashing": 1.8, "cutting": 1.8 }
  },
  {
    "type": "GENERIC",
    "id": "lajatang_fire+4",
    "copy-from": "lajatang",
    "looks_like": "lajatang",
    "name": "<color_light_red>lajatang++++</color>",
    "relic_data": { "passive_effects": [ { "id": "mtc_rune_wield_fire_ench" } ] },
    "proportional": { "price": 1.8, "bashing": 1.8, "cutting": 1.8 }
  },
  {
    "type": "GENERIC",
    "id": "war_flail_fire+4",
    "copy-from": "2h_flail_steel",
    "looks_like": "2h_flail_steel",
    "name": "<color_light_red>war flail++++</color>",
    "relic_data": { "passive_effects": [ { "id": "mtc_rune_wield_fire_ench" } ] },
    "proportional": { "price": 1.8, "bashing": 1.8, "cutting": 1.8 }
  },
  {
    "type": "GENERIC",
    "id": "peasant_flail_fire+4",
    "copy-from": "2h_flail_wood",
    "looks_like": "2h_flail_wood",
    "name": "<color_light_red>peasant flail++++</color>",
    "relic_data": { "passive_effects": [ { "id": "mtc_rune_wield_fire_ench" } ] },
    "proportional": { "price": 1.8, "bashing": 1.8, "cutting": 1.8 }
  },
  {
    "type": "GENERIC",
    "id": "battleaxe_fire+4",
    "copy-from": "battleaxe",
    "looks_like": "battleaxe",
    "name": "<color_light_red>battleaxe++++</color>",
    "relic_data": { "passive_effects": [ { "id": "mtc_rune_wield_fire_ench" } ] },
    "proportional": { "price": 1.8, "bashing": 1.8, "cutting": 1.8 }
  },
  {
    "type": "GENERIC",
    "id": "bokken_fire+4",
    "copy-from": "bokken",
    "looks_like": "bokken",
    "name": "<color_light_red>bokken++++</color>",
    "relic_data": { "passive_effects": [ { "id": "mtc_rune_wield_fire_ench" } ] },
    "proportional": { "price": 1.8, "bashing": 1.8, "cutting": 1.8 }
  },
  {
    "type": "GENERIC",
    "id": "cudgel_fire+4",
    "copy-from": "cudgel",
    "looks_like": "cudgel",
    "name": "<color_light_red>cudgel++++</color>",
    "relic_data": { "passive_effects": [ { "id": "mtc_rune_wield_fire_ench" } ] },
    "proportional": { "price": 1.8, "bashing": 1.8, "cutting": 1.8 }
  },
  {
    "type": "GENERIC",
    "id": "hammer_sledge_fire+4",
    "copy-from": "hammer_sledge",
    "looks_like": "hammer_sledge",
    "name": "<color_light_red>sledge hammer++++</color>",
    "relic_data": { "passive_effects": [ { "id": "mtc_rune_wield_fire_ench" } ] },
    "proportional": { "price": 1.8, "bashing": 1.8, "cutting": 1.8 }
  },
  {
    "type": "GENERIC",
    "id": "lucern_hammer_fire+4",
    "copy-from": "lucern_hammer",
    "looks_like": "lucern_hammer",
    "name": "<color_light_red>lucern hammer++++</color>",
    "relic_data": { "passive_effects": [ { "id": "mtc_rune_wield_fire_ench" } ] },
    "proportional": { "price": 1.8, "bashing": 1.8, "cutting": 1.8 }
  },
  {
    "type": "GENERIC",
    "id": "mace_fire+4",
    "copy-from": "mace",
    "looks_like": "mace",
    "name": "<color_light_red>mace++++</color>",
    "relic_data": { "passive_effects": [ { "id": "mtc_rune_wield_fire_ench" } ] },
    "proportional": { "price": 1.8, "bashing": 1.8, "cutting": 1.8 }
  },
  {
    "type": "GENERIC",
    "id": "morningstar_fire+4",
    "copy-from": "morningstar",
    "looks_like": "morningstar",
    "name": "<color_light_red>morningstar++++</color>",
    "relic_data": { "passive_effects": [ { "id": "mtc_rune_wield_fire_ench" } ] },
    "proportional": { "price": 1.8, "bashing": 1.8, "cutting": 1.8 }
  },
  {
    "type": "GENERIC",
    "id": "q_staff_fire+4",
    "copy-from": "q_staff",
    "looks_like": "q_staff",
    "name": "<color_light_red>quarterstaff++++</color>",
    "relic_data": { "passive_effects": [ { "id": "mtc_rune_wield_fire_ench" } ] },
    "proportional": { "price": 1.8, "bashing": 1.8, "cutting": 1.8 }
  },
  {
    "type": "GENERIC",
    "id": "shillelagh_fire+4",
    "copy-from": "shillelagh",
    "looks_like": "shillelagh",
    "name": "<color_light_red>shillelagh++++</color>",
    "relic_data": { "passive_effects": [ { "id": "mtc_rune_wield_fire_ench" } ] },
    "proportional": { "price": 1.8, "bashing": 1.8, "cutting": 1.8 }
  },
  {
    "type": "GENERIC",
    "id": "tonfa_wood_fire+4",
    "copy-from": "tonfa_wood",
    "looks_like": "tonfa_wood",
    "name": "<color_light_red>tonfa++++</color>",
    "relic_data": { "passive_effects": [ { "id": "mtc_rune_wield_fire_ench" } ] },
    "proportional": { "price": 1.8, "bashing": 1.8, "cutting": 1.8 }
  },
  {
    "type": "GENERIC",
    "id": "warhammer_fire+4",
    "copy-from": "warhammer",
    "looks_like": "warhammer",
    "name": "<color_light_red>war hammer++++</color>",
    "relic_data": { "passive_effects": [ { "id": "mtc_rune_wield_fire_ench" } ] },
    "proportional": { "price": 1.8, "bashing": 1.8, "cutting": 1.8 }
  },
  {
    "type": "GENERIC",
    "id": "pitchfork_fire+4",
    "copy-from": "pitchfork",
    "looks_like": "pitchfork",
    "name": "<color_light_red>pitchfork++++</color>",
    "relic_data": { "passive_effects": [ { "id": "mtc_rune_wield_fire_ench" } ] },
    "proportional": { "price": 1.8, "bashing": 1.8, "cutting": 1.8 }
  },
  {
    "type": "GENERIC",
    "id": "spear_steel_fire+4",
    "copy-from": "spear_steel",
    "looks_like": "spear_steel",
    "name": "<color_light_red>spear++++</color>",
    "relic_data": { "passive_effects": [ { "id": "mtc_rune_wield_fire_ench" } ] },
    "proportional": { "price": 1.8, "bashing": 1.8, "cutting": 1.8 }
  },
  {
    "type": "GENERIC",
    "id": "qiang_fire+4",
    "copy-from": "qiang",
    "looks_like": "qiang",
    "name": "<color_light_red>qiang++++</color>",
    "relic_data": { "passive_effects": [ { "id": "mtc_rune_wield_fire_ench" } ] },
    "proportional": { "price": 1.8, "bashing": 1.8, "cutting": 1.8 }
  },
  {
    "type": "GENERIC",
    "id": "halberd_fire+4",
    "copy-from": "halberd",
    "looks_like": "halberd",
    "name": "<color_light_red>halberd++++</color>",
    "relic_data": { "passive_effects": [ { "id": "mtc_rune_wield_fire_ench" } ] },
    "proportional": { "price": 1.8, "bashing": 1.8, "cutting": 1.8 }
  },
  {
    "type": "GENERIC",
    "id": "glaive_fire+4",
    "copy-from": "glaive",
    "looks_like": "glaive",
    "name": "<color_light_red>glave++++</color>",
    "relic_data": { "passive_effects": [ { "id": "mtc_rune_wield_fire_ench" } ] },
    "proportional": { "price": 1.8, "bashing": 1.8, "cutting": 1.8 }
  },
  {
    "type": "GENERIC",
    "id": "naginata_fire+4",
    "copy-from": "naginata",
    "looks_like": "naginata",
    "name": "<color_light_red>naginata++++</color>",
    "relic_data": { "passive_effects": [ { "id": "mtc_rune_wield_fire_ench" } ] },
    "proportional": { "price": 1.8, "bashing": 1.8, "cutting": 1.8 }
  },
  {
    "type": "GENERIC",
    "id": "pike_fire+4",
    "copy-from": "pike",
    "looks_like": "pike",
    "name": "<color_light_red>pike++++</color>",
    "relic_data": { "passive_effects": [ { "id": "mtc_rune_wield_fire_ench" } ] },
    "proportional": { "price": 1.8, "bashing": 1.8, "cutting": 1.8 }
  },
  {
    "type": "GENERIC",
    "id": "bagh_nakha_fire+4",
    "copy-from": "bagh_nakha",
    "looks_like": "bagh_nakha",
    "name": "<color_light_red>tiger claws++++</color>",
    "relic_data": { "passive_effects": [ { "id": "mtc_rune_wield_fire_ench" } ] },
    "proportional": { "price": 1.8, "bashing": 1.8, "cutting": 1.8 }
  },
  {
    "type": "GENERIC",
    "id": "cestus_fire+4",
    "copy-from": "cestus",
    "looks_like": "cestus",
    "name": { "str": "<color_light_red>cestus++++</color>", "str_pl": "<color_light_red>cestuses++++</color>" },
    "relic_data": { "passive_effects": [ { "id": "mtc_rune_wield_fire_ench" } ] },
    "proportional": { "price": 1.8, "bashing": 1.8, "cutting": 1.8 }
  },
  {
    "type": "GENERIC",
    "id": "knuckle_brass_fire+4",
    "copy-from": "knuckle_brass",
    "looks_like": "knuckle_brass",
    "name": { "str": "<color_light_red>pair of brass knuckles++++</color>", "str_pl": "<color_light_red>pairs of brass knuckles++++</color>" },
    "relic_data": { "passive_effects": [ { "id": "mtc_rune_wield_fire_ench" } ] },
    "proportional": { "price": 1.8, "bashing": 1.8, "cutting": 1.8 }
  },
  {
    "type": "GENERIC",
    "id": "punch_dagger_fire+4",
    "copy-from": "punch_dagger",
    "looks_like": "punch_dagger",
    "name": "<color_light_red>punch dagger++++</color>",
    "relic_data": { "passive_effects": [ { "id": "mtc_rune_wield_fire_ench" } ] },
    "proportional": { "price": 1.8, "bashing": 1.8, "cutting": 1.8 }
  }  
]