[
  {
    "type": "mapgen",
    "om_terrain": "goblin_camp_gate",
    "method": "json",
    "object": {
      "fill_ter": "t_region_groundcover_urban",
      "rows": [
        "                        ",
        "                        ",
        "                        ",
        "                        ",
        "                        ",
        "                        ",
        "   1               1    ",
        "                        ",
        "                        ",
        "                        ",
        "                        ",
        "                        ",
        "                        ",
        "                        ",
        "   <                <   ",
        "////////       /////////",
        "////////       /////////",
        "////////       /////////",
        "////////       /////////",
        "                        ",
        "                        ",
        "                        ",
        "                        ",
        "                        "
      ],
      "palettes": [ "goblin_camp" ],
      "nested": {
        "1": { "chunks": [
			[ "none", 80 ],
			[ "firepit", 80 ],
			[ "hut", 80 ],
                        [ "food", 80 ]
			]
			}
      }
    },
 {
    "type": "mapgen",
    "om_terrain": "goblin_camp_wall",
    "method": "json",
    "object": {
      "fill_ter": "t_region_groundcover_urban",
      "rows": [
        "                        ",
        "                        ",
        "                        ",
        "                        ",
        "                        ",
        "                        ",
        "                        ",
        "                        ",
        "                        ",
        "   1              1     ",
        "                        ",
        "                        ",
        "                        ",
        "                        ",
        "            <           ",
        "////////////////////////",
        "////////////////////////",
        "////////////////////////",
        "////////////////////////",
        "                        ",
        "                        ",
        "                        ",
        "                        ",
        "                        "
      ],
      "palettes": [ "goblin_camp" ],
      "nested": {
        "1": { "chunks": [
			[ "none", 80 ],
			[ "firepit", 80 ],
			[ "hut", 80 ],
                        [ "food", 80 ]
			]
			}
      }
    },
{
    "type": "mapgen",
    "om_terrain": "goblin_camp_rangen",
    "method": "json",
    "object": {
      "fill_ter": "t_region_groundcover_urban",
      "rows": [
        "                        ",
        "                        ",
        "                        ",
        "                        ",
        "     1          1       ",
        "                        ",
        "                        ",
        "                        ",
        "                        ",
        "                        ",
        "                        ",
        "     1          1       ",
        "                        ",
        "                        ",
        "                        ",
        "                        ",
        "                        ",
        "                        ",
        "     1          1       ",
        "                        ",
        "                        ",
        "                        ",
        "                        ",
        "                        "
      ],
      "palettes": [ "goblin_camp" ],
      "nested": {
        "1": { "chunks": [
			[ "none", 80 ],
			[ "firepit", 80 ],
			[ "hut", 80 ],
                        [ "food", 80 ]
			]
			}
      }
    }
  }
]
