[
{
    "type": "COMESTIBLE",
    "id": "fire_flower",
    "name": { "str": "fire flower" },
    "weight": "178 g",
    "color": "red",
    "spoils_in": "30 days",
    "comestible_type": "FOOD",
    "symbol": "%",
    "healthy": 1,
    "calories": 20,
    "description": "A clump of red-yellow flowers, which grow in a bell-like fashion. It is known for its alchaemical properties as an elemental fire reagent. Oddly, the flowers themselves have been known to store unusual quantities of raw magic.",
    "price": 200,
    "material": [ "veggy" ],
    "volume": "250 ml",
    "flags": [ "RAW", "SMOKABLE" ],
    "smoking_result": "dry_veggy"
  },
{
    "type": "COMESTIBLE",
    "id": "burn_pepper",
    "name": { "str": "Westerchime red-hot" },
    "weight": "200 g",
    "color": "red_yellow",
    "spoils_in": "30 days",
    "comestible_type": "FOOD",
    "symbol": "%",
    "healthy": 1,
    "calories": 40,
    "description": "A light red pepper, known for its extreme spice. Alchemists found it to be an agent of elemental fire.",
    "price": 500,
    "material": [ "veggy" ],
    "volume": "270 ml",
    "flags": [ "RAW", "SMOKABLE" ],
    "smoking_result": "dry_veggy",
    "vitamins": [ [ "vitA", 3 ], [ "vitC", 88 ], [ "calcium", 1 ], [ "iron", 3 ] ]
  },
{
    "type": "COMESTIBLE",
    "id": "ash_vine",
    "name": { "str": "ash creep" },
    "weight": "200 g",
    "color": "black",
    "comestible_type": "FOOD",
    "symbol": "%",
    "healthy": 1,
    "calories": 10,
    "description": "A long, black vine, with bright red flowers. It is one of few species known to grow in volcanic enviornments. Oddly, it is rich in iron.",
    "price": 700,
    "material": [ "veggy" ],
    "volume": "100 ml",
    "flags": [ "RAW", "SMOKABLE" ],
    "smoking_result": "dry_veggy",
    "vitamins": [ [ "vitA", 3 ], [ "vitC", 3 ], [ "calcium", 1 ], [ "iron", 20 ] ]
  },
{
    "type": "COMESTIBLE",
    "id": "crystal_berry_red",
    "name": { "str": "red crystal berry" },
    "weight": "156 g",
    "color": "red",
    "spoils_in": "8 days",
    "comestible_type": "FOOD",
    "symbol": "%",
    "healthy": 1,
    "calories": 5,
    "description": "A small, red clump of berries. The stems are made a crystaline substance, high in sugar. They are often eaten as an after-meal dessert.",
    "price": 1000,
    "material": [ "fruit" ],
    "volume": "100 ml",
    "fun": 3,
    "smoking_result": "dry_fruit",
    "flags": [ "RAW" ],
    "seed_data": { "plant_name": "red crystal berries", "fruit": "crystal_berry_red", "byproducts": [ "withered" ], "grow": "91 days" }
  },
{
    "type": "COMESTIBLE",
    "id": "crystal_berry_orange",
    "name": { "str": "orange crystal berry" },
    "weight": "156 g",
    "color": "red",
    "spoils_in": "8 days",
    "comestible_type": "FOOD",
    "symbol": "%",
    "healthy": 1,
    "calories": 5,
    "description": "A small, orange clump of berries. The stems are made a crystaline substance, high in sugar. They are often eaten as an after-meal dessert.",
    "price": 1000,
    "material": [ "fruit" ],
    "volume": "100 ml",
    "fun": 3,
    "smoking_result": "dry_fruit",
    "flags": [ "RAW" ],
    "seed_data": { "plant_name": "orange crystal berries", "fruit": "crystal_berry_orange", "byproducts": [ "withered" ], "grow": "91 days" }
  },
{
    "type": "COMESTIBLE",
    "id": "crystal_berry_purple",
    "name": { "str": "purple crystal berry" },
    "weight": "156 g",
    "color": "red",
    "spoils_in": "8 days",
    "comestible_type": "FOOD",
    "symbol": "%",
    "healthy": 1,
    "calories": 5,
    "description": "A small, purple clump of berries. The stems are made a crystaline substance, high in sugar. They are often eaten as an after-meal dessert.",
    "price": 1000,
    "material": [ "fruit" ],
    "volume": "100 ml",
    "fun": 3,
    "smoking_result": "dry_fruit",
    "flags": [ "RAW" ],
    "seed_data": { "plant_name": "purple crystal berries", "fruit": "crystal_berry_purple", "byproducts": [ "withered" ], "grow": "91 days" }
  },
{
    "type": "COMESTIBLE",
    "id": "ash_apple",
    "name": { "str": "ashen apple" },
    "weight": "182 g",
    "color": "red",
    "spoils_in": "12 days",
    "comestible_type": "FOOD",
    "symbol": "%",
    "healthy": 1,
    "calories": 105,
    "description": "One of the few other species known to grow in volcanic enviornments, the ash apple is a commodity not often seen. Oddly, it is rich in iron, and quite sweet.",
    "price": 1000,
    "material": [ "fruit" ],
    "volume": "375 ml",
    "fun": 5,
    "smoking_result": "dry_fruit",
    "flags": [ "RAW" ],
    "vitamins": [ [ "vitA", 2 ], [ "vitC", 14 ], [ "iron", 40 ] ],
    "seed_data": { "plant_name": "ashen apple bush", "fruit": "ash_apple", "byproducts": [ "withered" ], "grow": "91 days" }
  }
]