[
  {
    "type": "COMESTIBLE",
    "id": "seed_fire_flower",
    "copy-from": "seed",
    "name": { "str": "fire flower seed" },
    "description": "The seeds of the fire flower. They are notorious for quick growth in comparison to other plants of their kind.",
    "seed_data": { "plant_name": "fire flower", "fruit": "fire_flower", "byproducts": [ "withered" ], "grow": "50 days" }
  },
{
    "type": "COMESTIBLE",
    "id": "seed_burn_pepper",
    "copy-from": "seed",
    "name": { "str": "red-hot seed" },
    "description": "The seeds of the Westerchime red-hot.",
    "seed_data": { "plant_name": "Westerchime red-hot", "fruit": "burn_pepper", "byproducts": [ "withered" ], "grow": "65 days" }
  },
{
    "type": "COMESTIBLE",
    "id": "seed_ash_vine",
    "copy-from": "seed",
    "name": { "str": "ash creep seed" },
    "description": "The seeds of the ash creep, notorious for quick growth.",
    "seed_data": { "plant_name": "ash creep", "fruit": "ash_vine", "byproducts": [ "withered" ], "grow": "15 days" }
  }
]
