[
{
    "result": "fire_protection",
    "type": "recipe",
    "activity_level": "LIGHT_EXERCISE",
    "category": "CC_ARCANE",
    "subcategory": "CSC_ARCANE_ALCHEMY",
    "skill_used": "chemistry",
    "skills_required": [ "spellcraft", 1 ],
    "difficulty": 5,
    "time": "6 h",
    "using": [ [ "alchemy_fire", 6 ] ],
    "book_learn": [ [ "potion_mid", 1 ] ],
    "proficiencies": [ { "proficiency": "prof_alchemy" } ],
    "components": [ [ [ "water", 3 ], [ "water_clean", 3 ] ], [ [ "mana_totem_fiber", 4 ] ] ],
    "tools": [ [ [ "surface_heat", 6, "LIST" ] ] ],
    "qualities": [ { "id": "COOK", "level": 2 }, { "id": "DISTILL", "level": 2 } ]
  },
{
    "result": "fire_breath",
    "type": "recipe",
    "activity_level": "LIGHT_EXERCISE",
    "category": "CC_ARCANE",
    "subcategory": "CSC_ARCANE_ALCHEMY",
    "skill_used": "chemistry",
    "skills_required": [ "spellcraft", 1 ],
    "difficulty": 5,
    "time": "6 h",
    "using": [ [ "alchemy_fire", 6 ] ],
    "book_learn": [ [ "potion_mid", 1 ] ],
    "proficiencies": [ { "proficiency": "prof_alchemy" } ],
    "components": [ [ [ "water", 3 ], [ "water_clean", 3 ] ], [ [ "mana_totem_fiber", 4 ] ] ],
    "tools": [ [ [ "surface_heat", 6, "LIST" ] ] ],
    "qualities": [ { "id": "COOK", "level": 2 }, { "id": "DISTILL", "level": 2 } ]
  },
{
    "result": "cold_protection",
    "type": "recipe",
    "activity_level": "LIGHT_EXERCISE",
    "category": "CC_ARCANE",
    "subcategory": "CSC_ARCANE_ALCHEMY",
    "skill_used": "chemistry",
    "skills_required": [ "spellcraft", 1 ],
    "difficulty": 5,
    "time": "6 h",
    "using": [ [ "alchemy_water", 6 ] ],
    "book_learn": [ [ "potion_mid", 1 ] ],
    "proficiencies": [ { "proficiency": "prof_alchemy" } ],
    "components": [ [ [ "water", 3 ], [ "water_clean", 3 ] ], [ [ "mana_totem_fiber", 4 ] ] ],
    "tools": [ [ [ "surface_heat", 6, "LIST" ] ] ],
    "qualities": [ { "id": "COOK", "level": 2 }, { "id": "DISTILL", "level": 2 } ]
  },
{
    "result": "potion_strength",
    "type": "recipe",
    "activity_level": "LIGHT_EXERCISE",
    "category": "CC_ARCANE",
    "subcategory": "CSC_ARCANE_ALCHEMY",
    "skill_used": "chemistry",
    "skills_required": [ "spellcraft", 1 ],
    "difficulty": 5,
    "time": "6 h",
    "using": [ [ "alchemy_earth", 6 ] ],
    "book_learn": [ [ "potion_mid", 1 ] ],
    "proficiencies": [ { "proficiency": "prof_alchemy" } ],
    "components": [ [ [ "water", 3 ], [ "water_clean", 3 ] ], [ [ "health_totem_fiber", 4 ] ] ],
    "tools": [ [ [ "surface_heat", 6, "LIST" ] ] ],
    "qualities": [ { "id": "COOK", "level": 2 }, { "id": "DISTILL", "level": 2 } ]
  },
{
    "result": "potion_speed",
    "type": "recipe",
    "activity_level": "LIGHT_EXERCISE",
    "category": "CC_ARCANE",
    "subcategory": "CSC_ARCANE_ALCHEMY",
    "skill_used": "chemistry",
    "skills_required": [ "spellcraft", 1 ],
    "difficulty": 5,
    "time": "6 h",
    "using": [ [ "alchemy_earth", 6 ] ],
    "book_learn": [ [ "potion_mid", 1 ] ],
    "proficiencies": [ { "proficiency": "prof_alchemy" } ],
    "components": [ [ [ "water", 3 ], [ "water_clean", 3 ] ], [ [ "health_totem_fiber", 4 ] ] ],
    "tools": [ [ [ "surface_heat", 6, "LIST" ] ] ],
    "qualities": [ { "id": "COOK", "level": 2 }, { "id": "DISTILL", "level": 2 } ]
  },
{
    "result": "potion_sight",
    "type": "recipe",
    "activity_level": "LIGHT_EXERCISE",
    "category": "CC_ARCANE",
    "subcategory": "CSC_ARCANE_ALCHEMY",
    "skill_used": "chemistry",
    "skills_required": [ "spellcraft", 1 ],
    "difficulty": 5,
    "time": "6 h",
    "using": [ [ "alchemy_earth", 6 ] ],
    "book_learn": [ [ "potion_mid", 1 ] ],
    "proficiencies": [ { "proficiency": "prof_alchemy" } ],
    "components": [ [ [ "water", 3 ], [ "water_clean", 3 ] ], [ [ "health_totem_fiber", 4 ] ] ],
    "tools": [ [ [ "surface_heat", 6, "LIST" ] ] ],
    "qualities": [ { "id": "COOK", "level": 2 }, { "id": "DISTILL", "level": 2 } ]
  },
{
    "result": "potion_cleanse",
    "type": "recipe",
    "activity_level": "LIGHT_EXERCISE",
    "category": "CC_ARCANE",
    "subcategory": "CSC_ARCANE_ALCHEMY",
    "skill_used": "chemistry",
    "skills_required": [ "spellcraft", 1 ],
    "difficulty": 5,
    "time": "6 h",
    "using": [ [ "alchemy_earth", 6 ] ],
    "book_learn": [ [ "potion_mid", 1 ] ],
    "proficiencies": [ { "proficiency": "prof_alchemy" } ],
    "components": [ [ [ "water", 3 ], [ "water_clean", 3 ] ], [ [ "health_totem_fiber", 4 ] ] ],
    "tools": [ [ [ "surface_heat", 6, "LIST" ] ] ],
    "qualities": [ { "id": "COOK", "level": 2 }, { "id": "DISTILL", "level": 2 } ]
  }
]