[
 {
    "result": "fire_protection_lesser",
    "type": "recipe",
    "activity_level": "LIGHT_EXERCISE",
    "category": "CC_ARCANE",
    "subcategory": "CSC_ARCANE_ALCHEMY",
    "skill_used": "chemistry",
    "skills_required": [ "spellcraft", 1 ],
    "batch_time_factors": [ 80, 4 ],
    "book_learn": [ [ "novice_potion", 1 ], [ "al_reference", 1 ] ],
    "difficulty": 2,
    "time": "3 h",
    "using": [ [ "alchemy_fire", 3 ] ],
    "proficiencies": [ { "proficiency": "prof_alchemy" } ],
    "components": [ [ [ "water", 3 ], [ "water_clean", 3 ] ], [ [ "mana_totem_fiber", 1 ] ] ],
    "tools": [ [ [ "surface_heat", 6, "LIST" ] ] ],
    "qualities": [ { "id": "COOK", "level": 2 }, { "id": "DISTILL", "level": 2 } ]
  },
{
    "result": "fire_breath_lesser",
    "type": "recipe",
    "activity_level": "LIGHT_EXERCISE",
    "category": "CC_ARCANE",
    "subcategory": "CSC_ARCANE_ALCHEMY",
    "skill_used": "chemistry",
    "skills_required": [ "spellcraft", 1 ],
    "batch_time_factors": [ 80, 4 ],
    "book_learn": [ [ "novice_potion", 1 ] ],
    "difficulty": 2,
    "time": "3 h",
    "using": [ [ "alchemy_fire", 3 ] ],
    "proficiencies": [ { "proficiency": "prof_alchemy" } ],
    "components": [ [ [ "water", 3 ], [ "water_clean", 3 ] ], [ [ "mana_totem_fiber", 1 ] ] ],
    "tools": [ [ [ "surface_heat", 6, "LIST" ] ] ],
    "qualities": [ { "id": "COOK", "level": 2 }, { "id": "DISTILL", "level": 2 } ]
  },
{
    "result": "pain_reduction_lesser",
    "type": "recipe",
    "activity_level": "LIGHT_EXERCISE",
    "category": "CC_ARCANE",
    "subcategory": "CSC_ARCANE_ALCHEMY",
    "skill_used": "chemistry",
    "skills_required": [ "spellcraft", 1 ],
    "batch_time_factors": [ 80, 4 ],
    "book_learn": [ [ "novice_potion", 1 ] ],
    "difficulty": 2,
    "time": "3 h",
    "using": [ [ "alchemy_fire", 3 ] ],
    "proficiencies": [ { "proficiency": "prof_alchemy" } ],
    "components": [ [ [ "water", 3 ], [ "water_clean", 3 ] ], [ [ "mana_totem_fiber", 1 ] ] ],
    "tools": [ [ [ "surface_heat", 6, "LIST" ] ] ],
    "qualities": [ { "id": "COOK", "level": 2 }, { "id": "DISTILL", "level": 2 } ]
  },
{
    "result": "battle_potion_lesser",
    "type": "recipe",
    "activity_level": "LIGHT_EXERCISE",
    "category": "CC_ARCANE",
    "subcategory": "CSC_ARCANE_ALCHEMY",
    "skill_used": "chemistry",
    "skills_required": [ "spellcraft", 1 ],
    "batch_time_factors": [ 80, 4 ],
    "book_learn": [ [ "novice_potion", 1 ] ],
    "difficulty": 2,
    "time": "3 h",
    "using": [ [ "alchemy_fire", 3 ] ],
    "proficiencies": [ { "proficiency": "prof_alchemy" } ],
    "components": [ [ [ "water", 3 ], [ "water_clean", 3 ] ], [ [ "mana_totem_fiber", 1 ] ] ],
    "tools": [ [ [ "surface_heat", 6, "LIST" ] ] ],
    "qualities": [ { "id": "COOK", "level": 2 }, { "id": "DISTILL", "level": 2 } ]
  },
{
    "result": "cold_protection_lesser",
    "type": "recipe",
    "activity_level": "LIGHT_EXERCISE",
    "category": "CC_ARCANE",
    "subcategory": "CSC_ARCANE_ALCHEMY",
    "skill_used": "chemistry",
    "skills_required": [ "spellcraft", 1 ],
    "batch_time_factors": [ 80, 4 ],
    "book_learn": [ [ "novice_potion", 1 ], [ "al_reference", 1 ] ],
    "difficulty": 2,
    "time": "3 h",
    "using": [ [ "alchemy_water", 3 ] ],
    "proficiencies": [ { "proficiency": "prof_alchemy" } ],
    "components": [ [ [ "water", 3 ], [ "water_clean", 3 ] ], [ [ "mana_totem_fiber", 1 ] ] ],
    "tools": [ [ [ "surface_heat", 6, "LIST" ] ] ],
    "qualities": [ { "id": "COOK", "level": 2 }, { "id": "DISTILL", "level": 2 } ]
  },
{
    "result": "euphoria_lesser",
    "type": "recipe",
    "activity_level": "LIGHT_EXERCISE",
    "category": "CC_ARCANE",
    "subcategory": "CSC_ARCANE_ALCHEMY",
    "skill_used": "chemistry",
    "skills_required": [ "spellcraft", 1 ],
    "batch_time_factors": [ 80, 4 ],
    "book_learn": [ [ "novice_potion", 1 ] ],
    "difficulty": 2,
    "time": "3 h",
    "using": [ [ "alchemy_water", 3 ] ],
    "proficiencies": [ { "proficiency": "prof_alchemy" } ],
    "components": [ [ [ "water", 3 ], [ "water_clean", 3 ] ], [ [ "mana_totem_fiber", 1 ] ] ],
    "tools": [ [ [ "surface_heat", 6, "LIST" ] ] ],
    "qualities": [ { "id": "COOK", "level": 2 }, { "id": "DISTILL", "level": 2 } ]
  },
{
    "result": "potion_beauty_lesser",
    "type": "recipe",
    "activity_level": "LIGHT_EXERCISE",
    "category": "CC_ARCANE",
    "subcategory": "CSC_ARCANE_ALCHEMY",
    "skill_used": "chemistry",
    "skills_required": [ "spellcraft", 1 ],
    "batch_time_factors": [ 80, 4 ],
    "book_learn": [ [ "novice_potion", 1 ] ],
    "difficulty": 2,
    "time": "3 h",
    "using": [ [ "alchemy_water", 3 ] ],
    "proficiencies": [ { "proficiency": "prof_alchemy" } ],
    "components": [ [ [ "water", 3 ], [ "water_clean", 3 ] ], [ [ "mana_totem_fiber", 1 ] ] ],
    "tools": [ [ [ "surface_heat", 6, "LIST" ] ] ],
    "qualities": [ { "id": "COOK", "level": 2 }, { "id": "DISTILL", "level": 2 } ]
  },
{
    "result": "stamina_boost_lesser",
    "type": "recipe",
    "activity_level": "LIGHT_EXERCISE",
    "category": "CC_ARCANE",
    "subcategory": "CSC_ARCANE_ALCHEMY",
    "skill_used": "chemistry",
    "skills_required": [ "spellcraft", 1 ],
    "batch_time_factors": [ 80, 4 ],
    "book_learn": [ [ "novice_potion", 1 ] ],
    "difficulty": 2,
    "time": "3 h",
    "using": [ [ "alchemy_water", 3 ] ],
    "proficiencies": [ { "proficiency": "prof_alchemy" } ],
    "components": [ [ [ "water", 3 ], [ "water_clean", 3 ] ], [ [ "health_totem_fiber", 1 ] ] ],
    "tools": [ [ [ "surface_heat", 6, "LIST" ] ] ],
    "qualities": [ { "id": "COOK", "level": 2 }, { "id": "DISTILL", "level": 2 } ]
  },
{
    "result": "water_breath_lesser",
    "type": "recipe",
    "activity_level": "LIGHT_EXERCISE",
    "category": "CC_ARCANE",
    "subcategory": "CSC_ARCANE_ALCHEMY",
    "skill_used": "chemistry",
    "skills_required": [ "spellcraft", 1 ],
    "batch_time_factors": [ 80, 4 ],
    "book_learn": [ [ "novice_potion", 1 ] ],
    "difficulty": 2,
    "time": "3 h",
    "using": [ [ "alchemy_water", 3 ] ],
    "proficiencies": [ { "proficiency": "prof_alchemy" } ],
    "components": [ [ [ "water", 3 ], [ "water_clean", 3 ] ], [ [ "mana_totem_fiber", 1 ] ] ],
    "tools": [ [ [ "surface_heat", 6, "LIST" ] ] ],
    "qualities": [ { "id": "COOK", "level": 2 }, { "id": "DISTILL", "level": 2 } ]
  },
{
    "result": "potion_strength_lesser",
    "type": "recipe",
    "activity_level": "LIGHT_EXERCISE",
    "category": "CC_ARCANE",
    "subcategory": "CSC_ARCANE_ALCHEMY",
    "skill_used": "chemistry",
    "skills_required": [ "spellcraft", 1 ],
    "batch_time_factors": [ 80, 4 ],
    "book_learn": [ [ "novice_potion", 1 ], [ "al_reference", 1 ] ],
    "difficulty": 2,
    "time": "3 h",
    "using": [ [ "alchemy_earth", 3 ] ],
    "proficiencies": [ { "proficiency": "prof_alchemy" } ],
    "components": [ [ [ "water", 3 ], [ "water_clean", 3 ] ], [ [ "health_totem_fiber", 1 ] ] ],
    "tools": [ [ [ "surface_heat", 6, "LIST" ] ] ],
    "qualities": [ { "id": "COOK", "level": 2 }, { "id": "DISTILL", "level": 2 } ]
  },
{
    "result": "potion_speed_lesser",
    "type": "recipe",
    "activity_level": "LIGHT_EXERCISE",
    "category": "CC_ARCANE",
    "subcategory": "CSC_ARCANE_ALCHEMY",
    "skill_used": "chemistry",
    "skills_required": [ "spellcraft", 1 ],
    "batch_time_factors": [ 80, 4 ],
    "book_learn": [ [ "novice_potion", 1 ] ],
    "difficulty": 2,
    "time": "3 h",
    "using": [ [ "alchemy_earth", 3 ] ],
    "proficiencies": [ { "proficiency": "prof_alchemy" } ],
    "components": [ [ [ "water", 3 ], [ "water_clean", 3 ] ], [ [ "health_totem_fiber", 1 ] ] ],
    "tools": [ [ [ "surface_heat", 6, "LIST" ] ] ],
    "qualities": [ { "id": "COOK", "level": 2 }, { "id": "DISTILL", "level": 2 } ]
  },
{
    "result": "potion_sight_lesser",
    "type": "recipe",
    "activity_level": "LIGHT_EXERCISE",
    "category": "CC_ARCANE",
    "subcategory": "CSC_ARCANE_ALCHEMY",
    "skill_used": "chemistry",
    "skills_required": [ "spellcraft", 1 ],
    "batch_time_factors": [ 80, 4 ],
    "book_learn": [ [ "novice_potion", 1 ] ],
    "difficulty": 2,
    "time": "3 h",
    "using": [ [ "alchemy_earth", 3 ] ],
    "proficiencies": [ { "proficiency": "prof_alchemy" } ],
    "components": [ [ [ "water", 3 ], [ "water_clean", 3 ] ], [ [ "health_totem_fiber", 1 ] ] ],
    "tools": [ [ [ "surface_heat", 6, "LIST" ] ] ],
    "qualities": [ { "id": "COOK", "level": 2 }, { "id": "DISTILL", "level": 2 } ]
  },
{
    "result": "potion_cleanse_lesser",
    "type": "recipe",
    "activity_level": "LIGHT_EXERCISE",
    "category": "CC_ARCANE",
    "subcategory": "CSC_ARCANE_ALCHEMY",
    "skill_used": "chemistry",
    "skills_required": [ "spellcraft", 1 ],
    "batch_time_factors": [ 80, 4 ],
    "book_learn": [ [ "novice_potion", 1 ] ],
    "difficulty": 2,
    "time": "3 h",
    "using": [ [ "alchemy_earth", 3 ] ],
    "proficiencies": [ { "proficiency": "prof_alchemy" } ],
    "components": [ [ [ "water", 3 ], [ "water_clean", 3 ] ], [ [ "health_totem_fiber", 1 ] ] ],
    "tools": [ [ [ "surface_heat", 6, "LIST" ] ] ],
    "qualities": [ { "id": "COOK", "level": 2 }, { "id": "DISTILL", "level": 2 } ]
  },
{
    "result": "potion_antipara_lesser",
    "type": "recipe",
    "activity_level": "LIGHT_EXERCISE",
    "category": "CC_ARCANE",
    "subcategory": "CSC_ARCANE_ALCHEMY",
    "skill_used": "chemistry",
    "skills_required": [ "spellcraft", 1 ],
    "batch_time_factors": [ 80, 4 ],
    "book_learn": [ [ "novice_potion", 1 ] ],
    "difficulty": 2,
    "time": "3 h",
    "using": [ [ "alchemy_earth", 3 ] ],
    "proficiencies": [ { "proficiency": "prof_alchemy" } ],
    "components": [ [ [ "water", 3 ], [ "water_clean", 3 ] ], [ [ "poison_totem_fiber", 1 ] ] ],
    "tools": [ [ [ "surface_heat", 6, "LIST" ] ] ],
    "qualities": [ { "id": "COOK", "level": 2 }, { "id": "DISTILL", "level": 2 } ]
  }
]