[
{
    "method": "json",
    "om_terrain": "cave_enter",
    "//": "Entrance, connects to sewers.",
    "type": "mapgen",
    "weight": 100,
    "object": {
      "fill_ter": "t_rock_floor",
      "rows": [
            "                        ",
            "                        ",
            "                        ",
            "                        ",
            "                        ",
            "                        ",
            "                        ",
            "                        ",
            "         >>>>>>>>>>     ",
            "        >>AAAAAAAA>>    ",
            "        >AAAAAAAAAA>    ",
            "        >AAAAAAAAAA>    ",
            "        >>AAAAAAAA>>    ",
            "         >>>>>>>>>>     ",
            "                        ",
            "                        ",
            "                        ",
            "                        ",
            "                        ",
            "                        ",
            "                        ",
            "                        ",
            "                        ",
            "                        "
      ],
      "palettes": [ "caves_enter" ]
    }
  } 
]