[
{
    "method": "json",
    "om_terrain": "water_temple_surface",
    "type": "mapgen",
    "weight": 100,
    "object": {
      "fill_ter": "t_rock_floor",
      "faction_owner": [
		{ "id": "kingdom", "x": [ 0, 23 ], "y": [ 0, 23 ] }				
      ],
      "rows": [
            "                        ",
            "   sssssssssssssssss    ",
            "   sfffffff2ffffff>s    ",
            "   sfffffVtttVfffffs    ",
            "   sfffffffffffffffs    ",
            "   sff###########ffs    ",
            "   sff1fffffff1ffffs    ",
            "   s?f###########f?s    ",
            "   sfffffffffffffffs    ",
            "   sff###########ffs    ",
            "   sffffffffffff1ffs    ",
            "   sffffff?fff?ffffs    ",
            "   ssssssssfffssssss    ",
            "           ---          ",
            "           ---          ",
            "           ---          ",
            "           ---          ",
            "           -V-          ",
            "      ------------      ",
            "      ------------      ",
            "                        ",
            "                        ",
            "                        ",
            "                        "
      ],
      "palettes": [ "water_temple" ],       
      "furniture": { "#": "f_bench" },
      "npcs": {
		"1": { "class": "generic_worshiper" },
                "2": { "class": "priest" }
	},
	"items": {
      "t": { "item": "candle", "chance": 100, "repeat": [ 2, 5 ] }	  
    }
    }
  },
{
    "method": "json",
    "om_terrain": "water_temple_down",
    "type": "mapgen",
    "weight": 100,
    "object": {
      "fill_ter": "t_rock_floor",
      "faction_owner": [
		{ "id": "kingdom", "x": [ 0, 23 ], "y": [ 0, 23 ] }				
      ],
      "rows": [
            "////////////////////////",
            "///sssssssssssssssss////",
            "///sbb?sfffffffdf><s////",
            "///sfffdfff?fffsssss////",
            "///sssssfffffffdfffs////",
            "///sbb?sffffff1s?bbs////",
            "///sfffdfffffffsssss////",
            "///sssssfff?fffdfffs////",
            "///sbb?s1ffffffs?bbs////",
            "///sfffdfffffffsssss////",
            "///sssssfffffffdfffs////",
            "///sbbfdfff?fffs?bbs////",
            "///sssssssssssssssss////",
            "////////////////////////",
            "////////////////////////",
            "////////////////////////",
            "////////////////////////",
            "////////////////////////",
            "////////////////////////",
            "////////////////////////",
            "////////////////////////",
            "////////////////////////",
            "////////////////////////",
            "////////////////////////"
      ],
      "palettes": [ "water_temple" ], 
      "terrain": { "/": "t_water_cube" },
      "npcs": {
		"1": { "class": "generic_worshiper" },
                "2": { "class": "priest" }
	},
	"items": {
      "b": { "item": "bed", "chance": 100 }	  
    }
    }
  },
{
    "method": "json",
    "om_terrain": "water_temple_down2",
    "type": "mapgen",
    "weight": 100,
    "object": {
      "fill_ter": "t_rock_floor",
      "faction_owner": [
		{ "id": "kingdom", "x": [ 0, 23 ], "y": [ 0, 23 ] }				
      ],
      "rows": [
            "////////////////////////",
            "/ssssssssssssssssssssss/",
            "/s?fffffff?ffffdf<fff?s/",
            "/sffhffffffffffssssssss/",
            "/sfhthfffffffff1ffffffs/",
            "/sffhffffff?ffffhfffffs/",
            "/s?fffffffhthffhthfff?s/",
            "/sffhf1fffffffffhfffffs/",
            "/sfhthfffffhfffffffhffs/",
            "/sffhfffffhthfff1fhthfs/",
            "/sfftttffffhfffffffhffs/",
            "/s?ff2tffffffffffffff?s/",
            "/sssssssssfffssssssssss/",
            "/s?ffffffVfffVfffffff?s/",
            "/sffffffffffffffffffffs/",
            "/sffffffffffffffffffffs/",
            "/ssssdssssssdsssssssdss/",
            "/sAf?fffsAfff?ffsAf?ffs/",
            "/sAfffffsAffffffsAffffs/",
            "/sAffffAsAfffffAsAfffAs/",
            "/sAAAAAAsAAAAAAAsAAAAAs/",
            "/ssssssssssssssssssssss/",
            "////////////////////////",
            "////////////////////////"
      ],
      "palettes": [ "water_temple" ], 
      "terrain": { "/": "t_water_cube" },
      "npcs": {
		"1": { "class": "generic_worshiper" },
                "2": { "class": "generic_tavernkeep" }
	},
	"items": {
      "A": [
			{ "item": "barrel_food_loot", "chance": 20, "repeat": [ 2, 5 ] },
			{ "item": "barrel_food_loot2", "chance": 20, "repeat": [ 2, 5 ] },
			{ "item": "barrel_food_loot3", "chance": 20, "repeat": [ 2, 5 ] },
			{ "item": "barrel_food_loot4", "chance": 20, "repeat": [ 2, 5 ] },
			{ "item": "barrel_food_loot5", "chance": 20, "repeat": [ 2, 5 ] },
			{ "item": "barrel_food_loot6", "chance": 20, "repeat": [ 1, 3 ] }
		]	  
    }
    }
  }    
]