[
 {
    "id": "cleave",
    "type": "SPELL",
    "name": "Cleave",
    "description": "No darkness shall stand before ye and live!",
    "valid_targets": [ "hostile" ],
    "min_damage": 30,
    "max_damage": 600,
    "damage_increment": 20,
    "damage_type": "cut",
    "min_range": 1,
    "max_range": 1,
    "effect": "attack",
    "shape": "blast",
    "base_casting_time": 95,
    "base_energy_cost": 350,
    "spell_class": "CLERIC_W", 
	"skill": "faith",  
    "difficulty": 10,
    "max_level": 25,
    "flags": [ "VERBAL", "SOMATIC", "LOUD" ],
    "energy_source": "MANA"
  },
 {
    "id": "aniweapon",
    "type": "SPELL",
    "name": "Animate Weapons",
    "description": "You summon an animated weapon to fight for you.",
    "flags": [ "SOMATIC", "VERBAL" ],
    "valid_targets": [ "ground" ],
    "spell_class": "CLERIC_W",
	"skill": "faith",  
    "effect": "none",
    "shape": "blast",
    "energy_source": "MANA",
    "min_range": 3,
    "max_range": 6,
    "range_increment": 0.2,
    "min_aoe": 1,
    "max_aoe": 4,
    "aoe_increment": 0.2,
    "max_level": 15,
    "difficulty": 3,
    "min_damage": 1,
    "max_damage": 1,
    "base_casting_time": 100,
    "base_energy_cost": 200,
    "extra_effects": [
      { "id": "mace_effect" },
      { "id": "sword_effect" }
    ]
  },
 {
    "id": "bites_the_dust",
    "type": "SPELL",
    "name": "Bites The Dust",
    "description": "Originating from the lands of the Kath, this spell infects the eye of the target, destroying them, whilst healing the user. However, the kickback can be quite intense.",
    "valid_targets": [ "hostile" ],
    "message": "Another one bites the dust...",
    "min_damage": 10000,
    "max_damage": 10000,
    "damage_increment": 0,
    "damage_type": "pure",
    "min_range": 15,
    "max_range": 15,
    "effect": "attack",
    "shape": "blast",
    "base_casting_time": 95,
    "base_energy_cost": 1000,
    "spell_class": "CLERIC_W", 
	"skill": "faith",  
    "difficulty": 15,
    "max_level": 25,
    "flags": [ "VERBAL", "SOMATIC", "LOUD" ],
    "energy_source": "MANA",
    "extra_effects": [
      { "id": "weakness_hex", "hit_self": true },
      { "id": "mindsap_hex", "hit_self": true },
      { "id": "starving_hex", "hit_self": true },
      { "id": "weakness_hex", "hit_self": true },
      { "id": "mindsap_hex", "hit_self": true },
      { "id": "starving_hex", "hit_self": true },
      { "id": "regeneration", "hit_self": true }
    ]
  },
{
    "id": "force_greater_war",
    "type": "SPELL",
    "name": "Greater Force",
    "description": "A large shockwave which pushes all entities and objects away from you.",
    "effect": "directed_push",
    "shape": "blast",
    "valid_targets": [ "ally", "hostile", "ground", "item" ],
    "spell_class": "CLERIC_W",
	"skill": "faith",  
    "min_range": 0,
    "max_range": 0,
    "min_aoe": 4,
    "max_aoe": 12,
    "max_level": 20,
    "difficulty": 2,
    "base_casting_time": 85,
    "energy_source": "MANA",
    "base_energy_cost": 75
  },
{
    "id": "enlarged",
    "type": "SPELL",
    "name": "Giant's Strength",
    "description": "When cast, you enlarge yourself to gargantuan proportions, gaining the strength of a giant. However, you cannot fit inside vehicles, and your clothing is torn.",
    "valid_targets": [ "self" ],
    "effect": "spawn_item",
    "shape": "blast",
    "effect_str": "enlarged_item",
    "flags": [ "VERBAL", "SOMATIC" ],
    "energy_source": "MANA",
    "spell_class": "CLERIC_W",
	"skill": "faith",  
    "base_casting_time": 500,
    "final_casting_time": 500,
    "base_energy_cost": 600,
    "final_energy_cost": 600,
    "difficulty": 4,
    "max_level": 10,
    "min_damage": 1,
    "max_damage": 1,
    "min_duration": 36000,
    "max_duration": 36000
  } 
]