[
{
    "type": "mapgen",
    "method": "json",
    "nested_mapgen_id": "your_dorm", 
    "//": "Updated mapgen for your dorm purchase.",
    "object": {
      "mapgensize": [ 23, 23 ],
      "rows": [
            "                       ",
            "                       ",
            "                       ",
            "                       ",
            "                       ",
            "                       ",
            "                       ",
            "                       ",
            "                       ",
            "                       ",
            "                       ",
            "                       ",
            "                       ",
            "                       ",
            "                       ",
            "                       ",
            "                       ",
            "                 ssssss",
            "                 sBffqs",
            "                 dffffo",
            "                 sf*bbs",
            "                 sssoss",
            "                       "
      ],
      "terrain": { "s": "t_rock_wall", "f": "t_floor", "o": "t_window_domestic",  "d": "t_door_c" },
      "furniture": { "b": "f_bed", "B": "f_bookcase", "q": "f_hanging_lantern", "*": "f_chest_l" },
      "items": {
      "b": { "item": "bed", "chance": 100 },
      "B": { "item": "reception_paperwork", "chance": 100 }
    }
    }
  },
{
    "type": "mapgen",
    "method": "json",
    "nested_mapgen_id": "catacombs_stolen_books", 
    "//": "Updated mapgen for the stolen books.",
    "object": {
      "mapgensize": [ 23, 23 ],
      "rows": [
        "                       ",
        "                       ",
        "                       ",
        "                       ",
        "                       ",
        "                       ",
        "                       ",
        "                       ",
        "                       ",
        "                       ",
        "                       ",
        "                       ",
        "                       ",
        "                       ",
        "                B      ",
        "                       ",
        "                       ",
        "                       ",
        "                       ",
        "                       ",
        "                       ",
        "                       ",
        "                       "
      ],
      "terrain": { "B": "t_rock_floor" },
      "furniture": { "B": "f_bookcase" },
      "items": {
      "B": { "item": "reception_paperwork", "chance": 100 }
    }
    }
  }
]