[
{
    "type": "mapgen",
    "method": "json",
    "om_terrain": [ "trial_maze_enter" ],
    "weight": 100,
    "object": {
      "fill_ter": "t_rock_floor",
	  "faction_owner": [
		{ "id": "kingdom", "x": [ 0, 23 ], "y": [ 0, 23 ] }				
      ],
      "rows": [
            "########################",
            "##rrrr#sssssssss#r######",
            "##r##r#sqrr<rrqs#r###r##",
            "##r##r#srrrrrrrs#r#rrrr#",
            "##r#rr#sqrrrrrqs#r#r#r##",
            "##r####ssssdssss#rrr#r##",
            "##rrrr####srs########r##",
            "##r###r#r#srs########r##",
            "##r#rrrrrrrrrrrrrrrrrr##",
            "##r########r############",
            "##r#r#rrr##r#rrr#rrrrr##",
            "#rr#r#r#r##r#r#r#r###r##",
            "#r##rrr#rrrr#r#rrr#rrr##",
            "#r###########r#######r##",
            "#rrrrrrrrrrrrrrrrrrrrr##",
            "#########r##############",
            "#r#rrrrrrr###rr###rrrrr#",
            "#r#r#####r#rrrrrr#r###r#",
            "#r#r#rrr#r###r##r#r###r#",
            "#r#r#r#r#r###r####r#rrr#",
            "#r#rrr#r#r#rrrrr##r#r###",
            "#r#####r#r######r#r#r#rr",
            "#rrrrrrr#rrrrrrrrrr#rrr#",
            "##r###########r#######r#"
      ],
      "palettes": [ "wizard_academy" ]
    }
  },
{
    "type": "mapgen",
    "method": "json",
    "om_terrain": [ "trial_maze_second" ],
    "weight": 100,
    "object": {
      "fill_ter": "t_rock_floor",
	  "faction_owner": [
		{ "id": "kingdom", "x": [ 0, 23 ], "y": [ 0, 23 ] }				
      ],
      "rows": [
            "##r###########r#######r#",
            "##r#rrrrrrrrrrrrrrrrrrr#",
            "##r##r###r############r#",
            "##rrrr#r#r###rrr#rrrrr##",
            "##r##r#r#rrr##r##r######",
            "##r##rrr###rrrrrrrrrrrr#",
            "##r######r############r#",
            "##rrrrrrrrrrrrrrrrrrrrr#",
            "###################r####",
            "#rrrrrrrrrrrrrrrrrr#rrr#",
            "##########r#############",
            "#r#r#r#r##r#rrrrrr#rrrr#",
            "#rrrrrrrrrr#r####r###r##",
            "#r########r#r#rrrrrrrr#r",
            "#r##rrrr##r#r###r######r",
            "#r##r##r##r#rrr#r#rrrr#r",
            "#rrrr#rrr#r###r#r#rr#r#r",
            "######r###rrrrr#r####r#r",
            "@#rrrrrrr#r#####rrrrrr#r",
            "r#r##################r#r",
            "r#r##rrrrrrrrrrrrrrrrr#r",
            "r#rrrr##r##############r",
            "r####r##rrrrrrrrrrrrrrrr",
            "rrrrrr#rr###############"
      ],
      "palettes": [ "wizard_academy" ],
      "furniture": { "@": "f_table" },
      "items": {
	  "@": { "item": "charm_passage_questspawn", "chance": 100 }
    } 
    }
  } 
]