[
{
    "type": "mapgen",
    "method": "json",
    "om_terrain": [ "wizard_academy_enter" ],
    "weight": 100,
    "object": {
      "fill_ter": "t_floor",
	  "faction_owner": [
		{ "id": "kingdom", "x": [ 0, 23 ], "y": [ 0, 23 ] }				
      ],
      "rows": [
            "sffffffffffffffffffffffs",
            "ssfffffffffffffffffff3ss",
            " soosqffffffffffffqsoos ",
            "    sffffffffffffffs    ",
            "    s4tfffffffffff3s    ",
            "    ottffffffffffffo    ",
            "    offffffffffffffo    ",
            "    sqffffffffffffqs    ",
            "    offffffffffffffo    ",
            "    shfffffffffftffs    ",
            "    shfffffffffft1fs    ",
            "    shff3fqffqffthfs    ",
            "    ssoosssddsoossss    ",
            "          llll          ",
            "          llll          ",
            "           ll           ",
            "           ..           ",
            "           ..           ",
            "           ..           ",
            "           ..           ",
            "           ..           ",
            "           ..           ",
            "           ..           ",
            "           ..           "
      ],
      "palettes": [ "wizard_academy" ],
      "npcs": {
		"1": { "class": "receptionist" },
                "3": { "class": "academy_apprentice" },
                "4": { "class": "silver_ivy_dean" }
		}
    }
  },
{
    "type": "mapgen",
    "method": "json",
    "om_terrain": [ "wizard_academy_dining" ],
    "weight": 100,
    "object": {
      "fill_ter": "t_floor",
	  "faction_owner": [
		{ "id": "kingdom", "x": [ 0, 23 ], "y": [ 0, 23 ] }				
      ],
      "rows": [
            "sssssssssfffffssssssssss",
            "sfffffffffffff1ffffffffs",
            "sffqssqfffffffffqssqfffs",
            "sffssssfffffffffssssfffs",
            "sffqssqfffcccfffqssqfffs",
            "sffffffffctttcfffffffffs",
            "sfffccfffctttcfffccffffs",
            "fffcttcffctttcffcttcffff",
            "fffcttcffctttcffcttcffff",
            "fffcttcffctttcffcttcffff",
            "fffcttcffctttcffcttcffff",
            "sffcttcffctttcffcttcfffs",
            "s1fcttcffctttcffcttcfffs",
            "sffcttcffctttcffcttcfffs",
            "sfffccfffctttcfffccffffs",
            "sffffffffctttcfffffffffs",
            "sffqssqfffcccfffqssqfffs",
            "sffssssfffffffffssssfffs",
            "sffqssqfffffffffqssqfffs",
            "sfffffffffffff1ffffffffs",
            "s@@@@ffffffffffffffffffs",
            "sff2@ffffffffffffffffffs",
            "sffffffffffffffffffff1fs",
            "sssssssssfffffssssssssss"
      ],
      "palettes": [ "wizard_academy" ],      
      "furniture": { "@": "f_table", "H": "f_table" },
      "items": {
	  "t": { "item": "dishes_dining", "chance": 70, "repeat": [ 2, 5 ] }
    },
      "npcs": {
		"1": { "class": "academy_apprentice" },
                "2": { "class": "generic_academy_tavernkeep" }
		}
    }
  },
{
    "type": "mapgen",
    "method": "json",
    "om_terrain": [ "wizard_academy_dorm_right" ],
    "weight": 100,
    "object": {
      "fill_ter": "t_floor",
	  "faction_owner": [
		{ "id": "kingdom", "x": [ 0, 23 ], "y": [ 0, 23 ] }				
      ],
      "rows": [
            "ssssssssssssssssssssssss",
            "sudffsqffffffffff***fbbs",
            "sssffsfffffccffffffffbbs",
            "sudffdffffcttcfffffffffo",
            "sssffsfffffccffffffffffs",
            "sudffsqff2fffffffBBBBfqs",
            "sssffsssssssssddssssssss",
            "ffffffffffqf1fffffffffqs",
            "fffffffffffffffffffffffo",
            "fffffffffffffffffffffffo",
            "fffffffffffffffffffffffo",
            "sffffffffffffffffffffffs",
            "sqfffffffqsqffffffffffqs",
            "sssffsssssssssssffssssss",
            "sudffsBffqsBffqsffsBffqs",
            "sssffdffffsffffdffdfff1o",
            "sudffsf*bbsbb*fsffsf*bbs",
            "sssffsssssssssssffssssss",
            "sudf1sBffqsBffqsffsffffs",
            "sssffdffffsf1ffdffdffffo",
            "sudffsf*bbsbb*fsffsffffs",
            "sssoosssossssossoosssoss",
            "                        ",
            "                        "
      ],
      "palettes": [ "wizard_academy" ],
      "items": {
	  "t": { "item": "dishes_dining", "chance": 70, "repeat": [ 2, 5 ] },
          "u": { "item": "bucket", "chance": 100 },
          "B": { "item": "textbooks_school", "chance": 70, "repeat": [ 2, 5 ] }, 
          "b": { "item": "bed", "chance": 100 },
          "*": { "item": "coinage", "chance": 70, "repeat": [ 10, 25 ] }
    },
      "npcs": {
		"1": { "class": "academy_apprentice" }
		}
    }
  },
{
    "type": "mapgen",
    "method": "json",
    "om_terrain": [ "wizard_academy_dorm_left" ],
    "weight": 100,
    "object": {
      "fill_ter": "t_floor",
	  "faction_owner": [
		{ "id": "kingdom", "x": [ 0, 23 ], "y": [ 0, 23 ] }				
      ],
      "rows": [
            "ssssssssssssssssssssssss",
            "sudffsqffffffffff***fbbs",
            "sssffsfffffccffffffffbbs",
            "sudffdffffcttcfffffffffs",
            "sssffsfffffccffffffffffs",
            "sudffsqff2fffffffBBBBfqs",
            "sssffsssssssssddssssssss",
            "sqffffff1fqfffffffffff f",
            "offfffffffffffffffffffff",
            "offfffffffffffffffffffff",
            "o1ffffffffffffffffffffff",
            "sffffffffffffffffffffffs",
            "sqfffffffqsqffffffffffqs",
            "sssffsssssssssssffssssss",
            "sudffsBffqsBffqsffsBffqs",
            "sssf1dffffsffffdffdffffo",
            "sudffsf*bbsbb*fsffsf*bbs",
            "sssffsssssssssssffssssss",
            "sudffsBffqsBffqsf1sBffqs",
            "sssffdffffsffffdffdffffo",
            "sudffsf*bbsbb*fsffsf*bbs",
            "sssoosssossssossoosssoss",
            "                        ",
            "                        "
      ],
      "palettes": [ "wizard_academy" ],
      "items": {
	  "t": { "item": "dishes_dining", "chance": 70, "repeat": [ 2, 5 ] },
          "u": { "item": "bucket", "chance": 100 },
          "B": { "item": "textbooks_school", "chance": 70, "repeat": [ 2, 5 ] }, 
          "b": { "item": "bed", "chance": 100 },
          "*": { "item": "coinage", "chance": 70, "repeat": [ 10, 25 ] }
    },
      "npcs": {
		"1": { "class": "academy_apprentice" }
		}
    }
  },
{
    "type": "mapgen",
    "method": "json",
    "om_terrain": [ "wizard_academy_classrooms" ],
    "//": "In the future, instructing NPC's will reside here.",
    "weight": 100,
    "object": {
      "fill_ter": "t_floor",
	  "faction_owner": [
		{ "id": "kingdom", "x": [ 0, 23 ], "y": [ 0, 23 ] }				
      ],
      "rows": [
            "sssssssssooooossssssssss",
            "s`2`2`2`sff<ffsqrBBr^r/s",
            "orrrrrrrsff>ffsrrrrrrrKs",
            "orrrrrrrdfffffdrrrrrrrro",
            "or6rrrrrsfffffsrr7rrrrro",
            "s```r``qsfffffs----r---s",
            "ssssdssssfffffsssssdssss",
            "fffffffffffqffffffffffff",
            "ffffffffffqsqfffffffffff",
            "fffffffffffqffffffffffff",
            "ffffffffffffffffffffffff",
            "ssssdssssfffffsssssdssss",
            "scrcrcrcsfffffscrcrrrcrs",
            "orrrrrrrsfffffsrrrrrrrro",
            "ocrcrcrrdfffffdrrcrcrcro",
            "orr4rrrrsfffffsrrrrr5rro",
            "sFFFFFrqsfffffsqrrGGGGGs",
            "sssssssssfffffssssssssss",
            "sqrrEEEEsfffffsCCCrrCCCs",
            "orrrr3rrsfffffsr1rrrrrro",
            "orcrcrrrdfffffdrrrrcrcro",
            "orrrrrrrsfffffsrrrrrrrro",
            "srcrcrcrsfffffsqrcrcrcrs",
            "sssssssssfffffssssssssss"
      ],
      "palettes": [ "wizard_academy" ],
      "liquids": {
      "K": { "liquid": "water", "amount": [ 100, 175 ] }
	  },
      "furniture": { "^": "f_still", "/": "f_woodstove", "-": "f_barrel_o", "`": "f_barrel_o", "C": "f_bookcase", "E": "f_bookcase", "F": "f_bookcase", "G": "f_bookcase", "K": "f_wood_keg" },
      "items": { 
	  "/": { "item": "stash_wood", "chance": 70, "repeat": [ 2, 5 ] },
          "-": { "item": "ingredients_all", "chance": 70, "repeat": [ 20, 70 ] },
          "`": [ { "item": "crystallized_mana", "chance": 100, "repeat": [ 3, 6 ] }, { "item": "infusion_books", "chance": 70, "repeat": [ 1, 2 ] } ],
          "B": { "item": "alchemy_books", "chance": 70, "repeat": [ 1, 2 ] },
          "C": { "item": "spell_scrolls_wizard1", "chance": 70, "repeat": [ 3, 5 ] },
          "E": { "item": "spell_scrolls_wizard2", "chance": 70, "repeat": [ 3, 5 ] },
          "F": { "item": "spell_scrolls_wizard3", "chance": 70, "repeat": [ 3, 5 ] },
          "G": { "item": "spell_scrolls_wizard4", "chance": 70, "repeat": [ 3, 5 ] }
    },
      "npcs": {
		"1": { "class": "first_year_instructor" },
                "3": { "class": "second_year_instructor" },
                "4": { "class": "third_year_instructor" },
                "5": { "class": "fourth_year_instructor" },
                "6": { "class": "infusion_instructor" },
                "7": { "class": "alchemy_instructor" }
		}
    }
  },
{
    "type": "mapgen",
    "method": "json",
    "om_terrain": [ "wizard_academy_garden_right" ],
    "weight": 100,
    "object": {
      "fill_ter": "t_dirt",
	  "faction_owner": [
		{ "id": "kingdom", "x": [ 0, 23 ], "y": [ 0, 23 ] }				
      ],
      "rows": [
            "ssssssssssssssssssssssss",
            "  1                    s",
            "   )))  )))  )))  )))  s",
            "   )))  )))  )))  )))  s",
            "   )))  )))  )))  )))  s",
            "                       s",
            "   )))  )))  )))  )))  s",
            "   )))  )))  )))  )))  s",
            "   )))  )))  )))  )))  s",
            "                       s",
            "   )))  )))  )))  )))  s",
            "   )))  )))  )))  )))  s",
            "   )))  )))  )))  )))  s",
            "                       s",
            "   )))  )))  )))  )))  s",
            "   )))  )))  )))  )))  s",
            "   )))  )))  )))  )))  s",
            "                       s",
            "   )))  )))  )))  )))  s",
            "   )))  )))  )))  )))  s",
            "   )))  )))  )))  )))  s",
            "                       s",
            "                   1   s",
            "                       s"
      ],
      "palettes": [ "wizard_academy" ],
      "npcs": {
		"1": { "class": "academy_apprentice" }
		}
    }
  },
{
    "type": "mapgen",
    "method": "json",
    "om_terrain": [ "wizard_academy_garden_left" ],
    "weight": 100,
    "object": {
      "fill_ter": "t_dirt",
	  "faction_owner": [
		{ "id": "kingdom", "x": [ 0, 23 ], "y": [ 0, 23 ] }				
      ],
      "rows": [
            "ssssssssssssssssssssssss",
            "s                       ",
            "s  )))  )))  )))  )))   ",
            "s  )))  )))  )))  )))   ",
            "s  )))  )))  )))  )))   ",
            "s                       ",
            "s  )))  )))  )))  )))   ",
            "s  )))  )))  )))  )))   ",
            "s  )))  )))  )))  )))   ",
            "s          1            ",
            "s  )))  )))  )))  )))   ",
            "s  )))  )))  )))  )))   ",
            "s  )))  )))  )))  )))   ",
            "s                       ",
            "s  )))  )))  )))  )))   ",
            "s  )))  )))  )))  )))   ",
            "s  )))  )))  )))  )))   ",
            "s                       ",
            "s  )))  )))  )))  )))   ",
            "s  )))  )))  )))  )))   ",
            "s  )))  )))  )))  )))   ",
            "s                       ",
            "s   1                   ",
            "s                       "
      ],
      "palettes": [ "wizard_academy" ],
      "npcs": {
		"1": { "class": "academy_apprentice" }
		}
    }
  },
{
    "type": "mapgen",
    "method": "json",
    "om_terrain": [ "wizard_academy_classrooms_2" ],
    "weight": 100,
    "object": {
      "fill_ter": "t_floor",
	  "faction_owner": [
		{ "id": "kingdom", "x": [ 0, 23 ], "y": [ 0, 23 ] }				
      ],
      "rows": [
            "sssssssssooooossssssssss",
            "srrrrrrrsff>ffsqrrrcrrrs",
            "orr^rrrrsfffffsrrr^^^rro",
            "orc^rrrrdfffffdrrrr1rrro",
            "orr^rrrrsfffffsrrrrrrrro",
            "srrrrrrqsfffffsrrrrrrrrs",
            "sssssssssfffffssssssssss",
            "orctrtrrsffqffsrrrrrrrro",
            "ortt3trrsffsffdrrrrrrrro",
            "orrrrrrrdffqffsrrrrrrrro",
            "orrrrrrqsfffffsqrrrrrrro",
            "sssssssssfffffssssssssss",
            "srrPPPrrsfffffs$$$$$$$$s",
            "orrP4Prrsfffffs$rrr2rrro",
            "orrrrrrrdfffffdrrr^^^rro",
            "orrrrrrrsfffffs$rrrrrrro",
            "sqrrrrrqsfffffsqrrrrrr$s",
            "sssssssssffqffs$rrrrrr$s",
            "sqrrTcccsfffffs$rrrrrr$s",
            "orrBTTbbsfffffs$rrrrrrro",
            "orrrTbrrdfffffdrrrrrrrro",
            "orrrrrrrsfffffsrrrrrrrro",
            "srrrrrrrsfffffsqr$$$$$$s",
            "sssssssssooooossssssssss"
      ],
      "palettes": [ "wizard_academy" ],
      "furniture": { "^": "f_table", "P": "f_table",  "$": "f_bookcase" },
      "items": {
	  "$": { "item": "NPC_ACADEMY_LIBRARIAN_shopkeep", "chance": 70, "repeat": [ 2, 5 ] },
          "t": { "item": "NPC_ACADEMY_INFUSIONIST_shopkeep", "chance": 70, "repeat": [ 2, 5 ] },
          "P": { "item": "magic_items_all", "chance": 75, "repeat": [ 2, 5 ] }
    },
      "npcs": {
		"1": { "class": "academy_tatoo_artist" },
                "2": { "class": "academy_librarian" },
                "3": { "class": "academy_infusionist" },
                "4": { "class": "academy_magic_item_seller" }
		}
    }
  },
{
    "type": "mapgen",
    "method": "json",
    "om_terrain": [ "wizard_academy_enter_roof" ],
    "weight": 100,
    "object": {
    "fill_ter": "t_open_air",
      "rows": [
            "uuuuuuuuuuuuuuuuuuuuuuuu",
            "uuuuuuuuuuuuuuuuuuuuuuuu",
            " uuuuuuuuuuuuuuuuuuuuuu ",
            "    uuuuuuuuuuuuuuuu    ",
            "    uuuuuuuuuuuuuuuu    ",
            "    uuuuuuuuuuuuuuuu    ",
            "    uuuuuuuuuuuuuuuu    ",
            "    uuuuuuuuuuuuuuuu    ",
            "    uuuuuuuuuuuuuuuu    ",
            "    uuuuuuuuuuuuuuuu    ",
            "    uuuuuuuuuuuuuuuu    ",
            "    uuuuuuuuuuuuuuuu    ",
            "    uuuuuuuuuuuuuuuu    ",
            "                        ",
            "                        ",
            "                        ",
            "                        ",
            "                        ",
            "                        ",
            "                        ",
            "                        ",
            "                        ",
            "                        ",
            "                        "
      ],
      "palettes": [ "city_building_roof_palette" ]
    }
  },  
{
    "type": "mapgen",
    "method": "json",
    "om_terrain": [ "wizard_academy_dining_roof" ], 
    "//": "Use over the classrooms.",
    "weight": 100,
    "object": {
    "fill_ter": "t_open_air",
      "rows": [
            "uuuuuuuuuuuuuuuuuuuuuuuu",
            "uuuuuuuuuuuuuuuuuuuuuuuu",
            "uuuuuuuuuuuuuuuuuuuuuuuu",
            "uuuuuuuuuuuuuuuuuuuuuuuu",
            "uuuuuuuuuuuuuuuuuuuuuuuu",
            "uuuuuuuuuuuuuuuuuuuuuuuu",
            "uuuuuuuuuuuuuuuuuuuuuuuu",
            "uuuuuuuuuuuuuuuuuuuuuuuu",
            "uuuuuuuuuuuuuuuuuuuuuuuu",
            "uuuuuuuuuuuuuuuuuuuuuuuu",
            "uuuuuuuuuuuuuuuuuuuuuuuu",
            "uuuuuuuuuuuuuuuuuuuuuuuu",
            "uuuuuuuuuuuuuuuuuuuuuuuu",
            "uuuuuuuuuuuuuuuuuuuuuuuu",
            "uuuuuuuuuuuuuuuuuuuuuuuu",
            "uuuuuuuuuuuuuuuuuuuuuuuu",
            "uuuuuuuuuuuuuuuuuuuuuuuu",
            "uuuuuuuuuuuuuuuuuuuuuuuu",
            "uuuuuuuuuuuuuuuuuuuuuuuu",
            "uuuuuuuuuuuuuuuuuuuuuuuu",
            "uuuuuuuuuuuuuuuuuuuuuuuu",
            "uuuuuuuuuuuuuuuuuuuuuuuu",
            "uuuuuuuuuuuuuuuuuuuuuuuu",
            "uuuuuuuuuuuuuuuuuuuuuuuu"
      ],
      "palettes": [ "city_building_roof_palette" ]
    }
  },
{
    "type": "mapgen",
    "method": "json",
    "om_terrain": [ "wizard_academy_dorm_roof" ], 
    "weight": 100,
    "object": {
    "fill_ter": "t_open_air",
      "rows": [
            "uuuuuuuuuuuuuuuuuuuuuuuu",
            "uuuuuuuuuuuuuuuuuuuuuuuu",
            "uuuuuuuuuuuuuuuuuuuuuuuu",
            "uuuuuuuuuuuuuuuuuuuuuuuu",
            "uuuuuuuuuuuuuuuuuuuuuuuu",
            "uuuuuuuuuuuuuuuuuuuuuuuu",
            "uuuuuuuuuuuuuuuuuuuuuuuu",
            "uuuuuuuuuuuuuuuuuuuuuuuu",
            "uuuuuuuuuuuuuuuuuuuuuuuu",
            "uuuuuuuuuuuuuuuuuuuuuuuu",
            "uuuuuuuuuuuuuuuuuuuuuuuu",
            "uuuuuuuuuuuuuuuuuuuuuuuu",
            "uuuuuuuuuuuuuuuuuuuuuuuu",
            "uuuuuuuuuuuuuuuuuuuuuuuu",
            "uuuuuuuuuuuuuuuuuuuuuuuu",
            "uuuuuuuuuuuuuuuuuuuuuuuu",
            "uuuuuuuuuuuuuuuuuuuuuuuu",
            "uuuuuuuuuuuuuuuuuuuuuuuu",
            "uuuuuuuuuuuuuuuuuuuuuuuu",
            "uuuuuuuuuuuuuuuuuuuuuuuu",
            "uuuuuuuuuuuuuuuuuuuuuuuu",
            "uuuuuuuuuuuuuuuuuuuuuuuu",
            "                        ",
            "                        "
      ],
      "palettes": [ "city_building_roof_palette" ]
    }
  }
]