[
{
    "result": "metal_buckler",
    "type": "recipe",
    "activity_level": "BRISK_EXERCISE",
    "category": "CC_ARMOR",
    "subcategory": "CSC_ARMOR_HANDS",
    "skill_used": "fabrication",
    "difficulty": 4,
    "time": "7 h",
    "book_learn": [ [ "textbook_armwest", 5 ] ],
    "using": [ [ "blacksmithing_standard", 24 ], [ "steel_standard", 6 ], [ "clasps", 2 ], [ "strap_small", 2 ] ],
    "proficiencies": [
      { "proficiency": "prof_metalworking" },
      { "proficiency": "prof_blacksmithing" },
      { "proficiency": "prof_armorsmithing" },
      {
        "proficiency": "prof_closures",
        "required": false,
        "time_multiplier": 1.5,
        "fail_multiplier": 1.5,
        "learning_time_multiplier": 0.25
      },
      { "proficiency": "prof_articulation" }
    ],
    "qualities": [ { "id": "CHISEL", "level": 3 } ],
    "tools": [ [ [ "swage", -1 ] ] ]
  },
{
    "result": "metal_shield",
    "type": "recipe",
    "activity_level": "BRISK_EXERCISE",
    "category": "CC_ARMOR",
    "subcategory": "CSC_ARMOR_HANDS",
    "skill_used": "fabrication",
    "difficulty": 4,
    "time": "7 h",
    "book_learn": [ [ "textbook_armwest", 5 ] ],
    "using": [ [ "blacksmithing_standard", 24 ], [ "steel_standard", 9 ], [ "clasps", 3 ], [ "strap_small", 3 ] ],
    "proficiencies": [
      { "proficiency": "prof_metalworking" },
      { "proficiency": "prof_blacksmithing" },
      { "proficiency": "prof_armorsmithing" },
      {
        "proficiency": "prof_closures",
        "required": false,
        "time_multiplier": 1.5,
        "fail_multiplier": 1.5,
        "learning_time_multiplier": 0.25
      },
      { "proficiency": "prof_articulation" }
    ],
    "qualities": [ { "id": "CHISEL", "level": 3 } ],
    "tools": [ [ [ "swage", -1 ] ] ]
  },
{
    "result": "metal_shield_tower",
    "type": "recipe",
    "activity_level": "BRISK_EXERCISE",
    "category": "CC_ARMOR",
    "subcategory": "CSC_ARMOR_HANDS",
    "skill_used": "fabrication",
    "difficulty": 5,
    "time": "7 h",
    "book_learn": [ [ "textbook_armwest", 5 ] ],
    "using": [ [ "blacksmithing_standard", 24 ], [ "steel_standard", 12 ], [ "clasps", 4 ], [ "strap_small", 4 ] ],
    "proficiencies": [
      { "proficiency": "prof_metalworking" },
      { "proficiency": "prof_blacksmithing" },
      { "proficiency": "prof_armorsmithing" },
      {
        "proficiency": "prof_closures",
        "required": false,
        "time_multiplier": 1.5,
        "fail_multiplier": 1.5,
        "learning_time_multiplier": 0.25
      },
      { "proficiency": "prof_articulation" }
    ],
    "qualities": [ { "id": "CHISEL", "level": 3 } ],
    "tools": [ [ [ "swage", -1 ] ] ]
  }, 
{
    "result": "wooden_buckler",
    "type": "recipe",
    "activity_level": "LIGHT_EXERCISE",
    "category": "CC_ARMOR",
    "subcategory": "CSC_ARMOR_HANDS",
    "skill_used": "fabrication",
    "difficulty": 4,
    "time": "40 m",
    "autolearn": true,
    "using": [ [ "strap_small", 2 ] ],
    "proficiencies": [ { "proficiency": "prof_carving" }, { "proficiency": "prof_carpentry_basic" } ],
    "qualities": [ { "id": "HAMMER", "level": 1 }, { "id": "CUT", "level": 1 } ],
    "components": [ [ [ "2x4", 6 ] ], [ [ "nail", 8 ] ] ]
  },
{
    "result": "wooden_shield",
    "type": "recipe",
    "activity_level": "LIGHT_EXERCISE",
    "category": "CC_ARMOR",
    "subcategory": "CSC_ARMOR_HANDS",
    "skill_used": "fabrication",
    "difficulty": 4,
    "time": "40 m",
    "autolearn": true,
    "using": [ [ "strap_small", 3 ] ],
    "proficiencies": [ { "proficiency": "prof_carving" }, { "proficiency": "prof_carpentry_basic" } ],
    "qualities": [ { "id": "HAMMER", "level": 1 }, { "id": "CUT", "level": 1 } ],
    "components": [ [ [ "2x4", 12 ] ], [ [ "nail", 16 ] ] ]
  },
{
    "result": "wooden_shield_tower",
    "type": "recipe",
    "activity_level": "LIGHT_EXERCISE",
    "category": "CC_ARMOR",
    "subcategory": "CSC_ARMOR_HANDS",
    "skill_used": "fabrication",
    "difficulty": 4,
    "time": "40 m",
    "autolearn": true,
    "using": [ [ "strap_small", 4 ] ],
    "proficiencies": [ { "proficiency": "prof_carving" }, { "proficiency": "prof_carpentry_basic" } ],
    "qualities": [ { "id": "HAMMER", "level": 1 }, { "id": "CUT", "level": 1 } ],
    "components": [ [ [ "2x4", 24 ] ], [ [ "nail", 32 ] ] ]
  }
]