[
{
    "result": "mtc_sword_dragonslayer",
    "type": "recipe",
    "activity_level": "BRISK_EXERCISE",
    "category": "CC_WEAPON",
    "subcategory": "CSC_WEAPON_CUTTING",
    "skill_used": "fabrication",
    "difficulty": 5,
    "time": "4 h",
    "proficiencies": [
      { "proficiency": "prof_blacksmithing" },
      { "proficiency": "prof_bladesmith" },
      { "proficiency": "prof_articulation" } ],
    "using": [ [ "blacksmithing_standard", 24 ], [ "strap_small", 2 ] ],
    "components": [ [ [ "dragon_scale", 20 ] ] ]
  }
]