[
 {
    "id": "carm",
    "type": "SPELL",
    "name": "Cold Shoulder",
    "description": "You concentrate magic within your finger, freezing whatever you touch.",
    "valid_targets": [ "hostile", "self", "ally", "ground" ],
    "min_damage": 10,
    "max_damage": 15,
    "damage_increment": 1,
    "damage_type": "cold",
    "min_range": 1,
    "max_range": 1,
    "effect": "attack",
    "shape": "blast",
    "base_casting_time": 85,
    "base_energy_cost": 5,
    "spell_class": "WARLOCK",
    "skill": "occult",
    "difficulty": 0,
    "max_level": 5,
    "flags": [ "SOMATIC", "NO_LEGS" ],
    "energy_source": "MANA"
  },
  {
    "id": "cause_fear",
    "type": "SPELL",
    "name": "Cause Fear",
    "description": "Hauntings echoe through the catacombs of the mind.",
    "valid_targets": [ "hostile", "ground" ],
    "max_level": 20,
    "min_range": 0,
    "max_range": 0,
    "min_aoe": 3,
    "max_aoe": 12,
    "aoe_increment": 0.45,
    "effect": "attack",
    "shape": "blast",
    "effect_str": "fear",
    "min_duration": 6000,
    "max_duration": 12000,
    "duration_increment": 300,
    "base_casting_time": 100,
    "base_energy_cost": 150,
    "flags": [ "SOMATIC", "VERBAL", "CONCENTRATE", "NO_HANDS" ],
    "spell_class": "WARLOCK",
    "skill": "occult",
    "difficulty": 5,
    "energy_source": "MANA"
  },
  {
    "id": "magic_stone",
    "type": "SPELL",
    "name": { "str": "Magic Stone" },
    "description": "You touch bits of debris upon the ground, imbuning them with magic and shaping them to pellets.",
    "effect": "spawn_item",
    "shape": "blast",
    "effect_str": "pebble_mana",
    "valid_targets": [ "self" ],
    "spell_class": "WARLOCK",
    "flags": [ "SOMATIC", "VERBAL" ],
    "max_level": 10,
    "min_damage": 3,
    "max_damage": 7,
    "damage_increment": 0.4,
    "min_duration": 7000,
    "max_duration": 20000,
    "duration_increment": 1300,
    "base_casting_time": 100,
    "base_energy_cost": 25,
    "energy_source": "MANA",
    "skill": "occult",
    "difficulty": 2
  },
  {
    "id": "wtrance",
    "type": "SPELL",
    "name": "Unnatural Ability",
    "description": "Your knowledge of otherworldly magics allows you to perform otherwise unnatural feats, entering a trance to illude fatuige.",
    "valid_targets": [ "self" ],
    "flags": [ "CONCENTRATE", "SILENT" ],
    "spell_class": "WARLOCK",
    "energy_source": "MANA",
    "skill": "occult",
    "effect": "recover_energy",
    "effect_str": "FATIGUE",
    "shape": "blast",
    "base_casting_time": 20000,
    "min_damage": 50,
    "damage_increment": 10.0,
    "max_damage": 300,
    "max_level": 25,
    "base_energy_cost": 500,
    "energy_increment": 20,
    "final_energy_cost": 1000,
    "difficulty": 4
  }
]