[
 {
    "id": "sacred_flame",
    "type": "SPELL",
    "name": "Sacred Flame",
    "description": "You fire a burst of divine flame, burning a target.",
    "valid_targets": [ "hostile", "self", "ground", "ally" ],
    "flags": [ "CONCENTRATE", "SOMATIC", "NO_LEGS", "IGNITE_FLAMMABLE" ],
    "effect": "attack",
    "shape": "blast",
    "damage_type": "heat",
    "min_damage": 10,
    "damage_increment": 4.0,
    "max_damage": 10,
    "min_range": 3,
    "range_increment": 0.5,
    "max_range": 11,
    "base_energy_cost": 0,
    "spell_class": "CLERIC_I",
	"skill": "faith",  
    "difficulty": 0,
    "max_level": 10,
    "base_casting_time": 90,
    "energy_source": "MANA"
  },
  {
    "id": "holy_ray",
    "type": "SPELL",
    "name": "Holy Ray",
    "description": "You draw upon your divine connection, and send forth a ray of light.",
    "valid_targets": [ "ally", "hostile", "ground" ],
    "effect": "attack",
    "shape": "line",
    "damage_type": "pure",
    "base_casting_time": 200,
    "base_energy_cost": 8000,
    "energy_source": "STAMINA",
    "spell_class": "CLERIC_I",
	"skill": "faith",  
    "flags": [ "LOUD", "SOMATIC", "VERBAL", "CONCENTRATE" ],
    "difficulty": 6,
    "max_level": 20,
    "min_damage": 30,
    "max_damage": 100,
    "damage_increment": 3.25,
    "min_range": 3,
    "max_range": 12,
    "range_increment": 0.45,
    "min_aoe": 1,
    "max_aoe": 5,
    "aoe_increment": 0.2
  },
  {
    "id": "cleric_burning_hands",
    "type": "SPELL",
    "name": "Burning Hands",
    "description": "You project a cone of fire",
    "valid_targets": [ "ally", "hostile", "ground" ],
    "effect": "attack",
    "shape": "cone",
    "damage_type": "heat",
    "base_casting_time": 100,
    "base_energy_cost": 100,
    "energy_source": "MANA",
    "spell_class": "CLERIC_I",
	"skill": "faith",  
    "flags": [ "SOMATIC", "VERBAL", "CONCENTRATE", "IGNITE_FLAMMABLE" ],
    "difficulty": 1,
    "max_level": 20,
    "min_damage": 18,
    "max_damage": 60,
    "damage_increment": 2.1,
    "min_range": 3,
    "max_range": 8,
    "range_increment": 0.25,
    "min_aoe": 15,
    "max_aoe": 15,
    "aoe_increment": 0
  },
  {
    "id": "mu_c_spell_flamestrike",
    "type": "SPELL",
    "name": "Flamestrike",
    "description": "You hurl a tounge of magical fire.",
    "message": "you cast %s",
    "valid_targets": [ "hostile", "ground", "ally" ],
    "effect": "attack",
    "shape": "blast",
    "flags": [ "VERBAL", "SOMATIC", "IGNITE_FLAMMABLE" ],
    "spell_class": "CLERIC_I",
	"skill": "faith",  
    "energy_source": "MANA",
    "difficulty": 6,
    "max_level": 10,
    "base_casting_time": 100,
    "casting_time_increment": -1,
    "final_casting_time": 80,
    "base_energy_cost": 100,
    "energy_increment": -1,
    "final_energy_cost": 80,
    "min_damage": 100,
    "max_damage": 250,
    "damage_increment": 15,
    "damage_type": "heat",
    "min_aoe": 1,
    "max_aoe": 2,
    "aoe_increment": 0.25,
    "min_range": 10,
    "max_range": 25,
    "range_increment": 1,
    "field_id": "fd_fire",
    "field_chance": 1,
    "min_field_intensity": 1,
    "max_field_intensity": 1,
    "field_intensity_increment": 0.25,
    "field_intensity_variance": 0.5
  },
  {
    "id": "firesphere",
    "type": "SPELL",
    "name": "Flame Sphere",
    "description": "You concentrate a wall of fire around yourself, and launch it outwards.",
    "effect": "attack",
    "shape": "blast",
    "flags": [ "NO_LEGS", "SOMATIC", "VERBAL", "IGNITE_FLAMMABLE" ],
    "valid_targets": [ "ally", "hostile", "ground" ],
    "spell_class": "CLERIC_I",
	"skill": "faith",  
    "min_range": 0,
    "max_range": 0,
    "min_aoe": 2,
    "max_aoe": 6,
    "max_level": 15,
    "difficulty": 3,
    "min_damage": 40,
    "max_damage": 120,
    "damage_increment": 5.3,
    "damage_type": "heat",
    "base_casting_time": 85,
    "energy_source": "MANA",
    "base_energy_cost": 150
  },
  {
    "id": "c_light",
	"type": "SPELL",
	"name": "Light",
	"description": "Shine bright like a diamond.",
	"valid_targets": [ "self", "ally", "hostile", "ground" ],
	"effect": "spawn_item",
        "shape": "blast",
	"effect_str": "mu_light_item",
	"flags": [ "SILENT", "NO_HANDS" ],
	"spell_class": "CLERIC_I",
	"skill": "faith",  
	"energy_source": "MANA",
	"base_casting_time": 300,
    "final_casting_time": 150,
	"base_energy_cost": 100,
    "final_energy_cost": 80,
	"difficulty": 1,
	"max_level": 10,
	"min_damage": 1,
	"max_damage": 1,
	"min_duration": 400000,
	"max_duration": 1300000,
	"duration_increment": 15000
  },
  {
    "id": "hide_demons",
    "type": "SPELL",
    "name": "Hide From Demons",
    "description": "Your knowledge of demons and the powers of your deity allows you to shroud yourself in an aura that makes them think of you as one of their own.",
    "valid_targets": [ "self" ],
    "effect": "spawn_item",
    "shape": "blast",
    "effect_str": "hide_demons_item",
    "flags": [ "SILENT" ],
    "energy_source": "MANA",
	"spell_class": "CLERIC_I",
	"skill": "faith",  
    "base_casting_time": 500,
    "final_casting_time": 500,
    "base_energy_cost": 600,
    "final_energy_cost": 600,
    "difficulty": 3,
    "max_level": 5,
    "min_damage": 1,
    "max_damage": 1,
    "min_duration": 36000,
    "max_duration": 36000
  },
  {
    "id": "hold_demons",
	"type": "SPELL",
	"name": "Hold Demons",
	"description": "If this is cast on demons, they are magically forced to hold hands.",
	"message": "you cast %s",
	"valid_targets": [ "hostile" ],
	"targeted_monster_ids": [
      "mon_mtc_imp",
      "mon_mtc_imp_spearsman",
      "mon_mtc_imp_swordsman",
      "mon_mtc_imp_pyro",
      "mon_mtc_hellhound"
    ],
	"effect": "mod_moves",
        "shape": "blast",
	"flags": [ "SILENT", "VERBAL" ],
	"spell_class": "CLERIC_I",
	"skill": "faith",  
	"energy_source": "MANA",
	"difficulty": 2,
	"max_level": 10,
	"base_casting_time": 100,
	"casting_time_increment": -1,
    "final_casting_time": 80,
	"base_energy_cost": 100,
	"energy_increment": -1,
    "final_energy_cost": 80,
	"min_damage": -1000,
	"max_damage": -6000,
	"damage_increment": -500,
	"min_range": 5,
	"max_range": 10,
	"range_increment": 1,
	"min_aoe": 0,
	"max_aoe": 3,
	"aoe_increment": 0.4
  }
]