[
{
    "type": "npc",
    "id": "acolyte",
    "class": "NPC_ACOLYTE",
    "attitude": 0,
    "mission": 3,
    "chat": "TALK_NPC_ACOLYTE",   
    "mission_offered": [ "MISSION_HOLY_SYMBOL", "MISSION_SAINT_BENEVOLENCE" ],
    "faction": "kingdom"
  },
{
    "type": "npc",
    "id": "cleric",
    "class": "NPC_ACOLYTE",
    "attitude": 0,
    "mission": 3,
    "chat": "TALK_NPC_CLERIC",    
    "mission_offered": [ "MISSION_CLERIC_1" ],
    "faction": "kingdom"
  },
{
    "type": "npc",
    "id": "cleric_scribe",
    "class": "NPC_ACOLYTE_SCRIBE",
    "attitude": 0,
    "mission": 3,
    "chat": "TALK_NPC_CLERIC_SCROLLKEEPER",
    "faction": "kingdom"
  } 
]