[
{
    "type": "talk_topic",
    "id": "TALK_NPC_ACOLYTE",
    "dynamic_line": [ "Blessings unto you.", "May the gods guide you.", "Come to worship?", "Within this time, the divine shall prevail." ],
    "responses": [
                {
		"text": "Who are you?",
		"topic": "TALK_NPC_ACOLYTE_WHO"
		},
                {
		"text": "Is there anything I can help you with?",
		"topic": "TALK_CULT_JOBS",                
                "condition": { "u_has_var": "church_member", "type": "dialogue", "context": "mission" }
		},
		{
		"text": "Goodbye.",
		"topic": "TALK_DONE"
		}
    ]
  },
{
    "type": "talk_topic",
    "id": "TALK_NPC_ACOLYTE_WHO",
    "dynamic_line": [ "I am an acolyte here, and I act as an intermediary between the gods. If you need any help in those regards, come to me." ],
    "responses": [
		{
		"text": "Thanks.",
		"topic": "TALK_DONE"
		}
    ]
  }  
]