[
{ 
    "result": "divine_longsword+4",
    "type": "recipe",
    "category": "CC_ARCANE",
    "subcategory": "CSC_ARCANE_WEAPONRY",
    "skill_used": "faith",
    "skills_required": [ "faith", 9 ],
    "difficulty": 9,
    "time": "180 m",
    "book_learn": [ [ "divine_weapon_adv", 1 ] ],
    "tools": [ [ [ "t_daltar", -1 ] ] ],
    "components": [ [ [ "incense", 12 ] ], [ [ "longsword", 1 ] ] ],
    "byproducts": [ [ "ash", 6 ] ],
    "proficiencies": [
      { "proficiency": "prof_infusion", "required": true } 
                     ]   
  }, 
{ 
    "result": "divine_wood_sword+4",
    "type": "recipe",
    "category": "CC_ARCANE",
    "subcategory": "CSC_ARCANE_WEAPONRY",
    "skill_used": "faith",
    "skills_required": [ "faith", 9 ],
    "difficulty": 9,
    "time": "180 m",
    "book_learn": [ [ "divine_weapon_adv", 1 ] ],
    "tools": [ [ [ "t_daltar", -1 ] ] ],
    "components": [ [ [ "incense", 12 ] ], [ [ "sword_wood", 1 ] ] ],
    "byproducts": [ [ "ash", 6 ] ],
    "proficiencies": [
      { "proficiency": "prof_infusion", "required": true } 
                     ]   
  }, 
{ 
    "result": "divine_makeshift_knife+4",
    "type": "recipe",
    "category": "CC_ARCANE",
    "subcategory": "CSC_ARCANE_WEAPONRY",
    "skill_used": "faith",
    "skills_required": [ "faith", 9 ],
    "difficulty": 9,
    "time": "180 m",
    "book_learn": [ [ "divine_weapon_adv", 1 ] ],
    "tools": [ [ [ "t_daltar", -1 ] ] ],
    "components": [ [ [ "incense", 12 ] ], [ [ "makeshift_knife", 1 ] ] ],
    "byproducts": [ [ "ash", 6 ] ],
    "proficiencies": [
      { "proficiency": "prof_infusion", "required": true } 
                     ]   
  }, 
{ 
    "result": "divine_knife_baselard+4",
    "type": "recipe",
    "category": "CC_ARCANE",
    "subcategory": "CSC_ARCANE_WEAPONRY",
    "skill_used": "faith",
    "skills_required": [ "faith", 9 ],
    "difficulty": 9,
    "time": "180 m",
    "book_learn": [ [ "divine_weapon_adv", 1 ] ],
    "tools": [ [ [ "t_daltar", -1 ] ] ],
    "components": [ [ [ "incense", 12 ] ], [ [ "knife_baselard", 1 ] ] ],
    "byproducts": [ [ "ash", 6 ] ],
    "proficiencies": [
      { "proficiency": "prof_infusion", "required": true } 
                     ]   
  }, 
{ 
    "result": "divine_machete+4",
    "type": "recipe",
    "category": "CC_ARCANE",
    "subcategory": "CSC_ARCANE_WEAPONRY",
    "skill_used": "faith",
    "skills_required": [ "faith", 9 ],
    "difficulty": 9,
    "time": "180 m",
    "book_learn": [ [ "divine_weapon_adv", 1 ] ],
    "tools": [ [ [ "t_daltar", -1 ] ] ],
    "components": [ [ [ "incense", 12 ] ], [ [ "machete", 1 ] ] ],
    "byproducts": [ [ "ash", 6 ] ],
    "proficiencies": [
      { "proficiency": "prof_infusion", "required": true } 
                     ]   
  }, 
{ 
    "result": "divine_cavalry_sabre+4",
    "type": "recipe",
    "category": "CC_ARCANE",
    "subcategory": "CSC_ARCANE_WEAPONRY",
    "skill_used": "faith",
    "skills_required": [ "faith", 9 ],
    "difficulty": 9,
    "time": "180 m",
    "book_learn": [ [ "divine_weapon_adv", 1 ] ],
    "tools": [ [ [ "t_daltar", -1 ] ] ],
    "components": [ [ [ "incense", 12 ] ], [ [ "cavalry_sabre", 1 ] ] ],
    "byproducts": [ [ "ash", 6 ] ],
    "proficiencies": [
      { "proficiency": "prof_infusion", "required": true } 
                     ]   
  }, 
{ 
    "result": "divine_kris+4",
    "type": "recipe",
    "category": "CC_ARCANE",
    "subcategory": "CSC_ARCANE_WEAPONRY",
    "skill_used": "faith",
    "skills_required": [ "faith", 9 ],
    "difficulty": 9,
    "time": "180 m",
    "book_learn": [ [ "divine_weapon_adv", 1 ] ],
    "tools": [ [ [ "t_daltar", -1 ] ] ],
    "components": [ [ [ "incense", 12 ] ], [ [ "kris", 1 ] ] ],
    "byproducts": [ [ "ash", 6 ] ],
    "proficiencies": [
      { "proficiency": "prof_infusion", "required": true } 
                     ]   
  }, 
{ 
    "result": "divine_kukri+4",
    "type": "recipe",
    "category": "CC_ARCANE",
    "subcategory": "CSC_ARCANE_WEAPONRY",
    "skill_used": "faith",
    "skills_required": [ "faith", 9 ],
    "difficulty": 9,
    "time": "180 m",
    "book_learn": [ [ "divine_weapon_adv", 1 ] ],
    "tools": [ [ [ "t_daltar", -1 ] ] ],
    "components": [ [ [ "incense", 12 ] ], [ [ "kukri", 1 ] ] ],
    "byproducts": [ [ "ash", 6 ] ],
    "proficiencies": [
      { "proficiency": "prof_infusion", "required": true } 
                     ]   
  }, 
{ 
    "result": "divine_jian+4",
    "type": "recipe",
    "category": "CC_ARCANE",
    "subcategory": "CSC_ARCANE_WEAPONRY",
    "skill_used": "faith",
    "skills_required": [ "faith", 9 ],
    "difficulty": 9,
    "time": "180 m",
    "book_learn": [ [ "divine_weapon_adv", 1 ] ],
    "tools": [ [ [ "t_daltar", -1 ] ] ],
    "components": [ [ [ "incense", 12 ] ], [ [ "jian", 1 ] ] ],
    "byproducts": [ [ "ash", 6 ] ],
    "proficiencies": [
      { "proficiency": "prof_infusion", "required": true } 
                     ]   
  }, 
{ 
    "result": "divine_scimitar+4",
    "type": "recipe",
    "category": "CC_ARCANE",
    "subcategory": "CSC_ARCANE_WEAPONRY",
    "skill_used": "faith",
    "skills_required": [ "faith", 9 ],
    "difficulty": 9,
    "time": "180 m",
    "book_learn": [ [ "divine_weapon_adv", 1 ] ],
    "tools": [ [ [ "t_daltar", -1 ] ] ],
    "components": [ [ [ "incense", 12 ] ], [ [ "scimitar", 1 ] ] ],
    "byproducts": [ [ "ash", 6 ] ],
    "proficiencies": [
      { "proficiency": "prof_infusion", "required": true } 
                     ]   
  }, 
{ 
    "result": "divine_estoc+4",
    "type": "recipe",
    "category": "CC_ARCANE",
    "subcategory": "CSC_ARCANE_WEAPONRY",
    "skill_used": "faith",
    "skills_required": [ "faith", 9 ],
    "difficulty": 9,
    "time": "180 m",
    "book_learn": [ [ "divine_weapon_adv", 1 ] ],
    "tools": [ [ [ "t_daltar", -1 ] ] ],
    "components": [ [ [ "incense", 12 ] ], [ [ "estoc", 1 ] ] ],
    "byproducts": [ [ "ash", 6 ] ],
    "proficiencies": [
      { "proficiency": "prof_infusion", "required": true } 
                     ]   
  }, 
{ 
    "result": "divine_arming_sword+4",
    "type": "recipe",
    "category": "CC_ARCANE",
    "subcategory": "CSC_ARCANE_WEAPONRY",
    "skill_used": "faith",
    "skills_required": [ "faith", 9 ],
    "difficulty": 9,
    "time": "180 m",
    "book_learn": [ [ "divine_weapon_adv", 1 ] ],
    "tools": [ [ [ "t_daltar", -1 ] ] ],
    "components": [ [ [ "incense", 12 ] ], [ [ "arming_sword", 1 ] ] ],
    "byproducts": [ [ "ash", 6 ] ],
    "proficiencies": [
      { "proficiency": "prof_infusion", "required": true } 
                     ]   
  }, 
{ 
    "result": "divine_tanto+4",
    "type": "recipe",
    "category": "CC_ARCANE",
    "subcategory": "CSC_ARCANE_WEAPONRY",
    "skill_used": "faith",
    "skills_required": [ "faith", 9 ],
    "difficulty": 9,
    "time": "180 m",
    "book_learn": [ [ "divine_weapon_adv", 1 ] ],
    "tools": [ [ [ "t_daltar", -1 ] ] ],
    "components": [ [ [ "incense", 12 ] ], [ [ "tanto", 1 ] ] ],
    "byproducts": [ [ "ash", 6 ] ],
    "proficiencies": [
      { "proficiency": "prof_infusion", "required": true } 
                     ]   
  }, 
{ 
    "result": "divine_wakizashi+4",
    "type": "recipe",
    "category": "CC_ARCANE",
    "subcategory": "CSC_ARCANE_WEAPONRY",
    "skill_used": "faith",
    "skills_required": [ "faith", 9 ],
    "difficulty": 9,
    "time": "180 m",
    "book_learn": [ [ "divine_weapon_adv", 1 ] ],
    "tools": [ [ [ "t_daltar", -1 ] ] ],
    "components": [ [ [ "incense", 12 ] ], [ [ "wakizashi", 1 ] ] ],
    "byproducts": [ [ "ash", 6 ] ],
    "proficiencies": [
      { "proficiency": "prof_infusion", "required": true } 
                     ]   
  }, 
{ 
    "result": "divine_zweihander+4",
    "type": "recipe",
    "category": "CC_ARCANE",
    "subcategory": "CSC_ARCANE_WEAPONRY",
    "skill_used": "faith",
    "skills_required": [ "faith", 9 ],
    "difficulty": 9,
    "time": "180 m",
    "book_learn": [ [ "divine_weapon_adv", 1 ] ],
    "tools": [ [ [ "t_daltar", -1 ] ] ],
    "components": [ [ [ "incense", 12 ] ], [ [ "zweihander", 1 ] ] ],
    "byproducts": [ [ "ash", 6 ] ],
    "proficiencies": [
      { "proficiency": "prof_infusion", "required": true } 
                     ]   
  }, 
{ 
    "result": "divine_nodachi+4",
    "type": "recipe",
    "category": "CC_ARCANE",
    "subcategory": "CSC_ARCANE_WEAPONRY",
    "skill_used": "faith",
    "skills_required": [ "faith", 9 ],
    "difficulty": 9,
    "time": "180 m",
    "book_learn": [ [ "divine_weapon_adv", 1 ] ],
    "tools": [ [ [ "t_daltar", -1 ] ] ],
    "components": [ [ [ "incense", 12 ] ], [ [ "nodachi", 1 ] ] ],
    "byproducts": [ [ "ash", 6 ] ],
    "proficiencies": [
      { "proficiency": "prof_infusion", "required": true } 
                     ]   
  }, 
{ 
    "result": "divine_broadsword+4",
    "type": "recipe",
    "category": "CC_ARCANE",
    "subcategory": "CSC_ARCANE_WEAPONRY",
    "skill_used": "faith",
    "skills_required": [ "faith", 9 ],
    "difficulty": 9,
    "time": "180 m",
    "book_learn": [ [ "divine_weapon_adv", 1 ] ],
    "tools": [ [ [ "t_daltar", -1 ] ] ],
    "components": [ [ [ "incense", 12 ] ], [ [ "broadsword", 1 ] ] ],
    "byproducts": [ [ "ash", 6 ] ],
    "proficiencies": [
      { "proficiency": "prof_infusion", "required": true } 
                     ]   
  }, 
{ 
    "result": "divine_rapier+4",
    "type": "recipe",
    "category": "CC_ARCANE",
    "subcategory": "CSC_ARCANE_WEAPONRY",
    "skill_used": "faith",
    "skills_required": [ "faith", 9 ],
    "difficulty": 9,
    "time": "180 m",
    "book_learn": [ [ "divine_weapon_adv", 1 ] ],
    "tools": [ [ [ "t_daltar", -1 ] ] ],
    "components": [ [ [ "incense", 12 ] ], [ [ "rapier", 1 ] ] ],
    "byproducts": [ [ "ash", 6 ] ],
    "proficiencies": [
      { "proficiency": "prof_infusion", "required": true } 
                     ]   
  }, 
{ 
    "result": "divine_katana+4",
    "type": "recipe",
    "category": "CC_ARCANE",
    "subcategory": "CSC_ARCANE_WEAPONRY",
    "skill_used": "faith",
    "skills_required": [ "faith", 9 ],
    "difficulty": 9,
    "time": "180 m",
    "book_learn": [ [ "divine_weapon_adv", 1 ] ],
    "tools": [ [ [ "t_daltar", -1 ] ] ],
    "components": [ [ [ "incense", 12 ] ], [ [ "katana", 1 ] ] ],
    "byproducts": [ [ "ash", 6 ] ],
    "proficiencies": [
      { "proficiency": "prof_infusion", "required": true } 
                     ]   
  }, 
{ 
    "result": "divine_butterfly_swords+4",
    "type": "recipe",
    "category": "CC_ARCANE",
    "subcategory": "CSC_ARCANE_WEAPONRY",
    "skill_used": "faith",
    "skills_required": [ "faith", 9 ],
    "difficulty": 9,
    "time": "180 m",
    "book_learn": [ [ "divine_weapon_adv", 1 ] ],
    "tools": [ [ [ "t_daltar", -1 ] ] ],
    "components": [ [ [ "incense", 12 ] ], [ [ "butterfly_swords", 1 ] ] ],
    "byproducts": [ [ "ash", 6 ] ],
    "proficiencies": [
      { "proficiency": "prof_infusion", "required": true } 
                     ]   
  }, 
{ 
    "result": "divine_cutlass+4",
    "type": "recipe",
    "category": "CC_ARCANE",
    "subcategory": "CSC_ARCANE_WEAPONRY",
    "skill_used": "faith",
    "skills_required": [ "faith", 9 ],
    "difficulty": 9,
    "time": "180 m",
    "book_learn": [ [ "divine_weapon_adv", 1 ] ],
    "tools": [ [ [ "t_daltar", -1 ] ] ],
    "components": [ [ [ "incense", 12 ] ], [ [ "cutlass", 1 ] ] ],
    "byproducts": [ [ "ash", 6 ] ],
    "proficiencies": [
      { "proficiency": "prof_infusion", "required": true } 
                     ]   
  }, 
{ 
    "result": "divine_lajatang+4",
    "type": "recipe",
    "category": "CC_ARCANE",
    "subcategory": "CSC_ARCANE_WEAPONRY",
    "skill_used": "faith",
    "skills_required": [ "faith", 9 ],
    "difficulty": 9,
    "time": "180 m",
    "book_learn": [ [ "divine_weapon_adv", 1 ] ],
    "tools": [ [ [ "t_daltar", -1 ] ] ],
    "components": [ [ [ "incense", 12 ] ], [ [ "lajatang", 1 ] ] ],
    "byproducts": [ [ "ash", 6 ] ],
    "proficiencies": [
      { "proficiency": "prof_infusion", "required": true } 
                     ]   
  }, 
{ 
    "result": "divine_war_flail+4",
    "type": "recipe",
    "category": "CC_ARCANE",
    "subcategory": "CSC_ARCANE_WEAPONRY",
    "skill_used": "faith",
    "skills_required": [ "faith", 9 ],
    "difficulty": 9,
    "time": "180 m",
    "book_learn": [ [ "divine_weapon_adv", 1 ] ],
    "tools": [ [ [ "t_daltar", -1 ] ] ],
    "components": [ [ [ "incense", 12 ] ], [ [ "2h_flail_steel", 1 ] ] ],
    "byproducts": [ [ "ash", 6 ] ],
    "proficiencies": [
      { "proficiency": "prof_infusion", "required": true } 
                     ]   
  }, 
{ 
    "result": "divine_peasant_flail+4",
    "type": "recipe",
    "category": "CC_ARCANE",
    "subcategory": "CSC_ARCANE_WEAPONRY",
    "skill_used": "faith",
    "skills_required": [ "faith", 9 ],
    "difficulty": 9,
    "time": "180 m",
    "book_learn": [ [ "divine_weapon_adv", 1 ] ],
    "tools": [ [ [ "t_daltar", -1 ] ] ],
    "components": [ [ [ "incense", 12 ] ], [ [ "2h_flail_wood", 1 ] ] ],
    "byproducts": [ [ "ash", 6 ] ],
    "proficiencies": [
      { "proficiency": "prof_infusion", "required": true } 
                     ]   
  }, 
{ 
    "result": "divine_battleaxe+4",
    "type": "recipe",
    "category": "CC_ARCANE",
    "subcategory": "CSC_ARCANE_WEAPONRY",
    "skill_used": "faith",
    "skills_required": [ "faith", 9 ],
    "difficulty": 9,
    "time": "180 m",
    "book_learn": [ [ "divine_weapon_adv", 1 ] ],
    "tools": [ [ [ "t_daltar", -1 ] ] ],
    "components": [ [ [ "incense", 12 ] ], [ [ "battleaxe", 1 ] ] ],
    "byproducts": [ [ "ash", 6 ] ],
    "proficiencies": [
      { "proficiency": "prof_infusion", "required": true } 
                     ]   
  }, 
{ 
    "result": "divine_bokken+4",
    "type": "recipe",
    "category": "CC_ARCANE",
    "subcategory": "CSC_ARCANE_WEAPONRY",
    "skill_used": "faith",
    "skills_required": [ "faith", 9 ],
    "difficulty": 9,
    "time": "180 m",
    "book_learn": [ [ "divine_weapon_adv", 1 ] ],
    "tools": [ [ [ "t_daltar", -1 ] ] ],
    "components": [ [ [ "incense", 12 ] ], [ [ "bokken", 1 ] ] ],
    "byproducts": [ [ "ash", 6 ] ],
    "proficiencies": [
      { "proficiency": "prof_infusion", "required": true } 
                     ]   
  }, 
{ 
    "result": "divine_cudgel+4",
    "type": "recipe",
    "category": "CC_ARCANE",
    "subcategory": "CSC_ARCANE_WEAPONRY",
    "skill_used": "faith",
    "skills_required": [ "faith", 9 ],
    "difficulty": 9,
    "time": "180 m",
    "book_learn": [ [ "divine_weapon_adv", 1 ] ],
    "tools": [ [ [ "t_daltar", -1 ] ] ],
    "components": [ [ [ "incense", 12 ] ], [ [ "cudgel", 1 ] ] ],
    "byproducts": [ [ "ash", 6 ] ],
    "proficiencies": [
      { "proficiency": "prof_infusion", "required": true } 
                     ]   
  }, 
{ 
    "result": "divine_hammer_sledge+4",
    "type": "recipe",
    "category": "CC_ARCANE",
    "subcategory": "CSC_ARCANE_WEAPONRY",
    "skill_used": "faith",
    "skills_required": [ "faith", 9 ],
    "difficulty": 9,
    "time": "180 m",
    "book_learn": [ [ "divine_weapon_adv", 1 ] ],
    "tools": [ [ [ "t_daltar", -1 ] ] ],
    "components": [ [ [ "incense", 12 ] ], [ [ "hammer_sledge", 1 ] ] ],
    "byproducts": [ [ "ash", 6 ] ],
    "proficiencies": [
      { "proficiency": "prof_infusion", "required": true } 
                     ]   
  }, 
{ 
    "result": "divine_lucern_hammer+4",
    "type": "recipe",
    "category": "CC_ARCANE",
    "subcategory": "CSC_ARCANE_WEAPONRY",
    "skill_used": "faith",
    "skills_required": [ "faith", 9 ],
    "difficulty": 9,
    "time": "180 m",
    "book_learn": [ [ "divine_weapon_adv", 1 ] ],
    "tools": [ [ [ "t_daltar", -1 ] ] ],
    "components": [ [ [ "incense", 12 ] ], [ [ "lucern_hammer", 1 ] ] ],
    "byproducts": [ [ "ash", 6 ] ],
    "proficiencies": [
      { "proficiency": "prof_infusion", "required": true } 
                     ]   
  }, 
{ 
    "result": "divine_mace+4",
    "type": "recipe",
    "category": "CC_ARCANE",
    "subcategory": "CSC_ARCANE_WEAPONRY",
    "skill_used": "faith",
    "skills_required": [ "faith", 9 ],
    "difficulty": 9,
    "time": "180 m",
    "book_learn": [ [ "divine_weapon_adv", 1 ] ],
    "tools": [ [ [ "t_daltar", -1 ] ] ],
    "components": [ [ [ "incense", 12 ] ], [ [ "mace", 1 ] ] ],
    "byproducts": [ [ "ash", 6 ] ],
    "proficiencies": [
      { "proficiency": "prof_infusion", "required": true } 
                     ]   
  }, 
{ 
    "result": "divine_morningstar+4",
    "type": "recipe",
    "category": "CC_ARCANE",
    "subcategory": "CSC_ARCANE_WEAPONRY",
    "skill_used": "faith",
    "skills_required": [ "faith", 9 ],
    "difficulty": 9,
    "time": "180 m",
    "book_learn": [ [ "divine_weapon_adv", 1 ] ],
    "tools": [ [ [ "t_daltar", -1 ] ] ],
    "components": [ [ [ "incense", 12 ] ], [ [ "morningstar", 1 ] ] ],
    "byproducts": [ [ "ash", 6 ] ],
    "proficiencies": [
      { "proficiency": "prof_infusion", "required": true } 
                     ]   
  }, 
{ 
    "result": "divine_q_staff+4",
    "type": "recipe",
    "category": "CC_ARCANE",
    "subcategory": "CSC_ARCANE_WEAPONRY",
    "skill_used": "faith",
    "skills_required": [ "faith", 9 ],
    "difficulty": 9,
    "time": "180 m",
    "book_learn": [ [ "divine_weapon_adv", 1 ] ],
    "tools": [ [ [ "t_daltar", -1 ] ] ],
    "components": [ [ [ "incense", 12 ] ], [ [ "q_staff", 1 ] ] ],
    "byproducts": [ [ "ash", 6 ] ],
    "proficiencies": [
      { "proficiency": "prof_infusion", "required": true } 
                     ]   
  }, 
{ 
    "result": "divine_shillelagh+4",
    "type": "recipe",
    "category": "CC_ARCANE",
    "subcategory": "CSC_ARCANE_WEAPONRY",
    "skill_used": "faith",
    "skills_required": [ "faith", 9 ],
    "difficulty": 9,
    "time": "180 m",
    "book_learn": [ [ "divine_weapon_adv", 1 ] ],
    "tools": [ [ [ "t_daltar", -1 ] ] ],
    "components": [ [ [ "incense", 12 ] ], [ [ "shillelagh", 1 ] ] ],
    "byproducts": [ [ "ash", 6 ] ],
    "proficiencies": [
      { "proficiency": "prof_infusion", "required": true } 
                     ]   
  }, 
{ 
    "result": "divine_tonfa_wood+4",
    "type": "recipe",
    "category": "CC_ARCANE",
    "subcategory": "CSC_ARCANE_WEAPONRY",
    "skill_used": "faith",
    "skills_required": [ "faith", 9 ],
    "difficulty": 9,
    "time": "180 m",
    "book_learn": [ [ "divine_weapon_adv", 1 ] ],
    "tools": [ [ [ "t_daltar", -1 ] ] ],
    "components": [ [ [ "incense", 12 ] ], [ [ "tonfa_wood", 1 ] ] ],
    "byproducts": [ [ "ash", 6 ] ],
    "proficiencies": [
      { "proficiency": "prof_infusion", "required": true } 
                     ]   
  }, 
{ 
    "result": "divine_warhammer+4",
    "type": "recipe",
    "category": "CC_ARCANE",
    "subcategory": "CSC_ARCANE_WEAPONRY",
    "skill_used": "faith",
    "skills_required": [ "faith", 9 ],
    "difficulty": 9,
    "time": "180 m",
    "book_learn": [ [ "divine_weapon_adv", 1 ] ],
    "tools": [ [ [ "t_daltar", -1 ] ] ],
    "components": [ [ [ "incense", 12 ] ], [ [ "warhammer", 1 ] ] ],
    "byproducts": [ [ "ash", 6 ] ],
    "proficiencies": [
      { "proficiency": "prof_infusion", "required": true } 
                     ]   
  }, 
{ 
    "result": "divine_pitchfork+4",
    "type": "recipe",
    "category": "CC_ARCANE",
    "subcategory": "CSC_ARCANE_WEAPONRY",
    "skill_used": "faith",
    "skills_required": [ "faith", 9 ],
    "difficulty": 9,
    "time": "180 m",
    "book_learn": [ [ "divine_weapon_adv", 1 ] ],
    "tools": [ [ [ "t_daltar", -1 ] ] ],
    "components": [ [ [ "incense", 12 ] ], [ [ "pitchfork", 1 ] ] ],
    "byproducts": [ [ "ash", 6 ] ],
    "proficiencies": [
      { "proficiency": "prof_infusion", "required": true } 
                     ]   
  }, 
{ 
    "result": "divine_spear_steel+4",
    "type": "recipe",
    "category": "CC_ARCANE",
    "subcategory": "CSC_ARCANE_WEAPONRY",
    "skill_used": "faith",
    "skills_required": [ "faith", 9 ],
    "difficulty": 9,
    "time": "180 m",
    "book_learn": [ [ "divine_weapon_adv", 1 ] ],
    "tools": [ [ [ "t_daltar", -1 ] ] ],
    "components": [ [ [ "incense", 12 ] ], [ [ "spear_steel", 1 ] ] ],
    "byproducts": [ [ "ash", 6 ] ],
    "proficiencies": [
      { "proficiency": "prof_infusion", "required": true } 
                     ]   
  }, 
{ 
    "result": "divine_qiang+4",
    "type": "recipe",
    "category": "CC_ARCANE",
    "subcategory": "CSC_ARCANE_WEAPONRY",
    "skill_used": "faith",
    "skills_required": [ "faith", 9 ],
    "difficulty": 9,
    "time": "180 m",
    "book_learn": [ [ "divine_weapon_adv", 1 ] ],
    "tools": [ [ [ "t_daltar", -1 ] ] ],
    "components": [ [ [ "incense", 12 ] ], [ [ "qiang", 1 ] ] ],
    "byproducts": [ [ "ash", 6 ] ],
    "proficiencies": [
      { "proficiency": "prof_infusion", "required": true } 
                     ]   
  }, 
{ 
    "result": "divine_halberd+4",
    "type": "recipe",
    "category": "CC_ARCANE",
    "subcategory": "CSC_ARCANE_WEAPONRY",
    "skill_used": "faith",
    "skills_required": [ "faith", 9 ],
    "difficulty": 9,
    "time": "180 m",
    "book_learn": [ [ "divine_weapon_adv", 1 ] ],
    "tools": [ [ [ "t_daltar", -1 ] ] ],
    "components": [ [ [ "incense", 12 ] ], [ [ "halberd", 1 ] ] ],
    "byproducts": [ [ "ash", 6 ] ],
    "proficiencies": [
      { "proficiency": "prof_infusion", "required": true } 
                     ]   
  }, 
{ 
    "result": "divine_glaive+4",
    "type": "recipe",
    "category": "CC_ARCANE",
    "subcategory": "CSC_ARCANE_WEAPONRY",
    "skill_used": "faith",
    "skills_required": [ "faith", 9 ],
    "difficulty": 9,
    "time": "180 m",
    "book_learn": [ [ "divine_weapon_adv", 1 ] ],
    "tools": [ [ [ "t_daltar", -1 ] ] ],
    "components": [ [ [ "incense", 12 ] ], [ [ "glaive", 1 ] ] ],
    "byproducts": [ [ "ash", 6 ] ],
    "proficiencies": [
      { "proficiency": "prof_infusion", "required": true } 
                     ]   
  }, 
{ 
    "result": "divine_naginata+4",
    "type": "recipe",
    "category": "CC_ARCANE",
    "subcategory": "CSC_ARCANE_WEAPONRY",
    "skill_used": "faith",
    "skills_required": [ "faith", 9 ],
    "difficulty": 9,
    "time": "180 m",
    "book_learn": [ [ "divine_weapon_adv", 1 ] ],
    "tools": [ [ [ "t_daltar", -1 ] ] ],
    "components": [ [ [ "incense", 12 ] ], [ [ "naginata", 1 ] ] ],
    "byproducts": [ [ "ash", 6 ] ],
    "proficiencies": [
      { "proficiency": "prof_infusion", "required": true } 
                     ]   
  }, 
{ 
    "result": "divine_pike+4",
    "type": "recipe",
    "category": "CC_ARCANE",
    "subcategory": "CSC_ARCANE_WEAPONRY",
    "skill_used": "faith",
    "skills_required": [ "faith", 9 ],
    "difficulty": 9,
    "time": "180 m",
    "book_learn": [ [ "divine_weapon_adv", 1 ] ],
    "tools": [ [ [ "t_daltar", -1 ] ] ],
    "components": [ [ [ "incense", 12 ] ], [ [ "pike", 1 ] ] ],
    "byproducts": [ [ "ash", 6 ] ],
    "proficiencies": [
      { "proficiency": "prof_infusion", "required": true } 
                     ]   
  }, 
{ 
    "result": "divine_bagh_nakha+4",
    "type": "recipe",
    "category": "CC_ARCANE",
    "subcategory": "CSC_ARCANE_WEAPONRY",
    "skill_used": "faith",
    "skills_required": [ "faith", 9 ],
    "difficulty": 9,
    "time": "180 m",
    "book_learn": [ [ "divine_weapon_adv", 1 ] ],
    "tools": [ [ [ "t_daltar", -1 ] ] ],
    "components": [ [ [ "incense", 12 ] ], [ [ "bagh_nakha", 1 ] ] ],
    "byproducts": [ [ "ash", 6 ] ],
    "proficiencies": [
      { "proficiency": "prof_infusion", "required": true } 
                     ]   
  }, 
{ 
    "result": "divine_cestus+4",
    "type": "recipe",
    "category": "CC_ARCANE",
    "subcategory": "CSC_ARCANE_WEAPONRY",
    "skill_used": "faith",
    "skills_required": [ "faith", 9 ],
    "difficulty": 9,
    "time": "180 m",
    "book_learn": [ [ "divine_weapon_adv", 1 ] ],
    "tools": [ [ [ "t_daltar", -1 ] ] ],
    "components": [ [ [ "incense", 12 ] ], [ [ "cestus", 1 ] ] ],
    "byproducts": [ [ "ash", 6 ] ],
    "proficiencies": [
      { "proficiency": "prof_infusion", "required": true } 
                     ]   
  }, 
{ 
    "result": "divine_knuckle_brass+4",
    "type": "recipe",
    "category": "CC_ARCANE",
    "subcategory": "CSC_ARCANE_WEAPONRY",
    "skill_used": "faith",
    "skills_required": [ "faith", 9 ],
    "difficulty": 9,
    "time": "180 m",
    "book_learn": [ [ "divine_weapon_adv", 1 ] ],
    "tools": [ [ [ "t_daltar", -1 ] ] ],
    "components": [ [ [ "incense", 12 ] ], [ [ "knuckle_brass", 1 ] ] ],
    "byproducts": [ [ "ash", 6 ] ],
    "proficiencies": [
      { "proficiency": "prof_infusion", "required": true } 
                     ]   
  }, 
{ 
    "result": "divine_punch_dagger+4",
    "type": "recipe",
    "category": "CC_ARCANE",
    "subcategory": "CSC_ARCANE_WEAPONRY",
    "skill_used": "faith",
    "skills_required": [ "faith", 9 ],
    "difficulty": 9,
    "time": "180 m",
    "book_learn": [ [ "divine_weapon_adv", 1 ] ],
    "tools": [ [ [ "t_daltar", -1 ] ] ],
    "components": [ [ [ "incense", 12 ] ], [ [ "punch_dagger", 1 ] ] ],
    "byproducts": [ [ "ash", 6 ] ],
    "proficiencies": [
      { "proficiency": "prof_infusion", "required": true } 
                     ]   
  }
]