[
{ 
    "result": "divine_longsword",
    "type": "recipe",
    "category": "CC_ARCANE",
    "subcategory": "CSC_ARCANE_WEAPONRY",
    "skill_used": "faith",
    "skills_required": [ "faith", 1 ],
    "difficulty": 1,
    "time": "1 h",
    "book_learn": [ [ "divine_weapon", 1 ] ],
    "tools": [ [ [ "t_daltar", -1 ] ] ],
    "components": [ [ [ "incense", 4 ] ], [ [ "longsword", 1 ] ] ],
    "byproducts": [ [ "ash", 2 ] ],
    "proficiencies": [
      { "proficiency": "prof_infusion", "required": false } 
                     ]   
  }, 
{ 
    "result": "divine_wood_sword",
    "type": "recipe",
    "category": "CC_ARCANE",
    "subcategory": "CSC_ARCANE_WEAPONRY",
    "skill_used": "faith",
    "skills_required": [ "faith", 1 ],
    "difficulty": 1,
    "time": "1 h",
    "book_learn": [ [ "divine_weapon", 1 ] ],
    "tools": [ [ [ "t_daltar", -1 ] ] ],
    "components": [ [ [ "incense", 4 ] ], [ [ "sword_wood", 1 ] ] ],
    "byproducts": [ [ "ash", 2 ] ],
    "proficiencies": [
      { "proficiency": "prof_infusion", "required": false } 
                     ]   
  }, 
{ 
    "result": "divine_makeshift_knife",
    "type": "recipe",
    "category": "CC_ARCANE",
    "subcategory": "CSC_ARCANE_WEAPONRY",
    "skill_used": "faith",
    "skills_required": [ "faith", 1 ],
    "difficulty": 1,
    "time": "1 h",
    "book_learn": [ [ "divine_weapon", 1 ] ],
    "tools": [ [ [ "t_daltar", -1 ] ] ],
    "components": [ [ [ "incense", 4 ] ], [ [ "makeshift_knife", 1 ] ] ],
    "byproducts": [ [ "ash", 2 ] ],
    "proficiencies": [
      { "proficiency": "prof_infusion", "required": false } 
                     ]   
  }, 
{ 
    "result": "divine_knife_baselard",
    "type": "recipe",
    "category": "CC_ARCANE",
    "subcategory": "CSC_ARCANE_WEAPONRY",
    "skill_used": "faith",
    "skills_required": [ "faith", 1 ],
    "difficulty": 1,
    "time": "1 h",
    "book_learn": [ [ "divine_weapon", 1 ] ],
    "tools": [ [ [ "t_daltar", -1 ] ] ],
    "components": [ [ [ "incense", 4 ] ], [ [ "knife_baselard", 1 ] ] ],
    "byproducts": [ [ "ash", 2 ] ],
    "proficiencies": [
      { "proficiency": "prof_infusion", "required": false } 
                     ]   
  }, 
{ 
    "result": "divine_machete",
    "type": "recipe",
    "category": "CC_ARCANE",
    "subcategory": "CSC_ARCANE_WEAPONRY",
    "skill_used": "faith",
    "skills_required": [ "faith", 1 ],
    "difficulty": 1,
    "time": "1 h",
    "book_learn": [ [ "divine_weapon", 1 ] ],
    "tools": [ [ [ "t_daltar", -1 ] ] ],
    "components": [ [ [ "incense", 4 ] ], [ [ "machete", 1 ] ] ],
    "byproducts": [ [ "ash", 2 ] ],
    "proficiencies": [
      { "proficiency": "prof_infusion", "required": false } 
                     ]   
  }, 
{ 
    "result": "divine_cavalry_sabre",
    "type": "recipe",
    "category": "CC_ARCANE",
    "subcategory": "CSC_ARCANE_WEAPONRY",
    "skill_used": "faith",
    "skills_required": [ "faith", 1 ],
    "difficulty": 1,
    "time": "1 h",
    "book_learn": [ [ "divine_weapon", 1 ] ],
    "tools": [ [ [ "t_daltar", -1 ] ] ],
    "components": [ [ [ "incense", 4 ] ], [ [ "cavalry_sabre", 1 ] ] ],
    "byproducts": [ [ "ash", 2 ] ],
    "proficiencies": [
      { "proficiency": "prof_infusion", "required": false } 
                     ]   
  }, 
{ 
    "result": "divine_kris",
    "type": "recipe",
    "category": "CC_ARCANE",
    "subcategory": "CSC_ARCANE_WEAPONRY",
    "skill_used": "faith",
    "skills_required": [ "faith", 1 ],
    "difficulty": 1,
    "time": "1 h",
    "book_learn": [ [ "divine_weapon", 1 ] ],
    "tools": [ [ [ "t_daltar", -1 ] ] ],
    "components": [ [ [ "incense", 4 ] ], [ [ "kris", 1 ] ] ],
    "byproducts": [ [ "ash", 2 ] ],
    "proficiencies": [
      { "proficiency": "prof_infusion", "required": false } 
                     ]   
  }, 
{ 
    "result": "divine_kukri",
    "type": "recipe",
    "category": "CC_ARCANE",
    "subcategory": "CSC_ARCANE_WEAPONRY",
    "skill_used": "faith",
    "skills_required": [ "faith", 1 ],
    "difficulty": 1,
    "time": "1 h",
    "book_learn": [ [ "divine_weapon", 1 ] ],
    "tools": [ [ [ "t_daltar", -1 ] ] ],
    "components": [ [ [ "incense", 4 ] ], [ [ "kukri", 1 ] ] ],
    "byproducts": [ [ "ash", 2 ] ],
    "proficiencies": [
      { "proficiency": "prof_infusion", "required": false } 
                     ]   
  }, 
{ 
    "result": "divine_jian",
    "type": "recipe",
    "category": "CC_ARCANE",
    "subcategory": "CSC_ARCANE_WEAPONRY",
    "skill_used": "faith",
    "skills_required": [ "faith", 1 ],
    "difficulty": 1,
    "time": "1 h",
    "book_learn": [ [ "divine_weapon", 1 ] ],
    "tools": [ [ [ "t_daltar", -1 ] ] ],
    "components": [ [ [ "incense", 4 ] ], [ [ "jian", 1 ] ] ],
    "byproducts": [ [ "ash", 2 ] ],
    "proficiencies": [
      { "proficiency": "prof_infusion", "required": false } 
                     ]   
  }, 
{ 
    "result": "divine_scimitar",
    "type": "recipe",
    "category": "CC_ARCANE",
    "subcategory": "CSC_ARCANE_WEAPONRY",
    "skill_used": "faith",
    "skills_required": [ "faith", 1 ],
    "difficulty": 1,
    "time": "1 h",
    "book_learn": [ [ "divine_weapon", 1 ] ],
    "tools": [ [ [ "t_daltar", -1 ] ] ],
    "components": [ [ [ "incense", 4 ] ], [ [ "scimitar", 1 ] ] ],
    "byproducts": [ [ "ash", 2 ] ],
    "proficiencies": [
      { "proficiency": "prof_infusion", "required": false } 
                     ]   
  }, 
{ 
    "result": "divine_estoc",
    "type": "recipe",
    "category": "CC_ARCANE",
    "subcategory": "CSC_ARCANE_WEAPONRY",
    "skill_used": "faith",
    "skills_required": [ "faith", 1 ],
    "difficulty": 1,
    "time": "1 h",
    "book_learn": [ [ "divine_weapon", 1 ] ],
    "tools": [ [ [ "t_daltar", -1 ] ] ],
    "components": [ [ [ "incense", 4 ] ], [ [ "estoc", 1 ] ] ],
    "byproducts": [ [ "ash", 2 ] ],
    "proficiencies": [
      { "proficiency": "prof_infusion", "required": false } 
                     ]   
  }, 
{ 
    "result": "divine_arming_sword",
    "type": "recipe",
    "category": "CC_ARCANE",
    "subcategory": "CSC_ARCANE_WEAPONRY",
    "skill_used": "faith",
    "skills_required": [ "faith", 1 ],
    "difficulty": 1,
    "time": "1 h",
    "book_learn": [ [ "divine_weapon", 1 ] ],
    "tools": [ [ [ "t_daltar", -1 ] ] ],
    "components": [ [ [ "incense", 4 ] ], [ [ "arming_sword", 1 ] ] ],
    "byproducts": [ [ "ash", 2 ] ],
    "proficiencies": [
      { "proficiency": "prof_infusion", "required": false } 
                     ]   
  }, 
{ 
    "result": "divine_tanto",
    "type": "recipe",
    "category": "CC_ARCANE",
    "subcategory": "CSC_ARCANE_WEAPONRY",
    "skill_used": "faith",
    "skills_required": [ "faith", 1 ],
    "difficulty": 1,
    "time": "1 h",
    "book_learn": [ [ "divine_weapon", 1 ] ],
    "tools": [ [ [ "t_daltar", -1 ] ] ],
    "components": [ [ [ "incense", 4 ] ], [ [ "tanto", 1 ] ] ],
    "byproducts": [ [ "ash", 2 ] ],
    "proficiencies": [
      { "proficiency": "prof_infusion", "required": false } 
                     ]   
  }, 
{ 
    "result": "divine_wakizashi",
    "type": "recipe",
    "category": "CC_ARCANE",
    "subcategory": "CSC_ARCANE_WEAPONRY",
    "skill_used": "faith",
    "skills_required": [ "faith", 1 ],
    "difficulty": 1,
    "time": "1 h",
    "book_learn": [ [ "divine_weapon", 1 ] ],
    "tools": [ [ [ "t_daltar", -1 ] ] ],
    "components": [ [ [ "incense", 4 ] ], [ [ "wakizashi", 1 ] ] ],
    "byproducts": [ [ "ash", 2 ] ],
    "proficiencies": [
      { "proficiency": "prof_infusion", "required": false } 
                     ]   
  }, 
{ 
    "result": "divine_zweihander",
    "type": "recipe",
    "category": "CC_ARCANE",
    "subcategory": "CSC_ARCANE_WEAPONRY",
    "skill_used": "faith",
    "skills_required": [ "faith", 1 ],
    "difficulty": 1,
    "time": "1 h",
    "book_learn": [ [ "divine_weapon", 1 ] ],
    "tools": [ [ [ "t_daltar", -1 ] ] ],
    "components": [ [ [ "incense", 4 ] ], [ [ "zweihander", 1 ] ] ],
    "byproducts": [ [ "ash", 2 ] ],
    "proficiencies": [
      { "proficiency": "prof_infusion", "required": false } 
                     ]   
  }, 
{ 
    "result": "divine_nodachi",
    "type": "recipe",
    "category": "CC_ARCANE",
    "subcategory": "CSC_ARCANE_WEAPONRY",
    "skill_used": "faith",
    "skills_required": [ "faith", 1 ],
    "difficulty": 1,
    "time": "1 h",
    "book_learn": [ [ "divine_weapon", 1 ] ],
    "tools": [ [ [ "t_daltar", -1 ] ] ],
    "components": [ [ [ "incense", 4 ] ], [ [ "nodachi", 1 ] ] ],
    "byproducts": [ [ "ash", 2 ] ],
    "proficiencies": [
      { "proficiency": "prof_infusion", "required": false } 
                     ]   
  }, 
{ 
    "result": "divine_broadsword",
    "type": "recipe",
    "category": "CC_ARCANE",
    "subcategory": "CSC_ARCANE_WEAPONRY",
    "skill_used": "faith",
    "skills_required": [ "faith", 1 ],
    "difficulty": 1,
    "time": "1 h",
    "book_learn": [ [ "divine_weapon", 1 ] ],
    "tools": [ [ [ "t_daltar", -1 ] ] ],
    "components": [ [ [ "incense", 4 ] ], [ [ "broadsword", 1 ] ] ],
    "byproducts": [ [ "ash", 2 ] ],
    "proficiencies": [
      { "proficiency": "prof_infusion", "required": false } 
                     ]   
  }, 
{ 
    "result": "divine_rapier",
    "type": "recipe",
    "category": "CC_ARCANE",
    "subcategory": "CSC_ARCANE_WEAPONRY",
    "skill_used": "faith",
    "skills_required": [ "faith", 1 ],
    "difficulty": 1,
    "time": "1 h",
    "book_learn": [ [ "divine_weapon", 1 ] ],
    "tools": [ [ [ "t_daltar", -1 ] ] ],
    "components": [ [ [ "incense", 4 ] ], [ [ "rapier", 1 ] ] ],
    "byproducts": [ [ "ash", 2 ] ],
    "proficiencies": [
      { "proficiency": "prof_infusion", "required": false } 
                     ]   
  }, 
{ 
    "result": "divine_katana",
    "type": "recipe",
    "category": "CC_ARCANE",
    "subcategory": "CSC_ARCANE_WEAPONRY",
    "skill_used": "faith",
    "skills_required": [ "faith", 1 ],
    "difficulty": 1,
    "time": "1 h",
    "book_learn": [ [ "divine_weapon", 1 ] ],
    "tools": [ [ [ "t_daltar", -1 ] ] ],
    "components": [ [ [ "incense", 4 ] ], [ [ "katana", 1 ] ] ],
    "byproducts": [ [ "ash", 2 ] ],
    "proficiencies": [
      { "proficiency": "prof_infusion", "required": false } 
                     ]   
  }, 
{ 
    "result": "divine_butterfly_swords",
    "type": "recipe",
    "category": "CC_ARCANE",
    "subcategory": "CSC_ARCANE_WEAPONRY",
    "skill_used": "faith",
    "skills_required": [ "faith", 1 ],
    "difficulty": 1,
    "time": "1 h",
    "book_learn": [ [ "divine_weapon", 1 ] ],
    "tools": [ [ [ "t_daltar", -1 ] ] ],
    "components": [ [ [ "incense", 4 ] ], [ [ "butterfly_swords", 1 ] ] ],
    "byproducts": [ [ "ash", 2 ] ],
    "proficiencies": [
      { "proficiency": "prof_infusion", "required": false } 
                     ]   
  }, 
{ 
    "result": "divine_cutlass",
    "type": "recipe",
    "category": "CC_ARCANE",
    "subcategory": "CSC_ARCANE_WEAPONRY",
    "skill_used": "faith",
    "skills_required": [ "faith", 1 ],
    "difficulty": 1,
    "time": "1 h",
    "book_learn": [ [ "divine_weapon", 1 ] ],
    "tools": [ [ [ "t_daltar", -1 ] ] ],
    "components": [ [ [ "incense", 4 ] ], [ [ "cutlass", 1 ] ] ],
    "byproducts": [ [ "ash", 2 ] ],
    "proficiencies": [
      { "proficiency": "prof_infusion", "required": false } 
                     ]   
  }, 
{ 
    "result": "divine_lajatang",
    "type": "recipe",
    "category": "CC_ARCANE",
    "subcategory": "CSC_ARCANE_WEAPONRY",
    "skill_used": "faith",
    "skills_required": [ "faith", 1 ],
    "difficulty": 1,
    "time": "1 h",
    "book_learn": [ [ "divine_weapon", 1 ] ],
    "tools": [ [ [ "t_daltar", -1 ] ] ],
    "components": [ [ [ "incense", 4 ] ], [ [ "lajatang", 1 ] ] ],
    "byproducts": [ [ "ash", 2 ] ],
    "proficiencies": [
      { "proficiency": "prof_infusion", "required": false } 
                     ]   
  }, 
{ 
    "result": "divine_war_flail",
    "type": "recipe",
    "category": "CC_ARCANE",
    "subcategory": "CSC_ARCANE_WEAPONRY",
    "skill_used": "faith",
    "skills_required": [ "faith", 1 ],
    "difficulty": 1,
    "time": "1 h",
    "book_learn": [ [ "divine_weapon", 1 ] ],
    "tools": [ [ [ "t_daltar", -1 ] ] ],
    "components": [ [ [ "incense", 4 ] ], [ [ "2h_flail_steel", 1 ] ] ],
    "byproducts": [ [ "ash", 2 ] ],
    "proficiencies": [
      { "proficiency": "prof_infusion", "required": false } 
                     ]   
  }, 
{ 
    "result": "divine_peasant_flail",
    "type": "recipe",
    "category": "CC_ARCANE",
    "subcategory": "CSC_ARCANE_WEAPONRY",
    "skill_used": "faith",
    "skills_required": [ "faith", 1 ],
    "difficulty": 1,
    "time": "1 h",
    "book_learn": [ [ "divine_weapon", 1 ] ],
    "tools": [ [ [ "t_daltar", -1 ] ] ],
    "components": [ [ [ "incense", 4 ] ], [ [ "2h_flail_wood", 1 ] ] ],
    "byproducts": [ [ "ash", 2 ] ],
    "proficiencies": [
      { "proficiency": "prof_infusion", "required": false } 
                     ]   
  }, 
{ 
    "result": "divine_battleaxe",
    "type": "recipe",
    "category": "CC_ARCANE",
    "subcategory": "CSC_ARCANE_WEAPONRY",
    "skill_used": "faith",
    "skills_required": [ "faith", 1 ],
    "difficulty": 1,
    "time": "1 h",
    "book_learn": [ [ "divine_weapon", 1 ] ],
    "tools": [ [ [ "t_daltar", -1 ] ] ],
    "components": [ [ [ "incense", 4 ] ], [ [ "battleaxe", 1 ] ] ],
    "byproducts": [ [ "ash", 2 ] ],
    "proficiencies": [
      { "proficiency": "prof_infusion", "required": false } 
                     ]   
  }, 
{ 
    "result": "divine_bokken",
    "type": "recipe",
    "category": "CC_ARCANE",
    "subcategory": "CSC_ARCANE_WEAPONRY",
    "skill_used": "faith",
    "skills_required": [ "faith", 1 ],
    "difficulty": 1,
    "time": "1 h",
    "book_learn": [ [ "divine_weapon", 1 ] ],
    "tools": [ [ [ "t_daltar", -1 ] ] ],
    "components": [ [ [ "incense", 4 ] ], [ [ "bokken", 1 ] ] ],
    "byproducts": [ [ "ash", 2 ] ],
    "proficiencies": [
      { "proficiency": "prof_infusion", "required": false } 
                     ]   
  }, 
{ 
    "result": "divine_cudgel",
    "type": "recipe",
    "category": "CC_ARCANE",
    "subcategory": "CSC_ARCANE_WEAPONRY",
    "skill_used": "faith",
    "skills_required": [ "faith", 1 ],
    "difficulty": 1,
    "time": "1 h",
    "book_learn": [ [ "divine_weapon", 1 ] ],
    "tools": [ [ [ "t_daltar", -1 ] ] ],
    "components": [ [ [ "incense", 4 ] ], [ [ "cudgel", 1 ] ] ],
    "byproducts": [ [ "ash", 2 ] ],
    "proficiencies": [
      { "proficiency": "prof_infusion", "required": false } 
                     ]   
  }, 
{ 
    "result": "divine_hammer_sledge",
    "type": "recipe",
    "category": "CC_ARCANE",
    "subcategory": "CSC_ARCANE_WEAPONRY",
    "skill_used": "faith",
    "skills_required": [ "faith", 1 ],
    "difficulty": 1,
    "time": "1 h",
    "book_learn": [ [ "divine_weapon", 1 ] ],
    "tools": [ [ [ "t_daltar", -1 ] ] ],
    "components": [ [ [ "incense", 4 ] ], [ [ "hammer_sledge", 1 ] ] ],
    "byproducts": [ [ "ash", 2 ] ],
    "proficiencies": [
      { "proficiency": "prof_infusion", "required": false } 
                     ]   
  }, 
{ 
    "result": "divine_lucern_hammer",
    "type": "recipe",
    "category": "CC_ARCANE",
    "subcategory": "CSC_ARCANE_WEAPONRY",
    "skill_used": "faith",
    "skills_required": [ "faith", 1 ],
    "difficulty": 1,
    "time": "1 h",
    "book_learn": [ [ "divine_weapon", 1 ] ],
    "tools": [ [ [ "t_daltar", -1 ] ] ],
    "components": [ [ [ "incense", 4 ] ], [ [ "lucern_hammer", 1 ] ] ],
    "byproducts": [ [ "ash", 2 ] ],
    "proficiencies": [
      { "proficiency": "prof_infusion", "required": false } 
                     ]   
  }, 
{ 
    "result": "divine_mace",
    "type": "recipe",
    "category": "CC_ARCANE",
    "subcategory": "CSC_ARCANE_WEAPONRY",
    "skill_used": "faith",
    "skills_required": [ "faith", 1 ],
    "difficulty": 1,
    "time": "1 h",
    "book_learn": [ [ "divine_weapon", 1 ] ],
    "tools": [ [ [ "t_daltar", -1 ] ] ],
    "components": [ [ [ "incense", 4 ] ], [ [ "mace", 1 ] ] ],
    "byproducts": [ [ "ash", 2 ] ],
    "proficiencies": [
      { "proficiency": "prof_infusion", "required": false } 
                     ]   
  }, 
{ 
    "result": "divine_morningstar",
    "type": "recipe",
    "category": "CC_ARCANE",
    "subcategory": "CSC_ARCANE_WEAPONRY",
    "skill_used": "faith",
    "skills_required": [ "faith", 1 ],
    "difficulty": 1,
    "time": "1 h",
    "book_learn": [ [ "divine_weapon", 1 ] ],
    "tools": [ [ [ "t_daltar", -1 ] ] ],
    "components": [ [ [ "incense", 4 ] ], [ [ "morningstar", 1 ] ] ],
    "byproducts": [ [ "ash", 2 ] ],
    "proficiencies": [
      { "proficiency": "prof_infusion", "required": false } 
                     ]   
  }, 
{ 
    "result": "divine_q_staff",
    "type": "recipe",
    "category": "CC_ARCANE",
    "subcategory": "CSC_ARCANE_WEAPONRY",
    "skill_used": "faith",
    "skills_required": [ "faith", 1 ],
    "difficulty": 1,
    "time": "1 h",
    "book_learn": [ [ "divine_weapon", 1 ] ],
    "tools": [ [ [ "t_daltar", -1 ] ] ],
    "components": [ [ [ "incense", 4 ] ], [ [ "q_staff", 1 ] ] ],
    "byproducts": [ [ "ash", 2 ] ],
    "proficiencies": [
      { "proficiency": "prof_infusion", "required": false } 
                     ]   
  }, 
{ 
    "result": "divine_shillelagh",
    "type": "recipe",
    "category": "CC_ARCANE",
    "subcategory": "CSC_ARCANE_WEAPONRY",
    "skill_used": "faith",
    "skills_required": [ "faith", 1 ],
    "difficulty": 1,
    "time": "1 h",
    "book_learn": [ [ "divine_weapon", 1 ] ],
    "tools": [ [ [ "t_daltar", -1 ] ] ],
    "components": [ [ [ "incense", 4 ] ], [ [ "shillelagh", 1 ] ] ],
    "byproducts": [ [ "ash", 2 ] ],
    "proficiencies": [
      { "proficiency": "prof_infusion", "required": false } 
                     ]   
  }, 
{ 
    "result": "divine_tonfa_wood",
    "type": "recipe",
    "category": "CC_ARCANE",
    "subcategory": "CSC_ARCANE_WEAPONRY",
    "skill_used": "faith",
    "skills_required": [ "faith", 1 ],
    "difficulty": 1,
    "time": "1 h",
    "book_learn": [ [ "divine_weapon", 1 ] ],
    "tools": [ [ [ "t_daltar", -1 ] ] ],
    "components": [ [ [ "incense", 4 ] ], [ [ "tonfa_wood", 1 ] ] ],
    "byproducts": [ [ "ash", 2 ] ],
    "proficiencies": [
      { "proficiency": "prof_infusion", "required": false } 
                     ]   
  }, 
{ 
    "result": "divine_warhammer",
    "type": "recipe",
    "category": "CC_ARCANE",
    "subcategory": "CSC_ARCANE_WEAPONRY",
    "skill_used": "faith",
    "skills_required": [ "faith", 1 ],
    "difficulty": 1,
    "time": "1 h",
    "book_learn": [ [ "divine_weapon", 1 ] ],
    "tools": [ [ [ "t_daltar", -1 ] ] ],
    "components": [ [ [ "incense", 4 ] ], [ [ "warhammer", 1 ] ] ],
    "byproducts": [ [ "ash", 2 ] ],
    "proficiencies": [
      { "proficiency": "prof_infusion", "required": false } 
                     ]   
  }, 
{ 
    "result": "divine_pitchfork",
    "type": "recipe",
    "category": "CC_ARCANE",
    "subcategory": "CSC_ARCANE_WEAPONRY",
    "skill_used": "faith",
    "skills_required": [ "faith", 1 ],
    "difficulty": 1,
    "time": "1 h",
    "book_learn": [ [ "divine_weapon", 1 ] ],
    "tools": [ [ [ "t_daltar", -1 ] ] ],
    "components": [ [ [ "incense", 4 ] ], [ [ "pitchfork", 1 ] ] ],
    "byproducts": [ [ "ash", 2 ] ],
    "proficiencies": [
      { "proficiency": "prof_infusion", "required": false } 
                     ]   
  }, 
{ 
    "result": "divine_spear_steel",
    "type": "recipe",
    "category": "CC_ARCANE",
    "subcategory": "CSC_ARCANE_WEAPONRY",
    "skill_used": "faith",
    "skills_required": [ "faith", 1 ],
    "difficulty": 1,
    "time": "1 h",
    "book_learn": [ [ "divine_weapon", 1 ] ],
    "tools": [ [ [ "t_daltar", -1 ] ] ],
    "components": [ [ [ "incense", 4 ] ], [ [ "spear_steel", 1 ] ] ],
    "byproducts": [ [ "ash", 2 ] ],
    "proficiencies": [
      { "proficiency": "prof_infusion", "required": false } 
                     ]   
  }, 
{ 
    "result": "divine_qiang",
    "type": "recipe",
    "category": "CC_ARCANE",
    "subcategory": "CSC_ARCANE_WEAPONRY",
    "skill_used": "faith",
    "skills_required": [ "faith", 1 ],
    "difficulty": 1,
    "time": "1 h",
    "book_learn": [ [ "divine_weapon", 1 ] ],
    "tools": [ [ [ "t_daltar", -1 ] ] ],
    "components": [ [ [ "incense", 4 ] ], [ [ "qiang", 1 ] ] ],
    "byproducts": [ [ "ash", 2 ] ],
    "proficiencies": [
      { "proficiency": "prof_infusion", "required": false } 
                     ]   
  }, 
{ 
    "result": "divine_halberd",
    "type": "recipe",
    "category": "CC_ARCANE",
    "subcategory": "CSC_ARCANE_WEAPONRY",
    "skill_used": "faith",
    "skills_required": [ "faith", 1 ],
    "difficulty": 1,
    "time": "1 h",
    "book_learn": [ [ "divine_weapon", 1 ] ],
    "tools": [ [ [ "t_daltar", -1 ] ] ],
    "components": [ [ [ "incense", 4 ] ], [ [ "halberd", 1 ] ] ],
    "byproducts": [ [ "ash", 2 ] ],
    "proficiencies": [
      { "proficiency": "prof_infusion", "required": false } 
                     ]   
  }, 
{ 
    "result": "divine_glaive",
    "type": "recipe",
    "category": "CC_ARCANE",
    "subcategory": "CSC_ARCANE_WEAPONRY",
    "skill_used": "faith",
    "skills_required": [ "faith", 1 ],
    "difficulty": 1,
    "time": "1 h",
    "book_learn": [ [ "divine_weapon", 1 ] ],
    "tools": [ [ [ "t_daltar", -1 ] ] ],
    "components": [ [ [ "incense", 4 ] ], [ [ "glaive", 1 ] ] ],
    "byproducts": [ [ "ash", 2 ] ],
    "proficiencies": [
      { "proficiency": "prof_infusion", "required": false } 
                     ]   
  }, 
{ 
    "result": "divine_naginata",
    "type": "recipe",
    "category": "CC_ARCANE",
    "subcategory": "CSC_ARCANE_WEAPONRY",
    "skill_used": "faith",
    "skills_required": [ "faith", 1 ],
    "difficulty": 1,
    "time": "1 h",
    "book_learn": [ [ "divine_weapon", 1 ] ],
    "tools": [ [ [ "t_daltar", -1 ] ] ],
    "components": [ [ [ "incense", 4 ] ], [ [ "naginata", 1 ] ] ],
    "byproducts": [ [ "ash", 2 ] ],
    "proficiencies": [
      { "proficiency": "prof_infusion", "required": false } 
                     ]   
  }, 
{ 
    "result": "divine_pike",
    "type": "recipe",
    "category": "CC_ARCANE",
    "subcategory": "CSC_ARCANE_WEAPONRY",
    "skill_used": "faith",
    "skills_required": [ "faith", 1 ],
    "difficulty": 1,
    "time": "1 h",
    "book_learn": [ [ "divine_weapon", 1 ] ],
    "tools": [ [ [ "t_daltar", -1 ] ] ],
    "components": [ [ [ "incense", 4 ] ], [ [ "pike", 1 ] ] ],
    "byproducts": [ [ "ash", 2 ] ],
    "proficiencies": [
      { "proficiency": "prof_infusion", "required": false } 
                     ]   
  }, 
{ 
    "result": "divine_bagh_nakha",
    "type": "recipe",
    "category": "CC_ARCANE",
    "subcategory": "CSC_ARCANE_WEAPONRY",
    "skill_used": "faith",
    "skills_required": [ "faith", 1 ],
    "difficulty": 1,
    "time": "1 h",
    "book_learn": [ [ "divine_weapon", 1 ] ],
    "tools": [ [ [ "t_daltar", -1 ] ] ],
    "components": [ [ [ "incense", 4 ] ], [ [ "bagh_nakha", 1 ] ] ],
    "byproducts": [ [ "ash", 2 ] ],
    "proficiencies": [
      { "proficiency": "prof_infusion", "required": false } 
                     ]   
  }, 
{ 
    "result": "divine_cestus",
    "type": "recipe",
    "category": "CC_ARCANE",
    "subcategory": "CSC_ARCANE_WEAPONRY",
    "skill_used": "faith",
    "skills_required": [ "faith", 1 ],
    "difficulty": 1,
    "time": "1 h",
    "book_learn": [ [ "divine_weapon", 1 ] ],
    "tools": [ [ [ "t_daltar", -1 ] ] ],
    "components": [ [ [ "incense", 4 ] ], [ [ "cestus", 1 ] ] ],
    "byproducts": [ [ "ash", 2 ] ],
    "proficiencies": [
      { "proficiency": "prof_infusion", "required": false } 
                     ]   
  }, 
{ 
    "result": "divine_knuckle_brass",
    "type": "recipe",
    "category": "CC_ARCANE",
    "subcategory": "CSC_ARCANE_WEAPONRY",
    "skill_used": "faith",
    "skills_required": [ "faith", 1 ],
    "difficulty": 1,
    "time": "1 h",
    "book_learn": [ [ "divine_weapon", 1 ] ],
    "tools": [ [ [ "t_daltar", -1 ] ] ],
    "components": [ [ [ "incense", 4 ] ], [ [ "knuckle_brass", 1 ] ] ],
    "byproducts": [ [ "ash", 2 ] ],
    "proficiencies": [
      { "proficiency": "prof_infusion", "required": false } 
                     ]   
  }, 
{ 
    "result": "divine_punch_dagger",
    "type": "recipe",
    "category": "CC_ARCANE",
    "subcategory": "CSC_ARCANE_WEAPONRY",
    "skill_used": "faith",
    "skills_required": [ "faith", 1 ],
    "difficulty": 1,
    "time": "1 h",
    "book_learn": [ [ "divine_weapon", 1 ] ],
    "tools": [ [ [ "t_daltar", -1 ] ] ],
    "components": [ [ [ "incense", 4 ] ], [ [ "punch_dagger", 1 ] ] ],
    "byproducts": [ [ "ash", 2 ] ],
    "proficiencies": [
      { "proficiency": "prof_infusion", "required": false } 
                     ]   
  }
]