[
{ 
    "result": "divine_longsword+2",
    "type": "recipe",
    "category": "CC_ARCANE",
    "subcategory": "CSC_ARCANE_WEAPONRY",
    "skill_used": "faith",
    "skills_required": [ "faith", 5 ],
    "difficulty": 5,
    "time": "120 m",
    "book_learn": [ [ "divine_weapon_mid", 1 ] ],
    "tools": [ [ [ "t_daltar", -1 ] ] ],
    "components": [ [ [ "incense", 8 ] ], [ [ "longsword", 1 ] ] ],
    "byproducts": [ [ "ash", 4 ] ],
    "proficiencies": [
      { "proficiency": "prof_infusion", "required": false } 
                     ]   
  }, 
{ 
    "result": "divine_wood_sword+2",
    "type": "recipe",
    "category": "CC_ARCANE",
    "subcategory": "CSC_ARCANE_WEAPONRY",
    "skill_used": "faith",
    "skills_required": [ "faith", 5 ],
    "difficulty": 5,
    "time": "120 m",
    "book_learn": [ [ "divine_weapon_mid", 1 ] ],
    "tools": [ [ [ "t_daltar", -1 ] ] ],
    "components": [ [ [ "incense", 8 ] ], [ [ "sword_wood", 1 ] ] ],
    "byproducts": [ [ "ash", 4 ] ],
    "proficiencies": [
      { "proficiency": "prof_infusion", "required": false } 
                     ]   
  }, 
{ 
    "result": "divine_makeshift_knife+2",
    "type": "recipe",
    "category": "CC_ARCANE",
    "subcategory": "CSC_ARCANE_WEAPONRY",
    "skill_used": "faith",
    "skills_required": [ "faith", 5 ],
    "difficulty": 5,
    "time": "120 m",
    "book_learn": [ [ "divine_weapon_mid", 1 ] ],
    "tools": [ [ [ "t_daltar", -1 ] ] ],
    "components": [ [ [ "incense", 8 ] ], [ [ "makeshift_knife", 1 ] ] ],
    "byproducts": [ [ "ash", 4 ] ],
    "proficiencies": [
      { "proficiency": "prof_infusion", "required": false } 
                     ]   
  }, 
{ 
    "result": "divine_knife_baselard+2",
    "type": "recipe",
    "category": "CC_ARCANE",
    "subcategory": "CSC_ARCANE_WEAPONRY",
    "skill_used": "faith",
    "skills_required": [ "faith", 5 ],
    "difficulty": 5,
    "time": "120 m",
    "book_learn": [ [ "divine_weapon_mid", 1 ] ],
    "tools": [ [ [ "t_daltar", -1 ] ] ],
    "components": [ [ [ "incense", 8 ] ], [ [ "knife_baselard", 1 ] ] ],
    "byproducts": [ [ "ash", 4 ] ],
    "proficiencies": [
      { "proficiency": "prof_infusion", "required": false } 
                     ]   
  }, 
{ 
    "result": "divine_machete+2",
    "type": "recipe",
    "category": "CC_ARCANE",
    "subcategory": "CSC_ARCANE_WEAPONRY",
    "skill_used": "faith",
    "skills_required": [ "faith", 5 ],
    "difficulty": 5,
    "time": "120 m",
    "book_learn": [ [ "divine_weapon_mid", 1 ] ],
    "tools": [ [ [ "t_daltar", -1 ] ] ],
    "components": [ [ [ "incense", 8 ] ], [ [ "machete", 1 ] ] ],
    "byproducts": [ [ "ash", 4 ] ],
    "proficiencies": [
      { "proficiency": "prof_infusion", "required": false } 
                     ]   
  }, 
{ 
    "result": "divine_cavalry_sabre+2",
    "type": "recipe",
    "category": "CC_ARCANE",
    "subcategory": "CSC_ARCANE_WEAPONRY",
    "skill_used": "faith",
    "skills_required": [ "faith", 5 ],
    "difficulty": 5,
    "time": "120 m",
    "book_learn": [ [ "divine_weapon_mid", 1 ] ],
    "tools": [ [ [ "t_daltar", -1 ] ] ],
    "components": [ [ [ "incense", 8 ] ], [ [ "cavalry_sabre", 1 ] ] ],
    "byproducts": [ [ "ash", 4 ] ],
    "proficiencies": [
      { "proficiency": "prof_infusion", "required": false } 
                     ]   
  }, 
{ 
    "result": "divine_kris+2",
    "type": "recipe",
    "category": "CC_ARCANE",
    "subcategory": "CSC_ARCANE_WEAPONRY",
    "skill_used": "faith",
    "skills_required": [ "faith", 5 ],
    "difficulty": 5,
    "time": "120 m",
    "book_learn": [ [ "divine_weapon_mid", 1 ] ],
    "tools": [ [ [ "t_daltar", -1 ] ] ],
    "components": [ [ [ "incense", 8 ] ], [ [ "kris", 1 ] ] ],
    "byproducts": [ [ "ash", 4 ] ],
    "proficiencies": [
      { "proficiency": "prof_infusion", "required": false } 
                     ]   
  }, 
{ 
    "result": "divine_kukri+2",
    "type": "recipe",
    "category": "CC_ARCANE",
    "subcategory": "CSC_ARCANE_WEAPONRY",
    "skill_used": "faith",
    "skills_required": [ "faith", 5 ],
    "difficulty": 5,
    "time": "120 m",
    "book_learn": [ [ "divine_weapon_mid", 1 ] ],
    "tools": [ [ [ "t_daltar", -1 ] ] ],
    "components": [ [ [ "incense", 8 ] ], [ [ "kukri", 1 ] ] ],
    "byproducts": [ [ "ash", 4 ] ],
    "proficiencies": [
      { "proficiency": "prof_infusion", "required": false } 
                     ]   
  }, 
{ 
    "result": "divine_jian+2",
    "type": "recipe",
    "category": "CC_ARCANE",
    "subcategory": "CSC_ARCANE_WEAPONRY",
    "skill_used": "faith",
    "skills_required": [ "faith", 5 ],
    "difficulty": 5,
    "time": "120 m",
    "book_learn": [ [ "divine_weapon_mid", 1 ] ],
    "tools": [ [ [ "t_daltar", -1 ] ] ],
    "components": [ [ [ "incense", 8 ] ], [ [ "jian", 1 ] ] ],
    "byproducts": [ [ "ash", 4 ] ],
    "proficiencies": [
      { "proficiency": "prof_infusion", "required": false } 
                     ]   
  }, 
{ 
    "result": "divine_scimitar+2",
    "type": "recipe",
    "category": "CC_ARCANE",
    "subcategory": "CSC_ARCANE_WEAPONRY",
    "skill_used": "faith",
    "skills_required": [ "faith", 5 ],
    "difficulty": 5,
    "time": "120 m",
    "book_learn": [ [ "divine_weapon_mid", 1 ] ],
    "tools": [ [ [ "t_daltar", -1 ] ] ],
    "components": [ [ [ "incense", 8 ] ], [ [ "scimitar", 1 ] ] ],
    "byproducts": [ [ "ash", 4 ] ],
    "proficiencies": [
      { "proficiency": "prof_infusion", "required": false } 
                     ]   
  }, 
{ 
    "result": "divine_estoc+2",
    "type": "recipe",
    "category": "CC_ARCANE",
    "subcategory": "CSC_ARCANE_WEAPONRY",
    "skill_used": "faith",
    "skills_required": [ "faith", 5 ],
    "difficulty": 5,
    "time": "120 m",
    "book_learn": [ [ "divine_weapon_mid", 1 ] ],
    "tools": [ [ [ "t_daltar", -1 ] ] ],
    "components": [ [ [ "incense", 8 ] ], [ [ "estoc", 1 ] ] ],
    "byproducts": [ [ "ash", 4 ] ],
    "proficiencies": [
      { "proficiency": "prof_infusion", "required": false } 
                     ]   
  }, 
{ 
    "result": "divine_arming_sword+2",
    "type": "recipe",
    "category": "CC_ARCANE",
    "subcategory": "CSC_ARCANE_WEAPONRY",
    "skill_used": "faith",
    "skills_required": [ "faith", 5 ],
    "difficulty": 5,
    "time": "120 m",
    "book_learn": [ [ "divine_weapon_mid", 1 ] ],
    "tools": [ [ [ "t_daltar", -1 ] ] ],
    "components": [ [ [ "incense", 8 ] ], [ [ "arming_sword", 1 ] ] ],
    "byproducts": [ [ "ash", 4 ] ],
    "proficiencies": [
      { "proficiency": "prof_infusion", "required": false } 
                     ]   
  }, 
{ 
    "result": "divine_tanto+2",
    "type": "recipe",
    "category": "CC_ARCANE",
    "subcategory": "CSC_ARCANE_WEAPONRY",
    "skill_used": "faith",
    "skills_required": [ "faith", 5 ],
    "difficulty": 5,
    "time": "120 m",
    "book_learn": [ [ "divine_weapon_mid", 1 ] ],
    "tools": [ [ [ "t_daltar", -1 ] ] ],
    "components": [ [ [ "incense", 8 ] ], [ [ "tanto", 1 ] ] ],
    "byproducts": [ [ "ash", 4 ] ],
    "proficiencies": [
      { "proficiency": "prof_infusion", "required": false } 
                     ]   
  }, 
{ 
    "result": "divine_wakizashi+2",
    "type": "recipe",
    "category": "CC_ARCANE",
    "subcategory": "CSC_ARCANE_WEAPONRY",
    "skill_used": "faith",
    "skills_required": [ "faith", 5 ],
    "difficulty": 5,
    "time": "120 m",
    "book_learn": [ [ "divine_weapon_mid", 1 ] ],
    "tools": [ [ [ "t_daltar", -1 ] ] ],
    "components": [ [ [ "incense", 8 ] ], [ [ "wakizashi", 1 ] ] ],
    "byproducts": [ [ "ash", 4 ] ],
    "proficiencies": [
      { "proficiency": "prof_infusion", "required": false } 
                     ]   
  }, 
{ 
    "result": "divine_zweihander+2",
    "type": "recipe",
    "category": "CC_ARCANE",
    "subcategory": "CSC_ARCANE_WEAPONRY",
    "skill_used": "faith",
    "skills_required": [ "faith", 5 ],
    "difficulty": 5,
    "time": "120 m",
    "book_learn": [ [ "divine_weapon_mid", 1 ] ],
    "tools": [ [ [ "t_daltar", -1 ] ] ],
    "components": [ [ [ "incense", 8 ] ], [ [ "zweihander", 1 ] ] ],
    "byproducts": [ [ "ash", 4 ] ],
    "proficiencies": [
      { "proficiency": "prof_infusion", "required": false } 
                     ]   
  }, 
{ 
    "result": "divine_nodachi+2",
    "type": "recipe",
    "category": "CC_ARCANE",
    "subcategory": "CSC_ARCANE_WEAPONRY",
    "skill_used": "faith",
    "skills_required": [ "faith", 5 ],
    "difficulty": 5,
    "time": "120 m",
    "book_learn": [ [ "divine_weapon_mid", 1 ] ],
    "tools": [ [ [ "t_daltar", -1 ] ] ],
    "components": [ [ [ "incense", 8 ] ], [ [ "nodachi", 1 ] ] ],
    "byproducts": [ [ "ash", 4 ] ],
    "proficiencies": [
      { "proficiency": "prof_infusion", "required": false } 
                     ]   
  }, 
{ 
    "result": "divine_broadsword+2",
    "type": "recipe",
    "category": "CC_ARCANE",
    "subcategory": "CSC_ARCANE_WEAPONRY",
    "skill_used": "faith",
    "skills_required": [ "faith", 5 ],
    "difficulty": 5,
    "time": "120 m",
    "book_learn": [ [ "divine_weapon_mid", 1 ] ],
    "tools": [ [ [ "t_daltar", -1 ] ] ],
    "components": [ [ [ "incense", 8 ] ], [ [ "broadsword", 1 ] ] ],
    "byproducts": [ [ "ash", 4 ] ],
    "proficiencies": [
      { "proficiency": "prof_infusion", "required": false } 
                     ]   
  }, 
{ 
    "result": "divine_rapier+2",
    "type": "recipe",
    "category": "CC_ARCANE",
    "subcategory": "CSC_ARCANE_WEAPONRY",
    "skill_used": "faith",
    "skills_required": [ "faith", 5 ],
    "difficulty": 5,
    "time": "120 m",
    "book_learn": [ [ "divine_weapon_mid", 1 ] ],
    "tools": [ [ [ "t_daltar", -1 ] ] ],
    "components": [ [ [ "incense", 8 ] ], [ [ "rapier", 1 ] ] ],
    "byproducts": [ [ "ash", 4 ] ],
    "proficiencies": [
      { "proficiency": "prof_infusion", "required": false } 
                     ]   
  }, 
{ 
    "result": "divine_katana+2",
    "type": "recipe",
    "category": "CC_ARCANE",
    "subcategory": "CSC_ARCANE_WEAPONRY",
    "skill_used": "faith",
    "skills_required": [ "faith", 5 ],
    "difficulty": 5,
    "time": "120 m",
    "book_learn": [ [ "divine_weapon_mid", 1 ] ],
    "tools": [ [ [ "t_daltar", -1 ] ] ],
    "components": [ [ [ "incense", 8 ] ], [ [ "katana", 1 ] ] ],
    "byproducts": [ [ "ash", 4 ] ],
    "proficiencies": [
      { "proficiency": "prof_infusion", "required": false } 
                     ]   
  }, 
{ 
    "result": "divine_butterfly_swords+2",
    "type": "recipe",
    "category": "CC_ARCANE",
    "subcategory": "CSC_ARCANE_WEAPONRY",
    "skill_used": "faith",
    "skills_required": [ "faith", 5 ],
    "difficulty": 5,
    "time": "120 m",
    "book_learn": [ [ "divine_weapon_mid", 1 ] ],
    "tools": [ [ [ "t_daltar", -1 ] ] ],
    "components": [ [ [ "incense", 8 ] ], [ [ "butterfly_swords", 1 ] ] ],
    "byproducts": [ [ "ash", 4 ] ],
    "proficiencies": [
      { "proficiency": "prof_infusion", "required": false } 
                     ]   
  }, 
{ 
    "result": "divine_cutlass+2",
    "type": "recipe",
    "category": "CC_ARCANE",
    "subcategory": "CSC_ARCANE_WEAPONRY",
    "skill_used": "faith",
    "skills_required": [ "faith", 5 ],
    "difficulty": 5,
    "time": "120 m",
    "book_learn": [ [ "divine_weapon_mid", 1 ] ],
    "tools": [ [ [ "t_daltar", -1 ] ] ],
    "components": [ [ [ "incense", 8 ] ], [ [ "cutlass", 1 ] ] ],
    "byproducts": [ [ "ash", 4 ] ],
    "proficiencies": [
      { "proficiency": "prof_infusion", "required": false } 
                     ]   
  }, 
{ 
    "result": "divine_lajatang+2",
    "type": "recipe",
    "category": "CC_ARCANE",
    "subcategory": "CSC_ARCANE_WEAPONRY",
    "skill_used": "faith",
    "skills_required": [ "faith", 5 ],
    "difficulty": 5,
    "time": "120 m",
    "book_learn": [ [ "divine_weapon_mid", 1 ] ],
    "tools": [ [ [ "t_daltar", -1 ] ] ],
    "components": [ [ [ "incense", 8 ] ], [ [ "lajatang", 1 ] ] ],
    "byproducts": [ [ "ash", 4 ] ],
    "proficiencies": [
      { "proficiency": "prof_infusion", "required": false } 
                     ]   
  }, 
{ 
    "result": "divine_war_flail+2",
    "type": "recipe",
    "category": "CC_ARCANE",
    "subcategory": "CSC_ARCANE_WEAPONRY",
    "skill_used": "faith",
    "skills_required": [ "faith", 5 ],
    "difficulty": 5,
    "time": "120 m",
    "book_learn": [ [ "divine_weapon_mid", 1 ] ],
    "tools": [ [ [ "t_daltar", -1 ] ] ],
    "components": [ [ [ "incense", 8 ] ], [ [ "2h_flail_steel", 1 ] ] ],
    "byproducts": [ [ "ash", 4 ] ],
    "proficiencies": [
      { "proficiency": "prof_infusion", "required": false } 
                     ]   
  }, 
{ 
    "result": "divine_peasant_flail+2",
    "type": "recipe",
    "category": "CC_ARCANE",
    "subcategory": "CSC_ARCANE_WEAPONRY",
    "skill_used": "faith",
    "skills_required": [ "faith", 5 ],
    "difficulty": 5,
    "time": "120 m",
    "book_learn": [ [ "divine_weapon_mid", 1 ] ],
    "tools": [ [ [ "t_daltar", -1 ] ] ],
    "components": [ [ [ "incense", 8 ] ], [ [ "2h_flail_wood", 1 ] ] ],
    "byproducts": [ [ "ash", 4 ] ],
    "proficiencies": [
      { "proficiency": "prof_infusion", "required": false } 
                     ]   
  }, 
{ 
    "result": "divine_battleaxe+2",
    "type": "recipe",
    "category": "CC_ARCANE",
    "subcategory": "CSC_ARCANE_WEAPONRY",
    "skill_used": "faith",
    "skills_required": [ "faith", 5 ],
    "difficulty": 5,
    "time": "120 m",
    "book_learn": [ [ "divine_weapon_mid", 1 ] ],
    "tools": [ [ [ "t_daltar", -1 ] ] ],
    "components": [ [ [ "incense", 8 ] ], [ [ "battleaxe", 1 ] ] ],
    "byproducts": [ [ "ash", 4 ] ],
    "proficiencies": [
      { "proficiency": "prof_infusion", "required": false } 
                     ]   
  }, 
{ 
    "result": "divine_bokken+2",
    "type": "recipe",
    "category": "CC_ARCANE",
    "subcategory": "CSC_ARCANE_WEAPONRY",
    "skill_used": "faith",
    "skills_required": [ "faith", 5 ],
    "difficulty": 5,
    "time": "120 m",
    "book_learn": [ [ "divine_weapon_mid", 1 ] ],
    "tools": [ [ [ "t_daltar", -1 ] ] ],
    "components": [ [ [ "incense", 8 ] ], [ [ "bokken", 1 ] ] ],
    "byproducts": [ [ "ash", 4 ] ],
    "proficiencies": [
      { "proficiency": "prof_infusion", "required": false } 
                     ]   
  }, 
{ 
    "result": "divine_cudgel+2",
    "type": "recipe",
    "category": "CC_ARCANE",
    "subcategory": "CSC_ARCANE_WEAPONRY",
    "skill_used": "faith",
    "skills_required": [ "faith", 5 ],
    "difficulty": 5,
    "time": "120 m",
    "book_learn": [ [ "divine_weapon_mid", 1 ] ],
    "tools": [ [ [ "t_daltar", -1 ] ] ],
    "components": [ [ [ "incense", 8 ] ], [ [ "cudgel", 1 ] ] ],
    "byproducts": [ [ "ash", 4 ] ],
    "proficiencies": [
      { "proficiency": "prof_infusion", "required": false } 
                     ]   
  }, 
{ 
    "result": "divine_hammer_sledge+2",
    "type": "recipe",
    "category": "CC_ARCANE",
    "subcategory": "CSC_ARCANE_WEAPONRY",
    "skill_used": "faith",
    "skills_required": [ "faith", 5 ],
    "difficulty": 5,
    "time": "120 m",
    "book_learn": [ [ "divine_weapon_mid", 1 ] ],
    "tools": [ [ [ "t_daltar", -1 ] ] ],
    "components": [ [ [ "incense", 8 ] ], [ [ "hammer_sledge", 1 ] ] ],
    "byproducts": [ [ "ash", 4 ] ],
    "proficiencies": [
      { "proficiency": "prof_infusion", "required": false } 
                     ]   
  }, 
{ 
    "result": "divine_lucern_hammer+2",
    "type": "recipe",
    "category": "CC_ARCANE",
    "subcategory": "CSC_ARCANE_WEAPONRY",
    "skill_used": "faith",
    "skills_required": [ "faith", 5 ],
    "difficulty": 5,
    "time": "120 m",
    "book_learn": [ [ "divine_weapon_mid", 1 ] ],
    "tools": [ [ [ "t_daltar", -1 ] ] ],
    "components": [ [ [ "incense", 8 ] ], [ [ "lucern_hammer", 1 ] ] ],
    "byproducts": [ [ "ash", 4 ] ],
    "proficiencies": [
      { "proficiency": "prof_infusion", "required": false } 
                     ]   
  }, 
{ 
    "result": "divine_mace+2",
    "type": "recipe",
    "category": "CC_ARCANE",
    "subcategory": "CSC_ARCANE_WEAPONRY",
    "skill_used": "faith",
    "skills_required": [ "faith", 5 ],
    "difficulty": 5,
    "time": "120 m",
    "book_learn": [ [ "divine_weapon_mid", 1 ] ],
    "tools": [ [ [ "t_daltar", -1 ] ] ],
    "components": [ [ [ "incense", 8 ] ], [ [ "mace", 1 ] ] ],
    "byproducts": [ [ "ash", 4 ] ],
    "proficiencies": [
      { "proficiency": "prof_infusion", "required": false } 
                     ]   
  }, 
{ 
    "result": "divine_morningstar+2",
    "type": "recipe",
    "category": "CC_ARCANE",
    "subcategory": "CSC_ARCANE_WEAPONRY",
    "skill_used": "faith",
    "skills_required": [ "faith", 5 ],
    "difficulty": 5,
    "time": "120 m",
    "book_learn": [ [ "divine_weapon_mid", 1 ] ],
    "tools": [ [ [ "t_daltar", -1 ] ] ],
    "components": [ [ [ "incense", 8 ] ], [ [ "morningstar", 1 ] ] ],
    "byproducts": [ [ "ash", 4 ] ],
    "proficiencies": [
      { "proficiency": "prof_infusion", "required": false } 
                     ]   
  }, 
{ 
    "result": "divine_q_staff+2",
    "type": "recipe",
    "category": "CC_ARCANE",
    "subcategory": "CSC_ARCANE_WEAPONRY",
    "skill_used": "faith",
    "skills_required": [ "faith", 5 ],
    "difficulty": 5,
    "time": "120 m",
    "book_learn": [ [ "divine_weapon_mid", 1 ] ],
    "tools": [ [ [ "t_daltar", -1 ] ] ],
    "components": [ [ [ "incense", 8 ] ], [ [ "q_staff", 1 ] ] ],
    "byproducts": [ [ "ash", 4 ] ],
    "proficiencies": [
      { "proficiency": "prof_infusion", "required": false } 
                     ]   
  }, 
{ 
    "result": "divine_shillelagh+2",
    "type": "recipe",
    "category": "CC_ARCANE",
    "subcategory": "CSC_ARCANE_WEAPONRY",
    "skill_used": "faith",
    "skills_required": [ "faith", 5 ],
    "difficulty": 5,
    "time": "120 m",
    "book_learn": [ [ "divine_weapon_mid", 1 ] ],
    "tools": [ [ [ "t_daltar", -1 ] ] ],
    "components": [ [ [ "incense", 8 ] ], [ [ "shillelagh", 1 ] ] ],
    "byproducts": [ [ "ash", 4 ] ],
    "proficiencies": [
      { "proficiency": "prof_infusion", "required": false } 
                     ]   
  }, 
{ 
    "result": "divine_tonfa_wood+2",
    "type": "recipe",
    "category": "CC_ARCANE",
    "subcategory": "CSC_ARCANE_WEAPONRY",
    "skill_used": "faith",
    "skills_required": [ "faith", 5 ],
    "difficulty": 5,
    "time": "120 m",
    "book_learn": [ [ "divine_weapon_mid", 1 ] ],
    "tools": [ [ [ "t_daltar", -1 ] ] ],
    "components": [ [ [ "incense", 8 ] ], [ [ "tonfa_wood", 1 ] ] ],
    "byproducts": [ [ "ash", 4 ] ],
    "proficiencies": [
      { "proficiency": "prof_infusion", "required": false } 
                     ]   
  }, 
{ 
    "result": "divine_warhammer+2",
    "type": "recipe",
    "category": "CC_ARCANE",
    "subcategory": "CSC_ARCANE_WEAPONRY",
    "skill_used": "faith",
    "skills_required": [ "faith", 5 ],
    "difficulty": 5,
    "time": "120 m",
    "book_learn": [ [ "divine_weapon_mid", 1 ] ],
    "tools": [ [ [ "t_daltar", -1 ] ] ],
    "components": [ [ [ "incense", 8 ] ], [ [ "warhammer", 1 ] ] ],
    "byproducts": [ [ "ash", 4 ] ],
    "proficiencies": [
      { "proficiency": "prof_infusion", "required": false } 
                     ]   
  }, 
{ 
    "result": "divine_pitchfork+2",
    "type": "recipe",
    "category": "CC_ARCANE",
    "subcategory": "CSC_ARCANE_WEAPONRY",
    "skill_used": "faith",
    "skills_required": [ "faith", 5 ],
    "difficulty": 5,
    "time": "120 m",
    "book_learn": [ [ "divine_weapon_mid", 1 ] ],
    "tools": [ [ [ "t_daltar", -1 ] ] ],
    "components": [ [ [ "incense", 8 ] ], [ [ "pitchfork", 1 ] ] ],
    "byproducts": [ [ "ash", 4 ] ],
    "proficiencies": [
      { "proficiency": "prof_infusion", "required": false } 
                     ]   
  }, 
{ 
    "result": "divine_spear_steel+2",
    "type": "recipe",
    "category": "CC_ARCANE",
    "subcategory": "CSC_ARCANE_WEAPONRY",
    "skill_used": "faith",
    "skills_required": [ "faith", 5 ],
    "difficulty": 5,
    "time": "120 m",
    "book_learn": [ [ "divine_weapon_mid", 1 ] ],
    "tools": [ [ [ "t_daltar", -1 ] ] ],
    "components": [ [ [ "incense", 8 ] ], [ [ "spear_steel", 1 ] ] ],
    "byproducts": [ [ "ash", 4 ] ],
    "proficiencies": [
      { "proficiency": "prof_infusion", "required": false } 
                     ]   
  }, 
{ 
    "result": "divine_qiang+2",
    "type": "recipe",
    "category": "CC_ARCANE",
    "subcategory": "CSC_ARCANE_WEAPONRY",
    "skill_used": "faith",
    "skills_required": [ "faith", 5 ],
    "difficulty": 5,
    "time": "120 m",
    "book_learn": [ [ "divine_weapon_mid", 1 ] ],
    "tools": [ [ [ "t_daltar", -1 ] ] ],
    "components": [ [ [ "incense", 8 ] ], [ [ "qiang", 1 ] ] ],
    "byproducts": [ [ "ash", 4 ] ],
    "proficiencies": [
      { "proficiency": "prof_infusion", "required": false } 
                     ]   
  }, 
{ 
    "result": "divine_halberd+2",
    "type": "recipe",
    "category": "CC_ARCANE",
    "subcategory": "CSC_ARCANE_WEAPONRY",
    "skill_used": "faith",
    "skills_required": [ "faith", 5 ],
    "difficulty": 5,
    "time": "120 m",
    "book_learn": [ [ "divine_weapon_mid", 1 ] ],
    "tools": [ [ [ "t_daltar", -1 ] ] ],
    "components": [ [ [ "incense", 8 ] ], [ [ "halberd", 1 ] ] ],
    "byproducts": [ [ "ash", 4 ] ],
    "proficiencies": [
      { "proficiency": "prof_infusion", "required": false } 
                     ]   
  }, 
{ 
    "result": "divine_glaive+2",
    "type": "recipe",
    "category": "CC_ARCANE",
    "subcategory": "CSC_ARCANE_WEAPONRY",
    "skill_used": "faith",
    "skills_required": [ "faith", 5 ],
    "difficulty": 5,
    "time": "120 m",
    "book_learn": [ [ "divine_weapon_mid", 1 ] ],
    "tools": [ [ [ "t_daltar", -1 ] ] ],
    "components": [ [ [ "incense", 8 ] ], [ [ "glaive", 1 ] ] ],
    "byproducts": [ [ "ash", 4 ] ],
    "proficiencies": [
      { "proficiency": "prof_infusion", "required": false } 
                     ]   
  }, 
{ 
    "result": "divine_naginata+2",
    "type": "recipe",
    "category": "CC_ARCANE",
    "subcategory": "CSC_ARCANE_WEAPONRY",
    "skill_used": "faith",
    "skills_required": [ "faith", 5 ],
    "difficulty": 5,
    "time": "120 m",
    "book_learn": [ [ "divine_weapon_mid", 1 ] ],
    "tools": [ [ [ "t_daltar", -1 ] ] ],
    "components": [ [ [ "incense", 8 ] ], [ [ "naginata", 1 ] ] ],
    "byproducts": [ [ "ash", 4 ] ],
    "proficiencies": [
      { "proficiency": "prof_infusion", "required": false } 
                     ]   
  }, 
{ 
    "result": "divine_pike+2",
    "type": "recipe",
    "category": "CC_ARCANE",
    "subcategory": "CSC_ARCANE_WEAPONRY",
    "skill_used": "faith",
    "skills_required": [ "faith", 5 ],
    "difficulty": 5,
    "time": "120 m",
    "book_learn": [ [ "divine_weapon_mid", 1 ] ],
    "tools": [ [ [ "t_daltar", -1 ] ] ],
    "components": [ [ [ "incense", 8 ] ], [ [ "pike", 1 ] ] ],
    "byproducts": [ [ "ash", 4 ] ],
    "proficiencies": [
      { "proficiency": "prof_infusion", "required": false } 
                     ]   
  }, 
{ 
    "result": "divine_bagh_nakha+2",
    "type": "recipe",
    "category": "CC_ARCANE",
    "subcategory": "CSC_ARCANE_WEAPONRY",
    "skill_used": "faith",
    "skills_required": [ "faith", 5 ],
    "difficulty": 5,
    "time": "120 m",
    "book_learn": [ [ "divine_weapon_mid", 1 ] ],
    "tools": [ [ [ "t_daltar", -1 ] ] ],
    "components": [ [ [ "incense", 8 ] ], [ [ "bagh_nakha", 1 ] ] ],
    "byproducts": [ [ "ash", 4 ] ],
    "proficiencies": [
      { "proficiency": "prof_infusion", "required": false } 
                     ]   
  }, 
{ 
    "result": "divine_cestus+2",
    "type": "recipe",
    "category": "CC_ARCANE",
    "subcategory": "CSC_ARCANE_WEAPONRY",
    "skill_used": "faith",
    "skills_required": [ "faith", 5 ],
    "difficulty": 5,
    "time": "120 m",
    "book_learn": [ [ "divine_weapon_mid", 1 ] ],
    "tools": [ [ [ "t_daltar", -1 ] ] ],
    "components": [ [ [ "incense", 8 ] ], [ [ "cestus", 1 ] ] ],
    "byproducts": [ [ "ash", 4 ] ],
    "proficiencies": [
      { "proficiency": "prof_infusion", "required": false } 
                     ]   
  }, 
{ 
    "result": "divine_knuckle_brass+2",
    "type": "recipe",
    "category": "CC_ARCANE",
    "subcategory": "CSC_ARCANE_WEAPONRY",
    "skill_used": "faith",
    "skills_required": [ "faith", 5 ],
    "difficulty": 5,
    "time": "120 m",
    "book_learn": [ [ "divine_weapon_mid", 1 ] ],
    "tools": [ [ [ "t_daltar", -1 ] ] ],
    "components": [ [ [ "incense", 8 ] ], [ [ "knuckle_brass", 1 ] ] ],
    "byproducts": [ [ "ash", 4 ] ],
    "proficiencies": [
      { "proficiency": "prof_infusion", "required": false } 
                     ]   
  }, 
{ 
    "result": "divine_punch_dagger+2",
    "type": "recipe",
    "category": "CC_ARCANE",
    "subcategory": "CSC_ARCANE_WEAPONRY",
    "skill_used": "faith",
    "skills_required": [ "faith", 5 ],
    "difficulty": 5,
    "time": "120 m",
    "book_learn": [ [ "divine_weapon_mid", 1 ] ],
    "tools": [ [ [ "t_daltar", -1 ] ] ],
    "components": [ [ [ "incense", 8 ] ], [ [ "punch_dagger", 1 ] ] ],
    "byproducts": [ [ "ash", 4 ] ],
    "proficiencies": [
      { "proficiency": "prof_infusion", "required": false } 
                     ]   
  }
]