[
{ 
    "result": "divine_longsword+1",
    "type": "recipe",
    "category": "CC_ARCANE",
    "subcategory": "CSC_ARCANE_WEAPONRY",
    "skill_used": "faith",
    "skills_required": [ "faith", 3 ],
    "difficulty": 3,
    "time": "90 m",
    "book_learn": [ [ "divine_weapon", 1 ] ],
    "tools": [ [ [ "t_daltar", -1 ] ] ],
    "components": [ [ [ "incense", 6 ] ], [ [ "longsword", 1 ] ] ],
    "byproducts": [ [ "ash", 3 ] ],
    "proficiencies": [
      { "proficiency": "prof_infusion", "required": false } 
                     ]   
  }, 
{ 
    "result": "divine_wood_sword+1",
    "type": "recipe",
    "category": "CC_ARCANE",
    "subcategory": "CSC_ARCANE_WEAPONRY",
    "skill_used": "faith",
    "skills_required": [ "faith", 3 ],
    "difficulty": 3,
    "time": "90 m",
    "book_learn": [ [ "divine_weapon", 1 ] ],
    "tools": [ [ [ "t_daltar", -1 ] ] ],
    "components": [ [ [ "incense", 6 ] ], [ [ "sword_wood", 1 ] ] ],
    "byproducts": [ [ "ash", 3 ] ],
    "proficiencies": [
      { "proficiency": "prof_infusion", "required": false } 
                     ]   
  }, 
{ 
    "result": "divine_makeshift_knife+1",
    "type": "recipe",
    "category": "CC_ARCANE",
    "subcategory": "CSC_ARCANE_WEAPONRY",
    "skill_used": "faith",
    "skills_required": [ "faith", 3 ],
    "difficulty": 3,
    "time": "90 m",
    "book_learn": [ [ "divine_weapon", 1 ] ],
    "tools": [ [ [ "t_daltar", -1 ] ] ],
    "components": [ [ [ "incense", 6 ] ], [ [ "makeshift_knife", 1 ] ] ],
    "byproducts": [ [ "ash", 3 ] ],
    "proficiencies": [
      { "proficiency": "prof_infusion", "required": false } 
                     ]   
  }, 
{ 
    "result": "divine_knife_baselard+1",
    "type": "recipe",
    "category": "CC_ARCANE",
    "subcategory": "CSC_ARCANE_WEAPONRY",
    "skill_used": "faith",
    "skills_required": [ "faith", 3 ],
    "difficulty": 3,
    "time": "90 m",
    "book_learn": [ [ "divine_weapon", 1 ] ],
    "tools": [ [ [ "t_daltar", -1 ] ] ],
    "components": [ [ [ "incense", 6 ] ], [ [ "knife_baselard", 1 ] ] ],
    "byproducts": [ [ "ash", 3 ] ],
    "proficiencies": [
      { "proficiency": "prof_infusion", "required": false } 
                     ]   
  }, 
{ 
    "result": "divine_machete+1",
    "type": "recipe",
    "category": "CC_ARCANE",
    "subcategory": "CSC_ARCANE_WEAPONRY",
    "skill_used": "faith",
    "skills_required": [ "faith", 3 ],
    "difficulty": 3,
    "time": "90 m",
    "book_learn": [ [ "divine_weapon", 1 ] ],
    "tools": [ [ [ "t_daltar", -1 ] ] ],
    "components": [ [ [ "incense", 6 ] ], [ [ "machete", 1 ] ] ],
    "byproducts": [ [ "ash", 3 ] ],
    "proficiencies": [
      { "proficiency": "prof_infusion", "required": false } 
                     ]   
  }, 
{ 
    "result": "divine_cavalry_sabre+1",
    "type": "recipe",
    "category": "CC_ARCANE",
    "subcategory": "CSC_ARCANE_WEAPONRY",
    "skill_used": "faith",
    "skills_required": [ "faith", 3 ],
    "difficulty": 3,
    "time": "90 m",
    "book_learn": [ [ "divine_weapon", 1 ] ],
    "tools": [ [ [ "t_daltar", -1 ] ] ],
    "components": [ [ [ "incense", 6 ] ], [ [ "cavalry_sabre", 1 ] ] ],
    "byproducts": [ [ "ash", 3 ] ],
    "proficiencies": [
      { "proficiency": "prof_infusion", "required": false } 
                     ]   
  }, 
{ 
    "result": "divine_kris+1",
    "type": "recipe",
    "category": "CC_ARCANE",
    "subcategory": "CSC_ARCANE_WEAPONRY",
    "skill_used": "faith",
    "skills_required": [ "faith", 3 ],
    "difficulty": 3,
    "time": "90 m",
    "book_learn": [ [ "divine_weapon", 1 ] ],
    "tools": [ [ [ "t_daltar", -1 ] ] ],
    "components": [ [ [ "incense", 6 ] ], [ [ "kris", 1 ] ] ],
    "byproducts": [ [ "ash", 3 ] ],
    "proficiencies": [
      { "proficiency": "prof_infusion", "required": false } 
                     ]   
  }, 
{ 
    "result": "divine_kukri+1",
    "type": "recipe",
    "category": "CC_ARCANE",
    "subcategory": "CSC_ARCANE_WEAPONRY",
    "skill_used": "faith",
    "skills_required": [ "faith", 3 ],
    "difficulty": 3,
    "time": "90 m",
    "book_learn": [ [ "divine_weapon", 1 ] ],
    "tools": [ [ [ "t_daltar", -1 ] ] ],
    "components": [ [ [ "incense", 6 ] ], [ [ "kukri", 1 ] ] ],
    "byproducts": [ [ "ash", 3 ] ],
    "proficiencies": [
      { "proficiency": "prof_infusion", "required": false } 
                     ]   
  }, 
{ 
    "result": "divine_jian+1",
    "type": "recipe",
    "category": "CC_ARCANE",
    "subcategory": "CSC_ARCANE_WEAPONRY",
    "skill_used": "faith",
    "skills_required": [ "faith", 3 ],
    "difficulty": 3,
    "time": "90 m",
    "book_learn": [ [ "divine_weapon", 1 ] ],
    "tools": [ [ [ "t_daltar", -1 ] ] ],
    "components": [ [ [ "incense", 6 ] ], [ [ "jian", 1 ] ] ],
    "byproducts": [ [ "ash", 3 ] ],
    "proficiencies": [
      { "proficiency": "prof_infusion", "required": false } 
                     ]   
  }, 
{ 
    "result": "divine_scimitar+1",
    "type": "recipe",
    "category": "CC_ARCANE",
    "subcategory": "CSC_ARCANE_WEAPONRY",
    "skill_used": "faith",
    "skills_required": [ "faith", 3 ],
    "difficulty": 3,
    "time": "90 m",
    "book_learn": [ [ "divine_weapon", 1 ] ],
    "tools": [ [ [ "t_daltar", -1 ] ] ],
    "components": [ [ [ "incense", 6 ] ], [ [ "scimitar", 1 ] ] ],
    "byproducts": [ [ "ash", 3 ] ],
    "proficiencies": [
      { "proficiency": "prof_infusion", "required": false } 
                     ]   
  }, 
{ 
    "result": "divine_estoc+1",
    "type": "recipe",
    "category": "CC_ARCANE",
    "subcategory": "CSC_ARCANE_WEAPONRY",
    "skill_used": "faith",
    "skills_required": [ "faith", 3 ],
    "difficulty": 3,
    "time": "90 m",
    "book_learn": [ [ "divine_weapon", 1 ] ],
    "tools": [ [ [ "t_daltar", -1 ] ] ],
    "components": [ [ [ "incense", 6 ] ], [ [ "estoc", 1 ] ] ],
    "byproducts": [ [ "ash", 3 ] ],
    "proficiencies": [
      { "proficiency": "prof_infusion", "required": false } 
                     ]   
  }, 
{ 
    "result": "divine_arming_sword+1",
    "type": "recipe",
    "category": "CC_ARCANE",
    "subcategory": "CSC_ARCANE_WEAPONRY",
    "skill_used": "faith",
    "skills_required": [ "faith", 3 ],
    "difficulty": 3,
    "time": "90 m",
    "book_learn": [ [ "divine_weapon", 1 ] ],
    "tools": [ [ [ "t_daltar", -1 ] ] ],
    "components": [ [ [ "incense", 6 ] ], [ [ "arming_sword", 1 ] ] ],
    "byproducts": [ [ "ash", 3 ] ],
    "proficiencies": [
      { "proficiency": "prof_infusion", "required": false } 
                     ]   
  }, 
{ 
    "result": "divine_tanto+1",
    "type": "recipe",
    "category": "CC_ARCANE",
    "subcategory": "CSC_ARCANE_WEAPONRY",
    "skill_used": "faith",
    "skills_required": [ "faith", 3 ],
    "difficulty": 3,
    "time": "90 m",
    "book_learn": [ [ "divine_weapon", 1 ] ],
    "tools": [ [ [ "t_daltar", -1 ] ] ],
    "components": [ [ [ "incense", 6 ] ], [ [ "tanto", 1 ] ] ],
    "byproducts": [ [ "ash", 3 ] ],
    "proficiencies": [
      { "proficiency": "prof_infusion", "required": false } 
                     ]   
  }, 
{ 
    "result": "divine_wakizashi+1",
    "type": "recipe",
    "category": "CC_ARCANE",
    "subcategory": "CSC_ARCANE_WEAPONRY",
    "skill_used": "faith",
    "skills_required": [ "faith", 3 ],
    "difficulty": 3,
    "time": "90 m",
    "book_learn": [ [ "divine_weapon", 1 ] ],
    "tools": [ [ [ "t_daltar", -1 ] ] ],
    "components": [ [ [ "incense", 6 ] ], [ [ "wakizashi", 1 ] ] ],
    "byproducts": [ [ "ash", 3 ] ],
    "proficiencies": [
      { "proficiency": "prof_infusion", "required": false } 
                     ]   
  }, 
{ 
    "result": "divine_zweihander+1",
    "type": "recipe",
    "category": "CC_ARCANE",
    "subcategory": "CSC_ARCANE_WEAPONRY",
    "skill_used": "faith",
    "skills_required": [ "faith", 3 ],
    "difficulty": 3,
    "time": "90 m",
    "book_learn": [ [ "divine_weapon", 1 ] ],
    "tools": [ [ [ "t_daltar", -1 ] ] ],
    "components": [ [ [ "incense", 6 ] ], [ [ "zweihander", 1 ] ] ],
    "byproducts": [ [ "ash", 3 ] ],
    "proficiencies": [
      { "proficiency": "prof_infusion", "required": false } 
                     ]   
  }, 
{ 
    "result": "divine_nodachi+1",
    "type": "recipe",
    "category": "CC_ARCANE",
    "subcategory": "CSC_ARCANE_WEAPONRY",
    "skill_used": "faith",
    "skills_required": [ "faith", 3 ],
    "difficulty": 3,
    "time": "90 m",
    "book_learn": [ [ "divine_weapon", 1 ] ],
    "tools": [ [ [ "t_daltar", -1 ] ] ],
    "components": [ [ [ "incense", 6 ] ], [ [ "nodachi", 1 ] ] ],
    "byproducts": [ [ "ash", 3 ] ],
    "proficiencies": [
      { "proficiency": "prof_infusion", "required": false } 
                     ]   
  }, 
{ 
    "result": "divine_broadsword+1",
    "type": "recipe",
    "category": "CC_ARCANE",
    "subcategory": "CSC_ARCANE_WEAPONRY",
    "skill_used": "faith",
    "skills_required": [ "faith", 3 ],
    "difficulty": 3,
    "time": "90 m",
    "book_learn": [ [ "divine_weapon", 1 ] ],
    "tools": [ [ [ "t_daltar", -1 ] ] ],
    "components": [ [ [ "incense", 6 ] ], [ [ "broadsword", 1 ] ] ],
    "byproducts": [ [ "ash", 3 ] ],
    "proficiencies": [
      { "proficiency": "prof_infusion", "required": false } 
                     ]   
  }, 
{ 
    "result": "divine_rapier+1",
    "type": "recipe",
    "category": "CC_ARCANE",
    "subcategory": "CSC_ARCANE_WEAPONRY",
    "skill_used": "faith",
    "skills_required": [ "faith", 3 ],
    "difficulty": 3,
    "time": "90 m",
    "book_learn": [ [ "divine_weapon", 1 ] ],
    "tools": [ [ [ "t_daltar", -1 ] ] ],
    "components": [ [ [ "incense", 6 ] ], [ [ "rapier", 1 ] ] ],
    "byproducts": [ [ "ash", 3 ] ],
    "proficiencies": [
      { "proficiency": "prof_infusion", "required": false } 
                     ]   
  }, 
{ 
    "result": "divine_katana+1",
    "type": "recipe",
    "category": "CC_ARCANE",
    "subcategory": "CSC_ARCANE_WEAPONRY",
    "skill_used": "faith",
    "skills_required": [ "faith", 3 ],
    "difficulty": 3,
    "time": "90 m",
    "book_learn": [ [ "divine_weapon", 1 ] ],
    "tools": [ [ [ "t_daltar", -1 ] ] ],
    "components": [ [ [ "incense", 6 ] ], [ [ "katana", 1 ] ] ],
    "byproducts": [ [ "ash", 3 ] ],
    "proficiencies": [
      { "proficiency": "prof_infusion", "required": false } 
                     ]   
  }, 
{ 
    "result": "divine_butterfly_swords+1",
    "type": "recipe",
    "category": "CC_ARCANE",
    "subcategory": "CSC_ARCANE_WEAPONRY",
    "skill_used": "faith",
    "skills_required": [ "faith", 3 ],
    "difficulty": 3,
    "time": "90 m",
    "book_learn": [ [ "divine_weapon", 1 ] ],
    "tools": [ [ [ "t_daltar", -1 ] ] ],
    "components": [ [ [ "incense", 6 ] ], [ [ "butterfly_swords", 1 ] ] ],
    "byproducts": [ [ "ash", 3 ] ],
    "proficiencies": [
      { "proficiency": "prof_infusion", "required": false } 
                     ]   
  }, 
{ 
    "result": "divine_cutlass+1",
    "type": "recipe",
    "category": "CC_ARCANE",
    "subcategory": "CSC_ARCANE_WEAPONRY",
    "skill_used": "faith",
    "skills_required": [ "faith", 3 ],
    "difficulty": 3,
    "time": "90 m",
    "book_learn": [ [ "divine_weapon", 1 ] ],
    "tools": [ [ [ "t_daltar", -1 ] ] ],
    "components": [ [ [ "incense", 6 ] ], [ [ "cutlass", 1 ] ] ],
    "byproducts": [ [ "ash", 3 ] ],
    "proficiencies": [
      { "proficiency": "prof_infusion", "required": false } 
                     ]   
  }, 
{ 
    "result": "divine_lajatang+1",
    "type": "recipe",
    "category": "CC_ARCANE",
    "subcategory": "CSC_ARCANE_WEAPONRY",
    "skill_used": "faith",
    "skills_required": [ "faith", 3 ],
    "difficulty": 3,
    "time": "90 m",
    "book_learn": [ [ "divine_weapon", 1 ] ],
    "tools": [ [ [ "t_daltar", -1 ] ] ],
    "components": [ [ [ "incense", 6 ] ], [ [ "lajatang", 1 ] ] ],
    "byproducts": [ [ "ash", 3 ] ],
    "proficiencies": [
      { "proficiency": "prof_infusion", "required": false } 
                     ]   
  }, 
{ 
    "result": "divine_war_flail+1",
    "type": "recipe",
    "category": "CC_ARCANE",
    "subcategory": "CSC_ARCANE_WEAPONRY",
    "skill_used": "faith",
    "skills_required": [ "faith", 3 ],
    "difficulty": 3,
    "time": "90 m",
    "book_learn": [ [ "divine_weapon", 1 ] ],
    "tools": [ [ [ "t_daltar", -1 ] ] ],
    "components": [ [ [ "incense", 6 ] ], [ [ "2h_flail_steel", 1 ] ] ],
    "byproducts": [ [ "ash", 3 ] ],
    "proficiencies": [
      { "proficiency": "prof_infusion", "required": false } 
                     ]   
  }, 
{ 
    "result": "divine_peasant_flail+1",
    "type": "recipe",
    "category": "CC_ARCANE",
    "subcategory": "CSC_ARCANE_WEAPONRY",
    "skill_used": "faith",
    "skills_required": [ "faith", 3 ],
    "difficulty": 3,
    "time": "90 m",
    "book_learn": [ [ "divine_weapon", 1 ] ],
    "tools": [ [ [ "t_daltar", -1 ] ] ],
    "components": [ [ [ "incense", 6 ] ], [ [ "2h_flail_wood", 1 ] ] ],
    "byproducts": [ [ "ash", 3 ] ],
    "proficiencies": [
      { "proficiency": "prof_infusion", "required": false } 
                     ]   
  }, 
{ 
    "result": "divine_battleaxe+1",
    "type": "recipe",
    "category": "CC_ARCANE",
    "subcategory": "CSC_ARCANE_WEAPONRY",
    "skill_used": "faith",
    "skills_required": [ "faith", 3 ],
    "difficulty": 3,
    "time": "90 m",
    "book_learn": [ [ "divine_weapon", 1 ] ],
    "tools": [ [ [ "t_daltar", -1 ] ] ],
    "components": [ [ [ "incense", 6 ] ], [ [ "battleaxe", 1 ] ] ],
    "byproducts": [ [ "ash", 3 ] ],
    "proficiencies": [
      { "proficiency": "prof_infusion", "required": false } 
                     ]   
  }, 
{ 
    "result": "divine_bokken+1",
    "type": "recipe",
    "category": "CC_ARCANE",
    "subcategory": "CSC_ARCANE_WEAPONRY",
    "skill_used": "faith",
    "skills_required": [ "faith", 3 ],
    "difficulty": 3,
    "time": "90 m",
    "book_learn": [ [ "divine_weapon", 1 ] ],
    "tools": [ [ [ "t_daltar", -1 ] ] ],
    "components": [ [ [ "incense", 6 ] ], [ [ "bokken", 1 ] ] ],
    "byproducts": [ [ "ash", 3 ] ],
    "proficiencies": [
      { "proficiency": "prof_infusion", "required": false } 
                     ]   
  }, 
{ 
    "result": "divine_cudgel+1",
    "type": "recipe",
    "category": "CC_ARCANE",
    "subcategory": "CSC_ARCANE_WEAPONRY",
    "skill_used": "faith",
    "skills_required": [ "faith", 3 ],
    "difficulty": 3,
    "time": "90 m",
    "book_learn": [ [ "divine_weapon", 1 ] ],
    "tools": [ [ [ "t_daltar", -1 ] ] ],
    "components": [ [ [ "incense", 6 ] ], [ [ "cudgel", 1 ] ] ],
    "byproducts": [ [ "ash", 3 ] ],
    "proficiencies": [
      { "proficiency": "prof_infusion", "required": false } 
                     ]   
  }, 
{ 
    "result": "divine_hammer_sledge+1",
    "type": "recipe",
    "category": "CC_ARCANE",
    "subcategory": "CSC_ARCANE_WEAPONRY",
    "skill_used": "faith",
    "skills_required": [ "faith", 3 ],
    "difficulty": 3,
    "time": "90 m",
    "book_learn": [ [ "divine_weapon", 1 ] ],
    "tools": [ [ [ "t_daltar", -1 ] ] ],
    "components": [ [ [ "incense", 6 ] ], [ [ "hammer_sledge", 1 ] ] ],
    "byproducts": [ [ "ash", 3 ] ],
    "proficiencies": [
      { "proficiency": "prof_infusion", "required": false } 
                     ]   
  }, 
{ 
    "result": "divine_lucern_hammer+1",
    "type": "recipe",
    "category": "CC_ARCANE",
    "subcategory": "CSC_ARCANE_WEAPONRY",
    "skill_used": "faith",
    "skills_required": [ "faith", 3 ],
    "difficulty": 3,
    "time": "90 m",
    "book_learn": [ [ "divine_weapon", 1 ] ],
    "tools": [ [ [ "t_daltar", -1 ] ] ],
    "components": [ [ [ "incense", 6 ] ], [ [ "lucern_hammer", 1 ] ] ],
    "byproducts": [ [ "ash", 3 ] ],
    "proficiencies": [
      { "proficiency": "prof_infusion", "required": false } 
                     ]   
  }, 
{ 
    "result": "divine_mace+1",
    "type": "recipe",
    "category": "CC_ARCANE",
    "subcategory": "CSC_ARCANE_WEAPONRY",
    "skill_used": "faith",
    "skills_required": [ "faith", 3 ],
    "difficulty": 3,
    "time": "90 m",
    "book_learn": [ [ "divine_weapon", 1 ] ],
    "tools": [ [ [ "t_daltar", -1 ] ] ],
    "components": [ [ [ "incense", 6 ] ], [ [ "mace", 1 ] ] ],
    "byproducts": [ [ "ash", 3 ] ],
    "proficiencies": [
      { "proficiency": "prof_infusion", "required": false } 
                     ]   
  }, 
{ 
    "result": "divine_morningstar+1",
    "type": "recipe",
    "category": "CC_ARCANE",
    "subcategory": "CSC_ARCANE_WEAPONRY",
    "skill_used": "faith",
    "skills_required": [ "faith", 3 ],
    "difficulty": 3,
    "time": "90 m",
    "book_learn": [ [ "divine_weapon", 1 ] ],
    "tools": [ [ [ "t_daltar", -1 ] ] ],
    "components": [ [ [ "incense", 6 ] ], [ [ "morningstar", 1 ] ] ],
    "byproducts": [ [ "ash", 3 ] ],
    "proficiencies": [
      { "proficiency": "prof_infusion", "required": false } 
                     ]   
  }, 
{ 
    "result": "divine_q_staff+1",
    "type": "recipe",
    "category": "CC_ARCANE",
    "subcategory": "CSC_ARCANE_WEAPONRY",
    "skill_used": "faith",
    "skills_required": [ "faith", 3 ],
    "difficulty": 3,
    "time": "90 m",
    "book_learn": [ [ "divine_weapon", 1 ] ],
    "tools": [ [ [ "t_daltar", -1 ] ] ],
    "components": [ [ [ "incense", 6 ] ], [ [ "q_staff", 1 ] ] ],
    "byproducts": [ [ "ash", 3 ] ],
    "proficiencies": [
      { "proficiency": "prof_infusion", "required": false } 
                     ]   
  }, 
{ 
    "result": "divine_shillelagh+1",
    "type": "recipe",
    "category": "CC_ARCANE",
    "subcategory": "CSC_ARCANE_WEAPONRY",
    "skill_used": "faith",
    "skills_required": [ "faith", 3 ],
    "difficulty": 3,
    "time": "90 m",
    "book_learn": [ [ "divine_weapon", 1 ] ],
    "tools": [ [ [ "t_daltar", -1 ] ] ],
    "components": [ [ [ "incense", 6 ] ], [ [ "shillelagh", 1 ] ] ],
    "byproducts": [ [ "ash", 3 ] ],
    "proficiencies": [
      { "proficiency": "prof_infusion", "required": false } 
                     ]   
  }, 
{ 
    "result": "divine_tonfa_wood+1",
    "type": "recipe",
    "category": "CC_ARCANE",
    "subcategory": "CSC_ARCANE_WEAPONRY",
    "skill_used": "faith",
    "skills_required": [ "faith", 3 ],
    "difficulty": 3,
    "time": "90 m",
    "book_learn": [ [ "divine_weapon", 1 ] ],
    "tools": [ [ [ "t_daltar", -1 ] ] ],
    "components": [ [ [ "incense", 6 ] ], [ [ "tonfa_wood", 1 ] ] ],
    "byproducts": [ [ "ash", 3 ] ],
    "proficiencies": [
      { "proficiency": "prof_infusion", "required": false } 
                     ]   
  }, 
{ 
    "result": "divine_warhammer+1",
    "type": "recipe",
    "category": "CC_ARCANE",
    "subcategory": "CSC_ARCANE_WEAPONRY",
    "skill_used": "faith",
    "skills_required": [ "faith", 3 ],
    "difficulty": 3,
    "time": "90 m",
    "book_learn": [ [ "divine_weapon", 1 ] ],
    "tools": [ [ [ "t_daltar", -1 ] ] ],
    "components": [ [ [ "incense", 6 ] ], [ [ "warhammer", 1 ] ] ],
    "byproducts": [ [ "ash", 3 ] ],
    "proficiencies": [
      { "proficiency": "prof_infusion", "required": false } 
                     ]   
  }, 
{ 
    "result": "divine_pitchfork+1",
    "type": "recipe",
    "category": "CC_ARCANE",
    "subcategory": "CSC_ARCANE_WEAPONRY",
    "skill_used": "faith",
    "skills_required": [ "faith", 3 ],
    "difficulty": 3,
    "time": "90 m",
    "book_learn": [ [ "divine_weapon", 1 ] ],
    "tools": [ [ [ "t_daltar", -1 ] ] ],
    "components": [ [ [ "incense", 6 ] ], [ [ "pitchfork", 1 ] ] ],
    "byproducts": [ [ "ash", 3 ] ],
    "proficiencies": [
      { "proficiency": "prof_infusion", "required": false } 
                     ]   
  }, 
{ 
    "result": "divine_spear_steel+1",
    "type": "recipe",
    "category": "CC_ARCANE",
    "subcategory": "CSC_ARCANE_WEAPONRY",
    "skill_used": "faith",
    "skills_required": [ "faith", 3 ],
    "difficulty": 3,
    "time": "90 m",
    "book_learn": [ [ "divine_weapon", 1 ] ],
    "tools": [ [ [ "t_daltar", -1 ] ] ],
    "components": [ [ [ "incense", 6 ] ], [ [ "spear_steel", 1 ] ] ],
    "byproducts": [ [ "ash", 3 ] ],
    "proficiencies": [
      { "proficiency": "prof_infusion", "required": false } 
                     ]   
  }, 
{ 
    "result": "divine_qiang+1",
    "type": "recipe",
    "category": "CC_ARCANE",
    "subcategory": "CSC_ARCANE_WEAPONRY",
    "skill_used": "faith",
    "skills_required": [ "faith", 3 ],
    "difficulty": 3,
    "time": "90 m",
    "book_learn": [ [ "divine_weapon", 1 ] ],
    "tools": [ [ [ "t_daltar", -1 ] ] ],
    "components": [ [ [ "incense", 6 ] ], [ [ "qiang", 1 ] ] ],
    "byproducts": [ [ "ash", 3 ] ],
    "proficiencies": [
      { "proficiency": "prof_infusion", "required": false } 
                     ]   
  }, 
{ 
    "result": "divine_halberd+1",
    "type": "recipe",
    "category": "CC_ARCANE",
    "subcategory": "CSC_ARCANE_WEAPONRY",
    "skill_used": "faith",
    "skills_required": [ "faith", 3 ],
    "difficulty": 3,
    "time": "90 m",
    "book_learn": [ [ "divine_weapon", 1 ] ],
    "tools": [ [ [ "t_daltar", -1 ] ] ],
    "components": [ [ [ "incense", 6 ] ], [ [ "halberd", 1 ] ] ],
    "byproducts": [ [ "ash", 3 ] ],
    "proficiencies": [
      { "proficiency": "prof_infusion", "required": false } 
                     ]   
  }, 
{ 
    "result": "divine_glaive+1",
    "type": "recipe",
    "category": "CC_ARCANE",
    "subcategory": "CSC_ARCANE_WEAPONRY",
    "skill_used": "faith",
    "skills_required": [ "faith", 3 ],
    "difficulty": 3,
    "time": "90 m",
    "book_learn": [ [ "divine_weapon", 1 ] ],
    "tools": [ [ [ "t_daltar", -1 ] ] ],
    "components": [ [ [ "incense", 6 ] ], [ [ "glaive", 1 ] ] ],
    "byproducts": [ [ "ash", 3 ] ],
    "proficiencies": [
      { "proficiency": "prof_infusion", "required": false } 
                     ]   
  }, 
{ 
    "result": "divine_naginata+1",
    "type": "recipe",
    "category": "CC_ARCANE",
    "subcategory": "CSC_ARCANE_WEAPONRY",
    "skill_used": "faith",
    "skills_required": [ "faith", 3 ],
    "difficulty": 3,
    "time": "90 m",
    "book_learn": [ [ "divine_weapon", 1 ] ],
    "tools": [ [ [ "t_daltar", -1 ] ] ],
    "components": [ [ [ "incense", 6 ] ], [ [ "naginata", 1 ] ] ],
    "byproducts": [ [ "ash", 3 ] ],
    "proficiencies": [
      { "proficiency": "prof_infusion", "required": false } 
                     ]   
  }, 
{ 
    "result": "divine_pike+1",
    "type": "recipe",
    "category": "CC_ARCANE",
    "subcategory": "CSC_ARCANE_WEAPONRY",
    "skill_used": "faith",
    "skills_required": [ "faith", 3 ],
    "difficulty": 3,
    "time": "90 m",
    "book_learn": [ [ "divine_weapon", 1 ] ],
    "tools": [ [ [ "t_daltar", -1 ] ] ],
    "components": [ [ [ "incense", 6 ] ], [ [ "pike", 1 ] ] ],
    "byproducts": [ [ "ash", 3 ] ],
    "proficiencies": [
      { "proficiency": "prof_infusion", "required": false } 
                     ]   
  }, 
{ 
    "result": "divine_bagh_nakha+1",
    "type": "recipe",
    "category": "CC_ARCANE",
    "subcategory": "CSC_ARCANE_WEAPONRY",
    "skill_used": "faith",
    "skills_required": [ "faith", 3 ],
    "difficulty": 3,
    "time": "90 m",
    "book_learn": [ [ "divine_weapon", 1 ] ],
    "tools": [ [ [ "t_daltar", -1 ] ] ],
    "components": [ [ [ "incense", 6 ] ], [ [ "bagh_nakha", 1 ] ] ],
    "byproducts": [ [ "ash", 3 ] ],
    "proficiencies": [
      { "proficiency": "prof_infusion", "required": false } 
                     ]   
  }, 
{ 
    "result": "divine_cestus+1",
    "type": "recipe",
    "category": "CC_ARCANE",
    "subcategory": "CSC_ARCANE_WEAPONRY",
    "skill_used": "faith",
    "skills_required": [ "faith", 3 ],
    "difficulty": 3,
    "time": "90 m",
    "book_learn": [ [ "divine_weapon", 1 ] ],
    "tools": [ [ [ "t_daltar", -1 ] ] ],
    "components": [ [ [ "incense", 6 ] ], [ [ "cestus", 1 ] ] ],
    "byproducts": [ [ "ash", 3 ] ],
    "proficiencies": [
      { "proficiency": "prof_infusion", "required": false } 
                     ]   
  }, 
{ 
    "result": "divine_knuckle_brass+1",
    "type": "recipe",
    "category": "CC_ARCANE",
    "subcategory": "CSC_ARCANE_WEAPONRY",
    "skill_used": "faith",
    "skills_required": [ "faith", 3 ],
    "difficulty": 3,
    "time": "90 m",
    "book_learn": [ [ "divine_weapon", 1 ] ],
    "tools": [ [ [ "t_daltar", -1 ] ] ],
    "components": [ [ [ "incense", 6 ] ], [ [ "knuckle_brass", 1 ] ] ],
    "byproducts": [ [ "ash", 3 ] ],
    "proficiencies": [
      { "proficiency": "prof_infusion", "required": false } 
                     ]   
  }, 
{ 
    "result": "divine_punch_dagger+1",
    "type": "recipe",
    "category": "CC_ARCANE",
    "subcategory": "CSC_ARCANE_WEAPONRY",
    "skill_used": "faith",
    "skills_required": [ "faith", 3 ],
    "difficulty": 3,
    "time": "90 m",
    "book_learn": [ [ "divine_weapon", 1 ] ],
    "tools": [ [ [ "t_daltar", -1 ] ] ],
    "components": [ [ [ "incense", 6 ] ], [ [ "punch_dagger", 1 ] ] ],
    "byproducts": [ [ "ash", 3 ] ],
    "proficiencies": [
      { "proficiency": "prof_infusion", "required": false } 
                     ]   
  }
]