[
{ 
    "result": "divine_longsword+3",
    "type": "recipe",
    "category": "CC_ARCANE",
    "subcategory": "CSC_ARCANE_WEAPONRY",
    "skill_used": "faith",
    "skills_required": [ "faith", 7 ],
    "difficulty": 7,
    "time": "150 m",
    "book_learn": [ [ "divine_weapon_mid", 1 ] ],
    "tools": [ [ [ "t_daltar", -1 ] ] ],
    "components": [ [ [ "incense", 10 ] ], [ [ "longsword", 1 ] ] ],
    "byproducts": [ [ "ash", 5 ] ],
    "proficiencies": [
      { "proficiency": "prof_infusion", "required": true } 
                     ]   
  }, 
{ 
    "result": "divine_wood_sword+3",
    "type": "recipe",
    "category": "CC_ARCANE",
    "subcategory": "CSC_ARCANE_WEAPONRY",
    "skill_used": "faith",
    "skills_required": [ "faith", 7 ],
    "difficulty": 7,
    "time": "150 m",
    "book_learn": [ [ "divine_weapon_mid", 1 ] ],
    "tools": [ [ [ "t_daltar", -1 ] ] ],
    "components": [ [ [ "incense", 10 ] ], [ [ "sword_wood", 1 ] ] ],
    "byproducts": [ [ "ash", 5 ] ],
    "proficiencies": [
      { "proficiency": "prof_infusion", "required": true } 
                     ]   
  }, 
{ 
    "result": "divine_makeshift_knife+3",
    "type": "recipe",
    "category": "CC_ARCANE",
    "subcategory": "CSC_ARCANE_WEAPONRY",
    "skill_used": "faith",
    "skills_required": [ "faith", 7 ],
    "difficulty": 7,
    "time": "150 m",
    "book_learn": [ [ "divine_weapon_mid", 1 ] ],
    "tools": [ [ [ "t_daltar", -1 ] ] ],
    "components": [ [ [ "incense", 10 ] ], [ [ "makeshift_knife", 1 ] ] ],
    "byproducts": [ [ "ash", 5 ] ],
    "proficiencies": [
      { "proficiency": "prof_infusion", "required": true } 
                     ]   
  }, 
{ 
    "result": "divine_knife_baselard+3",
    "type": "recipe",
    "category": "CC_ARCANE",
    "subcategory": "CSC_ARCANE_WEAPONRY",
    "skill_used": "faith",
    "skills_required": [ "faith", 7 ],
    "difficulty": 7,
    "time": "150 m",
    "book_learn": [ [ "divine_weapon_mid", 1 ] ],
    "tools": [ [ [ "t_daltar", -1 ] ] ],
    "components": [ [ [ "incense", 10 ] ], [ [ "knife_baselard", 1 ] ] ],
    "byproducts": [ [ "ash", 5 ] ],
    "proficiencies": [
      { "proficiency": "prof_infusion", "required": true } 
                     ]   
  }, 
{ 
    "result": "divine_machete+3",
    "type": "recipe",
    "category": "CC_ARCANE",
    "subcategory": "CSC_ARCANE_WEAPONRY",
    "skill_used": "faith",
    "skills_required": [ "faith", 7 ],
    "difficulty": 7,
    "time": "150 m",
    "book_learn": [ [ "divine_weapon_mid", 1 ] ],
    "tools": [ [ [ "t_daltar", -1 ] ] ],
    "components": [ [ [ "incense", 10 ] ], [ [ "machete", 1 ] ] ],
    "byproducts": [ [ "ash", 5 ] ],
    "proficiencies": [
      { "proficiency": "prof_infusion", "required": true } 
                     ]   
  }, 
{ 
    "result": "divine_cavalry_sabre+3",
    "type": "recipe",
    "category": "CC_ARCANE",
    "subcategory": "CSC_ARCANE_WEAPONRY",
    "skill_used": "faith",
    "skills_required": [ "faith", 7 ],
    "difficulty": 7,
    "time": "150 m",
    "book_learn": [ [ "divine_weapon_mid", 1 ] ],
    "tools": [ [ [ "t_daltar", -1 ] ] ],
    "components": [ [ [ "incense", 10 ] ], [ [ "cavalry_sabre", 1 ] ] ],
    "byproducts": [ [ "ash", 5 ] ],
    "proficiencies": [
      { "proficiency": "prof_infusion", "required": true } 
                     ]   
  }, 
{ 
    "result": "divine_kris+3",
    "type": "recipe",
    "category": "CC_ARCANE",
    "subcategory": "CSC_ARCANE_WEAPONRY",
    "skill_used": "faith",
    "skills_required": [ "faith", 7 ],
    "difficulty": 7,
    "time": "150 m",
    "book_learn": [ [ "divine_weapon_mid", 1 ] ],
    "tools": [ [ [ "t_daltar", -1 ] ] ],
    "components": [ [ [ "incense", 10 ] ], [ [ "kris", 1 ] ] ],
    "byproducts": [ [ "ash", 5 ] ],
    "proficiencies": [
      { "proficiency": "prof_infusion", "required": true } 
                     ]   
  }, 
{ 
    "result": "divine_kukri+3",
    "type": "recipe",
    "category": "CC_ARCANE",
    "subcategory": "CSC_ARCANE_WEAPONRY",
    "skill_used": "faith",
    "skills_required": [ "faith", 7 ],
    "difficulty": 7,
    "time": "150 m",
    "book_learn": [ [ "divine_weapon_mid", 1 ] ],
    "tools": [ [ [ "t_daltar", -1 ] ] ],
    "components": [ [ [ "incense", 10 ] ], [ [ "kukri", 1 ] ] ],
    "byproducts": [ [ "ash", 5 ] ],
    "proficiencies": [
      { "proficiency": "prof_infusion", "required": true } 
                     ]   
  }, 
{ 
    "result": "divine_jian+3",
    "type": "recipe",
    "category": "CC_ARCANE",
    "subcategory": "CSC_ARCANE_WEAPONRY",
    "skill_used": "faith",
    "skills_required": [ "faith", 7 ],
    "difficulty": 7,
    "time": "150 m",
    "book_learn": [ [ "divine_weapon_mid", 1 ] ],
    "tools": [ [ [ "t_daltar", -1 ] ] ],
    "components": [ [ [ "incense", 10 ] ], [ [ "jian", 1 ] ] ],
    "byproducts": [ [ "ash", 5 ] ],
    "proficiencies": [
      { "proficiency": "prof_infusion", "required": true } 
                     ]   
  }, 
{ 
    "result": "divine_scimitar+3",
    "type": "recipe",
    "category": "CC_ARCANE",
    "subcategory": "CSC_ARCANE_WEAPONRY",
    "skill_used": "faith",
    "skills_required": [ "faith", 7 ],
    "difficulty": 7,
    "time": "150 m",
    "book_learn": [ [ "divine_weapon_mid", 1 ] ],
    "tools": [ [ [ "t_daltar", -1 ] ] ],
    "components": [ [ [ "incense", 10 ] ], [ [ "scimitar", 1 ] ] ],
    "byproducts": [ [ "ash", 5 ] ],
    "proficiencies": [
      { "proficiency": "prof_infusion", "required": true } 
                     ]   
  }, 
{ 
    "result": "divine_estoc+3",
    "type": "recipe",
    "category": "CC_ARCANE",
    "subcategory": "CSC_ARCANE_WEAPONRY",
    "skill_used": "faith",
    "skills_required": [ "faith", 7 ],
    "difficulty": 7,
    "time": "150 m",
    "book_learn": [ [ "divine_weapon_mid", 1 ] ],
    "tools": [ [ [ "t_daltar", -1 ] ] ],
    "components": [ [ [ "incense", 10 ] ], [ [ "estoc", 1 ] ] ],
    "byproducts": [ [ "ash", 5 ] ],
    "proficiencies": [
      { "proficiency": "prof_infusion", "required": true } 
                     ]   
  }, 
{ 
    "result": "divine_arming_sword+3",
    "type": "recipe",
    "category": "CC_ARCANE",
    "subcategory": "CSC_ARCANE_WEAPONRY",
    "skill_used": "faith",
    "skills_required": [ "faith", 7 ],
    "difficulty": 7,
    "time": "150 m",
    "book_learn": [ [ "divine_weapon_mid", 1 ] ],
    "tools": [ [ [ "t_daltar", -1 ] ] ],
    "components": [ [ [ "incense", 10 ] ], [ [ "arming_sword", 1 ] ] ],
    "byproducts": [ [ "ash", 5 ] ],
    "proficiencies": [
      { "proficiency": "prof_infusion", "required": true } 
                     ]   
  }, 
{ 
    "result": "divine_tanto+3",
    "type": "recipe",
    "category": "CC_ARCANE",
    "subcategory": "CSC_ARCANE_WEAPONRY",
    "skill_used": "faith",
    "skills_required": [ "faith", 7 ],
    "difficulty": 7,
    "time": "150 m",
    "book_learn": [ [ "divine_weapon_mid", 1 ] ],
    "tools": [ [ [ "t_daltar", -1 ] ] ],
    "components": [ [ [ "incense", 10 ] ], [ [ "tanto", 1 ] ] ],
    "byproducts": [ [ "ash", 5 ] ],
    "proficiencies": [
      { "proficiency": "prof_infusion", "required": true } 
                     ]   
  }, 
{ 
    "result": "divine_wakizashi+3",
    "type": "recipe",
    "category": "CC_ARCANE",
    "subcategory": "CSC_ARCANE_WEAPONRY",
    "skill_used": "faith",
    "skills_required": [ "faith", 7 ],
    "difficulty": 7,
    "time": "150 m",
    "book_learn": [ [ "divine_weapon_mid", 1 ] ],
    "tools": [ [ [ "t_daltar", -1 ] ] ],
    "components": [ [ [ "incense", 10 ] ], [ [ "wakizashi", 1 ] ] ],
    "byproducts": [ [ "ash", 5 ] ],
    "proficiencies": [
      { "proficiency": "prof_infusion", "required": true } 
                     ]   
  }, 
{ 
    "result": "divine_zweihander+3",
    "type": "recipe",
    "category": "CC_ARCANE",
    "subcategory": "CSC_ARCANE_WEAPONRY",
    "skill_used": "faith",
    "skills_required": [ "faith", 7 ],
    "difficulty": 7,
    "time": "150 m",
    "book_learn": [ [ "divine_weapon_mid", 1 ] ],
    "tools": [ [ [ "t_daltar", -1 ] ] ],
    "components": [ [ [ "incense", 10 ] ], [ [ "zweihander", 1 ] ] ],
    "byproducts": [ [ "ash", 5 ] ],
    "proficiencies": [
      { "proficiency": "prof_infusion", "required": true } 
                     ]   
  }, 
{ 
    "result": "divine_nodachi+3",
    "type": "recipe",
    "category": "CC_ARCANE",
    "subcategory": "CSC_ARCANE_WEAPONRY",
    "skill_used": "faith",
    "skills_required": [ "faith", 7 ],
    "difficulty": 7,
    "time": "150 m",
    "book_learn": [ [ "divine_weapon_mid", 1 ] ],
    "tools": [ [ [ "t_daltar", -1 ] ] ],
    "components": [ [ [ "incense", 10 ] ], [ [ "nodachi", 1 ] ] ],
    "byproducts": [ [ "ash", 5 ] ],
    "proficiencies": [
      { "proficiency": "prof_infusion", "required": true } 
                     ]   
  }, 
{ 
    "result": "divine_broadsword+3",
    "type": "recipe",
    "category": "CC_ARCANE",
    "subcategory": "CSC_ARCANE_WEAPONRY",
    "skill_used": "faith",
    "skills_required": [ "faith", 7 ],
    "difficulty": 7,
    "time": "150 m",
    "book_learn": [ [ "divine_weapon_mid", 1 ] ],
    "tools": [ [ [ "t_daltar", -1 ] ] ],
    "components": [ [ [ "incense", 10 ] ], [ [ "broadsword", 1 ] ] ],
    "byproducts": [ [ "ash", 5 ] ],
    "proficiencies": [
      { "proficiency": "prof_infusion", "required": true } 
                     ]   
  }, 
{ 
    "result": "divine_rapier+3",
    "type": "recipe",
    "category": "CC_ARCANE",
    "subcategory": "CSC_ARCANE_WEAPONRY",
    "skill_used": "faith",
    "skills_required": [ "faith", 7 ],
    "difficulty": 7,
    "time": "150 m",
    "book_learn": [ [ "divine_weapon_mid", 1 ] ],
    "tools": [ [ [ "t_daltar", -1 ] ] ],
    "components": [ [ [ "incense", 10 ] ], [ [ "rapier", 1 ] ] ],
    "byproducts": [ [ "ash", 5 ] ],
    "proficiencies": [
      { "proficiency": "prof_infusion", "required": true } 
                     ]   
  }, 
{ 
    "result": "divine_katana+3",
    "type": "recipe",
    "category": "CC_ARCANE",
    "subcategory": "CSC_ARCANE_WEAPONRY",
    "skill_used": "faith",
    "skills_required": [ "faith", 7 ],
    "difficulty": 7,
    "time": "150 m",
    "book_learn": [ [ "divine_weapon_mid", 1 ] ],
    "tools": [ [ [ "t_daltar", -1 ] ] ],
    "components": [ [ [ "incense", 10 ] ], [ [ "katana", 1 ] ] ],
    "byproducts": [ [ "ash", 5 ] ],
    "proficiencies": [
      { "proficiency": "prof_infusion", "required": true } 
                     ]   
  }, 
{ 
    "result": "divine_butterfly_swords+3",
    "type": "recipe",
    "category": "CC_ARCANE",
    "subcategory": "CSC_ARCANE_WEAPONRY",
    "skill_used": "faith",
    "skills_required": [ "faith", 7 ],
    "difficulty": 7,
    "time": "150 m",
    "book_learn": [ [ "divine_weapon_mid", 1 ] ],
    "tools": [ [ [ "t_daltar", -1 ] ] ],
    "components": [ [ [ "incense", 10 ] ], [ [ "butterfly_swords", 1 ] ] ],
    "byproducts": [ [ "ash", 5 ] ],
    "proficiencies": [
      { "proficiency": "prof_infusion", "required": true } 
                     ]   
  }, 
{ 
    "result": "divine_cutlass+3",
    "type": "recipe",
    "category": "CC_ARCANE",
    "subcategory": "CSC_ARCANE_WEAPONRY",
    "skill_used": "faith",
    "skills_required": [ "faith", 7 ],
    "difficulty": 7,
    "time": "150 m",
    "book_learn": [ [ "divine_weapon_mid", 1 ] ],
    "tools": [ [ [ "t_daltar", -1 ] ] ],
    "components": [ [ [ "incense", 10 ] ], [ [ "cutlass", 1 ] ] ],
    "byproducts": [ [ "ash", 5 ] ],
    "proficiencies": [
      { "proficiency": "prof_infusion", "required": true } 
                     ]   
  }, 
{ 
    "result": "divine_lajatang+3",
    "type": "recipe",
    "category": "CC_ARCANE",
    "subcategory": "CSC_ARCANE_WEAPONRY",
    "skill_used": "faith",
    "skills_required": [ "faith", 7 ],
    "difficulty": 7,
    "time": "150 m",
    "book_learn": [ [ "divine_weapon_mid", 1 ] ],
    "tools": [ [ [ "t_daltar", -1 ] ] ],
    "components": [ [ [ "incense", 10 ] ], [ [ "lajatang", 1 ] ] ],
    "byproducts": [ [ "ash", 5 ] ],
    "proficiencies": [
      { "proficiency": "prof_infusion", "required": true } 
                     ]   
  }, 
{ 
    "result": "divine_war_flail+3",
    "type": "recipe",
    "category": "CC_ARCANE",
    "subcategory": "CSC_ARCANE_WEAPONRY",
    "skill_used": "faith",
    "skills_required": [ "faith", 7 ],
    "difficulty": 7,
    "time": "150 m",
    "book_learn": [ [ "divine_weapon_mid", 1 ] ],
    "tools": [ [ [ "t_daltar", -1 ] ] ],
    "components": [ [ [ "incense", 10 ] ], [ [ "2h_flail_steel", 1 ] ] ],
    "byproducts": [ [ "ash", 5 ] ],
    "proficiencies": [
      { "proficiency": "prof_infusion", "required": true } 
                     ]   
  }, 
{ 
    "result": "divine_peasant_flail+3",
    "type": "recipe",
    "category": "CC_ARCANE",
    "subcategory": "CSC_ARCANE_WEAPONRY",
    "skill_used": "faith",
    "skills_required": [ "faith", 7 ],
    "difficulty": 7,
    "time": "150 m",
    "book_learn": [ [ "divine_weapon_mid", 1 ] ],
    "tools": [ [ [ "t_daltar", -1 ] ] ],
    "components": [ [ [ "incense", 10 ] ], [ [ "2h_flail_wood", 1 ] ] ],
    "byproducts": [ [ "ash", 5 ] ],
    "proficiencies": [
      { "proficiency": "prof_infusion", "required": true } 
                     ]   
  }, 
{ 
    "result": "divine_battleaxe+3",
    "type": "recipe",
    "category": "CC_ARCANE",
    "subcategory": "CSC_ARCANE_WEAPONRY",
    "skill_used": "faith",
    "skills_required": [ "faith", 7 ],
    "difficulty": 7,
    "time": "150 m",
    "book_learn": [ [ "divine_weapon_mid", 1 ] ],
    "tools": [ [ [ "t_daltar", -1 ] ] ],
    "components": [ [ [ "incense", 10 ] ], [ [ "battleaxe", 1 ] ] ],
    "byproducts": [ [ "ash", 5 ] ],
    "proficiencies": [
      { "proficiency": "prof_infusion", "required": true } 
                     ]   
  }, 
{ 
    "result": "divine_bokken+3",
    "type": "recipe",
    "category": "CC_ARCANE",
    "subcategory": "CSC_ARCANE_WEAPONRY",
    "skill_used": "faith",
    "skills_required": [ "faith", 7 ],
    "difficulty": 7,
    "time": "150 m",
    "book_learn": [ [ "divine_weapon_mid", 1 ] ],
    "tools": [ [ [ "t_daltar", -1 ] ] ],
    "components": [ [ [ "incense", 10 ] ], [ [ "bokken", 1 ] ] ],
    "byproducts": [ [ "ash", 5 ] ],
    "proficiencies": [
      { "proficiency": "prof_infusion", "required": true } 
                     ]   
  }, 
{ 
    "result": "divine_cudgel+3",
    "type": "recipe",
    "category": "CC_ARCANE",
    "subcategory": "CSC_ARCANE_WEAPONRY",
    "skill_used": "faith",
    "skills_required": [ "faith", 7 ],
    "difficulty": 7,
    "time": "150 m",
    "book_learn": [ [ "divine_weapon_mid", 1 ] ],
    "tools": [ [ [ "t_daltar", -1 ] ] ],
    "components": [ [ [ "incense", 10 ] ], [ [ "cudgel", 1 ] ] ],
    "byproducts": [ [ "ash", 5 ] ],
    "proficiencies": [
      { "proficiency": "prof_infusion", "required": true } 
                     ]   
  }, 
{ 
    "result": "divine_hammer_sledge+3",
    "type": "recipe",
    "category": "CC_ARCANE",
    "subcategory": "CSC_ARCANE_WEAPONRY",
    "skill_used": "faith",
    "skills_required": [ "faith", 7 ],
    "difficulty": 7,
    "time": "150 m",
    "book_learn": [ [ "divine_weapon_mid", 1 ] ],
    "tools": [ [ [ "t_daltar", -1 ] ] ],
    "components": [ [ [ "incense", 10 ] ], [ [ "hammer_sledge", 1 ] ] ],
    "byproducts": [ [ "ash", 5 ] ],
    "proficiencies": [
      { "proficiency": "prof_infusion", "required": true } 
                     ]   
  }, 
{ 
    "result": "divine_lucern_hammer+3",
    "type": "recipe",
    "category": "CC_ARCANE",
    "subcategory": "CSC_ARCANE_WEAPONRY",
    "skill_used": "faith",
    "skills_required": [ "faith", 7 ],
    "difficulty": 7,
    "time": "150 m",
    "book_learn": [ [ "divine_weapon_mid", 1 ] ],
    "tools": [ [ [ "t_daltar", -1 ] ] ],
    "components": [ [ [ "incense", 10 ] ], [ [ "lucern_hammer", 1 ] ] ],
    "byproducts": [ [ "ash", 5 ] ],
    "proficiencies": [
      { "proficiency": "prof_infusion", "required": true } 
                     ]   
  }, 
{ 
    "result": "divine_mace+3",
    "type": "recipe",
    "category": "CC_ARCANE",
    "subcategory": "CSC_ARCANE_WEAPONRY",
    "skill_used": "faith",
    "skills_required": [ "faith", 7 ],
    "difficulty": 7,
    "time": "150 m",
    "book_learn": [ [ "divine_weapon_mid", 1 ] ],
    "tools": [ [ [ "t_daltar", -1 ] ] ],
    "components": [ [ [ "incense", 10 ] ], [ [ "mace", 1 ] ] ],
    "byproducts": [ [ "ash", 5 ] ],
    "proficiencies": [
      { "proficiency": "prof_infusion", "required": true } 
                     ]   
  }, 
{ 
    "result": "divine_morningstar+3",
    "type": "recipe",
    "category": "CC_ARCANE",
    "subcategory": "CSC_ARCANE_WEAPONRY",
    "skill_used": "faith",
    "skills_required": [ "faith", 7 ],
    "difficulty": 7,
    "time": "150 m",
    "book_learn": [ [ "divine_weapon_mid", 1 ] ],
    "tools": [ [ [ "t_daltar", -1 ] ] ],
    "components": [ [ [ "incense", 10 ] ], [ [ "morningstar", 1 ] ] ],
    "byproducts": [ [ "ash", 5 ] ],
    "proficiencies": [
      { "proficiency": "prof_infusion", "required": true } 
                     ]   
  }, 
{ 
    "result": "divine_q_staff+3",
    "type": "recipe",
    "category": "CC_ARCANE",
    "subcategory": "CSC_ARCANE_WEAPONRY",
    "skill_used": "faith",
    "skills_required": [ "faith", 7 ],
    "difficulty": 7,
    "time": "150 m",
    "book_learn": [ [ "divine_weapon_mid", 1 ] ],
    "tools": [ [ [ "t_daltar", -1 ] ] ],
    "components": [ [ [ "incense", 10 ] ], [ [ "q_staff", 1 ] ] ],
    "byproducts": [ [ "ash", 5 ] ],
    "proficiencies": [
      { "proficiency": "prof_infusion", "required": true } 
                     ]   
  }, 
{ 
    "result": "divine_shillelagh+3",
    "type": "recipe",
    "category": "CC_ARCANE",
    "subcategory": "CSC_ARCANE_WEAPONRY",
    "skill_used": "faith",
    "skills_required": [ "faith", 7 ],
    "difficulty": 7,
    "time": "150 m",
    "book_learn": [ [ "divine_weapon_mid", 1 ] ],
    "tools": [ [ [ "t_daltar", -1 ] ] ],
    "components": [ [ [ "incense", 10 ] ], [ [ "shillelagh", 1 ] ] ],
    "byproducts": [ [ "ash", 5 ] ],
    "proficiencies": [
      { "proficiency": "prof_infusion", "required": true } 
                     ]   
  }, 
{ 
    "result": "divine_tonfa_wood+3",
    "type": "recipe",
    "category": "CC_ARCANE",
    "subcategory": "CSC_ARCANE_WEAPONRY",
    "skill_used": "faith",
    "skills_required": [ "faith", 7 ],
    "difficulty": 7,
    "time": "150 m",
    "book_learn": [ [ "divine_weapon_mid", 1 ] ],
    "tools": [ [ [ "t_daltar", -1 ] ] ],
    "components": [ [ [ "incense", 10 ] ], [ [ "tonfa_wood", 1 ] ] ],
    "byproducts": [ [ "ash", 5 ] ],
    "proficiencies": [
      { "proficiency": "prof_infusion", "required": true } 
                     ]   
  }, 
{ 
    "result": "divine_warhammer+3",
    "type": "recipe",
    "category": "CC_ARCANE",
    "subcategory": "CSC_ARCANE_WEAPONRY",
    "skill_used": "faith",
    "skills_required": [ "faith", 7 ],
    "difficulty": 7,
    "time": "150 m",
    "book_learn": [ [ "divine_weapon_mid", 1 ] ],
    "tools": [ [ [ "t_daltar", -1 ] ] ],
    "components": [ [ [ "incense", 10 ] ], [ [ "warhammer", 1 ] ] ],
    "byproducts": [ [ "ash", 5 ] ],
    "proficiencies": [
      { "proficiency": "prof_infusion", "required": true } 
                     ]   
  }, 
{ 
    "result": "divine_pitchfork+3",
    "type": "recipe",
    "category": "CC_ARCANE",
    "subcategory": "CSC_ARCANE_WEAPONRY",
    "skill_used": "faith",
    "skills_required": [ "faith", 7 ],
    "difficulty": 7,
    "time": "150 m",
    "book_learn": [ [ "divine_weapon_mid", 1 ] ],
    "tools": [ [ [ "t_daltar", -1 ] ] ],
    "components": [ [ [ "incense", 10 ] ], [ [ "pitchfork", 1 ] ] ],
    "byproducts": [ [ "ash", 5 ] ],
    "proficiencies": [
      { "proficiency": "prof_infusion", "required": true } 
                     ]   
  }, 
{ 
    "result": "divine_spear_steel+3",
    "type": "recipe",
    "category": "CC_ARCANE",
    "subcategory": "CSC_ARCANE_WEAPONRY",
    "skill_used": "faith",
    "skills_required": [ "faith", 7 ],
    "difficulty": 7,
    "time": "150 m",
    "book_learn": [ [ "divine_weapon_mid", 1 ] ],
    "tools": [ [ [ "t_daltar", -1 ] ] ],
    "components": [ [ [ "incense", 10 ] ], [ [ "spear_steel", 1 ] ] ],
    "byproducts": [ [ "ash", 5 ] ],
    "proficiencies": [
      { "proficiency": "prof_infusion", "required": true } 
                     ]   
  }, 
{ 
    "result": "divine_qiang+3",
    "type": "recipe",
    "category": "CC_ARCANE",
    "subcategory": "CSC_ARCANE_WEAPONRY",
    "skill_used": "faith",
    "skills_required": [ "faith", 7 ],
    "difficulty": 7,
    "time": "150 m",
    "book_learn": [ [ "divine_weapon_mid", 1 ] ],
    "tools": [ [ [ "t_daltar", -1 ] ] ],
    "components": [ [ [ "incense", 10 ] ], [ [ "qiang", 1 ] ] ],
    "byproducts": [ [ "ash", 5 ] ],
    "proficiencies": [
      { "proficiency": "prof_infusion", "required": true } 
                     ]   
  }, 
{ 
    "result": "divine_halberd+3",
    "type": "recipe",
    "category": "CC_ARCANE",
    "subcategory": "CSC_ARCANE_WEAPONRY",
    "skill_used": "faith",
    "skills_required": [ "faith", 7 ],
    "difficulty": 7,
    "time": "150 m",
    "book_learn": [ [ "divine_weapon_mid", 1 ] ],
    "tools": [ [ [ "t_daltar", -1 ] ] ],
    "components": [ [ [ "incense", 10 ] ], [ [ "halberd", 1 ] ] ],
    "byproducts": [ [ "ash", 5 ] ],
    "proficiencies": [
      { "proficiency": "prof_infusion", "required": true } 
                     ]   
  }, 
{ 
    "result": "divine_glaive+3",
    "type": "recipe",
    "category": "CC_ARCANE",
    "subcategory": "CSC_ARCANE_WEAPONRY",
    "skill_used": "faith",
    "skills_required": [ "faith", 7 ],
    "difficulty": 7,
    "time": "150 m",
    "book_learn": [ [ "divine_weapon_mid", 1 ] ],
    "tools": [ [ [ "t_daltar", -1 ] ] ],
    "components": [ [ [ "incense", 10 ] ], [ [ "glaive", 1 ] ] ],
    "byproducts": [ [ "ash", 5 ] ],
    "proficiencies": [
      { "proficiency": "prof_infusion", "required": true } 
                     ]   
  }, 
{ 
    "result": "divine_naginata+3",
    "type": "recipe",
    "category": "CC_ARCANE",
    "subcategory": "CSC_ARCANE_WEAPONRY",
    "skill_used": "faith",
    "skills_required": [ "faith", 7 ],
    "difficulty": 7,
    "time": "150 m",
    "book_learn": [ [ "divine_weapon_mid", 1 ] ],
    "tools": [ [ [ "t_daltar", -1 ] ] ],
    "components": [ [ [ "incense", 10 ] ], [ [ "naginata", 1 ] ] ],
    "byproducts": [ [ "ash", 5 ] ],
    "proficiencies": [
      { "proficiency": "prof_infusion", "required": true } 
                     ]   
  }, 
{ 
    "result": "divine_pike+3",
    "type": "recipe",
    "category": "CC_ARCANE",
    "subcategory": "CSC_ARCANE_WEAPONRY",
    "skill_used": "faith",
    "skills_required": [ "faith", 7 ],
    "difficulty": 7,
    "time": "150 m",
    "book_learn": [ [ "divine_weapon_mid", 1 ] ],
    "tools": [ [ [ "t_daltar", -1 ] ] ],
    "components": [ [ [ "incense", 10 ] ], [ [ "pike", 1 ] ] ],
    "byproducts": [ [ "ash", 5 ] ],
    "proficiencies": [
      { "proficiency": "prof_infusion", "required": true } 
                     ]   
  }, 
{ 
    "result": "divine_bagh_nakha+3",
    "type": "recipe",
    "category": "CC_ARCANE",
    "subcategory": "CSC_ARCANE_WEAPONRY",
    "skill_used": "faith",
    "skills_required": [ "faith", 7 ],
    "difficulty": 7,
    "time": "150 m",
    "book_learn": [ [ "divine_weapon_mid", 1 ] ],
    "tools": [ [ [ "t_daltar", -1 ] ] ],
    "components": [ [ [ "incense", 10 ] ], [ [ "bagh_nakha", 1 ] ] ],
    "byproducts": [ [ "ash", 5 ] ],
    "proficiencies": [
      { "proficiency": "prof_infusion", "required": true } 
                     ]   
  }, 
{ 
    "result": "divine_cestus+3",
    "type": "recipe",
    "category": "CC_ARCANE",
    "subcategory": "CSC_ARCANE_WEAPONRY",
    "skill_used": "faith",
    "skills_required": [ "faith", 7 ],
    "difficulty": 7,
    "time": "150 m",
    "book_learn": [ [ "divine_weapon_mid", 1 ] ],
    "tools": [ [ [ "t_daltar", -1 ] ] ],
    "components": [ [ [ "incense", 10 ] ], [ [ "cestus", 1 ] ] ],
    "byproducts": [ [ "ash", 5 ] ],
    "proficiencies": [
      { "proficiency": "prof_infusion", "required": true } 
                     ]   
  }, 
{ 
    "result": "divine_knuckle_brass+3",
    "type": "recipe",
    "category": "CC_ARCANE",
    "subcategory": "CSC_ARCANE_WEAPONRY",
    "skill_used": "faith",
    "skills_required": [ "faith", 7 ],
    "difficulty": 7,
    "time": "150 m",
    "book_learn": [ [ "divine_weapon_mid", 1 ] ],
    "tools": [ [ [ "t_daltar", -1 ] ] ],
    "components": [ [ [ "incense", 10 ] ], [ [ "knuckle_brass", 1 ] ] ],
    "byproducts": [ [ "ash", 5 ] ],
    "proficiencies": [
      { "proficiency": "prof_infusion", "required": true } 
                     ]   
  }, 
{ 
    "result": "divine_punch_dagger+3",
    "type": "recipe",
    "category": "CC_ARCANE",
    "subcategory": "CSC_ARCANE_WEAPONRY",
    "skill_used": "faith",
    "skills_required": [ "faith", 7 ],
    "difficulty": 7,
    "time": "150 m",
    "book_learn": [ [ "divine_weapon_mid", 1 ] ],
    "tools": [ [ [ "t_daltar", -1 ] ] ],
    "components": [ [ [ "incense", 10 ] ], [ [ "punch_dagger", 1 ] ] ],
    "byproducts": [ [ "ash", 5 ] ],
    "proficiencies": [
      { "proficiency": "prof_infusion", "required": true } 
                     ]   
  }
]