[
{
    "type": "talk_topic",
    "id": "TALK_INSTRUCTOR_Y4",
    "dynamic_line": [ "Greetings. Can I help you with anything?" ],
    "responses": [
      { 
         "text": "No, thanks.", 
         "topic": "TALK_DONE"	  
      },
      { 
         "text": "Who are you?", 
         "topic": "TALK_INSTRUCTOR_Y4_WHO"	  
      },
      { 
         "text": "Don't we have lessons today?", 
         "topic": "TALK_CULT_JOBS",
         "condition": { "npc_has_var": "u_in_class", "type": "general", "context": "mission" } 	  
      },
      { 
         "text": "I'm ready to take my final test.", 
         "topic": "TALK_FINAL_LESSON",
         "condition": { "and": [ { "npc_has_var": "u_in_class", "type": "general", "context": "mission" }, { "u_has_skill": { "skill": "spellcraft", "level": 4 } } ] }	  
      }
    ]
  },
{
    "type": "talk_topic",
    "id": "TALK_INSTRUCTOR_Y4_WHO",
    "dynamic_line": [ "Oh. I'm the fourth year instructor here. I teach our senior students." ],
    "responses": [
      { 
         "text": "Hmm.", 
         "topic": "TALK_INSTRUCTOR_Y4"	  
      },
      { 
         "text": "I think I'm in your class.", 
         "topic": "TALK_CLASS",
         "condition": { "u_has_items": { "item": "fourth_enrollment_slip", "count": 1 } },  
         "effect": [ { "u_sell_item": "fourth_enrollment_slip", "count": 1 } ] 	  
      }
    ]
  },
{
    "type": "talk_topic",
    "id": "TALK_FINAL_LESSON",
    "dynamic_line": [ "For your final test as a wizard, I need you to enter the maze below, and find the charm of passage. The stairs are at the end of the hall. Use your magic to guide you, and you should succeed. Think you can do it?" ],
    "responses": [
      { 
         "text": "I'm ready.", 
         "topic": "TALK_DONE",
         "effect": [ { "add_mission": "MISSION_FINAL_LESSON" } ]   	  
      },
      { 
         "text": "Nah.", 
         "topic": "TALK_INSTRUCTOR_Y4" 	  
      }
    ]
  } 
]