[
{
    "type": "talk_topic",
    "id": "TALK_INSTRUCTOR_Y2",
    "dynamic_line": [ "Greetings. Can I help you with anything?" ],
    "responses": [
      { 
         "text": "No, thanks.", 
         "topic": "TALK_DONE"	  
      },
      { 
         "text": "Who are you?", 
         "topic": "TALK_INSTRUCTOR_Y2_WHO"	  
      },
      { 
         "text": "Don't we have lessons today?", 
         "topic": "TALK_CULT_JOBS",
         "condition": { "npc_has_var": "u_in_class", "type": "general", "context": "mission" } 	  
      },
      { 
         "text": "I'm ready for some advanced study.", 
         "topic": "TALK_FIFTH_LESSON",
         "condition": { "and": [ { "npc_has_var": "u_in_class", "type": "general", "context": "mission" }, { "u_has_skill": { "skill": "spellcraft", "level": 2 } } ] }	  
      },  
      { 
         "text": "I'm ready for some advanced study.", 
         "topic": "TALK_SIXTH_LESSON",
         "condition": { "and": [ { "npc_has_var": "u_in_class", "type": "general", "context": "mission" }, { "npc_has_var": "magic_lesson_5", "type": "general", "context": "mission" }, { "u_has_skill": { "skill": "spellcraft", "level": 2 } } ] }	  
      },
      { 
         "text": "I'm ready for some advanced study.", 
         "topic": "TALK_SEVENTH_LESSON",
         "condition": { "and": [ { "npc_has_var": "u_in_class", "type": "general", "context": "mission" },  { "npc_has_var": "magic_lesson_6", "type": "general", "context": "mission" }, { "u_has_skill": { "skill": "spellcraft", "level": 2 } } ] }	  
      }
    ]
  },
{
    "type": "talk_topic",
    "id": "TALK_INSTRUCTOR_Y2_WHO",
    "dynamic_line": [ "Oh. I'm the second year instructor here. I teach the upcoming students." ],
    "responses": [
      { 
         "text": "Hmm.", 
         "topic": "TALK_INSTRUCTOR_Y2"	  
      },
      { 
         "text": "I think I'm in your class.", 
         "topic": "TALK_CLASS",
         "condition": { "u_has_items": { "item": "second_enrollment_slip", "count": 1 } },  
         "effect": [ { "u_sell_item": "second_enrollment_slip", "count": 1 } ] 	  
      }
    ]
  },
{
    "type": "talk_topic",
    "id": "TALK_FIFTH_LESSON",
    "dynamic_line": [ "One of my students summons went ary, now its terrorizing the landscape, and I want you to kill it." ],
    "responses": [
      { 
         "text": "Alright.", 
         "topic": "TALK_DONE",
         "effect": [ { "add_mission": "MISSION_FIFTH_LESSON" } ]   	  
      },
      { 
         "text": "Nah.", 
         "topic": "TALK_INSTRUCTOR_Y2" 	  
      }
    ]
  }, 
{
    "type": "talk_topic",
    "id": "TALK_SIXTH_LESSON",
    "dynamic_line": [ "For this lesson, I want you to bring me some raw magic. This should be rather easy." ],
    "responses": [
      { 
         "text": "Alright.", 
         "topic": "TALK_DONE",
         "effect": [ { "add_mission": "MISSION_SIXTH_LESSON" } ]   	  
      },
      { 
         "text": "Nah.", 
         "topic": "TALK_INSTRUCTOR_Y2" 	  
      }
    ]
  }, 
{
    "type": "talk_topic",
    "id": "TALK_SEVENTH_LESSON",
    "dynamic_line": [ "For your final lesson, I want you to really put your back into it, and crystalize four hundred peices of raw magic for me. Do this, and I'll pass you." ],
    "responses": [
      { 
         "text": "Alright.", 
         "topic": "TALK_DONE",
         "effect": [ { "add_mission": "MISSION_SEVENTH_LESSON" } ]   	  
      },
      { 
         "text": "Nah.", 
         "topic": "TALK_INSTRUCTOR_Y2" 	  
      }
    ]
  } 
]