[
{
    "type": "talk_topic",
    "id": "TALK_RECEPTIONIST",
    "dynamic_line": [ "Hello, there. How can I help you?" ],
    "responses": [
      { 
         "text": "No, not really.", 
         "topic": "TALK_DONE"
	  
      },
      { 
         "text": "What is this place?", 
         "topic": "TALK_ACADEMY"
	  
      },
      { 
         "text": "I'm ready for the second course year.", 
         "topic": "TALK_ENROLL_SECOND_YEAR",
         "condition": { "and": [ { "npc_has_var": "u_enrolled", "type": "general", "context": "mission" }, { "u_has_items": { "item": "first_grad_slip", "count": 1 } }, { "u_has_items": { "item": "gold_coin", "count": 15 } } ] },  
         "effect": [ { "u_sell_item": "first_grad_slip", "count": 1 }, { "u_sell_item": "gold_coin", "count": 15 } ] 	   	  
      },
      { 
         "text": "I'm ready for the third course year.", 
         "topic": "TALK_ENROLL_THIRD_YEAR",
         "condition": { "and": [ { "npc_has_var": "u_enrolled", "type": "general", "context": "mission" }, { "u_has_items": { "item": "second_grad_slip", "count": 1 } }, { "u_has_items": { "item": "gold_coin", "count": 15 } } ] },  
         "effect": [ { "u_sell_item": "second_grad_slip", "count": 1 }, { "u_sell_item": "gold_coin", "count": 15 } ] 	   	  
      },
      { 
         "text": "I'm ready for the final course year.", 
         "topic": "TALK_ENROLL_FOURTH_YEAR",
         "condition": { "and": [ { "npc_has_var": "u_enrolled", "type": "general", "context": "mission" }, { "u_has_items": { "item": "third_grad_slip", "count": 1 } }, { "u_has_items": { "item": "gold_coin", "count": 15 } } ] },  
         "effect": [ { "u_sell_item": "third_grad_slip", "count": 1 }, { "u_sell_item": "gold_coin", "count": 15 } ] 	   	  
      },
      { 
         "text": "I came here to turn in my graduation papers.", 
         "topic": "TALK_TALK_GRADUATE_ACADEMY",
         "condition": { "and": [ { "npc_has_var": "u_enrolled", "type": "general", "context": "mission" }, { "u_has_items": { "item": "fourth_grad_slip", "count": 1 } } ] },  
         "effect": [ { "u_sell_item": "fourth_grad_slip", "count": 1 } ] 	   	  
      }
    ]
  },
{
    "type": "talk_topic",
    "id": "TALK_ACADEMY",
    "dynamic_line": [ "This is the Silver Ivy Academy of the Magical Arts, one of many worldwide." ],
    "responses": [
      { 
         "text": "What, exactly, is taught here?", 
         "topic": "TALK_ARTS"
      },
      { 
         "text": "Oh.", 
         "topic": "TALK_NONE"
	  
      }
    ]
  },
{
    "type": "talk_topic",
    "id": "TALK_ARTS",
    "dynamic_line": [ "Like the name says, we teach applicants magic; in all its forms. Evocation, Conjuration, Projection, you name it. We even have alchemy and infusion classes, if thats more your thing." ],
    "responses": [
      { 
         "text": "How is this structured?", 
         "topic": "TALK_STRUCTURE"
	  
      },
      { 
         "text": "Cool.", 
         "topic": "TALK_DONE"
	  
      }
    ]
  },
{
    "type": "talk_topic",
    "id": "TALK_STRUCTURE",
    "dynamic_line": [ "Well, lets see now... Students go through a series of courses, each lasting for, generally, a year. Students can advance faster or slower than this, at their instructors descretion. You start with basic magic, advancing to more difficult incantations as time goes on. Students can also enroll in additional courses, such as alchemy, infusion, runecraft, etc. The supplemental courses often last multiple years. Dorms are also avalible to students, if the school is provided proper rent." ],
    "responses": [
      { 
         "text": "Cool, thanks.", 
         "topic": "TALK_DONE"
	  
      },
      { 
         "text": "What else is there?", 
         "topic": "TALK_STRUCTURE2"
	  
      }
    ]
  },
{
    "type": "talk_topic",
    "id": "TALK_STRUCTURE2",
    "dynamic_line": [ "Well, we have a dining hall, with a small tavern just above us, and gardens out back. The alchemy instructor has claimed them as of late, to grow their reagents." ],
    "responses": [
      { 
         "text": "How do I enroll?", 
         "topic": "TALK_ENROLL",
         "condition": { "not": { "npc_has_var": "u_enrolled", "type": "general", "context": "mission" } } 
	  
      },
      { 
         "text": "What were you saying earlier?", 
         "topic": "TALK_ACADEMY"
	  
      }
    ]
  },
{
    "type": "talk_topic",
    "id": "TALK_ENROLL",
    "dynamic_line": [ "Well, based upon what we mentioned, what would you like to sign up for? However, it will cost you." ],
    "responses": [
      { 
         "text": "Nothing, really.", 
         "topic": "TALK_DONE"
	  
      },
      { 
         "text": "What did we mention?", 
         "topic": "TALK_STRUCTURE"
	  
      },
      { 
         "text": "What are the costs?", 
         "topic": "TALK_COST"
	  
      },
      { 
         "text": "I'll sign up. (35 gold)", 
         "topic": "TALK_ENROLL_NEXT",
	 "condition": { "u_has_items": { "item": "gold_coin", "count": 35 } },
         "effect": [ { "u_sell_item": "gold_coin", "count": 35 }, { "u_spawn_item": "first_enrollment_slip", "count": 1 } ] 
      }
    ]
  },
{
    "type": "talk_topic",
    "id": "TALK_COST",
    "dynamic_line": [ "Standard courses are 35 gold, with each supplemental course being 15 gold each. A dorm is 75 silver. The rest is included." ],
    "responses": [
      { 
         "text": "Thanks.", 
         "topic": "TALK_ENROLL"
	  
      },
      { 
         "text": "That seems really cheap.", 
         "topic": "TALK_CHEAP"
	  
      }
    ]
  },
{
    "type": "talk_topic",
    "id": "TALK_CHEAP",
    "dynamic_line": [ "Well, we get money in other ways. The products of the infusion and alchemy classes are often sold to merchants; they're in high demand. The more advanced students can get good side jobs as mercenaries, using their magic. Heck, we even have connections, if they need help." ],
    "responses": [
      { 
         "text": "Wow.", 
         "topic": "TALK_ENROLL"
	  
      }
    ]
  },
{
    "type": "talk_topic",
    "id": "TALK_ENROLL_NEXT",
    "dynamic_line": [ "Alright then. Would you like any other classes? They're 15 gold each." ],
    "responses": [
      { 
         "text": "I'll take alchemy.", 
         "topic": "TALK_ALCHEMY_ENROLL",
         "condition": { "not": { "u_has_items": { "item": "alchemy_enrollment_slip", "count": 1 } } }
	  
      },
      { 
         "text": "I'll take infusion.", 
         "topic": "TALK_INFUSION_ENROLL",
         "condition": { "not": { "u_has_items": { "item": "infusion_enrollment_slip", "count": 1 } } }
	  
      },
      { 
         "text": "Nope, nothing else.", 
         "topic": "TALK_ENROLL_FINAL"
	  
      },
      { 
         "text": "I'll take a dorm. (75 silver)", 
         "topic": "TALK_DORM_PURCHASE",
	 "condition": { "u_has_items": { "item": "silver_coin", "count": 75 } },
         "effect": [ { "u_sell_item": "silver_coin", "count": 75 } ] 
      }
    ]
  },
{
    "type": "talk_topic",
    "id": "TALK_ALCHEMY_ENROLL",
    "dynamic_line": [ "Alright. Here you go." ],
    "responses": [
      { 
         "text": "Thanks.", 
         "topic": "TALK_ENROLL_NEXT",
         "condition": { "u_has_items": { "item": "gold_coin", "count": 15 } },
         "effect": [ { "u_spawn_item": "alchemy_enrollment_slip", "count": 1 }, { "u_sell_item": "gold_coin", "count": 15 } ] 
	  
      },
      { 
         "text": "Nah.", 
         "topic": "TALK_ENROLL_NEXT"
	  
      }
    ]
  },  
{
    "type": "talk_topic",
    "id": "TALK_INFUSION_ENROLL",
    "dynamic_line": [ "Alright. Here you go." ],
    "responses": [
      { 
         "text": "Thanks.", 
         "topic": "TALK_ENROLL_NEXT",
         "condition": { "u_has_items": { "item": "gold_coin", "count": 15 } },
         "effect": [ { "u_spawn_item": "infusion_enrollment_slip", "count": 1 }, { "u_sell_item": "gold_coin", "count": 15 } ]  
      },
      { 
         "text": "Nah.", 
         "topic": "TALK_ENROLL_NEXT"
      }
    ]
  },
{
    "type": "talk_topic",
    "id": "TALK_DORM_PURCHASE",
    "dynamic_line": [ "Alright. Here you go. The room is the final door down, on the right." ],
    "responses": [
      { 
         "text": "Thanks.", 
         "topic": "TALK_ENROLL_NEXT",
         "effect": { "add_mission": "MISSION_VISIT_DORM" }  
      }
    ]
  },
{
    "type": "talk_topic",
    "id": "TALK_ENROLL_FINAL",
    "dynamic_line": [ "Alright then. All your paperwork has been finalized, present those forms to their respective instructors; just up the hall, and you'll be on your way. Welcome to the Silver Ivy, mage." ],
    "responses": [
      { 
         "text": "Thank you.", 
         "topic": "TALK_DONE",
         "effect": [ { "npc_add_var": "u_enrolled", "type": "general", "context": "mission", "value": "yes" } ]  
	  
      }
    ]
  },
{
    "type": "talk_topic",
    "id": "TALK_ENROLL_SECOND_YEAR",
    "dynamic_line": [ "Alright then. Here's your paperwork, just give it to its respective instructor. Good luck, and congradulations." ],
    "responses": [
      { 
         "text": "Thank you.", 
         "topic": "TALK_DONE",
         "effect": [ { "u_spawn_item": "second_enrollment_slip", "count": 1 } ]  
	  
      }
    ]
  },
{
    "type": "talk_topic",
    "id": "TALK_ENROLL_THIRD_YEAR",
    "dynamic_line": [ "Alright then. Here's your paperwork, just give it to its respective instructor. Good luck, and congradulations." ],
    "responses": [
      { 
         "text": "Thank you.", 
         "topic": "TALK_DONE",
         "effect": [ { "u_spawn_item": "third_enrollment_slip", "count": 1 } ]  
	  
      }
    ]
  },
{
    "type": "talk_topic",
    "id": "TALK_ENROLL_FOURTH_YEAR",
    "dynamic_line": [ "Alright then. Here's your paperwork, just give it to its respective instructor. Good luck, and congradulations." ],
    "responses": [
      { 
         "text": "Thank you.", 
         "topic": "TALK_DONE",
         "effect": [ { "u_spawn_item": "fourth_enrollment_slip", "count": 1 } ]  
	  
      }
    ]
  },
{
    "type": "talk_topic",
    "id": "TALK_GRADUATE_ACADEMY",
    "dynamic_line": [ "Congradulations, mage. It's been a pleasure having you here at the academy. I hope you find the knowledge you learned here useful in all your journeys." ],
    "responses": [
      { 
         "text": "Thank you.", 
         "topic": "TALK_DONE",
         "effect": [ { "u_spawn_item": "silver_ivy_diploma", "count": 1 }, { "u_spawn_item": "silver_ivy_gradlocket", "count": 1 }, { "npc_lose_var": "u_enrolled", "type": "general", "context": "mission" } ]  
	  
      }
    ]
  }                
]
