[
{
    "type": "talk_topic",
    "id": "TALK_INSTRUCTOR_INFUSION",
    "dynamic_line": [ "Greetings. Can I help you with anything?" ],
    "responses": [
      { 
         "text": "No, thanks.", 
         "topic": "TALK_DONE"	  
      },
      { 
         "text": "Who are you?", 
         "topic": "TALK_INFUSION_TEACH"	  
      },
      { 
         "text": "Don't we have lessons today?", 
         "topic": "TALK_CULT_JOBS",
         "condition": { "npc_has_var": "u_in_class", "type": "general", "context": "mission" } 	  
      },
      { 
         "text": "I'm ready to learn infusion.", 
         "topic": "TALK_INFUSION_FIRST_LESSON",
         "condition": { "and": [ { "npc_has_var": "u_in_class", "type": "general", "context": "mission" }, { "u_has_skill": { "skill": "spellcraft", "level": 1 } }, { "not": { "npc_has_var": "u_learned_infusion", "type": "general", "context": "mission" } } ] }	  
      },
      { 
         "text": "What's our next lesson?", 
         "topic": "TALK_INFUSION_SECOND_LESSON",
         "condition": { "and": [ { "npc_has_var": "u_in_class", "type": "general", "context": "mission" }, { "npc_has_var": "magic_lesson_1", "type": "general", "context": "mission" }, { "u_has_skill": { "skill": "spellcraft", "level": 2 } } ] }	  
      },
      { 
         "text": "What's our next lesson?", 
         "topic": "TALK_INFUSION_THIRD_LESSON",
         "condition": { "and": [ { "npc_has_var": "u_in_class", "type": "general", "context": "mission" }, { "npc_has_var": "magic_lesson_2", "type": "general", "context": "mission" }, { "u_has_skill": { "skill": "spellcraft", "level": 3 } } ] }	  
      },
      { 
         "text": "What's our next lesson?", 
         "topic": "TALK_INFUSION_FOURTH_LESSON",
         "condition": { "and": [ { "npc_has_var": "u_in_class", "type": "general", "context": "mission" }, { "npc_has_var": "magic_lesson_3", "type": "general", "context": "mission" }, { "u_has_skill": { "skill": "spellcraft", "level": 5 } } ] }	  
      },
      { 
         "text": "What's our next lesson?", 
         "topic": "TALK_INFUSION_FIFTH_LESSON",
         "condition": { "and": [ { "npc_has_var": "u_in_class", "type": "general", "context": "mission" }, { "npc_has_var": "magic_lesson_4", "type": "general", "context": "mission" }, { "u_has_skill": { "skill": "spellcraft", "level": 2 } } ] }	  
      },
      { 
         "text": "What's our next lesson?", 
         "topic": "TALK_INFUSION_SIXTH_LESSON",
         "condition": { "and": [ { "npc_has_var": "u_in_class", "type": "general", "context": "mission" }, { "npc_has_var": "magic_lesson_5", "type": "general", "context": "mission" }, { "u_has_skill": { "skill": "spellcraft", "level": 3 } } ] }	  
      }
    ]
  },
{
    "type": "talk_topic",
    "id": "TALK_INFUSION_TEACH",
    "dynamic_line": [ "I'm the infusion instructor here. If you want to know how to make a magic sword, come to me." ],
    "responses": [
      { 
         "text": "Oh.", 
         "topic": "TALK_DONE"	  
      },
      { 
         "text": "I think I'm in your class.", 
         "topic": "TALK_CLASS",
         "condition": { "u_has_items": { "item": "infusion_enrollment_slip", "count": 1 } },  
         "effect": [ { "u_sell_item": "infusion_enrollment_slip", "count": 1 } ] 	  
      }
    ]
  },
{
    "type": "talk_topic",
    "id": "TALK_INFUSION_FIRST_LESSON",
    "dynamic_line": [ "Alright. For our first lesson, I need you to practice basic infusion principles. To demonstrate this, bring me a runed wooden totem." ],
    "responses": [
      { 
         "text": "Alright.", 
         "topic": "TALK_DONE",
         "effect": [ { "add_mission": "MISSION_BASIC_INFUSION" } ]   	  
      },
      { 
         "text": "Nah.", 
         "topic": "TALK_INSTRUCTOR_INFUSION" 	  
      }
    ]
  },
{
    "type": "talk_topic",
    "id": "TALK_INFUSION_SECOND_LESSON",
    "dynamic_line": [ "I think you're ready for something more advanced. For our next lesson, enchant this longsword, and give it to me. The recipe is in the book." ],
    "responses": [
      { 
         "text": "Alright.", 
         "topic": "TALK_DONE",
         "effect": [ { "add_mission": "MISSION_BASIC_INFUSION2" } ]   	  
      },
      { 
         "text": "Nah.", 
         "topic": "TALK_INSTRUCTOR_INFUSION" 	  
      }
    ]
  },
{
    "type": "talk_topic",
    "id": "TALK_INFUSION_THIRD_LESSON",
    "dynamic_line": [ "You've proven yourself as a novice infusionist. Now, try enchanting these three cudgels, and give them to me. The recipe is in the book." ],
    "responses": [
      { 
         "text": "Alright.", 
         "topic": "TALK_DONE",
         "effect": [ { "add_mission": "MISSION_BASIC_INFUSION3" } ]   	  
      },
      { 
         "text": "Nah.", 
         "topic": "TALK_INSTRUCTOR_INFUSION" 	  
      }
    ]
  },
{
    "type": "talk_topic",
    "id": "TALK_INFUSION_FOURTH_LESSON",
    "dynamic_line": [ "I see your getting along. For our next lesson, try making something a bit more advanced. Give this cestus a reinforced enchantment, and bring it to me. This book holds the recipe." ],
    "responses": [
      { 
         "text": "Alright.", 
         "topic": "TALK_DONE",
         "effect": [ { "add_mission": "MISSION_BASIC_INFUSION4" } ]   	  
      },
      { 
         "text": "Nah.", 
         "topic": "TALK_INSTRUCTOR_INFUSION" 	  
      }
    ]
  },
{
    "type": "talk_topic",
    "id": "TALK_INFUSION_FIFTH_LESSON",
    "dynamic_line": [ "Today, we're going to study more on totems. I need you to craft ten wooden totems od dawn, and bring them to me. The recipe is in this book." ],
    "responses": [
      { 
         "text": "Alright.", 
         "topic": "TALK_DONE",
         "effect": [ { "add_mission": "MISSION_BASIC_INFUSION5" } ]   	  
      },
      { 
         "text": "Nah.", 
         "topic": "TALK_INSTRUCTOR_INFUSION" 	  
      }
    ]
  },
{
    "type": "talk_topic",
    "id": "TALK_INFUSION_SIXTH_LESSON",
    "dynamic_line": [ "For your final lesson, I'm going to teach you basic runecraft. Take this book, and bring me the first rune of longevity. Do this, and you'll be an official artificer." ],
    "responses": [
      { 
         "text": "Alright.", 
         "topic": "TALK_DONE",
         "effect": [ { "add_mission": "MISSION_BASIC_INFUSION6" } ]   	  
      },
      { 
         "text": "Nah.", 
         "topic": "TALK_INSTRUCTOR_INFUSION" 	  
      }
    ]
  }
]