[
{
    "type": "talk_topic",
    "id": "TALK_INSTRUCTOR_Y1",
    "dynamic_line": [ "Greetings. Can I help you with anything?" ],
    "responses": [
      { 
         "text": "No, thanks.", 
         "topic": "TALK_DONE"	  
      },
      { 
         "text": "Who are you?", 
         "topic": "TALK_TEACH"	  
      },
      { 
         "text": "Don't we have lessons today?", 
         "topic": "TALK_CULT_JOBS",
         "condition": { "npc_has_var": "u_in_class", "type": "general", "context": "mission" } 	  
      },
      { 
         "text": "There's something I don't understand.", 
         "topic": "TALK_INFORMATION",
         "condition": { "npc_has_var": "u_in_class", "type": "general", "context": "mission" } 	  
      },
      { 
         "text": "I'm ready for some advanced study.", 
         "topic": "TALK_SECOND_LESSON",
         "condition": { "and": [ { "npc_has_var": "u_in_class", "type": "general", "context": "mission" }, { "npc_has_var": "magic_lesson_1", "type": "general", "context": "mission" }, { "u_has_skill": { "skill": "spellcraft", "level": 1 } } ] }	  
      },
      { 
         "text": "I'm ready for some advanced study.", 
         "topic": "TALK_THIRD_LESSON",
         "condition": { "and": [ { "npc_has_var": "u_in_class", "type": "general", "context": "mission" }, { "npc_has_var": "magic_lesson_2", "type": "general", "context": "mission" }, { "u_has_skill": { "skill": "spellcraft", "level": 1 } } ] }	  
      },
      { 
         "text": "I'm ready for some advanced study.", 
         "topic": "TALK_FOURTH_LESSON",
         "condition": { "and": [ { "npc_has_var": "u_in_class", "type": "general", "context": "mission" }, { "npc_has_var": "magic_lesson_3", "type": "general", "context": "mission" }, { "u_has_skill": { "skill": "spellcraft", "level": 1 } } ] }	  
      }
    ]
  },
{
    "type": "talk_topic",
    "id": "TALK_TEACH",
    "dynamic_line": [ "I'm the first year instructor here. I teach the new students." ],
    "responses": [
      { 
         "text": "Oh.", 
         "topic": "TALK_DONE"	  
      },
      { 
         "text": "I think I'm in your class.", 
         "topic": "TALK_CLASS",
         "condition": { "u_has_items": { "item": "first_enrollment_slip", "count": 1 } },  
         "effect": [ { "u_sell_item": "first_enrollment_slip", "count": 1 } ] 	  
      }
    ]
  },
{
    "type": "talk_topic",
    "id": "TALK_CLASS",
    "dynamic_line": [ "Well, let's see... Yep, it's all valid. The receptionist is good these days." ],
    "responses": [
      { 
         "text": "Okay.", 
         "topic": "TALK_CULT_JOBS",
         "effect": [ { "npc_add_var": "u_in_class", "type": "general", "context": "mission", "value": "yes" } ] 	  	  
      }
    ]
  },
{
    "type": "talk_topic",
    "id": "TALK_INFORMATION",
    "dynamic_line": [ "What is it you need help with?" ],
    "responses": [
      { 
         "text": "Do you even teach anything?", 
         "topic": "TALK_WHAT_TEACH"  	  
      },
      { 
         "text": "Why are the lessons so basic?", 
         "topic": "TALK_WHAT_MISSIONS"  	  
      },
      { 
         "text": "Nothing.", 
         "topic": "TALK_DONE"  	  
      }
    ]
  },
{
    "type": "talk_topic",
    "id": "TALK_WHAT_TEACH",
    "dynamic_line": [ "Of course I do! This class is a bit more freeform that what you're thinking. I manage the materials, which I provide to my students to study at their own pace. They can learn the spells they want, I just test them to see if they're ready." ],
    "responses": [
      { 
         "text": "Hmm.", 
         "topic": "TALK_NONE"  	  
      }
    ]
  },
{
    "type": "talk_topic",
    "id": "TALK_WHAT_MISSIONS",
    "dynamic_line": [ "It's that way for those new to magic, like yourself. When you've studied a bit, come see me about something more challenging." ],
    "responses": [
      { 
         "text": "Hmm.", 
         "topic": "TALK_NONE"  	  
      }
    ]
  },
{
    "type": "talk_topic",
    "id": "TALK_SECOND_LESSON",
    "dynamic_line": [ "We've seen a goblin wandering around here, stealing our materials, and I want you to kill it. Its tough, now, but should be a suitable test." ],
    "responses": [
      { 
         "text": "Alright.", 
         "topic": "TALK_DONE",
         "effect": [ { "add_mission": "MISSION_SECOND_LESSON" } ]   	  
      },
      { 
         "text": "Nah.", 
         "topic": "TALK_INSTRUCTOR_Y1" 	  
      }
    ]
  },
{
    "type": "talk_topic",
    "id": "TALK_THIRD_LESSON",
    "dynamic_line": [ "For your third lesson, I have set two undead out. I want you to kill them. Its tough, now, but should be a suitable test." ],
    "responses": [
      { 
         "text": "Alright.", 
         "topic": "TALK_DONE",
         "effect": [ { "add_mission": "MISSION_THIRD_LESSON" } ]   	  
      },
      { 
         "text": "Nah.", 
         "topic": "TALK_INSTRUCTOR_Y1" 	  
      }
    ]
  },
{
    "type": "talk_topic",
    "id": "TALK_FOURTH_LESSON",
    "dynamic_line": [ "You have come far as a begining mage. I have oly your final lesson left, if you wish to move on." ],
    "responses": [
      { 
         "text": "Alright.", 
         "topic": "TALK_DONE",
         "effect": [ { "add_mission": "MISSION_FOURTH_LESSON" } ]   	  
      },
      { 
         "text": "Nah.", 
         "topic": "TALK_INSTRUCTOR_Y1" 	  
      }
    ]
  }
]