[
{
    "type": "talk_topic",
    "id": "TALK_NPC_ACADEMY_LIBRARIAN",
    "dynamic_line": [ "Greetings, welcome to my library. Can I help you with anything?" ],
    "responses": [
      { 
         "text": "No.", 
         "topic": "TALK_DONE"	  
      },
      { 
         "text": "Who are you?",
         "topic": "TALK_NPC_ACADEMY_LIBRARIAN_WHO"	  
      },
      { 
         "text": "Could I loan some of your books?", 
         "effect": "start_trade",
         "topic": "TALK_SOLD"	  
      }
    ]
  },
{
    "type": "talk_topic",
    "id": "TALK_NPC_ACADEMY_LIBRARIAN_WHO",
    "dynamic_line": [ "I'm the librarian here. The students need research materials for their classes, and they come to me for it." ],
    "responses": [
      { 
         "text": "Hmm.", 
         "topic": "TALK_DONE"	  
      }
    ]
  } 
]