[
  {
    "type": "talk_topic",
    "id": "TALK_ACADEMY_APPRENTICE",
    "dynamic_line": [ "Hello there." ],
    "responses": [
      { 
         "text": "Hello.", 
         "topic": "TALK_YOUR_OPINION"
	  
      }
    ]
  },
  {
    "type": "talk_topic",
    "id": "TALK_YOUR_OPINION",
    "dynamic_line": [ "This is a nice place. Are you new here?" ],
    "responses": [
      { 
         "text": "Yes, I am.", 
         "topic": "TALK_UNEW"
	  
      },
      { 
         "text": "No, I'm not.", 
         "topic": "TALK_UNOT"
	  
      }
    ]
  },
{
    "type": "talk_topic",
    "id": "TALK_UNEW",
    "dynamic_line": [ "<magic_hint>" ],
    "responses": [
      { 
         "text": "Thanks.", 
         "topic": "TALK_DONE"
	  
      }
    ]
  },
{
    "type": "talk_topic",
    "id": "TALK_UNOT",
    "dynamic_line": [ "Oh. In that case, could you help me with something?" ],
    "responses": [
      { 
         "text": "No, I'm busy.", 
         "topic": "TALK_DONE"
	  
      },
      { 
         "text": "Sure.", 
         "topic": "TALK_CULT_JOBS"
	  
      }
    ]
  }
]