[
{
    "type": "talk_topic",
    "id": "TALK_INSTRUCTOR_Y3",
    "dynamic_line": [ "Greetings. Can I help you with anything?" ],
    "responses": [
      { 
         "text": "No, thanks.", 
         "topic": "TALK_DONE"	  
      },
      { 
         "text": "Who are you?", 
         "topic": "TALK_INSTRUCTOR_Y3_WHO"	  
      },
      { 
         "text": "Don't we have lessons today?", 
         "topic": "TALK_CULT_JOBS",
         "condition": { "npc_has_var": "u_in_class", "type": "general", "context": "mission" } 	  
      },
      { 
         "text": "I'm ready for some advanced study.", 
         "topic": "TALK_EIGHTH_LESSON",
         "condition": { "and": [ { "npc_has_var": "u_in_class", "type": "general", "context": "mission" }, { "u_has_skill": { "skill": "spellcraft", "level": 3 } } ] }	  
      },  
      { 
         "text": "I'm ready for some advanced study.", 
         "topic": "TALK_NINTH_LESSON",
         "condition": { "and": [ { "npc_has_var": "u_in_class", "type": "general", "context": "mission" }, { "npc_has_var": "magic_lesson_8", "type": "general", "context": "mission" }, { "u_has_skill": { "skill": "spellcraft", "level": 3 } } ] }	  
      },  
      { 
         "text": "I'm ready for some advanced study.", 
         "topic": "TALK_TENTH_LESSON",
         "condition": { "and": [ { "npc_has_var": "u_in_class", "type": "general", "context": "mission" }, { "npc_has_var": "magic_lesson_9", "type": "general", "context": "mission" }, { "u_has_skill": { "skill": "spellcraft", "level": 3 } } ] }	  
      }
    ]
  },
{
    "type": "talk_topic",
    "id": "TALK_INSTRUCTOR_Y3_WHO",
    "dynamic_line": [ "Oh. I'm the third year instructor here. I teach the upcoming students." ],
    "responses": [
      { 
         "text": "Hmm.", 
         "topic": "TALK_INSTRUCTOR_Y3"	  
      },
      { 
         "text": "I think I'm in your class.", 
         "topic": "TALK_CLASS",
         "condition": { "u_has_items": { "item": "third_enrollment_slip", "count": 1 } },  
         "effect": [ { "u_sell_item": "third_enrollment_slip", "count": 1 } ] 	  
      }
    ]
  },
{
    "type": "talk_topic",
    "id": "TALK_EIGHTH_LESSON",
    "dynamic_line": [ "For this lesson, I've got a goblin necromancer on the loose. I need you to kill them." ],
    "responses": [
      { 
         "text": "Alright.", 
         "topic": "TALK_DONE",
         "effect": [ { "add_mission": "MISSION_EIGHTH_LESSON" } ]   	  
      },
      { 
         "text": "Nah.", 
         "topic": "TALK_INSTRUCTOR_Y3" 	  
      }
    ]
  },
{
    "type": "talk_topic",
    "id": "TALK_NINTH_LESSON",
    "dynamic_line": [ "For this lesson, I need you to show me you have a staff of magical concentration in your possession." ],
    "responses": [
      { 
         "text": "Alright.", 
         "topic": "TALK_DONE",
         "effect": [ { "add_mission": "MISSION_NINTH_LESSON" } ]   	  
      },
      { 
         "text": "Nah.", 
         "topic": "TALK_INSTRUCTOR_Y3" 	  
      }
    ]
  },
{
    "type": "talk_topic",
    "id": "TALK_TENTH_LESSON",
    "dynamic_line": [ "For this lesson, I need you to bring me some raw magic." ],
    "responses": [
      { 
         "text": "Alright.", 
         "topic": "TALK_DONE",
         "effect": [ { "add_mission": "MISSION_TENTH_LESSON" } ]   	  
      },
      { 
         "text": "Nah.", 
         "topic": "TALK_INSTRUCTOR_Y3" 	  
      }
    ]
  }
]