[
  {
    "type": "item_group",
    "id": "alchemy_books",
    "subtype": "distribution",
    "items": [
      [ "novice_potion", 20 ],
      [ "al_reference", 35 ]
    ]
  },
  {
    "type": "item_group",
    "id": "infusion_books",
    "subtype": "distribution",
    "items": [
      [ "infusion_basic", 70 ],
      [ "infusion_mid", 50 ],
      [ "infusion_adv", 30 ],
      [ "infusion_fire", 70 ],
      [ "infusion_fire_mid", 50 ],
      [ "infusion_fire_adv", 30 ],
      [ "infusion_ice", 70 ],
      [ "infusion_ice_mid", 50 ],
      [ "infusion_ice_adv", 30 ],
      [ "infusion_electric", 70 ],
      [ "infusion_electric_mid", 50 ],
      [ "infusion_electric_adv", 30 ],
      [ "totem_book", 50 ],
      [ "basic_tatoo", 20 ],
      [ "book_of_golems", 2 ]
    ]
  },
  {
    "type": "item_group",
    "id": "divine_books",
    "subtype": "distribution",
    "items": [
      { "item": "gods_and_godesses", "prob": 25 },
      { "item": "divinity_general", "prob": 15 },
      { "item": "divinity_light", "prob": 15 },
      { "item": "divinity_war", "prob": 15 },
      { "item": "divinity_life", "prob": 15 },
      { "item": "divinity_twilight", "prob": 15 },
      { "item": "divine_weapon", "prob": 20 },
      { "item": "divine_weapon_mid", "prob": 15 },
      { "item": "divine_weapon_adv", "prob": 10 }
    ]
  },
  {
    "type": "item_group",
    "id": "manuals",
    "subtype": "distribution",
    "entries": [
      { "group": "alchemy_books", "prob": 6 },
      { "group": "infusion_books", "prob": 2 },
      { "group": "divine_books", "prob": 3 },
      { "item": "forging_book_mtc", "prob": 15 }
    ]
  } 
]
