[
  {
    "id": "fire_flower_harv",
    "type": "harvest",
    "entries": [ { "drop": "fire_flower", "base_num": [ 2, 5 ] } ]
  },
  {
    "id": "ash_vine_harv",
    "type": "harvest",
    "entries": [ { "drop": "ash_vine", "base_num": [ 2, 5 ] } ]
  },
  {
    "id": "crystal_berry_purple_harv",
    "type": "harvest",
    "entries": [ { "drop": "crystal_berry_purple", "base_num": [ 5, 12 ] } ]
  },
  {
    "id": "crystal_berry_red_harv",
    "type": "harvest",
    "entries": [ { "drop": "crystal_berry_red", "base_num": [ 5, 12 ] } ]
  }
]