[
  {
    "type": "item_group",
    "id": "raw_meat",
    "subtype": "distribution",
    "items": [
      { "item": "meat", "prob": 100, "count-min": 10, "count-max": 50 },
	{ "item": "stomach", "prob": 100, "count-min": 1, "count-max": 5 },
	{ "item": "lung", "prob": 100, "count-min": 2, "count-max": 10 },
	{ "item": "liver", "prob": 100, "count-min": 1, "count-max": 5 },
	{ "item": "kidney", "prob": 100, "count-min": 2, "count-max": 5 },
	{ "item": "sweetbread", "prob": 100, "count-min": 10, "count-max": 50 }
    ]
  },
  {
    "type": "item_group",
    "id": "knife_meat_cleaver",
    "subtype": "distribution",
    "items": [
      [ "knife_meat_cleaver", 100 ]
    ]
  },
  {
    "type": "item_group",
    "id": "bandages",
    "subtype": "distribution",
    "items": [
      { "item": "bandages", "prob": 100, "count-max": 5 }
    ]
  },
  {
    "type": "item_group",
    "id": "archaesth",
    "subtype": "distribution",
    "items": [
      [ "archaesth", 100 ]
    ]
  },
 {
    "type": "item_group",
    "id": "candlefemur",
    "subtype": "distribution",
    "items": [
      { "item": "bone_torch", "prob": 100, "charges": 50 }
    ]
  },
  {
    "type": "item_group",
    "id": "lifesap",
    "subtype": "distribution",
    "items": [
      [ "eldritch_lifesap", 100 ]
    ]
  },
  {
    "type": "item_group",
    "id": "dark_ring",
    "subtype": "distribution",
    "items": [
      [ "dark_ring", 100 ]
    ]
  },
  {
    "type": "item_group",
    "id": "majora",
    "subtype": "distribution",
    "items": [
      [ "mask_majora", 100 ]
    ]
  },
  {
    "type": "item_group",
    "id": "training_weapons",
    "subtype": "distribution",
    "items": [
      { "item": "cudgel", "prob": 70, "count-min": 1 }
    ]
  },
  {
    "type": "item_group",
    "id": "charm_passage_questspawn",
    "subtype": "distribution",
    "items": [
      [ "charm_graduation", 100 ]
    ]
  },
  {
    "type": "item_group",
    "id": "crystallized_mana",
    "subtype": "distribution",
    "items": [
      { "item": "crystallized_mana", "prob": 70, "count-min": 2, "count-max": 4 }
    ]
  },
  {
    "type": "item_group",
    "id": "lair_loot_generic",    
    "items": [
      { "group": "jewelry_safe", "prob": 30 },
      { "group": "jewelry_front", "prob": 8 },
      { "item": "bone_human", "prob": 60, "count-min": 1, "count-max": 5 },
      { "item": "copper_coin", "prob": 60, "count-min": 10, "count-max": 300 },
      { "item": "silver_coin", "prob": 30, "count-min": 10, "count-max": 50 },
      { "item": "gold_coin", "prob": 3, "count-min": 1, "count-max": 5 }
    ]
  },
  {
    "type": "item_group",
    "id": "wooden_shields",
    "subtype": "distribution",
    "items": [
      { "item": "wooden_buckler", "prob": 30 },
      { "item": "wooden_shield", "prob": 30 },
      { "item": "wooden_shield_tower", "prob": 30 }
    ]
  },
  {
    "type": "item_group",
    "id": "metal_shields",
    "subtype": "distribution",
    "items": [
      { "item": "metal_buckler", "prob": 30 },
      { "item": "metal_shield", "prob": 30 },
      { "item": "metal_shield_tower", "prob": 30 }
    ]
  },
  {
    "type": "item_group",
    "id": "shields_all",
    "subtype": "distribution",
    "items": [
      { "group": "wooden_shields" },
      { "group": "metal_shields" }
    ]
  },
  {
    "type": "item_group",
    "id": "bucklers",
    "subtype": "distribution",
    "items": [
      { "item": "metal_buckler", "prob": 50 },
      { "item": "wooden_buckler", "prob": 50 }
    ]
  },
  {
    "type": "item_group",
    "id": "trinkets_misc",
    "subtype": "distribution",
    "items": [
      { "item": "totem_small", "prob": 70, "count-min": 1, "count-max": 5 },
      { "item": "totem_small_metal", "prob": 70, "count-min": 1, "count-max": 5 },
      { "item": "bone_charm", "prob": 70, "count-min": 1, "count-max": 5 },
      { "item": "totem_small_fiber", "prob": 70, "count-min": 1, "count-max": 5 },
      { "item": "holy_symbol_wood", "prob": 70, "count-min": 1, "count-max": 5 }
    ]
  },
  {
    "type": "item_group",
    "id": "candle",
    "subtype": "distribution",
    "items": [
      { "item": "candle", "prob": 100, "charges": [ 0, 100 ] }
    ]
  },
  {
    "type": "item_group",
    "id": "group_fire_alchemy",
    "subtype": "distribution",
    "items": [
                   [ "ash_apple", 1 ],   
                    [ "ash_vine", 3 ],
                    [ "fire_flower", 1 ],
                    [ "burn_pepper", 1 ],
                    [ "crystal_berry_red", 1 ],
                    [ "cattail_stalk", 1 ],   
                    [ "cattail_rhizome", 1 ],
                    [ "chili_pepper", 1 ],
                    [ "dahlia_root", 1 ],
                    [ "horseradish_root", 1 ],
		    [ "horseradish_greens", 1 ],
                    [ "canola", 10 ],
                    [ "fiddlehead_raw", 10 ],
                    [ "rose_hips", 10 ],
                    [ "cholla_bud", 10 ],
                    [ "juniper", 10 ],
		    [ "acorns_cooked", 10 ],
                    [ "dry_fruit", 1 ]
    ]
  },
  {
    "type": "item_group",
    "id": "group_water_alchemy",
    "subtype": "distribution",
    "items": [
                    [ "crystal_berry_purple", 3 ],   
                    [ "bell_pepper", 1 ],
                    [ "raw_lentils", 1 ],
                    [ "canola", 1 ],
                    [ "zucchini", 1 ],
                    [ "veggy_wild", 1 ],   
                    [ "veggy", 1 ],
                    [ "tomato", 1 ],
		    [ "horseradish_greens", 1 ],
                    [ "pumpkin", 1 ],
                    [ "fiddlehead_raw", 1 ],
                    [ "onion", 1 ],
                    [ "lettuce", 1 ],
                    [ "hops", 1 ],
		    [ "chicory_raw", 1 ],
		    [ "cucumber", 1 ],
		    [ "corn", 1 ],
		    [ "celery", 1 ],
                    [ "cattail_stalk", 1 ],   
                    [ "cattail_rhizome", 1 ],
		    [ "carrot", 1 ],
		    [ "spinach", 1 ],
		    [ "cabbage", 1 ],
		    [ "broccoli", 1 ],
		    [ "bee_balm", 1 ],
		    [ "cactus_pad", 1 ],
		    [ "apricot", 1 ],
		    [ "kiwi", 1 ],
		    [ "papaya", 1 ],
		    [ "pomegranate", 1 ],
		    [ "mango", 1 ],
		    [ "blackberries", 1 ],
		    [ "melon", 1 ],
		    [ "watermelon", 1 ],
		    [ "peach", 1 ],
		    [ "papaya", 1 ],
		    [ "coconut", 1 ],
		    [ "pineapple", 1 ],
		    [ "grapes", 1 ],
		    [ "cherries", 1 ],
		    [ "pear", 1 ],
		    [ "grapefruit", 1 ],
		    [ "juice_pulp", 1 ],
	    	    [ "elderberries", 1 ],
                    [ "mulberries", 1 ],
                    [ "huckleberries", 1 ],
		    [ "raspberries", 1 ],
		    [ "cranberries", 1 ],
		    [ "strawberries", 1 ],
		    [ "blueberries", 1 ],
		    [ "lemon", 1 ],
		    [ "orange", 1 ],
		    [ "apple", 1 ],
                    [ "banana", 1 ]
    ]
  },
  {
    "type": "item_group",
    "id": "group_earth_alchemy",
    "subtype": "distribution",
    "items": [
                   [ "ash_apple", 1 ],   
                    [ "ash_vine", 3 ],
                    [ "fire_flower", 1 ],
                    [ "burn_pepper", 1 ],
                    [ "crystal_berry_orange", 1 ],
                    [ "cattail_stalk", 1 ],   
                    [ "cattail_rhizome", 1 ],
                    [ "chili_pepper", 1 ],
                    [ "dahlia_root", 1 ],
                    [ "horseradish_root", 1 ],
                    [ "canola", 1 ],
                    [ "fiddlehead_raw", 1 ],
                    [ "rose_hips", 1 ],
                    [ "cholla_bud", 1 ],
                    [ "juniper", 1 ],
		    [ "acorns_cooked", 1 ],
                    [ "elderberries", 1 ],
                    [ "mulberries", 1 ],
                    [ "huckleberries", 1 ],
		    [ "raspberries", 1 ],
		    [ "cranberries", 1 ],
		    [ "strawberries", 1 ],
		    [ "blueberries", 1 ],
                    [ "melon", 1 ],
		    [ "watermelon", 1 ],
		    [ "blackberries", 1 ],
                    [ "bell_pepper", 1 ],
                    [ "raw_lentils", 1 ],
                    [ "zucchini", 1 ],
                    [ "veggy_wild", 1 ],   
                    [ "veggy", 1 ],
                    [ "tomato", 1 ],
                    [ "pumpkin", 1 ],
                    [ "onion", 1 ],
                    [ "lettuce", 1 ],
                    [ "hops", 1 ],
		    [ "chicory_raw", 1 ],
		    [ "cucumber", 1 ],
		    [ "corn", 1 ],
		    [ "celery", 1 ],
                    [ "coconut", 1 ],
                    [ "barley", 1 ],
                    [ "bee_balm", 1 ],
                    [ "buckwheat", 1 ],
                    [ "spinach", 1 ],   
                    [ "carrot", 1 ],
                    [ "cotton_boll", 1 ],
                    [ "salsify_raw", 1 ],
                    [ "chicory_raw", 1 ],
                    [ "carrot_wild", 1 ],
                    [ "dogbane", 1 ],
                    [ "garlic", 1 ],
                    [ "hops", 1 ],   
                    [ "mugwort", 1 ],
                    [ "potato", 1 ],
                    [ "raw_dandelion", 1 ],
                    [ "raw_burdock", 1 ],
                    [ "rhubarb", 1 ],
                    [ "sugar_beet", 1 ],
                    [ "tea_raw", 10 ],
                    [ "tea_green_raw", 10 ],   
                    [ "raw_beans", 1 ],
                    [ "raw_lentils", 1 ],
                    [ "pine_nuts", 10 ],
                    [ "juniper", 10 ],                   
                    [ "pistachio_unshelled", 10 ],
                    [ "almond_unshelled", 10 ],
                    [ "almond_pulp", 20 ],
                    [ "cashews", 10 ],   
                    [ "pecan_unshelled", 10 ],
                    [ "peanut_unshelled", 10 ],
                    [ "beech_nuts", 10 ],
                    [ "walnut_unshelled", 10 ],
                    [ "chestnut_unshelled", 10 ],
                    [ "hazelnut_unshelled", 10 ],
                    [ "soy_nuts", 10 ],
                    [ "hickory_nut_unshelled", 10 ],   
                    [ "acorns", 10 ]
    ]
  },
{
    "type": "item_group",
    "id": "ingredients_all",
    "subtype": "distribution",
    "items": [
      { "group": "group_fire_alchemy", "prob": 70 },
      { "group": "group_water_alchemy", "prob": 70 },
      { "group": "group_earth_alchemy", "prob": 70 }
    ]
  },
{
    "type": "item_group",
    "id": "potions_lesser",
    "subtype": "distribution",
    "items": [
      [ "potion_strength_lesser", 50 ],
      [ "potion_sight_lesser", 50 ],
      [ "potion_speed_lesser", 50 ],
      [ "potion_cleanse_lesser", 50 ],
      [ "potion_antipara_lesser", 50 ],
      [ "fire_protection_lesser", 50 ],
      [ "fire_breath_lesser", 50 ],
      [ "cold_protection_lesser", 50 ],
      [ "stamina_boost_lesser", 50 ],
      [ "water_breath_lesser", 50 ],
      [ "euphoria_lesser", 50 ],
      [ "potion_beauty_lesser", 50 ]
    ]
  },
{
    "type": "item_group",
    "id": "potions_mid",
    "subtype": "distribution",
    "items": [
      [ "potion_strength", 10 ],
      [ "potion_sight", 10 ],
      [ "potion_speed", 10 ],
      [ "potion_cleanse", 10 ],
      [ "potion_antipara", 10 ],
      [ "fire_protection", 10 ],
      [ "fire_breath", 10 ],
      [ "cold_protection", 10 ],
      [ "stamina_boost", 10 ],
      [ "water_breath", 10 ],
      [ "potion_beauty", 10 ]
    ]
  },
{
    "type": "item_group",
    "id": "potions_greater",
    "subtype": "distribution",
    "items": [
      [ "potion_strength_greater", 3 ],
      [ "potion_sight_greater", 3 ],
      [ "potion_speed_greater", 3 ],
      [ "potion_cleanse_greater", 3 ],
      [ "potion_antipara_greater", 3 ],
      [ "fire_protection_greater", 3 ],
      [ "fire_breath_greater", 3 ],
      [ "cold_protection_greater", 3 ],
      [ "stamina_boost_greater", 3 ],
      [ "water_breath_greater", 3 ],
      [ "potion_beauty_greater", 3 ]
    ]
  },
{
    "type": "item_group",
    "id": "potions_all",
    "subtype": "distribution",
    "items": [
      { "group": "potions_lesser", "prob": 50 },
      { "group": "potions_mid", "prob": 10 },
      { "group": "potions_greater", "prob": 3 }
    ]
  },
{
    "type": "item_group",
    "id": "reception_paperwork",
    "subtype": "distribution",
    "items": [
      [ "reception_paperwork", 100 ]
    ]
  },
{
    "id": "mine_sell_mtc",
    "type": "item_group",
    "items": [
      { "item": "sheet_metal", "prob": 5 },
      { "item": "sheet_metal_small", "prob": 5, "count": [ 2, 4 ] },
      { "item": "steel_lump", "prob": 5, "count": [ 1, 3 ] },
      { "item": "steel_chunk", "prob": 15, "count": [ 1, 5 ] },
      { "item": "copper", "prob": 10, "count": [ 1, 5 ] },
      { "item": "scrap_copper", "prob": 5, "count": [ 1, 10 ] },
      { "item": "scrap", "prob": 70, "count": [ 1, 10 ] },
      { "item": "chunk_iron_ore", "prob": 25, "count": [ 1, 3 ] },
      { "item": "chunk_copper_ore", "prob": 25, "count": [ 1, 3 ] },
      { "item": "chunk_silver_ore", "prob": 25, "count": [ 1, 3 ] }
    ]
  },
{
    "type": "item_group",
    "id": "dragon_loot",
    "items": [
      { "group": "warrior_weapons", "prob": 80 },
      { "group": "rogue_weapons", "prob": 80 },
      { "group": "shields_all", "prob": 70 },
      { "group": "trinkets_misc", "prob": 50 },
      { "group": "warlock_magic_items", "prob": 40 },
      { "group": "cleric_magic_items_all", "prob": 40 },
      { "group": "magic_items_all", "prob": 40 },
      { "group": "magic_weapons_all", "prob": 40 },
      { "group": "armor_plus1", "prob": 30 },
      { "item": "book_of_golems", "prob": 10 }
    ]
  },
{
    "type": "item_group",
    "id": "bandit_loot",
    "items": [
      { "group": "warrior_weapons", "prob": 80 },
      { "group": "rogue_weapons", "prob": 80 },
      { "group": "shields_all", "prob": 70 },
      { "group": "trinkets_misc", "prob": 50 },
      { "group": "warlock_magic_items", "prob": 20 },
      { "group": "cleric_magic_items_all", "prob": 20 },
      { "group": "magic_items_all", "prob": 20 },
      { "group": "magic_weapons_all", "prob": 20 },
      { "group": "armor_plus1", "prob": 10 },
      { "item": "book_of_golems", "prob": 1 }
    ]
  }
]