[
{
    "type": "item_group",
    "id": "warlock_magic_items",
    "subtype": "distribution",
    "items": [
      { "item": "warlock_focus_staff", "prob": 40, "charges": [ 0, 10 ] }
    ]
  },
  {
    "type": "item_group",
    "id": "cleric_magic_items_all",    
    "items": [
      { "group": "cleric_magic_items", "prob": 50 },
      { "group": "cleric_life_magic_items", "prob": 30 },
      { "group": "cleric_light_magic_items", "prob": 30 },
      { "group": "cleric_twighlight_magic_items", "prob": 30 },
      { "group": "cleric_war_magic_items", "prob": 30 }
    ]
  },
  {
    "type": "item_group",
    "id": "cleric_magic_items",
    "//": "No, this is just non-denominational religious items. ID retained for simplicity.",
    "subtype": "distribution",
    "items": [
      { "item": "holy_symbol_medicine", "prob": 40, "charges": [ 0, 3 ] },
      { "item": "holy_symbol_bless", "prob": 40, "charges": [ 0, 3 ] },
      { "item": "holy_symbol_guardians", "prob": 20, "charges": [ 0, 3 ] },
      { "item": "holy_symbol_force", "prob": 40, "charges": [ 0, 3 ] },
      { "item": "holy_symbol_protection", "prob": 40, "charges": [ 0, 3 ] }
    ]
  },
  {
    "type": "item_group",
    "id": "cleric_life_magic_items",
    "subtype": "distribution",
    "items": [
      { "item": "holy_symbol_spare_dying", "prob": 40, "charges": [ 0, 3 ] },
      { "item": "holy_symbol_poison_protect", "prob": 40, "charges": [ 0, 3 ] },
      { "item": "holy_symbol_ease_discomfort", "prob": 40, "charges": [ 0, 3 ] }
    ]
  },
  {
    "type": "item_group",
    "id": "cleric_war_magic_items",
    "subtype": "distribution",
    "items": [
      { "item": "holy_symbol_enlarged", "prob": 40, "charges": [ 0, 3 ] },
      { "item": "holy_symbol_force_greater", "prob": 40, "charges": [ 0, 3 ] },
      { "item": "holy_symbol_cleave", "prob": 40, "charges": [ 0, 3 ] }
    ]
  },
  {
    "type": "item_group",
    "id": "cleric_light_magic_items",
    "subtype": "distribution",
    "items": [
      { "item": "holy_symbol_sacred_flame", "prob": 40, "charges": [ 0, 3 ] },
      { "item": "holy_symbol_firesphere", "prob": 40, "charges": [ 0, 3 ] },
      { "item": "holy_symbol_light", "prob": 40, "charges": [ 0, 3 ] }
    ]
  },
  {
    "type": "item_group",
    "id": "cleric_twighlight_magic_items",
    "subtype": "distribution",
    "items": [
      { "item": "holy_symbol_star_beam", "prob": 40, "charges": [ 0, 3 ] }
    ]
  },
{
    "type": "item_group",
    "id": "magic_weapons_all",    
    "items": [
      { "group": "weapons_plus1", "prob": 90 },
      { "group": "weapons_plus2", "prob": 70 },
      { "group": "weapons_plus3", "prob": 50 },
      { "group": "weapons_plus4", "prob": 30 },
      { "group": "flame_weapons_all", "prob": 80 },
      { "group": "frost_weapons_all", "prob": 80 },
      { "group": "electric_weapons_all", "prob": 80 },
      { "group": "divine_weapons_all", "prob": 80 }
    ]
  },
{
    "type": "item_group",
    "id": "weapons_plus1",
	"subtype": "collection",
    "entries": [
	  { "item": "knife_baselard+1", "prob": 35 },
	  { "item": "cutlass+1", "prob": 35 },
          { "item": "longsword+1", "prob": 35 },
	  { "item": "arming_sword+1", "prob": 35 },
	  { "item": "mace+1", "prob": 35 },
	  { "item": "morningstar+1", "prob": 35 },
	  { "item": "zweihander+1", "prob": 35 },
	  { "item": "lucern_hammer+1", "prob": 35 },
	  { "item": "spear_steel+1", "prob": 35 },
          { "item": "wood_sword+1", "prob": 35 },
	  { "item": "makeshift_knife+1", "prob": 35 },
          { "item": "machete+1", "prob": 35 },
	  { "item": "cavalry_sabre+1", "prob": 35 },
	  { "item": "kris+1", "prob": 35 },
	  { "item": "kukri+1", "prob": 35 },
	  { "item": "jian+1", "prob": 35 },
	  { "item": "scimitar+1", "prob": 35 },
	  { "item": "estoc+1", "prob": 35 },
          { "item": "tanto+1", "prob": 35 },
	  { "item": "wakizashi+1", "prob": 35 },
          { "item": "nodachi+1", "prob": 35 },
	  { "item": "broadsword+1", "prob": 35 },
	  { "item": "rapier+1", "prob": 35 },
	  { "item": "katana+1", "prob": 35 },
	  { "item": "butterfly_swords+1", "prob": 35 },
	  { "item": "cutlass+1", "prob": 35 },
	  { "item": "lajatang+1", "prob": 35 },
          { "item": "war_flail+1", "prob": 35 },
	  { "item": "peasant_flail+1", "prob": 35 },
          { "item": "bokken+1", "prob": 35 },
	  { "item": "battleaxe+1", "prob": 35 },
	  { "item": "cudgel+1", "prob": 35 },
	  { "item": "q_staff+1", "prob": 35 },
	  { "item": "shillelagh+1", "prob": 35 },
	  { "item": "tonfa_wood+1", "prob": 35 },
	  { "item": "qiang+1", "prob": 35 },
          { "item": "halberd+1", "prob": 35 },
	  { "item": "glaive+1", "prob": 35 },
          { "item": "naginata+1", "prob": 35 },
	  { "item": "pike+1", "prob": 35 },
	  { "item": "bullet_crossbow+1", "prob": 35 },
	  { "item": "hand_crossbow+1", "prob": 35 },
	  { "item": "crossbow+1", "prob": 35 },
	  { "item": "huge_crossbow+1", "prob": 35 },
	  { "item": "selfbow+1", "prob": 35 },
          { "item": "shortbow+1", "prob": 35 },
	  { "item": "compositebow+1", "prob": 35 },
          { "item": "reflexbow+1", "prob": 35 },
	  { "item": "longbow+1", "prob": 35 },
	  { "item": "woodgreatbow+1", "prob": 35 },
	  { "item": "bagh_nakha+1", "prob": 35 },
	  { "item": "cestus+1", "prob": 35 },
	  { "item": "knuckle_brass+1", "prob": 35 },
	  { "item": "punch_dagger+1", "prob": 35 }
    ]
	},
{
    "type": "item_group",
    "id": "weapons_plus2",
	"subtype": "collection",
    "entries": [
	  { "item": "knife_baselard+2", "prob": 35 },
	  { "item": "cutlass+2", "prob": 35 },
          { "item": "longsword+2", "prob": 35 },
	  { "item": "arming_sword+2", "prob": 35 },
	  { "item": "mace+2", "prob": 35 },
	  { "item": "morningstar+2", "prob": 35 },
	  { "item": "zweihander+2", "prob": 35 },
	  { "item": "lucern_hammer+2", "prob": 35 },
	  { "item": "spear_steel+2", "prob": 35 },
          { "item": "wood_sword+2", "prob": 35 },
	  { "item": "makeshift_knife+2", "prob": 35 },
          { "item": "machete+2", "prob": 35 },
	  { "item": "cavalry_sabre+2", "prob": 35 },
	  { "item": "kris+2", "prob": 35 },
	  { "item": "kukri+2", "prob": 35 },
	  { "item": "jian+2", "prob": 35 },
	  { "item": "scimitar+2", "prob": 35 },
	  { "item": "estoc+2", "prob": 35 },
          { "item": "tanto+2", "prob": 35 },
	  { "item": "wakizashi+2", "prob": 35 },
          { "item": "nodachi+2", "prob": 35 },
	  { "item": "broadsword+2", "prob": 35 },
	  { "item": "rapier+2", "prob": 35 },
	  { "item": "katana+2", "prob": 35 },
	  { "item": "butterfly_swords+2", "prob": 35 },
	  { "item": "cutlass+2", "prob": 35 },
	  { "item": "lajatang+2", "prob": 35 },
          { "item": "war_flail+2", "prob": 35 },
	  { "item": "peasant_flail+2", "prob": 35 },
          { "item": "bokken+2", "prob": 35 },
	  { "item": "battleaxe+2", "prob": 35 },
	  { "item": "cudgel+2", "prob": 35 },
	  { "item": "q_staff+2", "prob": 35 },
	  { "item": "shillelagh+2", "prob": 35 },
	  { "item": "tonfa_wood+2", "prob": 35 },
	  { "item": "qiang+2", "prob": 35 },
          { "item": "halberd+2", "prob": 35 },
	  { "item": "glaive+2", "prob": 35 },
          { "item": "naginata+2", "prob": 35 },
	  { "item": "pike+2", "prob": 35 },
	  { "item": "bullet_crossbow+2", "prob": 35 },
	  { "item": "hand_crossbow+2", "prob": 35 },
	  { "item": "crossbow+2", "prob": 35 },
	  { "item": "huge_crossbow+2", "prob": 35 },
	  { "item": "selfbow+2", "prob": 35 },
          { "item": "shortbow+2", "prob": 35 },
	  { "item": "compositebow+2", "prob": 35 },
          { "item": "reflexbow+2", "prob": 35 },
	  { "item": "longbow+2", "prob": 35 },
	  { "item": "woodgreatbow+2", "prob": 35 },
	  { "item": "bagh_nakha+2", "prob": 35 },
	  { "item": "cestus+2", "prob": 35 },
	  { "item": "knuckle_brass+2", "prob": 35 },
	  { "item": "punch_dagger+2", "prob": 35 }
    ]
	},
{
    "type": "item_group",
    "id": "weapons_plus3",
	"subtype": "collection",
    "entries": [
	  { "item": "knife_baselard+3", "prob": 35 },
	  { "item": "cutlass+3", "prob": 35 },
          { "item": "longsword+3", "prob": 35 },
	  { "item": "arming_sword+3", "prob": 35 },
	  { "item": "mace+3", "prob": 35 },
	  { "item": "morningstar+3", "prob": 35 },
	  { "item": "zweihander+3", "prob": 35 },
	  { "item": "lucern_hammer+3", "prob": 35 },
	  { "item": "spear_steel+3", "prob": 35 },
          { "item": "wood_sword+3", "prob": 35 },
	  { "item": "makeshift_knife+3", "prob": 35 },
          { "item": "machete+3", "prob": 35 },
	  { "item": "cavalry_sabre+3", "prob": 35 },
	  { "item": "kris+3", "prob": 35 },
	  { "item": "kukri+3", "prob": 35 },
	  { "item": "jian+3", "prob": 35 },
	  { "item": "scimitar+3", "prob": 35 },
	  { "item": "estoc+3", "prob": 35 },
          { "item": "tanto+3", "prob": 35 },
	  { "item": "wakizashi+3", "prob": 35 },
          { "item": "nodachi+3", "prob": 35 },
	  { "item": "broadsword+3", "prob": 35 },
	  { "item": "rapier+3", "prob": 35 },
	  { "item": "katana+3", "prob": 35 },
	  { "item": "butterfly_swords+3", "prob": 35 },
	  { "item": "cutlass+3", "prob": 35 },
	  { "item": "lajatang+3", "prob": 35 },
          { "item": "war_flail+3", "prob": 35 },
	  { "item": "peasant_flail+3", "prob": 35 },
          { "item": "bokken+3", "prob": 35 },
	  { "item": "battleaxe+3", "prob": 35 },
	  { "item": "cudgel+3", "prob": 35 },
	  { "item": "q_staff+3", "prob": 35 },
	  { "item": "shillelagh+3", "prob": 35 },
	  { "item": "tonfa_wood+3", "prob": 35 },
	  { "item": "qiang+3", "prob": 35 },
          { "item": "halberd+3", "prob": 35 },
	  { "item": "glaive+3", "prob": 35 },
          { "item": "naginata+3", "prob": 35 },
	  { "item": "pike+3", "prob": 35 },
	  { "item": "bullet_crossbow+3", "prob": 35 },
	  { "item": "hand_crossbow+3", "prob": 35 },
	  { "item": "crossbow+3", "prob": 35 },
	  { "item": "huge_crossbow+3", "prob": 35 },
	  { "item": "selfbow+3", "prob": 35 },
          { "item": "shortbow+3", "prob": 35 },
	  { "item": "compositebow+3", "prob": 35 },
          { "item": "reflexbow+3", "prob": 35 },
	  { "item": "longbow+3", "prob": 35 },
	  { "item": "woodgreatbow+3", "prob": 35 },
	  { "item": "bagh_nakha+3", "prob": 35 },
	  { "item": "cestus+3", "prob": 35 },
	  { "item": "knuckle_brass+3", "prob": 35 },
	  { "item": "punch_dagger+3", "prob": 35 }
    ]
	},
{
    "type": "item_group",
    "id": "weapons_plus4",
	"subtype": "collection",
    "entries": [
	  { "item": "knife_baselard+4", "prob": 35 },
	  { "item": "cutlass+4", "prob": 35 },
          { "item": "longsword+4", "prob": 35 },
	  { "item": "arming_sword+4", "prob": 35 },
	  { "item": "mace+4", "prob": 35 },
	  { "item": "morningstar+4", "prob": 35 },
	  { "item": "zweihander+4", "prob": 35 },
	  { "item": "lucern_hammer+4", "prob": 35 },
	  { "item": "spear_steel+4", "prob": 35 },
          { "item": "wood_sword+4", "prob": 35 },
	  { "item": "makeshift_knife+4", "prob": 35 },
          { "item": "machete+4", "prob": 35 },
	  { "item": "cavalry_sabre+4", "prob": 35 },
	  { "item": "kris+4", "prob": 35 },
	  { "item": "kukri+4", "prob": 35 },
	  { "item": "jian+4", "prob": 35 },
	  { "item": "scimitar+4", "prob": 35 },
	  { "item": "estoc+4", "prob": 35 },
          { "item": "tanto+4", "prob": 35 },
	  { "item": "wakizashi+4", "prob": 35 },
          { "item": "nodachi+4", "prob": 35 },
	  { "item": "broadsword+4", "prob": 35 },
	  { "item": "rapier+4", "prob": 35 },
	  { "item": "katana+4", "prob": 35 },
	  { "item": "butterfly_swords+4", "prob": 35 },
	  { "item": "cutlass+4", "prob": 35 },
	  { "item": "lajatang+4", "prob": 35 },
          { "item": "war_flail+4", "prob": 35 },
	  { "item": "peasant_flail+4", "prob": 35 },
          { "item": "bokken+4", "prob": 35 },
	  { "item": "battleaxe+4", "prob": 35 },
	  { "item": "cudgel+4", "prob": 35 },
	  { "item": "q_staff+4", "prob": 35 },
	  { "item": "shillelagh+4", "prob": 35 },
	  { "item": "tonfa_wood+4", "prob": 35 },
	  { "item": "qiang+4", "prob": 35 },
          { "item": "halberd+4", "prob": 35 },
	  { "item": "glaive+4", "prob": 35 },
          { "item": "naginata+4", "prob": 35 },
	  { "item": "pike+4", "prob": 35 },
	  { "item": "bullet_crossbow+4", "prob": 35 },
	  { "item": "hand_crossbow+4", "prob": 35 },
	  { "item": "crossbow+4", "prob": 35 },
	  { "item": "huge_crossbow+4", "prob": 35 },
	  { "item": "selfbow+4", "prob": 35 },
          { "item": "shortbow+4", "prob": 35 },
	  { "item": "compositebow+4", "prob": 35 },
          { "item": "reflexbow+4", "prob": 35 },
	  { "item": "longbow+4", "prob": 35 },
	  { "item": "woodgreatbow+4", "prob": 35 },
	  { "item": "bagh_nakha+4", "prob": 35 },
	  { "item": "cestus+4", "prob": 35 },
	  { "item": "knuckle_brass+4", "prob": 35 },
	  { "item": "punch_dagger+4", "prob": 35 }
    ]
	},
{
    "type": "item_group",
    "id": "flame_weapons_all",    
    "items": [      
      { "group": "weapons_fire_rune", "prob": 90 },
      { "group": "weapons_fire_rune_plus1", "prob": 70 },
      { "group": "weapons_fire_rune_plus2", "prob": 50 },
      { "group": "weapons_fire_rune_plus3", "prob": 30 }
    ]
  },
{
    "type": "item_group",
    "id": "weapons_fire_rune",
	"subtype": "collection",
    "entries": [
	  { "item": "knife_baselard_fire", "prob": 35 },
	  { "item": "cutlass_fire", "prob": 35 },
          { "item": "longsword_fire", "prob": 35 },
	  { "item": "arming_sword_fire", "prob": 35 },
	  { "item": "mace_fire", "prob": 35 },
	  { "item": "morningstar_fire", "prob": 35 },
	  { "item": "zweihander_fire", "prob": 35 },
	  { "item": "lucern_hammer_fire", "prob": 35 },
	  { "item": "spear_steel_fire", "prob": 35 },
          { "item": "wood_sword_fire", "prob": 35 },
	  { "item": "makeshift_knife_fire", "prob": 35 },
          { "item": "machete_fire", "prob": 35 },
	  { "item": "cavalry_sabre_fire", "prob": 35 },
	  { "item": "kris_fire", "prob": 35 },
	  { "item": "kukri_fire", "prob": 35 },
	  { "item": "jian_fire", "prob": 35 },
	  { "item": "scimitar_fire", "prob": 35 },
	  { "item": "estoc_fire", "prob": 35 },
          { "item": "tanto_fire", "prob": 35 },
	  { "item": "wakizashi_fire", "prob": 35 },
          { "item": "nodachi_fire", "prob": 35 },
	  { "item": "broadsword_fire", "prob": 35 },
	  { "item": "rapier_fire", "prob": 35 },
	  { "item": "katana_fire", "prob": 35 },
	  { "item": "butterfly_swords_fire", "prob": 35 },
	  { "item": "cutlass_fire", "prob": 35 },
	  { "item": "lajatang_fire", "prob": 35 },
          { "item": "war_flail_fire", "prob": 35 },
	  { "item": "peasant_flail_fire", "prob": 35 },
          { "item": "bokken_fire", "prob": 35 },
	  { "item": "battleaxe_fire", "prob": 35 },
	  { "item": "cudgel_fire", "prob": 35 },
	  { "item": "q_staff_fire", "prob": 35 },
	  { "item": "shillelagh_fire", "prob": 35 },
	  { "item": "tonfa_wood_fire", "prob": 35 },
	  { "item": "qiang_fire", "prob": 35 },
          { "item": "halberd_fire", "prob": 35 },
	  { "item": "glaive_fire", "prob": 35 },
          { "item": "naginata_fire", "prob": 35 },
	  { "item": "pike_fire", "prob": 35 },
	  { "item": "bagh_nakha_fire", "prob": 35 },
	  { "item": "cestus_fire", "prob": 35 },
	  { "item": "knuckle_brass_fire", "prob": 35 },
	  { "item": "punch_dagger_fire", "prob": 35 }
    ]
	},
{
    "type": "item_group",
    "id": "weapons_fire_rune_plus1",
	"subtype": "collection",
    "entries": [
	  { "item": "knife_baselard_fire+1", "prob": 35 },
	  { "item": "cutlass_fire+1", "prob": 35 },
          { "item": "longsword_fire+1", "prob": 35 },
	  { "item": "arming_sword_fire+1", "prob": 35 },
	  { "item": "mace_fire+1", "prob": 35 },
	  { "item": "morningstar_fire+1", "prob": 35 },
	  { "item": "zweihander_fire+1", "prob": 35 },
	  { "item": "lucern_hammer_fire+1", "prob": 35 },
	  { "item": "spear_steel_fire+1", "prob": 35 },
          { "item": "wood_sword_fire+1", "prob": 35 },
	  { "item": "makeshift_knife_fire+1", "prob": 35 },
          { "item": "machete_fire+1", "prob": 35 },
	  { "item": "cavalry_sabre_fire+1", "prob": 35 },
	  { "item": "kris_fire+1", "prob": 35 },
	  { "item": "kukri_fire+1", "prob": 35 },
	  { "item": "jian_fire+1", "prob": 35 },
	  { "item": "scimitar_fire+1", "prob": 35 },
	  { "item": "estoc_fire+1", "prob": 35 },
          { "item": "tanto_fire+1", "prob": 35 },
	  { "item": "wakizashi_fire+1", "prob": 35 },
          { "item": "nodachi_fire+1", "prob": 35 },
	  { "item": "broadsword_fire+1", "prob": 35 },
	  { "item": "rapier_fire+1", "prob": 35 },
	  { "item": "katana_fire+1", "prob": 35 },
	  { "item": "butterfly_swords_fire+1", "prob": 35 },
	  { "item": "cutlass_fire+1", "prob": 35 },
	  { "item": "lajatang_fire+1", "prob": 35 },
          { "item": "war_flail_fire+1", "prob": 35 },
	  { "item": "peasant_flail_fire+1", "prob": 35 },
          { "item": "bokken_fire+1", "prob": 35 },
	  { "item": "battleaxe_fire+1", "prob": 35 },
	  { "item": "cudgel_fire+1", "prob": 35 },
	  { "item": "q_staff_fire+1", "prob": 35 },
	  { "item": "shillelagh_fire+1", "prob": 35 },
	  { "item": "tonfa_wood_fire+1", "prob": 35 },
	  { "item": "qiang_fire+1", "prob": 35 },
          { "item": "halberd_fire+1", "prob": 35 },
	  { "item": "glaive_fire+1", "prob": 35 },
          { "item": "naginata_fire+1", "prob": 35 },
	  { "item": "pike_fire+1", "prob": 35 },
	  { "item": "bagh_nakha_fire+1", "prob": 35 },
	  { "item": "cestus_fire+1", "prob": 35 },
	  { "item": "knuckle_brass_fire+1", "prob": 35 },
	  { "item": "punch_dagger_fire+1", "prob": 35 }
    ]
	},
{
    "type": "item_group",
    "id": "weapons_fire_rune_plus2",
	"subtype": "collection",
    "entries": [
	  { "item": "knife_baselard_fire+2", "prob": 35 },
	  { "item": "cutlass_fire+2", "prob": 35 },
          { "item": "longsword_fire+2", "prob": 35 },
	  { "item": "arming_sword_fire+2", "prob": 35 },
	  { "item": "mace_fire+2", "prob": 35 },
	  { "item": "morningstar_fire+2", "prob": 35 },
	  { "item": "zweihander_fire+2", "prob": 35 },
	  { "item": "lucern_hammer_fire+2", "prob": 35 },
	  { "item": "spear_steel_fire+2", "prob": 35 },
          { "item": "wood_sword_fire+2", "prob": 35 },
	  { "item": "makeshift_knife_fire+2", "prob": 35 },
          { "item": "machete_fire+2", "prob": 35 },
	  { "item": "cavalry_sabre_fire+2", "prob": 35 },
	  { "item": "kris_fire+2", "prob": 35 },
	  { "item": "kukri_fire+2", "prob": 35 },
	  { "item": "jian_fire+2", "prob": 35 },
	  { "item": "scimitar_fire+2", "prob": 35 },
	  { "item": "estoc_fire+2", "prob": 35 },
          { "item": "tanto_fire+2", "prob": 35 },
	  { "item": "wakizashi_fire+2", "prob": 35 },
          { "item": "nodachi_fire+2", "prob": 35 },
	  { "item": "broadsword_fire+2", "prob": 35 },
	  { "item": "rapier_fire+2", "prob": 35 },
	  { "item": "katana_fire+2", "prob": 35 },
	  { "item": "butterfly_swords_fire+2", "prob": 35 },
	  { "item": "cutlass_fire+2", "prob": 35 },
	  { "item": "lajatang_fire+2", "prob": 35 },
          { "item": "war_flail_fire+2", "prob": 35 },
	  { "item": "peasant_flail_fire+2", "prob": 35 },
          { "item": "bokken_fire+2", "prob": 35 },
	  { "item": "battleaxe_fire+2", "prob": 35 },
	  { "item": "cudgel_fire+2", "prob": 35 },
	  { "item": "q_staff_fire+2", "prob": 35 },
	  { "item": "shillelagh_fire+2", "prob": 35 },
	  { "item": "tonfa_wood_fire+2", "prob": 35 },
	  { "item": "qiang_fire+2", "prob": 35 },
          { "item": "halberd_fire+2", "prob": 35 },
	  { "item": "glaive_fire+2", "prob": 35 },
          { "item": "naginata_fire+2", "prob": 35 },
	  { "item": "pike_fire+2", "prob": 35 },
	  { "item": "bagh_nakha_fire+2", "prob": 35 },
	  { "item": "cestus_fire+2", "prob": 35 },
	  { "item": "knuckle_brass_fire+2", "prob": 35 },
	  { "item": "punch_dagger_fire+2", "prob": 35 }
    ]
	},
{
    "type": "item_group",
    "id": "weapons_fire_rune_plus3",
	"subtype": "collection",
    "entries": [
	  { "item": "knife_baselard_fire+3", "prob": 35 },
	  { "item": "cutlass_fire+3", "prob": 35 },
          { "item": "longsword_fire+3", "prob": 35 },
	  { "item": "arming_sword_fire+3", "prob": 35 },
	  { "item": "mace_fire+3", "prob": 35 },
	  { "item": "morningstar_fire+3", "prob": 35 },
	  { "item": "zweihander_fire+3", "prob": 35 },
	  { "item": "lucern_hammer_fire+3", "prob": 35 },
	  { "item": "spear_steel_fire+3", "prob": 35 },
          { "item": "wood_sword_fire+3", "prob": 35 },
	  { "item": "makeshift_knife_fire+3", "prob": 35 },
          { "item": "machete_fire+3", "prob": 35 },
	  { "item": "cavalry_sabre_fire+3", "prob": 35 },
	  { "item": "kris_fire+3", "prob": 35 },
	  { "item": "kukri_fire+3", "prob": 35 },
	  { "item": "jian_fire+3", "prob": 35 },
	  { "item": "scimitar_fire+3", "prob": 35 },
	  { "item": "estoc_fire+3", "prob": 35 },
          { "item": "tanto_fire+3", "prob": 35 },
	  { "item": "wakizashi_fire+3", "prob": 35 },
          { "item": "nodachi_fire+3", "prob": 35 },
	  { "item": "broadsword_fire+3", "prob": 35 },
	  { "item": "rapier_fire+3", "prob": 35 },
	  { "item": "katana_fire+3", "prob": 35 },
	  { "item": "butterfly_swords_fire+3", "prob": 35 },
	  { "item": "cutlass_fire+3", "prob": 35 },
	  { "item": "lajatang_fire+3", "prob": 35 },
          { "item": "war_flail_fire+3", "prob": 35 },
	  { "item": "peasant_flail_fire+3", "prob": 35 },
          { "item": "bokken_fire+3", "prob": 35 },
	  { "item": "battleaxe_fire+3", "prob": 35 },
	  { "item": "cudgel_fire+3", "prob": 35 },
	  { "item": "q_staff_fire+3", "prob": 35 },
	  { "item": "shillelagh_fire+3", "prob": 35 },
	  { "item": "tonfa_wood_fire+3", "prob": 35 },
	  { "item": "qiang_fire+3", "prob": 35 },
          { "item": "halberd_fire+3", "prob": 35 },
	  { "item": "glaive_fire+3", "prob": 35 },
          { "item": "naginata_fire+3", "prob": 35 },
	  { "item": "pike_fire+3", "prob": 35 },
	  { "item": "bagh_nakha_fire+3", "prob": 35 },
	  { "item": "cestus_fire+3", "prob": 35 },
	  { "item": "knuckle_brass_fire+3", "prob": 35 },
	  { "item": "punch_dagger_fire+3", "prob": 35 }
    ]
	},
{
    "type": "item_group",
    "id": "weapons_fire_rune_plus4",
	"subtype": "collection",
    "entries": [
	  { "item": "knife_baselard_fire+4", "prob": 35 },
	  { "item": "cutlass_fire+4", "prob": 35 },
          { "item": "longsword_fire+4", "prob": 35 },
	  { "item": "arming_sword_fire+4", "prob": 35 },
	  { "item": "mace_fire+4", "prob": 35 },
	  { "item": "morningstar_fire+4", "prob": 35 },
	  { "item": "zweihander_fire+4", "prob": 35 },
	  { "item": "lucern_hammer_fire+4", "prob": 35 },
	  { "item": "spear_steel_fire+4", "prob": 35 },
          { "item": "wood_sword_fire+4", "prob": 35 },
	  { "item": "makeshift_knife_fire+4", "prob": 35 },
          { "item": "machete_fire+4", "prob": 35 },
	  { "item": "cavalry_sabre_fire+4", "prob": 35 },
	  { "item": "kris_fire+4", "prob": 35 },
	  { "item": "kukri_fire+4", "prob": 35 },
	  { "item": "jian_fire+4", "prob": 35 },
	  { "item": "scimitar_fire+4", "prob": 35 },
	  { "item": "estoc_fire+4", "prob": 35 },
          { "item": "tanto_fire+4", "prob": 35 },
	  { "item": "wakizashi_fire+4", "prob": 35 },
          { "item": "nodachi_fire+4", "prob": 35 },
	  { "item": "broadsword_fire+4", "prob": 35 },
	  { "item": "rapier_fire+4", "prob": 35 },
	  { "item": "katana_fire+4", "prob": 35 },
	  { "item": "butterfly_swords_fire+4", "prob": 35 },
	  { "item": "cutlass_fire+4", "prob": 35 },
	  { "item": "lajatang_fire+4", "prob": 35 },
          { "item": "war_flail_fire+4", "prob": 35 },
	  { "item": "peasant_flail_fire+4", "prob": 35 },
          { "item": "bokken_fire+4", "prob": 35 },
	  { "item": "battleaxe_fire+4", "prob": 35 },
	  { "item": "cudgel_fire+4", "prob": 35 },
	  { "item": "q_staff_fire+4", "prob": 35 },
	  { "item": "shillelagh_fire+4", "prob": 35 },
	  { "item": "tonfa_wood_fire+4", "prob": 35 },
	  { "item": "qiang_fire+4", "prob": 35 },
          { "item": "halberd_fire+4", "prob": 35 },
	  { "item": "glaive_fire+4", "prob": 35 },
          { "item": "naginata_fire+4", "prob": 35 },
	  { "item": "pike_fire+4", "prob": 35 },
	  { "item": "bagh_nakha_fire+4", "prob": 35 },
	  { "item": "cestus_fire+4", "prob": 35 },
	  { "item": "knuckle_brass_fire+4", "prob": 35 },
	  { "item": "punch_dagger_fire+4", "prob": 35 }
    ]
	},
{
    "type": "item_group",
    "id": "frost_weapons_all",    
    "items": [      
      { "group": "weapons_frost_rune", "prob": 90 },
      { "group": "weapons_frost_rune_plus1", "prob": 70 },
      { "group": "weapons_frost_rune_plus2", "prob": 50 },
      { "group": "weapons_frost_rune_plus3", "prob": 30 },
      { "group": "weapons_frost_rune_plus4", "prob": 10 }
    ]
  },
{
    "type": "item_group",
    "id": "weapons_frost_rune",
	"subtype": "collection",
    "entries": [
	  { "item": "knife_baselard_ice", "prob": 35 },
	  { "item": "cutlass_ice", "prob": 35 },
          { "item": "longsword_ice", "prob": 35 },
	  { "item": "arming_sword_ice", "prob": 35 },
	  { "item": "mace_ice", "prob": 35 },
	  { "item": "morningstar_ice", "prob": 35 },
	  { "item": "zweihander_ice", "prob": 35 },
	  { "item": "lucern_hammer_ice", "prob": 35 },
	  { "item": "spear_steel_ice", "prob": 35 },
          { "item": "wood_sword_ice", "prob": 35 },
	  { "item": "makeshift_knife_ice", "prob": 35 },
          { "item": "machete_ice", "prob": 35 },
	  { "item": "cavalry_sabre_ice", "prob": 35 },
	  { "item": "kris_ice", "prob": 35 },
	  { "item": "kukri_ice", "prob": 35 },
	  { "item": "jian_ice", "prob": 35 },
	  { "item": "scimitar_ice", "prob": 35 },
	  { "item": "estoc_ice", "prob": 35 },
          { "item": "tanto_ice", "prob": 35 },
	  { "item": "wakizashi_ice", "prob": 35 },
          { "item": "nodachi_ice", "prob": 35 },
	  { "item": "broadsword_ice", "prob": 35 },
	  { "item": "rapier_ice", "prob": 35 },
	  { "item": "katana_ice", "prob": 35 },
	  { "item": "butterfly_swords_ice", "prob": 35 },
	  { "item": "cutlass_ice", "prob": 35 },
	  { "item": "lajatang_ice", "prob": 35 },
          { "item": "war_flail_ice", "prob": 35 },
	  { "item": "peasant_flail_ice", "prob": 35 },
          { "item": "bokken_ice", "prob": 35 },
	  { "item": "battleaxe_ice", "prob": 35 },
	  { "item": "cudgel_ice", "prob": 35 },
	  { "item": "q_staff_ice", "prob": 35 },
	  { "item": "shillelagh_ice", "prob": 35 },
	  { "item": "tonfa_wood_ice", "prob": 35 },
	  { "item": "qiang_ice", "prob": 35 },
          { "item": "halberd_ice", "prob": 35 },
	  { "item": "glaive_ice", "prob": 35 },
          { "item": "naginata_ice", "prob": 35 },
	  { "item": "pike_ice", "prob": 35 },
	  { "item": "bagh_nakha_ice", "prob": 35 },
	  { "item": "cestus_ice", "prob": 35 },
	  { "item": "knuckle_brass_ice", "prob": 35 },
	  { "item": "punch_dagger_ice", "prob": 35 }
    ]
	},
{
    "type": "item_group",
    "id": "weapons_frost_rune_plus1",
	"subtype": "collection",
    "entries": [
	  { "item": "knife_baselard_ice+1", "prob": 35 },
	  { "item": "cutlass_ice+1", "prob": 35 },
          { "item": "longsword_ice+1", "prob": 35 },
	  { "item": "arming_sword_ice+1", "prob": 35 },
	  { "item": "mace_ice+1", "prob": 35 },
	  { "item": "morningstar_ice+1", "prob": 35 },
	  { "item": "zweihander_ice+1", "prob": 35 },
	  { "item": "lucern_hammer_ice+1", "prob": 35 },
	  { "item": "spear_steel_ice+1", "prob": 35 },
          { "item": "wood_sword_ice+1", "prob": 35 },
	  { "item": "makeshift_knife_ice+1", "prob": 35 },
          { "item": "machete_ice+1", "prob": 35 },
	  { "item": "cavalry_sabre_ice+1", "prob": 35 },
	  { "item": "kris_ice+1", "prob": 35 },
	  { "item": "kukri_ice+1", "prob": 35 },
	  { "item": "jian_ice+1", "prob": 35 },
	  { "item": "scimitar_ice+1", "prob": 35 },
	  { "item": "estoc_ice+1", "prob": 35 },
          { "item": "tanto_ice+1", "prob": 35 },
	  { "item": "wakizashi_ice+1", "prob": 35 },
          { "item": "nodachi_ice+1", "prob": 35 },
	  { "item": "broadsword_ice+1", "prob": 35 },
	  { "item": "rapier_ice+1", "prob": 35 },
	  { "item": "katana_ice+1", "prob": 35 },
	  { "item": "butterfly_swords_ice+1", "prob": 35 },
	  { "item": "cutlass_ice+1", "prob": 35 },
	  { "item": "lajatang_ice+1", "prob": 35 },
          { "item": "war_flail_ice+1", "prob": 35 },
	  { "item": "peasant_flail_ice+1", "prob": 35 },
          { "item": "bokken_ice+1", "prob": 35 },
	  { "item": "battleaxe_ice+1", "prob": 35 },
	  { "item": "cudgel_ice+1", "prob": 35 },
	  { "item": "q_staff_ice+1", "prob": 35 },
	  { "item": "shillelagh_ice+1", "prob": 35 },
	  { "item": "tonfa_wood_ice+1", "prob": 35 },
	  { "item": "qiang_ice+1", "prob": 35 },
          { "item": "halberd_ice+1", "prob": 35 },
	  { "item": "glaive_ice+1", "prob": 35 },
          { "item": "naginata_ice+1", "prob": 35 },
	  { "item": "pike_ice+1", "prob": 35 },
	  { "item": "bagh_nakha_ice+1", "prob": 35 },
	  { "item": "cestus_ice+1", "prob": 35 },
	  { "item": "knuckle_brass_ice+1", "prob": 35 },
	  { "item": "punch_dagger_ice+1", "prob": 35 }
    ]
	},
{
    "type": "item_group",
    "id": "weapons_frost_rune_plus2",
	"subtype": "collection",
    "entries": [
	  { "item": "knife_baselard_ice+2", "prob": 35 },
	  { "item": "cutlass_ice+2", "prob": 35 },
          { "item": "longsword_ice+2", "prob": 35 },
	  { "item": "arming_sword_ice+2", "prob": 35 },
	  { "item": "mace_ice+2", "prob": 35 },
	  { "item": "morningstar_ice+2", "prob": 35 },
	  { "item": "zweihander_ice+2", "prob": 35 },
	  { "item": "lucern_hammer_ice+2", "prob": 35 },
	  { "item": "spear_steel_ice+2", "prob": 35 },
          { "item": "wood_sword_ice+2", "prob": 35 },
	  { "item": "makeshift_knife_ice+2", "prob": 35 },
          { "item": "machete_ice+2", "prob": 35 },
	  { "item": "cavalry_sabre_ice+2", "prob": 35 },
	  { "item": "kris_ice+2", "prob": 35 },
	  { "item": "kukri_ice+2", "prob": 35 },
	  { "item": "jian_ice+2", "prob": 35 },
	  { "item": "scimitar_ice+2", "prob": 35 },
	  { "item": "estoc_ice+2", "prob": 35 },
          { "item": "tanto_ice+2", "prob": 35 },
	  { "item": "wakizashi_ice+2", "prob": 35 },
          { "item": "nodachi_ice+2", "prob": 35 },
	  { "item": "broadsword_ice+2", "prob": 35 },
	  { "item": "rapier_ice+2", "prob": 35 },
	  { "item": "katana_ice+2", "prob": 35 },
	  { "item": "butterfly_swords_ice+2", "prob": 35 },
	  { "item": "cutlass_ice+2", "prob": 35 },
	  { "item": "lajatang_ice+2", "prob": 35 },
          { "item": "war_flail_ice+2", "prob": 35 },
	  { "item": "peasant_flail_ice+2", "prob": 35 },
          { "item": "bokken_ice+2", "prob": 35 },
	  { "item": "battleaxe_ice+2", "prob": 35 },
	  { "item": "cudgel_ice+2", "prob": 35 },
	  { "item": "q_staff_ice+2", "prob": 35 },
	  { "item": "shillelagh_ice+2", "prob": 35 },
	  { "item": "tonfa_wood_ice+2", "prob": 35 },
	  { "item": "qiang_ice+2", "prob": 35 },
          { "item": "halberd_ice+2", "prob": 35 },
	  { "item": "glaive_ice+2", "prob": 35 },
          { "item": "naginata_ice+2", "prob": 35 },
	  { "item": "pike_ice+2", "prob": 35 },
	  { "item": "bagh_nakha_ice+2", "prob": 35 },
	  { "item": "cestus_ice+2", "prob": 35 },
	  { "item": "knuckle_brass_ice+2", "prob": 35 },
	  { "item": "punch_dagger_ice+2", "prob": 35 }
    ]
	},
{
    "type": "item_group",
    "id": "weapons_frost_rune_plus3",
	"subtype": "collection",
    "entries": [
	  { "item": "knife_baselard_ice+3", "prob": 35 },
	  { "item": "cutlass_ice+3", "prob": 35 },
          { "item": "longsword_ice+3", "prob": 35 },
	  { "item": "arming_sword_ice+3", "prob": 35 },
	  { "item": "mace_ice+3", "prob": 35 },
	  { "item": "morningstar_ice+3", "prob": 35 },
	  { "item": "zweihander_ice+3", "prob": 35 },
	  { "item": "lucern_hammer_ice+3", "prob": 35 },
	  { "item": "spear_steel_ice+3", "prob": 35 },
          { "item": "wood_sword_ice+3", "prob": 35 },
	  { "item": "makeshift_knife_ice+3", "prob": 35 },
          { "item": "machete_ice+3", "prob": 35 },
	  { "item": "cavalry_sabre_ice+3", "prob": 35 },
	  { "item": "kris_ice+3", "prob": 35 },
	  { "item": "kukri_ice+3", "prob": 35 },
	  { "item": "jian_ice+3", "prob": 35 },
	  { "item": "scimitar_ice+3", "prob": 35 },
	  { "item": "estoc_ice+3", "prob": 35 },
          { "item": "tanto_ice+3", "prob": 35 },
	  { "item": "wakizashi_ice+3", "prob": 35 },
          { "item": "nodachi_ice+3", "prob": 35 },
	  { "item": "broadsword_ice+3", "prob": 35 },
	  { "item": "rapier_ice+3", "prob": 35 },
	  { "item": "katana_ice+3", "prob": 35 },
	  { "item": "butterfly_swords_ice+3", "prob": 35 },
	  { "item": "cutlass_ice+3", "prob": 35 },
	  { "item": "lajatang_ice+3", "prob": 35 },
          { "item": "war_flail_ice+3", "prob": 35 },
	  { "item": "peasant_flail_ice+3", "prob": 35 },
          { "item": "bokken_ice+3", "prob": 35 },
	  { "item": "battleaxe_ice+3", "prob": 35 },
	  { "item": "cudgel_ice+3", "prob": 35 },
	  { "item": "q_staff_ice+3", "prob": 35 },
	  { "item": "shillelagh_ice+3", "prob": 35 },
	  { "item": "tonfa_wood_ice+3", "prob": 35 },
	  { "item": "qiang_ice+3", "prob": 35 },
          { "item": "halberd_ice+3", "prob": 35 },
	  { "item": "glaive_ice+3", "prob": 35 },
          { "item": "naginata_ice+3", "prob": 35 },
	  { "item": "pike_ice+3", "prob": 35 },
	  { "item": "bagh_nakha_ice+3", "prob": 35 },
	  { "item": "cestus_ice+3", "prob": 35 },
	  { "item": "knuckle_brass_ice+3", "prob": 35 },
	  { "item": "punch_dagger_ice+3", "prob": 35 }
    ]
	},
{
    "type": "item_group",
    "id": "weapons_frost_rune_plus4",
	"subtype": "collection",
    "entries": [
	  { "item": "knife_baselard_ice+4", "prob": 35 },
	  { "item": "cutlass_ice+4", "prob": 35 },
          { "item": "longsword_ice+4", "prob": 35 },
	  { "item": "arming_sword_ice+4", "prob": 35 },
	  { "item": "mace_ice+4", "prob": 35 },
	  { "item": "morningstar_ice+4", "prob": 35 },
	  { "item": "zweihander_ice+4", "prob": 35 },
	  { "item": "lucern_hammer_ice+4", "prob": 35 },
	  { "item": "spear_steel_ice+4", "prob": 35 },
          { "item": "wood_sword_ice+4", "prob": 35 },
	  { "item": "makeshift_knife_ice+4", "prob": 35 },
          { "item": "machete_ice+4", "prob": 35 },
	  { "item": "cavalry_sabre_ice+4", "prob": 35 },
	  { "item": "kris_ice+4", "prob": 35 },
	  { "item": "kukri_ice+4", "prob": 35 },
	  { "item": "jian_ice+4", "prob": 35 },
	  { "item": "scimitar_ice+4", "prob": 35 },
	  { "item": "estoc_ice+4", "prob": 35 },
          { "item": "tanto_ice+4", "prob": 35 },
	  { "item": "wakizashi_ice+4", "prob": 35 },
          { "item": "nodachi_ice+4", "prob": 35 },
	  { "item": "broadsword_ice+4", "prob": 35 },
	  { "item": "rapier_ice+4", "prob": 35 },
	  { "item": "katana_ice+4", "prob": 35 },
	  { "item": "butterfly_swords_ice+4", "prob": 35 },
	  { "item": "cutlass_ice+4", "prob": 35 },
	  { "item": "lajatang_ice+4", "prob": 35 },
          { "item": "war_flail_ice+4", "prob": 35 },
	  { "item": "peasant_flail_ice+4", "prob": 35 },
          { "item": "bokken_ice+4", "prob": 35 },
	  { "item": "battleaxe_ice+4", "prob": 35 },
	  { "item": "cudgel_ice+4", "prob": 35 },
	  { "item": "q_staff_ice+4", "prob": 35 },
	  { "item": "shillelagh_ice+4", "prob": 35 },
	  { "item": "tonfa_wood_ice+4", "prob": 35 },
	  { "item": "qiang_ice+4", "prob": 35 },
          { "item": "halberd_ice+4", "prob": 35 },
	  { "item": "glaive_ice+4", "prob": 35 },
          { "item": "naginata_ice+4", "prob": 35 },
	  { "item": "pike_ice+4", "prob": 35 },
	  { "item": "bagh_nakha_ice+4", "prob": 35 },
	  { "item": "cestus_ice+4", "prob": 35 },
	  { "item": "knuckle_brass_ice+4", "prob": 35 },
	  { "item": "punch_dagger_ice+4", "prob": 35 }
    ]
	},
{
    "type": "item_group",
    "id": "electric_weapons_all",    
    "items": [      
      { "group": "weapons_electric_rune", "prob": 90 },
      { "group": "weapons_electric_rune_plus1", "prob": 70 },
      { "group": "weapons_electric_rune_plus2", "prob": 50 },
      { "group": "weapons_electric_rune_plus3", "prob": 30 },
      { "group": "weapons_electric_rune_plus4", "prob": 10 }
    ]
  },
{
    "type": "item_group",
    "id": "weapons_electric_rune",
	"subtype": "collection",
    "entries": [
	  { "item": "knife_baselard_electric", "prob": 35 },
	  { "item": "cutlass_electric", "prob": 35 },
          { "item": "longsword_electric", "prob": 35 },
	  { "item": "arming_sword_electric", "prob": 35 },
	  { "item": "mace_electric", "prob": 35 },
	  { "item": "morningstar_electric", "prob": 35 },
	  { "item": "zweihander_electric", "prob": 35 },
	  { "item": "lucern_hammer_electric", "prob": 35 },
	  { "item": "spear_steel_electric", "prob": 35 },
          { "item": "wood_sword_electric", "prob": 35 },
	  { "item": "makeshift_knife_electric", "prob": 35 },
          { "item": "machete_electric", "prob": 35 },
	  { "item": "cavalry_sabre_electric", "prob": 35 },
	  { "item": "kris_electric", "prob": 35 },
	  { "item": "kukri_electric", "prob": 35 },
	  { "item": "jian_electric", "prob": 35 },
	  { "item": "scimitar_electric", "prob": 35 },
	  { "item": "estoc_electric", "prob": 35 },
          { "item": "tanto_electric", "prob": 35 },
	  { "item": "wakizashi_electric", "prob": 35 },
          { "item": "nodachi_electric", "prob": 35 },
	  { "item": "broadsword_electric", "prob": 35 },
	  { "item": "rapier_electric", "prob": 35 },
	  { "item": "katana_electric", "prob": 35 },
	  { "item": "butterfly_swords_electric", "prob": 35 },
	  { "item": "cutlass_electric", "prob": 35 },
	  { "item": "lajatang_electric", "prob": 35 },
          { "item": "war_flail_electric", "prob": 35 },
	  { "item": "peasant_flail_electric", "prob": 35 },
          { "item": "bokken_electric", "prob": 35 },
	  { "item": "battleaxe_electric", "prob": 35 },
	  { "item": "cudgel_electric", "prob": 35 },
	  { "item": "q_staff_electric", "prob": 35 },
	  { "item": "shillelagh_electric", "prob": 35 },
	  { "item": "tonfa_wood_electric", "prob": 35 },
	  { "item": "qiang_electric", "prob": 35 },
          { "item": "halberd_electric", "prob": 35 },
	  { "item": "glaive_electric", "prob": 35 },
          { "item": "naginata_electric", "prob": 35 },
	  { "item": "pike_electric", "prob": 35 },
	  { "item": "bagh_nakha_electric", "prob": 35 },
	  { "item": "cestus_electric", "prob": 35 },
	  { "item": "knuckle_brass_electric", "prob": 35 },
	  { "item": "punch_dagger_electric", "prob": 35 }
    ]
	},
{
    "type": "item_group",
    "id": "weapons_electric_rune_plus1",
	"subtype": "collection",
    "entries": [
	  { "item": "knife_baselard_electric+1", "prob": 35 },
	  { "item": "cutlass_electric+1", "prob": 35 },
          { "item": "longsword_electric+1", "prob": 35 },
	  { "item": "arming_sword_electric+1", "prob": 35 },
	  { "item": "mace_electric+1", "prob": 35 },
	  { "item": "morningstar_electric+1", "prob": 35 },
	  { "item": "zweihander_electric+1", "prob": 35 },
	  { "item": "lucern_hammer_electric+1", "prob": 35 },
	  { "item": "spear_steel_electric+1", "prob": 35 },
          { "item": "wood_sword_electric+1", "prob": 35 },
	  { "item": "makeshift_knife_electric+1", "prob": 35 },
          { "item": "machete_electric+1", "prob": 35 },
	  { "item": "cavalry_sabre_electric+1", "prob": 35 },
	  { "item": "kris_electric+1", "prob": 35 },
	  { "item": "kukri_electric+1", "prob": 35 },
	  { "item": "jian_electric+1", "prob": 35 },
	  { "item": "scimitar_electric+1", "prob": 35 },
	  { "item": "estoc_electric+1", "prob": 35 },
          { "item": "tanto_electric+1", "prob": 35 },
	  { "item": "wakizashi_electric+1", "prob": 35 },
          { "item": "nodachi_electric+1", "prob": 35 },
	  { "item": "broadsword_electric+1", "prob": 35 },
	  { "item": "rapier_electric+1", "prob": 35 },
	  { "item": "katana_electric+1", "prob": 35 },
	  { "item": "butterfly_swords_electric+1", "prob": 35 },
	  { "item": "cutlass_electric+1", "prob": 35 },
	  { "item": "lajatang_electric+1", "prob": 35 },
          { "item": "war_flail_electric+1", "prob": 35 },
	  { "item": "peasant_flail_electric+1", "prob": 35 },
          { "item": "bokken_electric+1", "prob": 35 },
	  { "item": "battleaxe_electric+1", "prob": 35 },
	  { "item": "cudgel_electric+1", "prob": 35 },
	  { "item": "q_staff_electric+1", "prob": 35 },
	  { "item": "shillelagh_electric+1", "prob": 35 },
	  { "item": "tonfa_wood_electric+1", "prob": 35 },
	  { "item": "qiang_electric+1", "prob": 35 },
          { "item": "halberd_electric+1", "prob": 35 },
	  { "item": "glaive_electric+1", "prob": 35 },
          { "item": "naginata_electric+1", "prob": 35 },
	  { "item": "pike_electric+1", "prob": 35 },
	  { "item": "bagh_nakha_electric+1", "prob": 35 },
	  { "item": "cestus_electric+1", "prob": 35 },
	  { "item": "knuckle_brass_electric+1", "prob": 35 },
	  { "item": "punch_dagger_electric+1", "prob": 35 }
    ]
	},
{
    "type": "item_group",
    "id": "weapons_electric_rune_plus2",
	"subtype": "collection",
    "entries": [
	  { "item": "knife_baselard_electric+2", "prob": 35 },
	  { "item": "cutlass_electric+2", "prob": 35 },
          { "item": "longsword_electric+2", "prob": 35 },
	  { "item": "arming_sword_electric+2", "prob": 35 },
	  { "item": "mace_electric+2", "prob": 35 },
	  { "item": "morningstar_electric+2", "prob": 35 },
	  { "item": "zweihander_electric+2", "prob": 35 },
	  { "item": "lucern_hammer_electric+2", "prob": 35 },
	  { "item": "spear_steel_electric+2", "prob": 35 },
          { "item": "wood_sword_electric+2", "prob": 35 },
	  { "item": "makeshift_knife_electric+2", "prob": 35 },
          { "item": "machete_electric+2", "prob": 35 },
	  { "item": "cavalry_sabre_electric+2", "prob": 35 },
	  { "item": "kris_electric+2", "prob": 35 },
	  { "item": "kukri_electric+2", "prob": 35 },
	  { "item": "jian_electric+2", "prob": 35 },
	  { "item": "scimitar_electric+2", "prob": 35 },
	  { "item": "estoc_electric+2", "prob": 35 },
          { "item": "tanto_electric+2", "prob": 35 },
	  { "item": "wakizashi_electric+2", "prob": 35 },
          { "item": "nodachi_electric+2", "prob": 35 },
	  { "item": "broadsword_electric+2", "prob": 35 },
	  { "item": "rapier_electric+2", "prob": 35 },
	  { "item": "katana_electric+2", "prob": 35 },
	  { "item": "butterfly_swords_electric+2", "prob": 35 },
	  { "item": "cutlass_electric+2", "prob": 35 },
	  { "item": "lajatang_electric+2", "prob": 35 },
          { "item": "war_flail_electric+2", "prob": 35 },
	  { "item": "peasant_flail_electric+2", "prob": 35 },
          { "item": "bokken_electric+2", "prob": 35 },
	  { "item": "battleaxe_electric+2", "prob": 35 },
	  { "item": "cudgel_electric+2", "prob": 35 },
	  { "item": "q_staff_electric+2", "prob": 35 },
	  { "item": "shillelagh_electric+2", "prob": 35 },
	  { "item": "tonfa_wood_electric+2", "prob": 35 },
	  { "item": "qiang_electric+2", "prob": 35 },
          { "item": "halberd_electric+2", "prob": 35 },
	  { "item": "glaive_electric+2", "prob": 35 },
          { "item": "naginata_electric+2", "prob": 35 },
	  { "item": "pike_electric+2", "prob": 35 },
	  { "item": "bagh_nakha_electric+2", "prob": 35 },
	  { "item": "cestus_electric+2", "prob": 35 },
	  { "item": "knuckle_brass_electric+2", "prob": 35 },
	  { "item": "punch_dagger_electric+2", "prob": 35 }
    ]
	},
{
    "type": "item_group",
    "id": "weapons_electric_rune_plus3",
	"subtype": "collection",
    "entries": [
	  { "item": "knife_baselard_electric+3", "prob": 35 },
	  { "item": "cutlass_electric+3", "prob": 35 },
          { "item": "longsword_electric+3", "prob": 35 },
	  { "item": "arming_sword_electric+3", "prob": 35 },
	  { "item": "mace_electric+3", "prob": 35 },
	  { "item": "morningstar_electric+3", "prob": 35 },
	  { "item": "zweihander_electric+3", "prob": 35 },
	  { "item": "lucern_hammer_electric+3", "prob": 35 },
	  { "item": "spear_steel_electric+3", "prob": 35 },
          { "item": "wood_sword_electric+3", "prob": 35 },
	  { "item": "makeshift_knife_electric+3", "prob": 35 },
          { "item": "machete_electric+3", "prob": 35 },
	  { "item": "cavalry_sabre_electric+3", "prob": 35 },
	  { "item": "kris_electric+3", "prob": 35 },
	  { "item": "kukri_electric+3", "prob": 35 },
	  { "item": "jian_electric+3", "prob": 35 },
	  { "item": "scimitar_electric+3", "prob": 35 },
	  { "item": "estoc_electric+3", "prob": 35 },
          { "item": "tanto_electric+3", "prob": 35 },
	  { "item": "wakizashi_electric+3", "prob": 35 },
          { "item": "nodachi_electric+3", "prob": 35 },
	  { "item": "broadsword_electric+3", "prob": 35 },
	  { "item": "rapier_electric+3", "prob": 35 },
	  { "item": "katana_electric+3", "prob": 35 },
	  { "item": "butterfly_swords_electric+3", "prob": 35 },
	  { "item": "cutlass_electric+3", "prob": 35 },
	  { "item": "lajatang_electric+3", "prob": 35 },
          { "item": "war_flail_electric+3", "prob": 35 },
	  { "item": "peasant_flail_electric+3", "prob": 35 },
          { "item": "bokken_electric+3", "prob": 35 },
	  { "item": "battleaxe_electric+3", "prob": 35 },
	  { "item": "cudgel_electric+3", "prob": 35 },
	  { "item": "q_staff_electric+3", "prob": 35 },
	  { "item": "shillelagh_electric+3", "prob": 35 },
	  { "item": "tonfa_wood_electric+3", "prob": 35 },
	  { "item": "qiang_electric+3", "prob": 35 },
          { "item": "halberd_electric+3", "prob": 35 },
	  { "item": "glaive_electric+3", "prob": 35 },
          { "item": "naginata_electric+3", "prob": 35 },
	  { "item": "pike_electric+3", "prob": 35 },
	  { "item": "bagh_nakha_electric+3", "prob": 35 },
	  { "item": "cestus_electric+3", "prob": 35 },
	  { "item": "knuckle_brass_electric+3", "prob": 35 },
	  { "item": "punch_dagger_electric+3", "prob": 35 }
    ]
	},
{
    "type": "item_group",
    "id": "weapons_electric_rune_plus4",
	"subtype": "collection",
    "entries": [
	  { "item": "knife_baselard_electric+4", "prob": 35 },
	  { "item": "cutlass_electric+4", "prob": 35 },
          { "item": "longsword_electric+4", "prob": 35 },
	  { "item": "arming_sword_electric+4", "prob": 35 },
	  { "item": "mace_electric+4", "prob": 35 },
	  { "item": "morningstar_electric+4", "prob": 35 },
	  { "item": "zweihander_electric+4", "prob": 35 },
	  { "item": "lucern_hammer_electric+4", "prob": 35 },
	  { "item": "spear_steel_electric+4", "prob": 35 },
          { "item": "wood_sword_electric+4", "prob": 35 },
	  { "item": "makeshift_knife_electric+4", "prob": 35 },
          { "item": "machete_electric+4", "prob": 35 },
	  { "item": "cavalry_sabre_electric+4", "prob": 35 },
	  { "item": "kris_electric+4", "prob": 35 },
	  { "item": "kukri_electric+4", "prob": 35 },
	  { "item": "jian_electric+4", "prob": 35 },
	  { "item": "scimitar_electric+4", "prob": 35 },
	  { "item": "estoc_electric+4", "prob": 35 },
          { "item": "tanto_electric+4", "prob": 35 },
	  { "item": "wakizashi_electric+4", "prob": 35 },
          { "item": "nodachi_electric+4", "prob": 35 },
	  { "item": "broadsword_electric+4", "prob": 35 },
	  { "item": "rapier_electric+4", "prob": 35 },
	  { "item": "katana_electric+4", "prob": 35 },
	  { "item": "butterfly_swords_electric+4", "prob": 35 },
	  { "item": "cutlass_electric+4", "prob": 35 },
	  { "item": "lajatang_electric+4", "prob": 35 },
          { "item": "war_flail_electric+4", "prob": 35 },
	  { "item": "peasant_flail_electric+4", "prob": 35 },
          { "item": "bokken_electric+4", "prob": 35 },
	  { "item": "battleaxe_electric+4", "prob": 35 },
	  { "item": "cudgel_electric+4", "prob": 35 },
	  { "item": "q_staff_electric+4", "prob": 35 },
	  { "item": "shillelagh_electric+4", "prob": 35 },
	  { "item": "tonfa_wood_electric+4", "prob": 35 },
	  { "item": "qiang_electric+4", "prob": 35 },
          { "item": "halberd_electric+4", "prob": 35 },
	  { "item": "glaive_electric+4", "prob": 35 },
          { "item": "naginata_electric+4", "prob": 35 },
	  { "item": "pike_electric+4", "prob": 35 },
	  { "item": "bagh_nakha_electric+4", "prob": 35 },
	  { "item": "cestus_electric+4", "prob": 35 },
	  { "item": "knuckle_brass_electric+4", "prob": 35 },
	  { "item": "punch_dagger_electric+4", "prob": 35 }
    ]
	},
{
    "type": "item_group",
    "id": "divine_weapons_all",    
    "items": [      
      { "group": "weapons_divine", "prob": 90 },
      { "group": "weapons_divine_plus1", "prob": 70 },
      { "group": "weapons_divine_plus2", "prob": 50 },
      { "group": "weapons_divine_plus3", "prob": 30 },
      { "group": "weapons_divine_plus4", "prob": 10 }
    ]
  },
{
    "type": "item_group",
    "id": "weapons_divine",
	"subtype": "collection",
    "entries": [
	  { "item": "divine_knife_baselard", "prob": 35, "charges": [ 0, 5 ] },
	  { "item": "divine_cutlass", "prob": 35, "charges": [ 0, 5 ] },
          { "item": "divine_longsword", "prob": 35, "charges": [ 0, 5 ] },
	  { "item": "divine_arming_sword", "prob": 35, "charges": [ 0, 5 ] },
	  { "item": "divine_mace", "prob": 35, "charges": [ 0, 5 ] },
	  { "item": "divine_morningstar", "prob": 35, "charges": [ 0, 5 ] },
	  { "item": "divine_zweihander", "prob": 35, "charges": [ 0, 5 ] },
	  { "item": "divine_lucern_hammer", "prob": 35, "charges": [ 0, 5 ] },
	  { "item": "divine_spear_steel", "prob": 35, "charges": [ 0, 5 ] },
          { "item": "divine_wood_sword", "prob": 35, "charges": [ 0, 5 ] },
	  { "item": "divine_makeshift_knife", "prob": 35, "charges": [ 0, 5 ] },
          { "item": "divine_machete", "prob": 35, "charges": [ 0, 5 ] },
	  { "item": "divine_cavalry_sabre", "prob": 35, "charges": [ 0, 5 ] },
	  { "item": "divine_kris", "prob": 35, "charges": [ 0, 5 ] },
	  { "item": "divine_kukri", "prob": 35, "charges": [ 0, 5 ] },
	  { "item": "divine_jian", "prob": 35, "charges": [ 0, 5 ] },
	  { "item": "divine_scimitar", "prob": 35, "charges": [ 0, 5 ] },
	  { "item": "divine_estoc", "prob": 35, "charges": [ 0, 5 ] },
          { "item": "divine_tanto", "prob": 35, "charges": [ 0, 5 ] },
	  { "item": "divine_wakizashi", "prob": 35, "charges": [ 0, 5 ] },
          { "item": "divine_nodachi", "prob": 35, "charges": [ 0, 5 ] },
	  { "item": "divine_broadsword", "prob": 35, "charges": [ 0, 5 ] },
	  { "item": "divine_rapier", "prob": 35, "charges": [ 0, 5 ] },
	  { "item": "divine_katana", "prob": 35, "charges": [ 0, 5 ] },
	  { "item": "divine_butterfly_swords", "prob": 35, "charges": [ 0, 5 ] },
	  { "item": "divine_cutlass", "prob": 35, "charges": [ 0, 5 ] },
	  { "item": "divine_lajatang", "prob": 35, "charges": [ 0, 5 ] },
          { "item": "divine_war_flail", "prob": 35, "charges": [ 0, 5 ] },
	  { "item": "divine_peasant_flail", "prob": 35, "charges": [ 0, 5 ] },
          { "item": "divine_bokken", "prob": 35, "charges": [ 0, 5 ] },
	  { "item": "divine_battleaxe", "prob": 35, "charges": [ 0, 5 ] },
	  { "item": "divine_cudgel", "prob": 35, "charges": [ 0, 5 ] },
	  { "item": "divine_q_staff", "prob": 35, "charges": [ 0, 5 ] },
	  { "item": "divine_shillelagh", "prob": 35, "charges": [ 0, 5 ] },
	  { "item": "divine_tonfa_wood", "prob": 35, "charges": [ 0, 5 ] },
	  { "item": "divine_qiang", "prob": 35, "charges": [ 0, 5 ] },
          { "item": "divine_halberd", "prob": 35, "charges": [ 0, 5 ] },
	  { "item": "divine_glaive", "prob": 35, "charges": [ 0, 5 ] },
          { "item": "divine_naginata", "prob": 35, "charges": [ 0, 5 ] },
	  { "item": "divine_pike", "prob": 35, "charges": [ 0, 5 ] },
	  { "item": "divine_bagh_nakha", "prob": 35, "charges": [ 0, 5 ] },
	  { "item": "divine_cestus", "prob": 35, "charges": [ 0, 5 ] },
	  { "item": "divine_knuckle_brass", "prob": 35, "charges": [ 0, 5 ] },
	  { "item": "divine_punch_dagger", "prob": 35, "charges": [ 0, 5 ] }
    ]
	},
{
    "type": "item_group",
    "id": "weapons_divine_plus1",
	"subtype": "collection",
    "entries": [
	  { "item": "divine_knife_baselard+1", "prob": 35, "charges": [ 0, 6 ] },
	  { "item": "divine_cutlass+1", "prob": 35, "charges": [ 0, 6 ] },
          { "item": "divine_longsword+1", "prob": 35, "charges": [ 0, 6 ] },
	  { "item": "divine_arming_sword+1", "prob": 35, "charges": [ 0, 6 ] },
	  { "item": "divine_mace+1", "prob": 35, "charges": [ 0, 6 ] },
	  { "item": "divine_morningstar+1", "prob": 35, "charges": [ 0, 6 ] },
	  { "item": "divine_zweihander+1", "prob": 35, "charges": [ 0, 6 ] },
	  { "item": "divine_lucern_hammer+1", "prob": 35, "charges": [ 0, 6 ] },
	  { "item": "divine_spear_steel+1", "prob": 35, "charges": [ 0, 6 ] },
          { "item": "divine_wood_sword+1", "prob": 35, "charges": [ 0, 6 ] },
	  { "item": "divine_makeshift_knife+1", "prob": 35, "charges": [ 0, 6 ] },
          { "item": "divine_machete+1", "prob": 35, "charges": [ 0, 6 ] },
	  { "item": "divine_cavalry_sabre+1", "prob": 35, "charges": [ 0, 6 ] },
	  { "item": "divine_kris+1", "prob": 35, "charges": [ 0, 6 ] },
	  { "item": "divine_kukri+1", "prob": 35, "charges": [ 0, 6 ] },
	  { "item": "divine_jian+1", "prob": 35, "charges": [ 0, 6 ] },
	  { "item": "divine_scimitar+1", "prob": 35, "charges": [ 0, 6 ] },
	  { "item": "divine_estoc+1", "prob": 35, "charges": [ 0, 6 ] },
          { "item": "divine_tanto+1", "prob": 35, "charges": [ 0, 6 ] },
	  { "item": "divine_wakizashi+1", "prob": 35, "charges": [ 0, 6 ] },
          { "item": "divine_nodachi+1", "prob": 35, "charges": [ 0, 6 ] },
	  { "item": "divine_broadsword+1", "prob": 35, "charges": [ 0, 6 ] },
	  { "item": "divine_rapier+1", "prob": 35, "charges": [ 0, 6 ] },
	  { "item": "divine_katana+1", "prob": 35, "charges": [ 0, 6 ] },
	  { "item": "divine_butterfly_swords+1", "prob": 35, "charges": [ 0, 6 ] },
	  { "item": "divine_cutlass+1", "prob": 35, "charges": [ 0, 6 ] },
	  { "item": "divine_lajatang+1", "prob": 35, "charges": [ 0, 6 ] },
          { "item": "divine_war_flail+1", "prob": 35, "charges": [ 0, 6 ] },
	  { "item": "divine_peasant_flail+1", "prob": 35, "charges": [ 0, 6 ] },
          { "item": "divine_bokken+1", "prob": 35, "charges": [ 0, 6 ] },
	  { "item": "divine_battleaxe+1", "prob": 35, "charges": [ 0, 6 ] },
	  { "item": "divine_cudgel+1", "prob": 35, "charges": [ 0, 6 ] },
	  { "item": "divine_q_staff+1", "prob": 35, "charges": [ 0, 6 ] },
	  { "item": "divine_shillelagh+1", "prob": 35, "charges": [ 0, 6 ] },
	  { "item": "divine_tonfa_wood+1", "prob": 35, "charges": [ 0, 6 ] },
	  { "item": "divine_qiang+1", "prob": 35, "charges": [ 0, 6 ] },
          { "item": "divine_halberd+1", "prob": 35, "charges": [ 0, 6 ] },
	  { "item": "divine_glaive+1", "prob": 35, "charges": [ 0, 6 ] },
          { "item": "divine_naginata+1", "prob": 35, "charges": [ 0, 6 ] },
	  { "item": "divine_pike+1", "prob": 35, "charges": [ 0, 6 ] },
	  { "item": "divine_bagh_nakha+1", "prob": 35, "charges": [ 0, 6 ] },
	  { "item": "divine_cestus+1", "prob": 35, "charges": [ 0, 6 ] },
	  { "item": "divine_knuckle_brass+1", "prob": 35, "charges": [ 0, 6 ] },
	  { "item": "divine_punch_dagger+1", "prob": 35, "charges": [ 0, 6 ] }
    ]
	},
{
    "type": "item_group",
    "id": "weapons_divine_plus2",
	"subtype": "collection",
    "entries": [
	  { "item": "divine_knife_baselard+2", "prob": 35, "charges": [ 0, 7 ] },
	  { "item": "divine_cutlass+2", "prob": 35, "charges": [ 0, 7 ] },
          { "item": "divine_longsword+2", "prob": 35, "charges": [ 0, 7 ] },
	  { "item": "divine_arming_sword+2", "prob": 35, "charges": [ 0, 7 ] },
	  { "item": "divine_mace+2", "prob": 35, "charges": [ 0, 7 ] },
	  { "item": "divine_morningstar+2", "prob": 35, "charges": [ 0, 7 ] },
	  { "item": "divine_zweihander+2", "prob": 35, "charges": [ 0, 7 ] },
	  { "item": "divine_lucern_hammer+2", "prob": 35, "charges": [ 0, 7 ] },
	  { "item": "divine_spear_steel+2", "prob": 35, "charges": [ 0, 7 ] },
          { "item": "divine_wood_sword+2", "prob": 35, "charges": [ 0, 7 ] },
	  { "item": "divine_makeshift_knife+2", "prob": 35, "charges": [ 0, 7 ] },
          { "item": "divine_machete+2", "prob": 35, "charges": [ 0, 7 ] },
	  { "item": "divine_cavalry_sabre+2", "prob": 35, "charges": [ 0, 7 ] },
	  { "item": "divine_kris+2", "prob": 35, "charges": [ 0, 7 ] },
	  { "item": "divine_kukri+2", "prob": 35, "charges": [ 0, 7 ] },
	  { "item": "divine_jian+2", "prob": 35, "charges": [ 0, 7 ] },
	  { "item": "divine_scimitar+2", "prob": 35, "charges": [ 0, 7 ] },
	  { "item": "divine_estoc+2", "prob": 35, "charges": [ 0, 7 ] },
          { "item": "divine_tanto+2", "prob": 35, "charges": [ 0, 7 ] },
	  { "item": "divine_wakizashi+2", "prob": 35, "charges": [ 0, 7 ] },
          { "item": "divine_nodachi+2", "prob": 35, "charges": [ 0, 7 ] },
	  { "item": "divine_broadsword+2", "prob": 35, "charges": [ 0, 7 ] },
	  { "item": "divine_rapier+2", "prob": 35, "charges": [ 0, 7 ] },
	  { "item": "divine_katana+2", "prob": 35, "charges": [ 0, 7 ] },
	  { "item": "divine_butterfly_swords+2", "prob": 35, "charges": [ 0, 7 ] },
	  { "item": "divine_cutlass+2", "prob": 35, "charges": [ 0, 7 ] },
	  { "item": "divine_lajatang+2", "prob": 35, "charges": [ 0, 7 ] },
          { "item": "divine_war_flail+2", "prob": 35, "charges": [ 0, 7 ] },
	  { "item": "divine_peasant_flail+2", "prob": 35, "charges": [ 0, 7 ] },
          { "item": "divine_bokken+2", "prob": 35, "charges": [ 0, 7 ] },
	  { "item": "divine_battleaxe+2", "prob": 35, "charges": [ 0, 7 ] },
	  { "item": "divine_cudgel+2", "prob": 35, "charges": [ 0, 7 ] },
	  { "item": "divine_q_staff+2", "prob": 35, "charges": [ 0, 7 ] },
	  { "item": "divine_shillelagh+2", "prob": 35, "charges": [ 0, 7 ] },
	  { "item": "divine_tonfa_wood+2", "prob": 35, "charges": [ 0, 7 ] },
	  { "item": "divine_qiang+2", "prob": 35, "charges": [ 0, 7 ] },
          { "item": "divine_halberd+2", "prob": 35, "charges": [ 0, 7 ] },
	  { "item": "divine_glaive+2", "prob": 35, "charges": [ 0, 7 ] },
          { "item": "divine_naginata+2", "prob": 35, "charges": [ 0, 7 ] },
	  { "item": "divine_pike+2", "prob": 35, "charges": [ 0, 7 ] },
	  { "item": "divine_bagh_nakha+2", "prob": 35, "charges": [ 0, 7 ] },
	  { "item": "divine_cestus+2", "prob": 35, "charges": [ 0, 7 ] },
	  { "item": "divine_knuckle_brass+2", "prob": 35, "charges": [ 0, 7 ] },
	  { "item": "divine_punch_dagger+2", "prob": 35, "charges": [ 0, 7 ] }
    ]
	},
{
    "type": "item_group",
    "id": "weapons_divine_plus3",
	"subtype": "collection",
    "entries": [
	  { "item": "divine_knife_baselard+3", "prob": 35, "charges": [ 0, 8 ] },
	  { "item": "divine_cutlass+3", "prob": 35, "charges": [ 0, 8 ] },
          { "item": "divine_longsword+3", "prob": 35, "charges": [ 0, 8 ] },
	  { "item": "divine_arming_sword+3", "prob": 35, "charges": [ 0, 8 ] },
	  { "item": "divine_mace+3", "prob": 35, "charges": [ 0, 8 ] },
	  { "item": "divine_morningstar+3", "prob": 35, "charges": [ 0, 8 ] },
	  { "item": "divine_zweihander+3", "prob": 35, "charges": [ 0, 8 ] },
	  { "item": "divine_lucern_hammer+3", "prob": 35, "charges": [ 0, 8 ] },
	  { "item": "divine_spear_steel+3", "prob": 35, "charges": [ 0, 8 ] },
          { "item": "divine_wood_sword+3", "prob": 35, "charges": [ 0, 8 ] },
	  { "item": "divine_makeshift_knife+3", "prob": 35, "charges": [ 0, 8 ] },
          { "item": "divine_machete+3", "prob": 35, "charges": [ 0, 8 ] },
	  { "item": "divine_cavalry_sabre+3", "prob": 35, "charges": [ 0, 8 ] },
	  { "item": "divine_kris+3", "prob": 35, "charges": [ 0, 8 ] },
	  { "item": "divine_kukri+3", "prob": 35, "charges": [ 0, 8 ] },
	  { "item": "divine_jian+3", "prob": 35, "charges": [ 0, 8 ] },
	  { "item": "divine_scimitar+3", "prob": 35, "charges": [ 0, 8 ] },
	  { "item": "divine_estoc+3", "prob": 35, "charges": [ 0, 8 ] },
          { "item": "divine_tanto+3", "prob": 35, "charges": [ 0, 8 ] },
	  { "item": "divine_wakizashi+3", "prob": 35, "charges": [ 0, 8 ] },
          { "item": "divine_nodachi+3", "prob": 35, "charges": [ 0, 8 ] },
	  { "item": "divine_broadsword+3", "prob": 35, "charges": [ 0, 8 ] },
	  { "item": "divine_rapier+3", "prob": 35, "charges": [ 0, 8 ] },
	  { "item": "divine_katana+3", "prob": 35, "charges": [ 0, 8 ] },
	  { "item": "divine_butterfly_swords+3", "prob": 35, "charges": [ 0, 8 ] },
	  { "item": "divine_cutlass+3", "prob": 35, "charges": [ 0, 8 ] },
	  { "item": "divine_lajatang+3", "prob": 35, "charges": [ 0, 8 ] },
          { "item": "divine_war_flail+3", "prob": 35, "charges": [ 0, 8 ] },
	  { "item": "divine_peasant_flail+3", "prob": 35, "charges": [ 0, 8 ] },
          { "item": "divine_bokken+3", "prob": 35, "charges": [ 0, 8 ] },
	  { "item": "divine_battleaxe+3", "prob": 35, "charges": [ 0, 8 ] },
	  { "item": "divine_cudgel+3", "prob": 35, "charges": [ 0, 8 ] },
	  { "item": "divine_q_staff+3", "prob": 35, "charges": [ 0, 8 ] },
	  { "item": "divine_shillelagh+3", "prob": 35, "charges": [ 0, 8 ] },
	  { "item": "divine_tonfa_wood+3", "prob": 35, "charges": [ 0, 8 ] },
	  { "item": "divine_qiang+3", "prob": 35, "charges": [ 0, 8 ] },
          { "item": "divine_halberd+3", "prob": 35, "charges": [ 0, 8 ] },
	  { "item": "divine_glaive+3", "prob": 35, "charges": [ 0, 8 ] },
          { "item": "divine_naginata+3", "prob": 35, "charges": [ 0, 8 ] },
	  { "item": "divine_pike+3", "prob": 35, "charges": [ 0, 8 ] },
	  { "item": "divine_bagh_nakha+3", "prob": 35, "charges": [ 0, 8 ] },
	  { "item": "divine_cestus+3", "prob": 35, "charges": [ 0, 8 ] },
	  { "item": "divine_knuckle_brass+3", "prob": 35, "charges": [ 0, 8 ] },
	  { "item": "divine_punch_dagger+3", "prob": 35, "charges": [ 0, 8 ] }
    ]
	},
{
    "type": "item_group",
    "id": "weapons_divine_plus4",
	"subtype": "collection",
    "entries": [
	  { "item": "divine_knife_baselard+4", "prob": 35, "charges": [ 0, 9 ] },
	  { "item": "divine_cutlass+4", "prob": 35, "charges": [ 0, 9 ] },
          { "item": "divine_longsword+4", "prob": 35, "charges": [ 0, 9 ] },
	  { "item": "divine_arming_sword+4", "prob": 35, "charges": [ 0, 9 ] },
	  { "item": "divine_mace+4", "prob": 35, "charges": [ 0, 9 ] },
	  { "item": "divine_morningstar+4", "prob": 35, "charges": [ 0, 9 ] },
	  { "item": "divine_zweihander+4", "prob": 35, "charges": [ 0, 9 ] },
	  { "item": "divine_lucern_hammer+4", "prob": 35, "charges": [ 0, 9 ] },
	  { "item": "divine_spear_steel+4", "prob": 35, "charges": [ 0, 9 ] },
          { "item": "divine_wood_sword+4", "prob": 35, "charges": [ 0, 9 ] },
	  { "item": "divine_makeshift_knife+4", "prob": 35, "charges": [ 0, 9 ] },
          { "item": "divine_machete+4", "prob": 35, "charges": [ 0, 9 ] },
	  { "item": "divine_cavalry_sabre+4", "prob": 35, "charges": [ 0, 9 ] },
	  { "item": "divine_kris+4", "prob": 35, "charges": [ 0, 9 ] },
	  { "item": "divine_kukri+4", "prob": 35, "charges": [ 0, 9 ] },
	  { "item": "divine_jian+4", "prob": 35, "charges": [ 0, 9 ] },
	  { "item": "divine_scimitar+4", "prob": 35, "charges": [ 0, 9 ] },
	  { "item": "divine_estoc+4", "prob": 35, "charges": [ 0, 9 ] },
          { "item": "divine_tanto+4", "prob": 35, "charges": [ 0, 9 ] },
	  { "item": "divine_wakizashi+4", "prob": 35, "charges": [ 0, 9 ] },
          { "item": "divine_nodachi+4", "prob": 35, "charges": [ 0, 9 ] },
	  { "item": "divine_broadsword+4", "prob": 35, "charges": [ 0, 9 ] },
	  { "item": "divine_rapier+4", "prob": 35, "charges": [ 0, 9 ] },
	  { "item": "divine_katana+4", "prob": 35, "charges": [ 0, 9 ] },
	  { "item": "divine_butterfly_swords+4", "prob": 35, "charges": [ 0, 9 ] },
	  { "item": "divine_cutlass+4", "prob": 35, "charges": [ 0, 9 ] },
	  { "item": "divine_lajatang+4", "prob": 35, "charges": [ 0, 9 ] },
          { "item": "divine_war_flail+4", "prob": 35, "charges": [ 0, 9 ] },
	  { "item": "divine_peasant_flail+4", "prob": 35, "charges": [ 0, 9 ] },
          { "item": "divine_bokken+4", "prob": 35, "charges": [ 0, 9 ] },
	  { "item": "divine_battleaxe+4", "prob": 35, "charges": [ 0, 9 ] },
	  { "item": "divine_cudgel+4", "prob": 35, "charges": [ 0, 9 ] },
	  { "item": "divine_q_staff+4", "prob": 35, "charges": [ 0, 9 ] },
	  { "item": "divine_shillelagh+4", "prob": 35, "charges": [ 0, 9 ] },
	  { "item": "divine_tonfa_wood+4", "prob": 35, "charges": [ 0, 9 ] },
	  { "item": "divine_qiang+4", "prob": 35, "charges": [ 0, 9 ] },
          { "item": "divine_halberd+4", "prob": 35, "charges": [ 0, 9 ] },
	  { "item": "divine_glaive+4", "prob": 35, "charges": [ 0, 9 ] },
          { "item": "divine_naginata+4", "prob": 35, "charges": [ 0, 9 ] },
	  { "item": "divine_pike+4", "prob": 35, "charges": [ 0, 9 ] },
	  { "item": "divine_bagh_nakha+4", "prob": 35, "charges": [ 0, 9 ] },
	  { "item": "divine_cestus+4", "prob": 35, "charges": [ 0, 9 ] },
	  { "item": "divine_knuckle_brass+4", "prob": 35, "charges": [ 0, 9 ] },
	  { "item": "divine_punch_dagger+4", "prob": 35, "charges": [ 0, 9 ] }
    ]
	},
{
    "type": "item_group",
    "id": "armor_plus1",
	"subtype": "collection",
    "entries": [
	  { "item": "armguard_larmor+1", "prob": 35 },
	  { "item": "armguard_lightplate+1", "prob": 35 },
          { "item": "chainmail_arms+1", "prob": 35 },
	  { "item": "vambrace_larmor+1", "prob": 35 },
	  { "item": "boots_larmor+1", "prob": 35 },
	  { "item": "boots_plate+1", "prob": 35 },
	  { "item": "chainmail_feet+1", "prob": 35 },
	  { "item": "chainmail_hands+1", "prob": 35 },
	  { "item": "gauntlets_larmor+1", "prob": 35 },
          { "item": "gloves_plate+1", "prob": 35 },
	  { "item": "helmet_barbute+1", "prob": 35 },
          { "item": "helmet_conical+1", "prob": 35 },
	  { "item": "helmet_galea+1", "prob": 35 },
	  { "item": "helmet_kabuto+1", "prob": 35 },
	  { "item": "helmet_larmor+1", "prob": 35 },
	  { "item": "helmet_nasal+1", "prob": 35 },
	  { "item": "helmet_nomad+1", "prob": 35 },
	  { "item": "helmet_plate+1", "prob": 35 },
          { "item": "helmet_corinthian+1", "prob": 35 },
	  { "item": "chainmail_legs+1", "prob": 35 },
          { "item": "chaps_leather+1", "prob": 35 },
	  { "item": "legguard_bronze+1", "prob": 35 },
	  { "item": "legguard_lightplate+1", "prob": 35 },
	  { "item": "armor_cuirass+1", "prob": 35 },
	  { "item": "armor_lamellar+1", "prob": 35 },
	  { "item": "armor_lorica+1", "prob": 35 },
	  { "item": "chainmail_vest+1", "prob": 35 },
          { "item": "cuirass_lightplate+1", "prob": 35 },
	  { "item": "armor_blarmor+1", "prob": 35 },
          { "item": "armor_farmor+1", "prob": 35 },
	  { "item": "armor_larmor+1", "prob": 35 },
	  { "item": "armor_lightplate+1", "prob": 35 },
	  { "item": "armor_plarmor+1", "prob": 35 },
	  { "item": "armor_samurai+1", "prob": 35 },
	  { "item": "chainmail_hauberk+1", "prob": 35 },
	  { "item": "chainmail_suit+1", "prob": 35 },
          { "item": "wooden_buckler+1", "prob": 35 },
	  { "item": "wooden_shield+1", "prob": 35 },
          { "item": "wooden_shield_tower+1", "prob": 35 },
	  { "item": "metal_buckler+1", "prob": 35 },
	  { "item": "metal_shield+1", "prob": 35 },
	  { "item": "metal_shield_tower+1", "prob": 35 }
    ]
	},
{
    "type": "item_group",
    "id": "magic_items_all",    
    "items": [
      { "group": "magic_items_head", "prob": 50 },
      { "group": "magic_items_torso", "prob": 50 },
      { "group": "magic_items_feet", "prob": 50 },
      { "group": "magic_items_neck", "prob": 50 },
      { "group": "magic_items_rings", "prob": 50 },
      { "group": "magic_items_misc", "prob": 50 }
    ]
  },
{
    "type": "item_group",
    "id": "magic_items_head",
    "subtype": "distribution",
    "items": [
      { "item": "hat_arcane", "prob": 35 },
      { "item": "hat_hp", "prob": 35 },
      { "item": "hat_stamina", "prob": 35 },
      { "item": "hat_speed", "prob": 35 },
      { "item": "hat_noshock", "prob": 35 },
      { "item": "hat_noburn", "prob": 35 },
      { "item": "hat_nochill", "prob": 35 },
      { "item": "breathing_bubble", "prob": 35 }
    ]
  }, 
{
    "type": "item_group",
    "id": "magic_items_torso",
    "subtype": "distribution",
    "items": [
      { "item": "cloak_arcane", "prob": 35 },
      { "item": "cloak_hp", "prob": 35 },
      { "item": "cloak_stamina", "prob": 35 },
      { "item": "cloak_invisibility", "prob": 35, "charges": [ 0, 3 ] },
      { "item": "cloak_dodge", "prob": 35 },
      { "item": "cloak_armor", "prob": 35 },
      { "item": "cloak_noshock", "prob": 35 },
      { "item": "cloak_noburn", "prob": 35 },
      { "item": "cloak_nochill", "prob": 35 },
      { "item": "backpack_holding", "prob": 25 }
    ]
  }, 
 
{
    "type": "item_group",
    "id": "magic_items_feet",
    "subtype": "distribution",
    "items": [
      { "item": "boots_arcane", "prob": 35 },
      { "item": "boots_hp", "prob": 35 },
      { "item": "boots_stamina", "prob": 35 },
      { "item": "boots_speed", "prob": 35 },
      { "item": "boots_acrobatics", "prob": 35 },
      { "item": "boots_jester", "prob": 35 },
      { "item": "boots_crime", "prob": 35 }
    ]
  }, 
{
    "type": "item_group",
    "id": "magic_items_neck",
    "subtype": "distribution",
    "items": [
      { "item": "necklace_arcane", "prob": 35 },
      { "item": "necklace_hp", "prob": 35 },
      { "item": "necklace_stamina", "prob": 35 },
      { "item": "necklace_per", "prob": 35 },
      { "item": "necklace_knife", "prob": 35 },
      { "item": "necklace_holding", "prob": 35 }
    ]
  },  
{
    "type": "item_group",
    "id": "magic_items_rings",
    "subtype": "distribution",
    "items": [
      { "item": "ring_arcane", "prob": 35 },
      { "item": "ring_hp", "prob": 35 },
      { "item": "ring_stamina", "prob": 35 },
      { "item": "ring_noshock", "prob": 35 },
      { "item": "ring_noburn", "prob": 35 },
      { "item": "ring_nochill", "prob": 35 }
    ]
  },
 
{
    "type": "item_group",
    "id": "magic_items_misc",
    "subtype": "distribution",
    "items": [
      { "item": "candle_eternal", "prob": 65 },
      { "item": "candle_fire", "prob": 65, "charges": [ 25, 100 ] },
      { "item": "candle_teleport", "prob": 35, "charges": [ 25, 100 ] },
      { "item": "orb_cleaning", "prob": 65, "charges": [ 0, 15 ] },
      { "item": "orb_shielding", "prob": 45 },
      { "item": "orb_time", "prob": 45 },
      { "item": "jug_holding", "prob": 35 },
      { "item": "water_flask_endless", "prob": 35, "charges": [ 0, 6 ] },
      { "item": "smoke_flask_endless", "prob": 35, "charges": [ 0, 6 ] },
      { "item": "chalice_earth_elemental", "prob": 20, "charges": [ 0, 3 ] },
      { "item": "chalice_fire_elemental", "prob": 20, "charges": [ 0, 3 ] },
      { "item": "chalice_water_elemental", "prob": 20, "charges": [ 0, 3 ] },
      { "item": "chalice_air_elemental", "prob": 20, "charges": [ 0, 3 ] },      
      { "item": "wand_fire", "prob": 35, "charges": [ 0, 5 ] },
      { "item": "wand_ice", "prob": 35, "charges": [ 0, 5 ] },
      { "item": "wand_electric", "prob": 35, "charges": [ 0, 5 ] },
      { "item": "wand_necromancy", "prob": 35, "charges": [ 0, 5 ] },
      { "item": "wand_charm", "prob": 35, "charges": [ 0, 5 ] },
      { "item": "magic_seed_fruit", "prob": 35 },
      { "item": "bead_force", "prob": 45 },
      { "item": "druid_shard", "prob": 45 },
      { "item": "broom_flying", "prob": 45 },
      { "item": "rod_open", "prob": 35 },
      { "item": "rod_fire", "prob": 35 },
      { "item": "sigil_shield", "prob": 35 },
      { "item": "bag_holding", "prob": 35 },
      { "item": "claygolem_inactive", "prob": 15 },
      { "item": "stonegolem_inactive", "prob": 15 },
      { "item": "irongolem_inactive", "prob": 15 },
      { "item": "ghost_ward", "prob": 35 }
    ]
  }  
]