[
{
    "type": "item_group",
    "id": "spell_scrolls_wizard1",
    "subtype": "distribution",
    "items": [
      [ "spell_scroll_mu_spell_armor", 20 ],
      [ "spell_scroll_firebolt", 30 ],
      [ "spell_scroll_lightning_bolt", 15 ],
      [ "spell_scroll_mu_spell_quicken_step", 15 ],
      [ "spell_scroll_mu_spell_light", 15 ],
      [ "spell_scroll_mu_spell_darkness", 15 ],
      [ "spell_scroll_mu_spell_armor_elemental", 15 ],
      [ "spell_scroll_mage_burning_hands", 15 ]
    ]
  },
  {
    "type": "item_group",
    "id": "spell_scrolls_wizard2",
    "subtype": "distribution",
    "items": [
      [ "spell_scroll_mu_spell_nightsight", 20 ],
      [ "spell_scroll_mu_spell_hold", 15 ],
      [ "spell_scroll_mu_spell_blur", 15 ],
      [ "spell_scroll_arcane_bolt", 15 ],
      [ "spell_scroll_magic_stone_mage", 15 ],
      [ "spell_scroll_shield", 15 ],
      [ "spell_scroll_magic_sword", 15 ],
      [ "spell_scroll_mage_charm_beast", 15 ],
      [ "spell_scroll_toxic_cloud_mage", 15 ]
    ]
  },
  {
    "type": "item_group",
    "id": "spell_scrolls_wizard3",
    "subtype": "distribution",
    "items": [
      [ "spell_scroll_lightning_bolt_greater", 15 ],
      [ "spell_scroll_aniweapon_mage", 15 ],
      [ "spell_scroll_firesphere_mage", 15 ],
      [ "spell_scroll_mage_clairvoyance", 15 ],
      [ "spell_scroll_major_image", 15 ],
      [ "spell_scroll_break_curse", 15 ],
      [ "spell_scroll_rite_passage", 15 ]
    ]
  },
  {
    "type": "item_group",
    "id": "spell_scrolls_wizard4",
    "subtype": "distribution",
    "items": [
      [ "spell_scroll_raise_dead", 15 ],
      [ "spell_scroll_freeze", 15 ],      
      [ "spell_scroll_summon_minor_elemental", 15 ],      
      [ "spell_scroll_faithful_hound", 15 ],      
      [ "spell_scroll_ice_storm", 15 ],     
      [ "spell_scroll_polymorph", 15 ]
    ]
  },
  {
    "type": "item_group",
    "id": "spell_scrolls_wizard5",
    "subtype": "distribution",
    "items": [
      [ "spell_scroll_thunderstorm", 15 ],
      [ "spell_scroll_cone_of_cold", 15 ],
      [ "spell_scroll_minor_teleport", 15 ],
      [ "spell_scroll_sear_ball", 15 ],
      [ "spell_scroll_sleep", 15 ]
    ]
  },
  {
    "type": "item_group",
    "id": "spell_scrolls_wizard_all",
    "subtype": "distribution",
    "items": [
      { "group": "spell_scrolls_wizard1", "prob": 40 },
      { "group": "spell_scrolls_wizard2", "prob": 35 },
      { "group": "spell_scrolls_wizard3", "prob": 30 },
      { "group": "spell_scrolls_wizard4", "prob": 25 },
      { "group": "spell_scrolls_wizard5", "prob": 10 }
    ]
  },
  {
    "type": "item_group",
    "id": "spell_scrolls_warlock",
    "subtype": "distribution",
    "items": [
      [ "spell_scroll_carm", 15 ],
      [ "spell_scroll_cause_fear", 15 ],
      [ "spell_scroll_magic_stone", 15 ],
      [ "spell_scroll_wtrance", 5 ]
    ]
  },
  {
    "type": "item_group",
    "id": "spell_scrolls_warlock_eldritch",
    "subtype": "distribution",
    "items": [
      [ "spell_scroll_bloodshot", 15 ],
      [ "spell_scroll_shadowmorph", 15 ],
      [ "spell_scroll_multi_bloodshot", 10 ],
      [ "spell_scroll_tentacle_whip", 10 ],
      [ "spell_scroll_sacrifice", 10 ],
      [ "spell_scroll_lash", 10 ],
      [ "spell_scroll_eright", 10 ],
      [ "spell_scroll_esummon", 10 ],
      [ "spell_scroll_hex", 10 ],
      [ "spell_scroll_elder_form", 5 ],
      [ "spell_scroll_hide_eldritch", 10 ]
    ]
  },
  {
    "type": "item_group",
    "id": "spell_scrolls_warlock_fiend",
    "subtype": "distribution",
    "items": [
      [ "spell_scroll_hellbolt", 15 ],
      [ "spell_scroll_demons", 15 ],
      [ "spell_scroll_toxic_cloud", 15 ],
      [ "spell_scroll_hellswipe", 10 ],
      [ "spell_scroll_hellish_rebuke", 10 ]
    ]
  },
  {
    "type": "item_group",
    "id": "spell_scrolls_cleric",
    "subtype": "distribution",
    "items": [
      [ "spell_scroll_cleric_smite", 15 ],
      [ "spell_scroll_cleric_healing", 15 ],
      [ "spell_scroll_cleric_deaf", 15 ],
      [ "spell_scroll_cleric_poison", 15 ],
      [ "spell_scroll_cleric_guardians", 15 ],
      [ "spell_scroll_cleric_regeneration", 15 ],
      [ "spell_scroll_cleric_force", 15 ],
      [ "spell_scroll_cleric_homeward", 15 ],
      [ "spell_scroll_cleric_shield_faith", 15 ],
      [ "spell_scroll_cleric_tend_wound", 15 ],
      [ "spell_scroll_cleric_bless", 15 ],
      [ "spell_scroll_cleric_bane", 15 ],
      [ "spell_scroll_cleric_divine_favor", 15 ],
      [ "spell_scroll_cleric_hide_undead", 15 ],
      [ "spell_scroll_cleric_hold_undead", 15 ]
    ]
  } 
]