[
  {
    "id": "TALK_FRIEND_CONVERSATION",
    "type": "talk_topic",
    "dynamic_line": [ "Okay, <name_g>. What do you want to speak about?" ],
    "responses": [
      {
        "text": "Whats your story?",
        "topic": "BGSS_DELTA_FARMER_STORY1",
        "condition": { "npc_has_trait": "BGSS_Delta_Farmer_1" },
        "switch": true
      },
      {
        "text": "Whats your story?",
        "topic": "BGSS_DELTA_FARMER_STORY2",
        "condition": { "npc_has_trait": "BGSS_Delta_Farmer_2" },
        "switch": true
      },
      {
        "text": "Whats your story?",
        "topic": "BGSS_DELTA_FARMER_STORY3",
        "condition": { "npc_has_trait": "BGSS_Delta_Farmer_3" },
        "switch": true
      },
      {
        "text": "Whats your story?",
        "topic": "BGSS_ACOLYTE_STORY1",
        "condition": { "npc_has_trait": "BGSS_Acolyte_1" },
        "switch": true
      },
      {
        "text": "Whats your story?",
        "topic": "BGSS_ACOLYTE_STORY2",
        "condition": { "npc_has_trait": "BGSS_Acolyte_2" },
        "switch": true
      },
      {
        "text": "Whats your story?",
        "topic": "BGSS_ANTHRO_STORY1",
        "condition": { "npc_has_trait": "BGSS_Anthroplogist_1" },
        "switch": true
      },
      {
        "text": "Whats your story?",
        "topic": "BGSS_ANTHRO_STORY2",
        "condition": { "npc_has_trait": "BGSS_Anthroplogist_2" },
        "switch": true
      },
      {
        "text": "Whats your story?",
        "topic": "BGSS_ARCHAEOLOGIST_STORY1",
        "condition": { "npc_has_trait": "BGSS_Archaeologist_1" },
        "switch": true
      },
      {
        "text": "Whats your story?",
        "topic": "BGSS_ARCHAEOLOGIST_STORY2",
        "condition": { "npc_has_trait": "BGSS_Archaeologist_2" },
        "switch": true
      },
      {
        "text": "Whats your story?",
        "topic": "BGSS_CITY_WATCH_STORY1",
        "condition": { "npc_has_trait": "BGSS_City_Watch_1" },
        "switch": true
      },
      {
        "text": "Whats your story?",
        "topic": "BGSS_DWARVEN_CRAFTSMAN_STORY1",
        "condition": { "npc_has_trait": "BGSS_Dwarf_Crafter_1" },
        "switch": true
      },
      {
        "text": "<end_talking>",
        "topic": "TALK_DONE"
      }
      ]
  }
]