[
 {
    "//": "This trait group covers all common NPCs.",
    "type": "trait_group",
    "id": "BG_story_COMMON",
    "subtype": "distribution",
    "traits": [
      { "trait": "BGSS_Delta_Farmer_1" },
      { "trait": "BGSS_Delta_Farmer_2" },
      { "trait": "BGSS_Delta_Farmer_3" },
      { "trait": "BGSS_Acolyte_1" },
      { "trait": "BGSS_Acolyte_2" },
      { "trait": "BGSS_Anthroplogist_1" },
      { "trait": "BGSS_Anthroplogist_2" },
      { "trait": "BGSS_Archaeologist_1" },
      { "trait": "BGSS_Archaeologist_2" },
      { "trait": "BGSS_Charlatan_1" },
      { "trait": "BGSS_City_Watch_1" },
      { "trait": "BGSS_Dwarf_Crafter_1" }
    ]
  }
]