[
{
    "id": "MISSION_FIND_DIGSITE",
    "type": "mission_definition",
    "name": "Lost Civilizations",
    "description": "Follow the map and find the ruined digsite.",
    "goal": "MGOAL_GO_TO_TYPE",
    "difficulty": 1,
    "value": 10,
    "destination": "ruined_city_road_enter",
    "start": {
      "assign_mission_target": { "om_terrain": "ruined_city_road_enter", "om_special": "ruined_city", "reveal_radius": 1 }
    },
    "origins": [ "ORIGIN_OPENER_NPC" ],
    "end": { "effect": [
		{ "npc_add_var": "ANTHRO_MISSION_1", "type": "general", "context": "mission", "value": "yes" }
		] },
    "has_generic_rewards": true,
    "dialogue": {
    "describe": "The old dig site I once worked at is on that map. Go there, and we'll talk.",
    "offer": "The old dig site I once worked at is on that map. I want my vengance for my colleagues, and I want you to help me.",
    "advice": "Those... things that killed them are fast, hard to hit with sword or bow. However, one of my friends knew basic magic, I saw those things drop like flies to a firebolt.",
      "accepted": "Wonderful, we'll set out.",
      "rejected": "Please? This means so much to me.",
      "inquire": "Do you know where we're going?",
      "success": "Ah ha!",
      "success_lie": "This doesn't look like the place...",
      "failure": "Aw shit."
    }
  },
{
    "id": "MISSION_FIND_TOWN_CENTER",
    "type": "mission_definition",
    "name": "As Above...",
    "description": "Follow the map and find the ruined digsite.",
    "goal": "MGOAL_GO_TO_TYPE",
    "difficulty": 1,
    "value": 10,
    "destination": "home_ruins_down",
    "start": {
      "assign_mission_target": { "om_terrain": "home_ruins_down", "om_special": "ruined_city", "reveal_radius": 1 }
    },
    "origins": [ "ORIGIN_OPENER_NPC" ],
    "end": { "effect": [
		{ "npc_add_var": "ANTHRO_MISSION_2", "type": "general", "context": "mission", "value": "yes" },
                { "npc_lose_var": "ANTHRO_MISSION_1", "type": "general", "context": "mission" }
		],
                 "update_mapgen": [
        { "om_terrain": "home_ruins_down", "place_nested": [ { "chunks": [ "home_ruins_down_a" ], "x": 0, "y": 0 } ] }
      ] },
    "has_generic_rewards": true,
    "dialogue": {
    "describe": "Now that we're in, we need to go to the center of town, that's where we'll find the excavation enterance.",
    "offer": "Now that we're in, we need to go to the center of town, that's where we'll find the excavation enterance. We were pretty deep down, so watch out.",
    "advice": "If you thought those things on the surface were bad, there's probably worse the deeper we go. Watch out.",
      "accepted": "Wonderful, we'll set out.",
      "rejected": "Please? This means so much to me.",
      "inquire": "Do you know where we're going?",
      "success": "Ah ha!",
      "success_lie": "This doesn't look like the place...",
      "failure": "Aw shit."
    }
  },
{
    "id": "MISSION_RECRUIT_MERCS",
    "type": "mission_definition",
    "name": "Stardust Crusaders",
    "description": "Find and recruit the awaiting mercenaries.",
    "goal": "MGOAL_RECRUIT_NPC",
    "difficulty": 3,
    "value": 1,
	"origins": [ "ORIGIN_OPENER_NPC" ],
        "start": {
      "assign_mission_target": { "om_terrain": "field", "reveal_radius": 1, "random": true, "search_range": 10, "min_distance": 4, "z": 0 },
      "update_mapgen": { "place_npcs": [ { "class": "mercenary_friendly", "x": 6, "y": 9, "target": true },
                                         { "class": "mercenary_friendly", "x": 7, "y": 9, "target": true },
                                         { "class": "mercenary_friendly", "x": 8, "y": 9, "target": true },
					           { "class": "mercenary_friendly", "x": 9, "y": 11, "target": true } ] }
    },
    "end": { "effect": [
		{ "npc_add_var": "ANTHRO_MISSION_3", "type": "general", "context": "mission", "value": "yes" },
                { "npc_lose_var": "ANTHRO_MISSION_2", "type": "general", "context": "mission" }
		] },
	"has_generic_rewards": true,
	"dialogue": {
      "describe": "I know some old buddies of mine, and they're in on this 'project' of ours.",
	  "offer": "I know some old buddies of mine, and they're in on this 'project' of ours. They should be here soon, and I want you to make sure they're alright.",
	  "advice": "They're good people, and I told them about you. They're also armed to the teeth, so don't worry about monsters on your way there.",
      "accepted": "Wonderful, go on.",
      "rejected": "Please? This means so much to me.",
      "inquire": "Do you know where they are?",
      "success": "Ah ha!",
      "success_lie": "This doesn't look like them...",
      "failure": "Aw shit."
    }
  },
{
    "id": "MISSION_DESTROY_CAMP",
    "type": "mission_definition",
    "name": "So Below.",
    "description": "Find and kill the otherworldly shaman.",
    "goal": "MGOAL_KILL_MONSTER",
    "difficulty": 3,
    "value": 1,
	"origins": [ "ORIGIN_OPENER_NPC" ],
        "start": {
      "update_mapgen": [ { "place_monster": [ { "monster": "mon_quellagna_shaman", "pack_size": [ 1 ], "x": 0, "y": 0, "target": true } ] },
                       { "om_terrain": "elder_caves", "place_nested": [ { "chunks": [ "quellna_camp" ], "x": 0, "y": 0 } ] } ]
    }, 
    "end": { "effect": [
                { "npc_lose_var": "ANTHRO_MISSION_3", "type": "general", "context": "mission" }
		] },
	"has_generic_rewards": true,
	"dialogue": {
      "describe": "Lets kick some ass.",
	  "offer": "When my excavation team was killed, I noticed a strange, fish-like humanoid. It was casting spells, curses, you name it. It's also what brought all those spider-like things with it. Let's kill it, tis vengance enough.",
	  "advice": "Keep your wits about you. Even with four trained mercenaries, there's a lot of nasties in those caves below.",
      "accepted": "Wonderful, go on.",
      "rejected": "Please? This means so much to me.",
      "inquire": "Do you know where they are?",
      "success": "Ah ha!",
      "success_lie": "This doesn't look like them...",
      "failure": "Aw shit."
    }
  },
{
    "id": "MISSION_FIND_ARTIFACT",
    "type": "mission_definition",
    "name": "Tomb Raiding",
    "description": "Follow the map and find the ruins.",
    "goal": "MGOAL_GO_TO_TYPE",
    "difficulty": 1,
    "value": 10,
    "destination": "old_catacomb_enter",
    "start": {
      "assign_mission_target": { "om_terrain": "old_catacomb_enter", "om_special": "catacombs", "reveal_radius": 1, "search_range": 90, "min_distance": 10 }
    },
    "origins": [ "ORIGIN_OPENER_NPC" ],
    "end": { "effect": [
		{ "npc_add_var": "ARCH_MISSION_1", "type": "general", "context": "mission", "value": "yes" }
		] },
    "has_generic_rewards": true,
    "dialogue": {
    "describe": "An old ruin I once worked at is on that map. Go there, then we'll talk.",
    "offer": "An old ruin I once worked at is on that map. I want my vengance for my colleagues, and I want you to help me.",
    "advice": "That place is crawling with zombies, skeletons, you name it. Bring a weapon, and don't go in unprepared.",
      "accepted": "Wonderful, we'll set out.",
      "rejected": "Please? This means so much to me.",
      "inquire": "Do you know where we're going?",
      "success": "Ah ha!",
      "success_lie": "This doesn't look like the place...",
      "failure": "Aw shit."
    }
  }  
]