[
{
    "id": "BGSS_ACOLYTE_STORY1",
    "type": "talk_topic",
    "dynamic_line": "I was an acolyte, leading religious services at churches and temples. It was a nice life; free room, board, and education, though there were many religious doctrines we had to follow.",
    "responses": [
      { "text": "<done_conversation_section>", "topic": "TALK_FRIEND" },
      { "text": "Go on.", "topic": "BGSS_ACOLYTE_MIDDLE1" },
      { "text": "<end_talking>", "topic": "TALK_DONE" }
    ]
  },
{
    "id": "BGSS_ACOLYTE_MIDDLE1",
    "type": "talk_topic",
    "dynamic_line": "Well, in that temple, there were certian controband 'items', if you know, and one of my roommates thought it humorous to plant one in my trunk. The priest found it, and kicked me out. I never went back.",
    "responses": [
      { "text": "<done_conversation_section>", "topic": "TALK_FRIEND" },
      { "text": "What happened to your friend?", "topic": "BGSS_ACOLYTE_END1" },
      { "text": "<end_talking>", "topic": "TALK_DONE" }
    ]
  },
{
    "id": "BGSS_ACOLYTE_END1",
    "type": "talk_topic",
    "dynamic_line": "They were later ostricized after someone else pulled that same stunt on them.",
    "responses": [
      { "text": "<done_conversation_section>", "topic": "TALK_FRIEND" },
      { "text": "<end_talking>", "topic": "TALK_DONE" }
    ]
  },
{
    "id": "BGSS_ACOLYTE_STORY2",
    "type": "talk_topic",
    "dynamic_line": "I was an acolyte, leading religious services at churches and temples. It was a nice life; free room, board, and education, though there were many religious doctrines we had to follow.",
    "responses": [
      { "text": "<done_conversation_section>", "topic": "TALK_FRIEND" },
      { "text": "Go on.", "topic": "BGSS_ACOLYTE_MIDDLE2" },
      { "text": "<end_talking>", "topic": "TALK_DONE" }
    ]
  },
{
    "id": "BGSS_ACOLYTE_MIDDLE2",
    "type": "talk_topic",
    "dynamic_line": "I was sent there at the age of eight, when my parents died, killed by roving murauders. I first went to an orphanage, then to the church. I had nowhere else to go.",
    "responses": [
      { "text": "<done_conversation_section>", "topic": "TALK_FRIEND" },
      { "text": "Oh, my.", "topic": "BGSS_ACOLYTE_END2" },
      { "text": "<end_talking>", "topic": "TALK_DONE" }
    ]
  },
{
    "id": "BGSS_ACOLYTE_END2",
    "type": "talk_topic",
    "dynamic_line": "Though, after a while, the priest seemed rather, suspisious. I did some digging, and it turned out he was orchestrating the pillaging commited by those murauders, taking a share of the loot. So, in the night, I stabbed that <name_b> 26 <name_b> times with a knife. I left, and never looked back.",
    "responses": [
      { "text": "<done_conversation_section>", "topic": "TALK_FRIEND" },
      { "text": "<end_talking>", "topic": "TALK_DONE" }
    ]
  }
]