[
{
    "id": "BGSS_CITY_WATCH_STORY1",
    "type": "talk_topic",
    "dynamic_line": "I was a city watchman, once. I made sure everyone was safe at night, pulled guard duty at the local inn; heck, I even investigated crime. Though, one day, I took an arrow to the knee after some bozo robbed a travelling salesman. I couldn't work after that.",
    "responses": [
      { "text": "<done_conversation_section>", "topic": "TALK_FRIEND" },
      { "text": "<end_talking>", "topic": "TALK_DONE" }
    ]
  }
]