[
{
    "id": "BGSS_DWARVEN_CRAFTSMAN_STORY1",
    "type": "talk_topic",
    "dynamic_line": "I was a tradesman, once upon a time. I worked with my parents in their shop, helpin' out. They taught me everything they knew. Well, one day they tell me I'm goin' off to a dwarven city as an apprentice. They already made the arrangements, so I couldn't say nothin.",
    "responses": [
      { "text": "<done_conversation_section>", "topic": "TALK_FRIEND" },
      { "text": "What was it like?", "topic": "BGSS_DWARVEN_CRAFTSMAN_MIDDLE1" },
      { "text": "<end_talking>", "topic": "TALK_DONE" }
    ]
  },
  {
    "id": "BGSS_DWARVEN_CRAFTSMAN_MIDDLE1",
    "type": "talk_topic",
    "dynamic_line": "The old man they sent me out to was a grouch; no fun, couldn't take a joke, that sort of thing. He drilled his craft inta' me, out to shape this, that, and the other thing. He was good at it, too.",
    "responses": [
      { "text": "<done_conversation_section>", "topic": "TALK_FRIEND" },
      { "text": "How did you wind up here?", "topic": "BGSS_DWARVEN_CRAFTSMAN_END1" },
      { "text": "<end_talking>", "topic": "TALK_DONE" }
    ]
  },
{
    "id": "BGSS_DWARVEN_CRAFTSMAN_END1",
    "type": "talk_topic",
    "dynamic_line": "Well, I grew up, and graduated my apprenticeship. I'd spent years bent over a table with a hammer, I wanted somethin' else, to see the world. So, I packed up what belongings I had, and hit the road. The rest is history.",
    "responses": [
      { "text": "<done_conversation_section>", "topic": "TALK_FRIEND" },
      { "text": "<end_talking>", "topic": "TALK_DONE" }
    ]
  }
]