[
 {
    "id": "BGSS_DELTA_FARMER_STORY1",
    "type": "talk_topic",
    "dynamic_line": "I grew up on a small farm, just me, my father, mother and siblings. It was a good life, simple.",
    "responses": [
      { "text": "<done_conversation_section>", "topic": "TALK_FRIEND" },
      { "text": "Go on.", "topic": "BGSS_DELTA_FARMER_MIDDLE1" },
      { "text": "<end_talking>", "topic": "TALK_DONE" }
    ]
  },
 {
    "id": "BGSS_DELTA_FARMER_STORY2",
    "type": "talk_topic",
    "dynamic_line": "I grew up on a small farm, just me, my father, mother and siblings. It was a good life, simple.",
    "responses": [
      { "text": "<done_conversation_section>", "topic": "TALK_FRIEND" },
      { "text": "Go on.", "topic": "BGSS_DELTA_FARMER_MIDDLE2" },
      { "text": "<end_talking>", "topic": "TALK_DONE" }
    ]
  },
 {
    "id": "BGSS_DELTA_FARMER_STORY3",
    "type": "talk_topic",
    "dynamic_line": "I grew up on a large farm, with me, my father, mother and siblings. It was a good life. We employed several fieldhands, and made a great profit from our harvest.",
    "responses": [
      { "text": "<done_conversation_section>", "topic": "TALK_FRIEND" },
      { "text": "Go on.", "topic": "BGSS_DELTA_FARMER_MIDDLE3" },
      { "text": "<end_talking>", "topic": "TALK_DONE" }
    ]
  },
 {
    "id": "BGSS_DELTA_FARMER_MIDDLE1",
    "type": "talk_topic",
    "dynamic_line": "When I grew up, I moved to the city, got a job in the stores. I've lived that way since.",
    "responses": [
      { "text": "<done_conversation_section>", "topic": "TALK_FRIEND" },
      { "text": "<end_talking>", "topic": "TALK_DONE" }
    ]
  },
 {
    "id": "BGSS_DELTA_FARMER_MIDDLE2",
    "type": "talk_topic",
    "dynamic_line": "When I grew up, I moved to the city, got a job in the infirmary. I wanted to be a doctor, and I've lived so since.",
    "responses": [
      { "text": "<done_conversation_section>", "topic": "TALK_FRIEND" },
      { "text": "<end_talking>", "topic": "TALK_DONE" }
    ]
  },
  {
    "id": "BGSS_DELTA_FARMER_MIDDLE3",
    "type": "talk_topic",
    "dynamic_line": "Hard times fell on us, and I had to move. I drifted here, and here I stayed.",
    "responses": [
      { "text": "<done_conversation_section>", "topic": "TALK_FRIEND" },
      { "text": "<end_talking>", "topic": "TALK_DONE" }
    ]
  }
]