[
{
    "type": "mutation",
    "id": "BGSS_Delta_Farmer_1",
    "name": { "str": "Background: Delta Farmer 1" },
    "points": 0,
    "description": "This NPC could tell you about their background.",
	"passive_mods": { "str_mod": 1 },
    "player_display": false,
    "valid": false,
    "purifiable": false,
    "types": [ "BACKGROUND_SURVIVAL_STORY" ],
    "flags": [ "BG_SURVIVAL_STORY" ]
  },
{
    "type": "mutation",
    "id": "BGSS_Delta_Farmer_2",
    "name": { "str": "Background: Delta Farmer 2" },
    "points": 0,
    "description": "This NPC could tell you about their background.",
	"passive_mods": { "str_mod": 1 },
    "player_display": false,
    "valid": false,
    "purifiable": false,
    "types": [ "BACKGROUND_SURVIVAL_STORY" ],
    "flags": [ "BG_SURVIVAL_STORY" ]
  },
{
    "type": "mutation",
    "id": "BGSS_Delta_Farmer_3",
    "name": { "str": "Background: Delta Farmer 3" },
    "points": 0,
    "description": "This NPC could tell you about their background.",
    "passive_mods": { "str_mod": 1 },
    "player_display": false,
    "valid": false,
    "purifiable": false,
    "types": [ "BACKGROUND_SURVIVAL_STORY" ],
    "flags": [ "BG_SURVIVAL_STORY" ]
  },
{
    "type": "mutation",
    "id": "BGSS_Acolyte_1",
    "name": { "str": "Background: Acolyte 1" },
    "points": 0,
    "description": "This NPC could tell you about their background.",
    "passive_mods": { "dex_mod": 1, "int_mod": 1 },
    "craft_skill_bonus": [ [ "faith", 2 ] ],
    "player_display": false,
    "valid": false,
    "purifiable": false,
    "types": [ "BACKGROUND_SURVIVAL_STORY" ],
    "flags": [ "BG_SURVIVAL_STORY" ]
  },
{
    "type": "mutation",
    "id": "BGSS_Acolyte_2",
    "name": { "str": "Background: Acolyte 2" },
    "points": 0,
    "description": "This NPC could tell you about their background.",
    "passive_mods": { "dex_mod": 1, "int_mod": 1 },
    "craft_skill_bonus": [ [ "faith", 2 ] ],
    "player_display": false,
    "valid": false,
    "purifiable": false,
    "types": [ "BACKGROUND_SURVIVAL_STORY" ],
    "flags": [ "BG_SURVIVAL_STORY" ]
  },
{
    "type": "mutation",
    "id": "BGSS_Anthroplogist_1",
    "name": { "str": "Background: Anthroplogist 1" },
    "points": 0,
    "description": "This NPC could tell you about their background.",
    "passive_mods": { "dex_mod": 1, "str_mod": 1 },
    "player_display": false,
    "valid": false,
    "purifiable": false,
    "types": [ "BACKGROUND_SURVIVAL_STORY" ],
    "flags": [ "BG_SURVIVAL_STORY" ]
  },
{
    "type": "mutation",
    "id": "BGSS_Anthroplogist_2",
    "name": { "str": "Background: Anthroplogist 2" },
    "points": 0,
    "description": "This NPC could tell you about their background.",
    "passive_mods": { "dex_mod": 1, "str_mod": 1 },
    "player_display": false,
    "valid": false,
    "purifiable": false,
    "types": [ "BACKGROUND_SURVIVAL_STORY" ],
    "flags": [ "BG_SURVIVAL_STORY" ]
  },
{
    "type": "mutation",
    "id": "BGSS_Archaeologist_1",
    "name": { "str": "Background: Archaeologist 1" },
    "points": 0,
    "description": "This NPC could tell you about their background.",
    "passive_mods": { "dex_mod": 1, "str_mod": 1 },
    "player_display": false,
    "valid": false,
    "purifiable": false,
    "types": [ "BACKGROUND_SURVIVAL_STORY" ],
    "flags": [ "BG_SURVIVAL_STORY" ]
  },
{
    "type": "mutation",
    "id": "BGSS_Archaeologist_2",
    "name": { "str": "Background: Archaeologist 2" },
    "points": 0,
    "description": "This NPC could tell you about their background.",
    "passive_mods": { "dex_mod": 1, "str_mod": 1 },
    "player_display": false,
    "valid": false,
    "purifiable": false,
    "types": [ "BACKGROUND_SURVIVAL_STORY" ],
    "flags": [ "BG_SURVIVAL_STORY" ]
  },
{
    "type": "mutation",
    "id": "BGSS_Charlatan_1",
    "name": { "str": "Background: Charlatan 1" },
    "points": 0,
    "description": "This NPC could tell you about their background.",
    "passive_mods": { "dex_mod": 1, "per_mod": 1 }, 
    "social_modifiers": { "lie": 10 },
    "player_display": false,
    "valid": false,
    "purifiable": false,
    "types": [ "BACKGROUND_SURVIVAL_STORY" ],
    "flags": [ "BG_SURVIVAL_STORY" ]
  },
{
    "type": "mutation",
    "id": "BGSS_City_Watch_1",
    "name": { "str": "Background: City Watch 1" },
    "points": 0,
    "description": "This NPC could tell you about their background.",
    "cut_dmg_bonus": 3,
    "bash_dmg_bonus": 3,
    "pierce_dmg_bonus": 3,
    "passive_mods": { "str_mod": 1 }, 
    "social_modifiers": { "intimidate": 10 },
    "player_display": false,
    "valid": false,
    "purifiable": false,
    "types": [ "BACKGROUND_SURVIVAL_STORY" ],
    "flags": [ "BG_SURVIVAL_STORY" ]
  },
{
    "type": "mutation",
    "id": "BGSS_Dwarf_Crafter_1",
    "name": { "str": "Background: Dwarven Craftsman 1" },
    "points": 0,
    "description": "This NPC could tell you about their background.",
    "passive_mods": { "str_mod": 1, "per_mod": 1 }, 
    "craft_skill_bonus": [ [ "fabrication", 4 ] ],
    "player_display": false,
    "valid": false,
    "purifiable": false,
    "types": [ "BACKGROUND_SURVIVAL_STORY" ],
    "flags": [ "BG_SURVIVAL_STORY" ]
  },
{
    "type": "mutation",
    "id": "BGSS_Scholar_1",
    "name": { "str": "Background: Scholar 1" },
    "points": 0,
    "description": "This NPC could tell you about their background.",
     "passive_mods": { "int_mod": 1, "per_mod": 1 }, 
    "player_display": false,
    "valid": false,
    "purifiable": false,
    "types": [ "BACKGROUND_SURVIVAL_STORY" ],
    "flags": [ "BG_SURVIVAL_STORY" ]
  },
{
    "type": "mutation",
    "id": "BGSS_Criminal_1",
    "name": { "str": "Background: Criminal 1" },
    "points": 0,
    "description": "This NPC could tell you about their background.",
    "passive_mods": { "dex_mod": 1, "per_mod": 1 }, 
    "craft_skill_bonus": [ [ "dodge", 2 ] ],
    "social_modifiers": { "lie": 10 },
    "player_display": false,
    "valid": false,
    "purifiable": false,
    "types": [ "BACKGROUND_SURVIVAL_STORY" ],
    "flags": [ "BG_SURVIVAL_STORY" ]
  },
{
    "type": "mutation",
    "id": "BGSS_Entertainer_1",
    "name": { "str": "Background: Entertainer 1" },
    "points": 0,
    "description": "This NPC could tell you about their background.",
    "passive_mods": { "dex_mod": 1, "per_mod": 1 }, 
    "social_modifiers": { "persuade": 10 },
    "player_display": false,
    "valid": false,
    "purifiable": false,
    "types": [ "BACKGROUND_SURVIVAL_STORY" ],
    "flags": [ "BG_SURVIVAL_STORY" ]
  }
]