[
{
    "//": "These are backgrounds for the player character, meant to allow unique histories and possible NPC interaction.",
    "type": "mutation",
    "id": "MTC_ACOLYTE",
    "name": "Acolyte",
    "points": 0,
    "description": "You were an acolyte at one of the temples scattered across the world. You act as an intermediary between the gods and mortal world, performing ceremonies or divine rites. However, there is a difference between this and channeling divine power, as clerics do.",
    "passive_mods": { "dex_mod": 1, "int_mod": 1 },
    "craft_skill_bonus": [ [ "faith", 2 ] ],
    "cancels": [ "MTC_ANTROPOLOGIST", "MTC_WIZARD", "MTC_ARCHAEOLOGIST", "MTC_ENTERTAINER", "MTC_CHARLATAN", "MTC_CITY_WATCH", "MTC_DELTA_FARMER", "MTC_DWARF_CRAFTER", "MTC_SCHOLAR", "MTC_CRIMINAL" ],
    "valid": false,
    "starting_trait": true,
    "purifiable": false
  },
{
    "type": "mutation",
    "id": "MTC_ANTROPOLOGIST",
    "name": "Anthroplogist",
    "points": 0,
    "description": "You were an anthroplogist, always having a fascination with other cultures, lost or modern. By studying various civilizations around the world, you have learned much as to how they work; through books, scrolls, and firsthand observation.",
    "passive_mods": { "dex_mod": 1, "str_mod": 1 },
    "cancels": [ "MTC_ACOLYTE", "MTC_WIZARD", "MTC_ARCHAEOLOGIST", "MTC_ENTERTAINER", "MTC_CHARLATAN", "MTC_CITY_WATCH", "MTC_DELTA_FARMER", "MTC_DWARF_CRAFTER", "MTC_SCHOLAR", "MTC_CRIMINAL" ],
    "valid": false,
    "starting_trait": true,
    "purifiable": false
  },
{
    "type": "mutation",
    "id": "MTC_ARCHAEOLOGIST",
    "name": "Archaeologist",
    "points": 0,
    "description": "You were an archaeologist; plumping old mines, tombs, and ruins for tresure and knowledge upon the events of the past, such as religions or cataclysms.",
    "passive_mods": { "dex_mod": 1, "str_mod": 1 },
    "cancels": [ "MTC_ACOLYTE", "MTC_WIZARD", "MTC_ANTROPOLOGIST", "MTC_ENTERTAINER", "MTC_CHARLATAN", "MTC_CITY_WATCH", "MTC_DELTA_FARMER", "MTC_DWARF_CRAFTER", "MTC_SCHOLAR", "MTC_CRIMINAL" ],
    "valid": false,
    "starting_trait": true,
    "purifiable": false
  },
{
    "type": "mutation",
    "id": "MTC_CHARLATAN",
    "name": "Charlatan",
    "points": 0,
    "description": "You were a charlatan, traveling about to commit various get-rich-quick schemes. Cheating games of chance, touting useless junk as valubles, or assuming false identities.",
    "passive_mods": { "dex_mod": 1, "per_mod": 1 }, 
    "social_modifiers": { "lie": 10 },
    "cancels": [ "MTC_ACOLYTE", "MTC_WIZARD", "MTC_ANTROPOLOGIST", "MTC_ENTERTAINER", "MTC_ARCHAEOLOGIST", "MTC_CITY_WATCH", "MTC_DELTA_FARMER", "MTC_DWARF_CRAFTER", "MTC_SCHOLAR", "MTC_CRIMINAL" ],
    "valid": false,
    "starting_trait": true,
    "purifiable": false
  },
{
    "type": "mutation",
    "id": "MTC_CITY_WATCH",
    "name": "City Watch",
    "points": 0,
    "description": "You were part of the city watch, the first line of defense against crime. You weren't a soilder; insetad policing your hometown, protecting its citizens from crime or mallace of any type.",
    "cut_dmg_bonus": 3,
    "bash_dmg_bonus": 3,
    "pierce_dmg_bonus": 3,
    "passive_mods": { "str_mod": 1 }, 
    "social_modifiers": { "intimidate": 10 },
    "cancels": [ "MTC_ACOLYTE", "MTC_WIZARD", "MTC_ANTROPOLOGIST", "MTC_ENTERTAINER", "MTC_ARCHAEOLOGIST", "MTC_DELTA_FARMER", "MTC_CHARLATAN", "MTC_DWARF_CRAFTER", "MTC_SCHOLAR", "MTC_CRIMINAL" ],
    "valid": false,
    "starting_trait": true,
    "purifiable": false
  },
{
    "type": "mutation",
    "id": "MTC_DWARF_CRAFTER",
    "name": "Dwarven Craftsman",
    "points": 0,
    "description": "You were the apprintice of a dwarven craftsman, enduring years of hard labor and education to achieve the skills you have today. You are not nessisarily a dwarf, as some clans take on apprenitces of other races.",
    "passive_mods": { "str_mod": 1, "per_mod": 1 }, 
    "craft_skill_bonus": [ [ "fabrication", 4 ] ],
    "cancels": [ "MTC_ACOLYTE", "MTC_WIZARD", "MTC_ANTROPOLOGIST", "MTC_ENTERTAINER", "MTC_ARCHAEOLOGIST", "MTC_DELTA_FARMER", "MTC_CHARLATAN", "MTC_CITY_WATCH", "MTC_SCHOLAR", "MTC_CRIMINAL" ],
    "valid": false,
    "starting_trait": true,
    "purifiable": false
  },
{
    "type": "mutation",
    "id": "MTC_SCHOLAR",
    "name": "Scholar",
    "points": 0,
    "description": "As a child, you were always inquisitive, and found your way to one of the higher institutions of learning.",
    "passive_mods": { "int_mod": 1, "per_mod": 1 }, 
    "cancels": [ "MTC_ACOLYTE", "MTC_WIZARD", "MTC_ANTROPOLOGIST", "MTC_ENTERTAINER", "MTC_DELTA_FARMER", "MTC_ARCHAEOLOGIST", "MTC_CHARLATAN", "MTC_CITY_WATCH", "MTC_DWARF_CRAFTER", "MTC_CRIMINAL" ],
    "valid": false,
    "starting_trait": true,
    "purifiable": false
  },
{
    "type": "mutation",
    "id": "MTC_CRIMINAL",
    "name": "Criminal",
    "points": 0,
    "description": "You were an experienced criminal skilled at the violation of the law. You have spent a lot of time amongst shady characters; close to murder, theft, and extortion.",
    "passive_mods": { "dex_mod": 1, "per_mod": 1 }, 
    "craft_skill_bonus": [ [ "dodge", 2 ] ],
    "social_modifiers": { "lie": 10 },
    "cancels": [ "MTC_ACOLYTE", "MTC_WIZARD", "MTC_ANTROPOLOGIST", "MTC_ENTERTAINER", "MTC_DELTA_FARMER", "MTC_ARCHAEOLOGIST", "MTC_CHARLATAN", "MTC_CITY_WATCH", "MTC_DWARF_CRAFTER", "MTC_SCHOLAR" ],
    "valid": false,
    "starting_trait": true,
    "purifiable": false
  },
{
    "type": "mutation",
    "id": "MTC_ENTERTAINER",
    "name": "Entertainer",
    "points": 0,
    "description": "You thrived in front of an audience, lived for the stage. You know what people find humorous, entertaining, and know just what to say.",
    "passive_mods": { "dex_mod": 1, "per_mod": 1 }, 
    "social_modifiers": { "persuade": 10 },
    "cancels": [ "MTC_ACOLYTE", "MTC_WIZARD", "MTC_ANTROPOLOGIST", "MTC_ARCHAEOLOGIST", "MTC_CHARLATAN", "MTC_CITY_WATCH", "MTC_DWARF_CRAFTER", "MTC_SCHOLAR", "MTC_CRIMINAL", "MTC_DELTA_FARMER" ],
    "valid": false,
    "starting_trait": true,
    "purifiable": false
  },
{
    "type": "mutation",
    "id": "MTC_DELTA_FARMER",
    "name": "Delta Farmer",
    "points": 0,
    "description": "You were a farmer, living with your livestock and crops. You lived through good and bad times, but you made it.",
    "passive_mods": { "str_mod": 1 },
    "cancels": [ "MTC_ACOLYTE", "MTC_WIZARD", "MTC_ANTROPOLOGIST", "MTC_ARCHAEOLOGIST", "MTC_ENTERTAINER", "MTC_CHARLATAN", "MTC_CITY_WATCH", "MTC_DWARF_CRAFTER", "MTC_SCHOLAR", "MTC_CRIMINAL" ],
    "valid": false,
    "starting_trait": true,
    "purifiable": false
  },
{
    "type": "mutation",
    "id": "MTC_WIZARD",
    "name": "Wizard",
    "points": 0,
    "description": "You were a novice mage once, studying the intricacies of the arcane. You knew magic was meant for you.",
    "passive_mods": { "int_mod": 1 }, 
    "spells_learned": [ [ "firebolt", 1 ], [ "mu_spell_cantrip", 1 ] ],
    "cancels": [ "MTC_ACOLYTE", "MTC_SCHOLAR", "MTC_ANTROPOLOGIST", "MTC_ENTERTAINER", "MTC_DELTA_FARMER", "MTC_ARCHAEOLOGIST", "MTC_CHARLATAN", "MTC_CITY_WATCH", "MTC_DWARF_CRAFTER", "MTC_CRIMINAL" ],
    "valid": false,
    "starting_trait": true,
    "purifiable": false
  }
]