[
{
    "type": "GENERIC",
    "id": "chunk_iron_ore",
    "category": "spare_parts",
    "price": 1000,
    "name": { "str": "chunk of iron ore", "str_pl": "chunks of iron ore" },
    "symbol": "*",
    "color": "black",
    "description": "A chunk of raw iron ore. This is usually melted down for its precious metal, but could be used for other things.",
    "material": "stone",
    "volume": "1 L",
    "weight": "5040 g",
    "bashing": 2
  },
{
    "type": "GENERIC",
    "id": "chunk_copper_ore",
    "category": "spare_parts",
    "price": 1000,
    "name": { "str": "chunk of copper ore", "str_pl": "chunks of copper ore" },
    "symbol": "*",
    "color": "light_red",
    "description": "A chunk of raw copper ore. This is usually melted down for its precious metal, though could be used for other things.",
    "material": "copper",
    "volume": "1 L",
    "weight": "8960 g",
    "bashing": 2
  },
  {
    "type": "GENERIC",
    "id": "chunk_silver_ore",
    "category": "spare_parts",
    "price": 5000,
    "name": { "str": "chunk of silver ore", "str_pl": "chunks of silver ore" },
    "symbol": "*",
    "color": "light_gray",
    "description": "A chunk of raw silver ore. This is usually melted down for its precious metal, though could be used for other things.",
    "material": "silver",
    "volume": "1 L",
    "weight": "10490 g",
    "bashing": 3
  } 
]