[
  {
    "type": "GENERIC",
    "id": "longsword+3",
    "copy-from": "longsword",
    "looks_like": "longsword",
    "name": "longsword+++",
    "proportional": { "price": 1.6, "bashing": 1.6, "cutting": 1.6 }
  },
  {
    "type": "GENERIC",
    "id": "wood_sword+3",
    "copy-from": "sword_wood",
    "looks_like": "sword_wood",
    "name": "wooden sword+++",
    "proportional": { "price": 1.6, "bashing": 1.6, "cutting": 1.6 }
  },
  {
    "type": "GENERIC",
    "id": "makeshift_knife+3",
    "copy-from": "makeshift_knife",
    "looks_like": "makeshift_knife",
    "name": "makeshift knife+++",
    "proportional": { "price": 1.6, "bashing": 1.6, "cutting": 1.6 }
  },
  {
    "type": "GENERIC",
    "id": "knife_baselard+3",
    "copy-from": "knife_baselard",
    "looks_like": "knife_baselard",
    "name": "baselard+++",
    "proportional": { "price": 1.6, "bashing": 1.6, "cutting": 1.6 }
  },
  {
    "type": "GENERIC",
    "id": "machete+3",
    "copy-from": "machete",
    "looks_like": "machete",
    "name": "machete+++",
    "proportional": { "price": 1.6, "bashing": 1.6, "cutting": 1.6 }
  },
  {
    "type": "GENERIC",
    "id": "cavalry_sabre+3",
    "copy-from": "cavalry_sabre",
    "looks_like": "cavalry_sabre",
    "name": "cavalry sabre+++",
    "proportional": { "price": 1.6, "bashing": 1.6, "cutting": 1.6 }
  },
  {
    "type": "GENERIC",
    "id": "kris+3",
    "copy-from": "kris",
    "looks_like": "kris",
    "name": "kirs+++",
    "proportional": { "price": 1.6, "bashing": 1.6, "cutting": 1.6 }
  },
  {
    "type": "GENERIC",
    "id": "kukri+3",
    "copy-from": "kukri",
    "looks_like": "kukri",
    "name": "kukri+++",
    "proportional": { "price": 1.6, "bashing": 1.6, "cutting": 1.6 }
  },
  {
    "type": "GENERIC",
    "id": "jian+3",
    "copy-from": "jian",
    "looks_like": "jian",
    "name": "jian+++",
    "proportional": { "price": 1.6, "bashing": 1.6, "cutting": 1.6 }
  },
  {
    "type": "GENERIC",
    "id": "scimitar+3",
    "copy-from": "scimitar",
    "looks_like": "scimitar",
    "name": "scimitar+++",
    "proportional": { "price": 1.6, "bashing": 1.6, "cutting": 1.6 }
  },
  {
    "type": "GENERIC",
    "id": "estoc+3",
    "copy-from": "estoc",
    "looks_like": "estoc",
    "name": "estoc+++",
    "proportional": { "price": 1.6, "bashing": 1.6, "cutting": 1.6 }
  },
  {
    "type": "GENERIC",
    "id": "arming_sword+3",
    "copy-from": "arming_sword",
    "looks_like": "arming_sword",
    "name": "arming sword+++",
    "proportional": { "price": 1.6, "bashing": 1.6, "cutting": 1.6 }
  },
  {
    "type": "GENERIC",
    "id": "tanto+3",
    "copy-from": "tanto",
    "looks_like": "tanto",
    "name": "tanto+++",
    "proportional": { "price": 1.6, "bashing": 1.6, "cutting": 1.6 }
  },
  {
    "type": "GENERIC",
    "id": "wakizashi+3",
    "copy-from": "wakizashi",
    "looks_like": "wakizashi",
    "name": "wakizashi+++",
    "proportional": { "price": 1.6, "bashing": 1.6, "cutting": 1.6 }
  },
  {
    "type": "GENERIC",
    "id": "zweihander+3",
    "copy-from": "zweihander",
    "looks_like": "zweihander",
    "name": "zweihander+++",
    "proportional": { "price": 1.6, "bashing": 1.6, "cutting": 1.6 }
  },
  {
    "type": "GENERIC",
    "id": "nodachi+3",
    "copy-from": "nodachi",
    "looks_like": "nodachi",
    "name": "nodachi+++",
    "proportional": { "price": 1.6, "bashing": 1.6, "cutting": 1.6 }
  },
  {
    "type": "GENERIC",
    "id": "broadsword+3",
    "copy-from": "broadsword",
    "looks_like": "broadsword",
    "name": "broadsword+++",
    "proportional": { "price": 1.6, "bashing": 1.6, "cutting": 1.6 }
  },
  {
    "type": "GENERIC",
    "id": "rapier+3",
    "copy-from": "rapier",
    "looks_like": "rapier",
    "name": "rapier+++",
    "proportional": { "price": 1.6, "bashing": 1.6, "cutting": 1.6 }
  },
  {
    "type": "GENERIC",
    "id": "katana+3",
    "copy-from": "katana",
    "looks_like": "katana",
    "name": "katana+++",
    "proportional": { "price": 1.6, "bashing": 1.6, "cutting": 1.6 }
  },
  {
    "type": "GENERIC",
    "id": "butterfly_swords+3",
    "copy-from": "butterfly_swords",
    "looks_like": "butterfly_swords",
    "name": "butterfly swords+++",
    "proportional": { "price": 1.6, "bashing": 1.6, "cutting": 1.6 }
  },
  {
    "type": "GENERIC",
    "id": "cutlass+3",
    "copy-from": "cutlass",
    "looks_like": "cutlass",
    "name": "cutlass+++",
    "proportional": { "price": 1.6, "bashing": 1.6, "cutting": 1.6 }
  },
  {
    "type": "GENERIC",
    "id": "lajatang+3",
    "copy-from": "lajatang",
    "looks_like": "lajatang",
    "name": "lajatang+++",
    "proportional": { "price": 1.6, "bashing": 1.6, "cutting": 1.6 }
  },
  {
    "type": "GENERIC",
    "id": "war_flail+3",
    "copy-from": "2h_flail_steel",
    "looks_like": "2h_flail_steel",
    "name": "war flail+++",
    "proportional": { "price": 1.6, "bashing": 1.6, "cutting": 1.6 }
  },
  {
    "type": "GENERIC",
    "id": "peasant_flail+3",
    "copy-from": "2h_flail_wood",
    "looks_like": "2h_flail_wood",
    "name": "peasant flail+++",
    "proportional": { "price": 1.6, "bashing": 1.6, "cutting": 1.6 }
  },
  {
    "type": "GENERIC",
    "id": "battleaxe+3",
    "copy-from": "battleaxe",
    "looks_like": "battleaxe",
    "name": "battleaxe+++",
    "proportional": { "price": 1.6, "bashing": 1.6, "cutting": 1.6 }
  },
  {
    "type": "GENERIC",
    "id": "bokken+3",
    "copy-from": "bokken",
    "looks_like": "bokken",
    "name": "bokken+++",
    "proportional": { "price": 1.6, "bashing": 1.6, "cutting": 1.6 }
  },
  {
    "type": "GENERIC",
    "id": "cudgel+3",
    "copy-from": "cudgel",
    "looks_like": "cudgel",
    "name": "cudgel+++",
    "proportional": { "price": 1.6, "bashing": 1.6, "cutting": 1.6 }
  },
  {
    "type": "GENERIC",
    "id": "hammer_sledge+3",
    "copy-from": "hammer_sledge",
    "looks_like": "hammer_sledge",
    "name": "sledge hammer+++",
    "proportional": { "price": 1.6, "bashing": 1.6, "cutting": 1.6 }
  },
  {
    "type": "GENERIC",
    "id": "lucern_hammer+3",
    "copy-from": "lucern_hammer",
    "looks_like": "lucern_hammer",
    "name": "lucern hammer+++",
    "proportional": { "price": 1.6, "bashing": 1.6, "cutting": 1.6 }
  },
  {
    "type": "GENERIC",
    "id": "mace+3",
    "copy-from": "mace",
    "looks_like": "mace",
    "name": "mace+++",
    "proportional": { "price": 1.6, "bashing": 1.6, "cutting": 1.6 }
  },
  {
    "type": "GENERIC",
    "id": "morningstar+3",
    "copy-from": "morningstar",
    "looks_like": "morningstar",
    "name": "morningstar+++",
    "proportional": { "price": 1.6, "bashing": 1.6, "cutting": 1.6 }
  },
  {
    "type": "GENERIC",
    "id": "q_staff+3",
    "copy-from": "q_staff",
    "looks_like": "q_staff",
    "name": "quarterstaff+++",
    "proportional": { "price": 1.6, "bashing": 1.6, "cutting": 1.6 }
  },
  {
    "type": "GENERIC",
    "id": "shillelagh+3",
    "copy-from": "shillelagh",
    "looks_like": "shillelagh",
    "name": "shillelagh+++",
    "proportional": { "price": 1.6, "bashing": 1.6, "cutting": 1.6 }
  },
  {
    "type": "GENERIC",
    "id": "tonfa_wood+3",
    "copy-from": "tonfa_wood",
    "looks_like": "tonfa_wood",
    "name": "tonfa+++",
    "proportional": { "price": 1.6, "bashing": 1.6, "cutting": 1.6 }
  },
  {
    "type": "GENERIC",
    "id": "warhammer+3",
    "copy-from": "warhammer",
    "looks_like": "warhammer",
    "name": "war hammer+++",
    "proportional": { "price": 1.6, "bashing": 1.6, "cutting": 1.6 }
  },
  {
    "type": "GENERIC",
    "id": "pitchfork+3",
    "copy-from": "pitchfork",
    "looks_like": "pitchfork",
    "name": "pitchfork+++",
    "proportional": { "price": 1.6, "bashing": 1.6, "cutting": 1.6 }
  },
  {
    "type": "GENERIC",
    "id": "spear_steel+3",
    "copy-from": "spear_steel",
    "looks_like": "spear_steel",
    "name": "spear+++",
    "proportional": { "price": 1.6, "bashing": 1.6, "cutting": 1.6 }
  },
  {
    "type": "GENERIC",
    "id": "qiang+3",
    "copy-from": "qiang",
    "looks_like": "qiang",
    "name": "qiang+++",
    "proportional": { "price": 1.6, "bashing": 1.6, "cutting": 1.6 }
  },
  {
    "type": "GENERIC",
    "id": "halberd+3",
    "copy-from": "halberd",
    "looks_like": "halberd",
    "name": "halberd+++",
    "proportional": { "price": 1.6, "bashing": 1.6, "cutting": 1.6 }
  },
  {
    "type": "GENERIC",
    "id": "glaive+3",
    "copy-from": "glaive",
    "looks_like": "glaive",
    "name": "glave+++",
    "proportional": { "price": 1.6, "bashing": 1.6, "cutting": 1.6 }
  },
  {
    "type": "GENERIC",
    "id": "naginata+3",
    "copy-from": "naginata",
    "looks_like": "naginata",
    "name": "naginata+++",
    "proportional": { "price": 1.6, "bashing": 1.6, "cutting": 1.6 }
  },
  {
    "type": "GENERIC",
    "id": "pike+3",
    "copy-from": "pike",
    "looks_like": "pike",
    "name": "pike+++",
    "proportional": { "price": 1.6, "bashing": 1.6, "cutting": 1.6 }
  },
  {
    "type": "GENERIC",
    "id": "bagh_nakha+3",
    "copy-from": "bagh_nakha",
    "looks_like": "bagh_nakha",
    "name": "tiger claws+++",
    "proportional": { "price": 1.6, "bashing": 1.6, "cutting": 1.6 }
  },
  {
    "type": "GENERIC",
    "id": "cestus+3",
    "copy-from": "cestus",
    "looks_like": "cestus",
    "name": { "str": "cestus+++", "str_pl": "cestuses+++" },
    "proportional": { "price": 1.6, "bashing": 1.6, "cutting": 1.6 }
  },
  {
    "type": "GENERIC",
    "id": "knuckle_brass+3",
    "copy-from": "knuckle_brass",
    "looks_like": "knuckle_brass",
    "name": { "str": "pair of brass knuckles+++", "str_pl": "pairs of brass knuckles+++" },
    "proportional": { "price": 1.6, "bashing": 1.6, "cutting": 1.6 }
  },
  {
    "type": "GENERIC",
    "id": "punch_dagger+3",
    "copy-from": "punch_dagger",
    "looks_like": "punch_dagger",
    "name": "punch dagger+++",
    "proportional": { "price": 1.6, "bashing": 1.6, "cutting": 1.6 }
  }
]