[
  {
    "type": "GENERIC",
    "id": "longsword+5",
    "copy-from": "longsword",
    "looks_like": "longsword",
    "name": "longsword+++++",
    "proportional": { "price": 2, "bashing": 2, "cutting": 2 }
  },
  {
    "type": "GENERIC",
    "id": "wood_sword+5",
    "copy-from": "sword_wood",
    "looks_like": "sword_wood",
    "name": "wooden sword+++++",
    "proportional": { "price": 2, "bashing": 2, "cutting": 2 }
  },
  {
    "type": "GENERIC",
    "id": "makeshift_knife+5",
    "copy-from": "makeshift_knife",
    "looks_like": "makeshift_knife",
    "name": "makeshift knife+++++",
    "proportional": { "price": 2, "bashing": 2, "cutting": 2 }
  },
  {
    "type": "GENERIC",
    "id": "knife_baselard+5",
    "copy-from": "knife_baselard",
    "looks_like": "knife_baselard",
    "name": "baselard+++++",
    "proportional": { "price": 2, "bashing": 2, "cutting": 2 }
  },
  {
    "type": "GENERIC",
    "id": "machete+5",
    "copy-from": "machete",
    "looks_like": "machete",
    "name": "machete++++",
    "proportional": { "price": 1.8, "bashing": 1.8, "cutting": 1.8 }
  },
  {
    "type": "GENERIC",
    "id": "cavalry_sabre+5",
    "copy-from": "cavalry_sabre",
    "looks_like": "cavalry_sabre",
    "name": "cavalry sabre+++++",
    "proportional": { "price": 2, "bashing": 2, "cutting": 2 }
  },
  {
    "type": "GENERIC",
    "id": "kris+5",
    "copy-from": "kris",
    "looks_like": "kris",
    "name": "kirs+++++",
    "proportional": { "price": 2, "bashing": 2, "cutting": 2 }
  },
  {
    "type": "GENERIC",
    "id": "kukri+5",
    "copy-from": "kukri",
    "looks_like": "kukri",
    "name": "kukri+++++",
    "proportional": { "price": 2, "bashing": 2, "cutting": 2 }
  },
  {
    "type": "GENERIC",
    "id": "jian+5",
    "copy-from": "jian",
    "looks_like": "jian",
    "name": "jian+++++",
    "proportional": { "price": 2, "bashing": 2, "cutting": 2 }
  },
  {
    "type": "GENERIC",
    "id": "scimitar+5",
    "copy-from": "scimitar",
    "looks_like": "scimitar",
    "name": "scimitar+++++",
    "proportional": { "price": 2, "bashing": 2, "cutting": 2 }
  },
  {
    "type": "GENERIC",
    "id": "estoc+5",
    "copy-from": "estoc",
    "looks_like": "estoc",
    "name": "estoc+++++",
    "proportional": { "price": 2, "bashing": 2, "cutting": 2 }
  },
  {
    "type": "GENERIC",
    "id": "arming_sword+5",
    "copy-from": "arming_sword",
    "looks_like": "arming_sword",
    "name": "arming sword+++++",
    "proportional": { "price": 2, "bashing": 2, "cutting": 2 }
  },
  {
    "type": "GENERIC",
    "id": "tanto+5",
    "copy-from": "tanto",
    "looks_like": "tanto",
    "name": "tanto+++++",
    "proportional": { "price": 2, "bashing": 2, "cutting": 2 }
  },
  {
    "type": "GENERIC",
    "id": "wakizashi+5",
    "copy-from": "wakizashi",
    "looks_like": "wakizashi",
    "name": "wakizashi+++++",
    "proportional": { "price": 2, "bashing": 2, "cutting": 2 }
  },
  {
    "type": "GENERIC",
    "id": "zweihander+5",
    "copy-from": "zweihander",
    "looks_like": "zweihander",
    "name": "zweihander+++++",
    "proportional": { "price": 2, "bashing": 2, "cutting": 2 }
  },
  {
    "type": "GENERIC",
    "id": "nodachi+5",
    "copy-from": "nodachi",
    "looks_like": "nodachi",
    "name": "nodachi+++++",
    "proportional": { "price": 2, "bashing": 2, "cutting": 2 }
  },
  {
    "type": "GENERIC",
    "id": "broadsword+5",
    "copy-from": "broadsword",
    "looks_like": "broadsword",
    "name": "broadsword+++++",
    "proportional": { "price": 2, "bashing": 2, "cutting": 2 }
  },
  {
    "type": "GENERIC",
    "id": "rapier+5",
    "copy-from": "rapier",
    "looks_like": "rapier",
    "name": "rapier+++++",
    "proportional": { "price": 2, "bashing": 2, "cutting": 2 }
  },
  {
    "type": "GENERIC",
    "id": "katana+5",
    "copy-from": "katana",
    "looks_like": "katana",
    "name": "katana+++++",
    "proportional": { "price": 2, "bashing": 2, "cutting": 2 }
  },
  {
    "type": "GENERIC",
    "id": "butterfly_swords+5",
    "copy-from": "butterfly_swords",
    "looks_like": "butterfly_swords",
    "name": "butterfly swords+++++",
    "proportional": { "price": 2, "bashing": 2, "cutting": 2 }
  },
  {
    "type": "GENERIC",
    "id": "cutlass+5",
    "copy-from": "cutlass",
    "looks_like": "cutlass",
    "name": "cutlass+++++",
    "proportional": { "price": 2, "bashing": 2, "cutting": 2 }
  },
  {
    "type": "GENERIC",
    "id": "lajatang+5",
    "copy-from": "lajatang",
    "looks_like": "lajatang",
    "name": "lajatang+++++",
    "proportional": { "price": 2, "bashing": 2, "cutting": 2 }
  },
  {
    "type": "GENERIC",
    "id": "war_flail+5",
    "copy-from": "2h_flail_steel",
    "looks_like": "2h_flail_steel",
    "name": "war flail+++++",
    "proportional": { "price": 2, "bashing": 2, "cutting": 2 }
  },
  {
    "type": "GENERIC",
    "id": "peasant_flail+5",
    "copy-from": "2h_flail_wood",
    "looks_like": "2h_flail_wood",
    "name": "peasant flail+++++",
    "proportional": { "price": 2, "bashing": 2, "cutting": 2 }
  },
  {
    "type": "GENERIC",
    "id": "battleaxe+5",
    "copy-from": "battleaxe",
    "looks_like": "battleaxe",
    "name": "battleaxe+++++",
    "proportional": { "price": 2, "bashing": 2, "cutting": 2 }
  },
  {
    "type": "GENERIC",
    "id": "bokken+5",
    "copy-from": "bokken",
    "looks_like": "bokken",
    "name": "bokken+++++",
    "proportional": { "price": 2, "bashing": 2, "cutting": 2 }
  },
  {
    "type": "GENERIC",
    "id": "cudgel+5",
    "copy-from": "cudgel",
    "looks_like": "cudgel",
    "name": "cudgel+++++",
    "proportional": { "price": 2, "bashing": 2, "cutting": 2 }
  },
  {
    "type": "GENERIC",
    "id": "hammer_sledge+5",
    "copy-from": "hammer_sledge",
    "looks_like": "hammer_sledge",
    "name": "sledge hammer+++++",
    "proportional": { "price": 2, "bashing": 2, "cutting": 2 }
  },
  {
    "type": "GENERIC",
    "id": "lucern_hammer+5",
    "copy-from": "lucern_hammer",
    "looks_like": "lucern_hammer",
    "name": "lucern hammer+++++",
    "proportional": { "price": 2, "bashing": 2, "cutting": 2 }
  },
  {
    "type": "GENERIC",
    "id": "mace+5",
    "copy-from": "mace",
    "looks_like": "mace",
    "name": "mace+++++",
    "proportional": { "price": 2, "bashing": 2, "cutting": 2 }
  },
  {
    "type": "GENERIC",
    "id": "morningstar+5",
    "copy-from": "morningstar",
    "looks_like": "morningstar",
    "name": "morningstar+++++",
    "proportional": { "price": 2, "bashing": 2, "cutting": 2 }
  },
  {
    "type": "GENERIC",
    "id": "q_staff+5",
    "copy-from": "q_staff",
    "looks_like": "q_staff",
    "name": "quarterstaff+++++",
    "proportional": { "price": 2, "bashing": 2, "cutting": 2 }
  },
  {
    "type": "GENERIC",
    "id": "shillelagh+5",
    "copy-from": "shillelagh",
    "looks_like": "shillelagh",
    "name": "shillelagh+++++",
    "proportional": { "price": 2, "bashing": 2, "cutting": 2 }
  },
  {
    "type": "GENERIC",
    "id": "tonfa_wood+5",
    "copy-from": "tonfa_wood",
    "looks_like": "tonfa_wood",
    "name": "tonfa+++++",
    "proportional": { "price": 2, "bashing": 2, "cutting": 2 }
  },
  {
    "type": "GENERIC",
    "id": "warhammer+5",
    "copy-from": "warhammer",
    "looks_like": "warhammer",
    "name": "war hammer+++++",
    "proportional": { "price": 2, "bashing": 2, "cutting": 2 }
  },
  {
    "type": "GENERIC",
    "id": "pitchfork+5",
    "copy-from": "pitchfork",
    "looks_like": "pitchfork",
    "name": "pitchfork+++++",
    "proportional": { "price": 2, "bashing": 2, "cutting": 2 }
  },
  {
    "type": "GENERIC",
    "id": "spear_steel+5",
    "copy-from": "spear_steel",
    "looks_like": "spear_steel",
    "name": "spear+++++",
    "proportional": { "price": 2, "bashing": 2, "cutting": 2 }
  },
  {
    "type": "GENERIC",
    "id": "qiang+5",
    "copy-from": "qiang",
    "looks_like": "qiang",
    "name": "qiang+++++",
    "proportional": { "price": 2, "bashing": 2, "cutting": 2 }
  },
  {
    "type": "GENERIC",
    "id": "halberd+5",
    "copy-from": "halberd",
    "looks_like": "halberd",
    "name": "halberd+++++",
    "proportional": { "price": 2, "bashing": 2, "cutting": 2 }
  },
  {
    "type": "GENERIC",
    "id": "glaive+5",
    "copy-from": "glaive",
    "looks_like": "glaive",
    "name": "glave+++++",
    "proportional": { "price": 2, "bashing": 2, "cutting": 2 }
  },
  {
    "type": "GENERIC",
    "id": "naginata+5",
    "copy-from": "naginata",
    "looks_like": "naginata",
    "name": "naginata+++++",
    "proportional": { "price": 2, "bashing": 2, "cutting": 2 }
  },
  {
    "type": "GENERIC",
    "id": "pike+5",
    "copy-from": "pike",
    "looks_like": "pike",
    "name": "pike+++++",
    "proportional": { "price": 2, "bashing": 2, "cutting": 2 }
  },
  {
    "type": "GENERIC",
    "id": "bagh_nakha+5",
    "copy-from": "bagh_nakha",
    "looks_like": "bagh_nakha",
    "name": "tiger claws+++++",
    "proportional": { "price": 2, "bashing": 2, "cutting": 2 }
  },
  {
    "type": "GENERIC",
    "id": "cestus+5",
    "copy-from": "cestus",
    "looks_like": "cestus",
    "name": { "str": "cestus+++++", "str_pl": "cestuses+++++" },
    "proportional": { "price": 2, "bashing": 2, "cutting": 2 }
  },
  {
    "type": "GENERIC",
    "id": "knuckle_brass+5",
    "copy-from": "knuckle_brass",
    "looks_like": "knuckle_brass",
    "name": { "str": "pair of brass knuckles+++++", "str_pl": "pairs of brass knuckles+++++" },
    "proportional": { "price": 2, "bashing": 2, "cutting": 2 }
  },
  {
    "type": "GENERIC",
    "id": "punch_dagger+5",
    "copy-from": "punch_dagger",
    "looks_like": "punch_dagger",
    "name": "punch dagger+++++",
    "proportional": { "price": 2, "bashing": 2, "cutting": 2 }
  }
]