[
  {
    "type": "npc",
    "id": "cult_member",
    "name_suffix": "cult member",
    "class": "NPC_CULT_MEMBER",
    "attitude": 0,
    "mission": 3,
    "chat": "TALK_MEMBER",
    "faction": "cultists"
  },
  {
    "type": "npc",
    "id": "cult_defender",
    "name_suffix": "cult defender",
    "class": "NPC_CULT_DEFENDER",
    "attitude": 0,
    "mission": 3,
    "chat": "TALK_DEFENDER",
    "faction": "cultists"
  },
  {
    "type": "npc",
    "id": "cult_onocti",
    "name_suffix": "cult onocti",
    "class": "NPC_CULT_ONOCTI",
    "attitude": 0,
    "mission": 3,
    "chat": "TALK_ONOCTI",
    "faction": "cultists"
  },
  {
    "type": "npc",
    "id": "cult_homage",
    "name_suffix": "cult homage",
    "class": "NPC_CULT_HOMAGE",
    "attitude": 0,
    "mission": 3,
    "chat": "TALK_HOMAGE",
    "faction": "cultists",
    "mission_offered": [ "MISSION_GET_LEATHER", "MISSION_GET_PAPER", "MISSION_PRIVACY_FENCE" ]
  },
  {
    "type": "npc",
    "id": "cult_lorevessel",
    "name_suffix": "cult lorevessel",
    "class": "NPC_CULT_LOREVESSEL",
    "attitude": 0,
    "mission": 3,
    "chat": "TALK_LOREVESSEL",
    "faction": "cultists"
  },
  {
    "type": "npc",
    "id": "cult_communer",
    "name_suffix": "cult communer",
    "class": "NPC_CULT_COMMUNER",
    "attitude": 0,
    "mission": 3,
    "chat": "TALK_NPC_GENERIC_CITIZEN",
    "faction": "cultists"
  },
  {
    "type": "npc",
    "id": "cult_elder",
    "name_suffix": "cult elder",
    "class": "NPC_CULT_ELDER",
    "attitude": 0,
    "mission": 3,
    "chat": "TALK_ELDER",
    "mission_offered": "MISSION_RECRUIT_CULT_MEMBER",
    "faction": "cultists"
  },
  {
    "type": "npc",
    "id": "cult_defender_gate",
    "name_suffix": "cultist",
    "class": "NPC_MALE_CITIZEN",
    "attitude": 0,
    "mission": 3,
    "chat": "TALK_DEFENDER_GATE",
    "faction": "cultists"
  },
  {
    "type": "npc",
    "id": "cult_recruiter",
    "class": "NPC_MALE_CITIZEN",      
    "attitude": 0,
    "mission": 7,
    "chat": "TALK_RECRUITER",
    "mission_offered": "MISSION_JOIN_CULT",
    "faction": "kingdom"
  },
  {
    "type": "npc",
    "id": "cult_recruiter",
    "class": "NPC_FEMALE_CITIZEN",     
    "attitude": 0,
    "mission": 7,
    "chat": "TALK_RECRUITER",
    "mission_offered": "MISSION_JOIN_CULT",
    "faction": "cultists"
  },
  {
    "type": "npc",
    "id": "cult_defender_gate",
    "name_suffix": "cultist",
    "class": "NPC_FEMALE_CITIZEN",
    "attitude": 0,
    "mission": 3,
    "chat": "TALK_DEFENDER_GATE",
    "faction": "cultists"
  },
  {
    "type": "npc",
    "id": "cult_guard_captian",
    "name_suffix": "guard captian",
    "class": "NPC_CULT_DEFENDER",
    "attitude": 0,
    "mission": 3,
    "chat": "TALK_CAPTAIN",
    "mission_offered": "MISSION_ROUGE_SUMMON",
    "faction": "cultists"
  },
  {
    "type": "npc",
    "id": "cult_blacksmith",
    "name_suffix": "blacksmith",
    "class": "NPC_BLACKSMITH",
    "attitude": 0,
    "mission": 3,
    "chat": "TALK_NPC_LONE_BLACKSMITH",
    "mission_offered": "MISSION_GET_LEATHER",
    "faction": "cultists"
  },
  {
    "type": "npc",
    "id": "psycho_cult_member",
    "name_suffix": "cult member",
    "class": "NPC_CULT_MEMBER",
    "attitude": 10,
    "mission": 3,
    "chat": "TALK_MEMBER",
    "faction": "cultists"
  },
  {
    "type": "npc",
    "id": "cult_magician",
    "name_suffix": "cult member",
    "class": "NPC_CULT_MAGICIAN",
    "attitude": 0,
    "mission": 3,
    "chat": "TALK_SHOPKEEPER_general",
    "mission_offered": "MISSION_GET_PAPER",
    "faction": "cultists"
  },
  {
    "type": "npc",
    "id": "cult_prospect",
    "class": "NPC_MALE_CITIZEN",      
    "attitude": 0,
    "mission": 7,
    "chat": "TALK_NPC_CULT_PROSPECT",
    "faction": "cultists"
  },
  {
    "type": "npc",
    "id": "cult_prospect",
    "class": "NPC_FEMALE_CITIZEN",     
    "attitude": 0,
    "mission": 7,
    "chat": "TALK_NPC_CULT_PROSPECT",
    "faction": "cultists"
  },
  {
    "type": "npc",
    "id": "cult_member_fiend",
    "name_suffix": "cult member",
    "class": "NPC_CULT_MEMBER",
    "attitude": 0,
    "mission": 3,
    "chat": "TALK_MEMBER",
    "faction": "cultists"
  },
  {
    "type": "npc",
    "id": "cult_magician_fiend",
    "name_suffix": "cult member",
    "class": "NPC_CULT_MAGICIAN_FIEND",
    "attitude": 0,
    "mission": 3,
    "chat": "TALK_CULT_MAGICIAN_FIEND",
    "mission_offered": "MISSION_GET_PAPER",
    "faction": "cultists"
  },
{
    "type": "npc",
    "id": "cult_elder_fiend",
    "name_suffix": "cult elder",
    "class": "NPC_CULT_ELDER_FIEND",
    "attitude": 0,
    "mission": 3,
    "chat": "TALK_CULT_LEADER_FIEND",
    "mission_offered": "MISSION_PROMOTION_FIEND",
    "faction": "cultists"
  },
{
    "type": "npc",
    "id": "cult_sacrificer_fiend",
    "name_suffix": "sacrificer",
    "class": "NPC_CULT_ONOCTI",
    "attitude": 0,
    "mission": 3,
    "chat": "TALK_CULT_SACRIFICER_FIEND",
    "mission_offered": [ "MISSION_RITUAL_FIEND" ],
    "faction": "cultists"
  },
  {
    "type": "npc",
    "id": "cult_fiend_recruiter",
    "class": "NPC_MALE_CITIZEN",      
    "attitude": 0,
    "mission": 7,
    "chat": "TALK_RECRUITER",
    "mission_offered": "MISSION_JOIN_CULT_FIEND",
    "faction": "kingdom"
  },
  {
    "type": "npc",
    "id": "cult_fiend_recruiter",
    "class": "NPC_FEMALE_CITIZEN",     
    "attitude": 0,
    "mission": 7,
    "chat": "TALK_RECRUITER",
    "mission_offered": "MISSION_JOIN_CULT_FIEND",
    "faction": "kingdom"
  }
]
