[
{
    "type": "SPELL",
    "id": "spawn_fire_elementals",
    "name": "summon elementals",
    "message": "",
    "description": "summons elementals",
    "valid_targets": [ "ground" ],
    "min_damage": 1,
    "max_damage": 5,
    "damage_increment": 0.27,
    "min_range": 3,
    "max_range": 6,
    "range_increment": 0.2,
    "min_aoe": 2,
    "max_aoe": 5,
    "aoe_increment": 0.2,
    "base_casting_time": 0,
    "difficulty": 0,
    "max_level": 15,
    "base_energy_cost": 0,
    "energy_source": "MANA",
    "shape": "blast",
    "effect": "summon",
    "effect_str": "mon_fire_elemental_small",
    "min_duration": 3000,
    "max_duration": 15000,
    "duration_increment": 400
  },
{
    "type": "SPELL",
    "id": "spawn_earth_elementals",
    "name": "summon elementals",
    "message": "",
    "description": "summons elementals",
    "valid_targets": [ "ground" ],
    "min_damage": 1,
    "max_damage": 5,
    "damage_increment": 0.27,
    "min_range": 3,
    "max_range": 6,
    "range_increment": 0.2,
    "min_aoe": 2,
    "max_aoe": 5,
    "aoe_increment": 0.2,
    "base_casting_time": 0,
    "difficulty": 0,
    "max_level": 15,
    "base_energy_cost": 0,
    "energy_source": "MANA",
    "shape": "blast",
    "effect": "summon",
    "effect_str": "mon_earth_elemental_small",
    "min_duration": 3000,
    "max_duration": 15000,
    "duration_increment": 400
  },
{
    "type": "SPELL",
    "id": "spawn_water_elementals",
    "name": "summon elementals",
    "description": "summons elementals",
    "message": "",
    "valid_targets": [ "ground" ],
    "min_damage": 1,
    "max_damage": 5,
    "damage_increment": 0.27,
    "min_range": 3,
    "max_range": 6,
    "range_increment": 0.2,
    "min_aoe": 2,
    "max_aoe": 5,
    "aoe_increment": 0.2,
    "base_casting_time": 0,
    "difficulty": 0,
    "max_level": 15,
    "base_energy_cost": 0,
    "energy_source": "MANA",
    "shape": "blast",
    "effect": "summon",
    "effect_str": "mon_water_elemental_small",
    "min_duration": 3000,
    "max_duration": 15000,
    "duration_increment": 400
  },
{
    "type": "SPELL",
    "id": "spawn_air_elementals",
    "name": "summon elementals",
    "description": "summons elementals",
    "message": "",
    "valid_targets": [ "ground" ],
    "min_damage": 1,
    "max_damage": 5,
    "damage_increment": 0.27,
    "min_range": 3,
    "max_range": 6,
    "range_increment": 0.2,
    "min_aoe": 2,
    "max_aoe": 5,
    "aoe_increment": 0.2,
    "base_casting_time": 0,
    "difficulty": 0,
    "max_level": 15,
    "base_energy_cost": 0,
    "energy_source": "MANA",
    "shape": "blast",
    "effect": "summon",
    "effect_str": "mon_air_elemental_small",
    "min_duration": 3000,
    "max_duration": 15000,
    "duration_increment": 400
  }        
]