[
  {
    "type": "SPELL",
    "id": "spawn_skeletons",
    "name": "summon zombies",
    "description": "summons undead",
    "valid_targets": [ "ground" ],
    "min_damage": 1,
    "max_damage": 5,
    "damage_increment": 0.2,
    "min_range": 3,
    "max_range": 6,
    "range_increment": 0.15,
    "min_aoe": 2,
    "max_aoe": 5,
    "aoe_increment": 0.15,
    "base_casting_time": 0,
    "difficulty": 0,
    "max_level": 20,
    "base_energy_cost": 0,
    "energy_source": "MANA",
    "shape": "blast",
    "effect": "summon",
    "effect_str": "mon_mtc_skeleton",
    "min_duration": 30000,
    "max_duration": 150000,
    "duration_increment": 4000
  },
{
    "type": "SPELL",
    "id": "spawn_skeletons2",
    "name": "summon zombies",
    "description": "summons undead",
    "valid_targets": [ "ground" ],
    "min_damage": 1,
    "max_damage": 5,
    "damage_increment": 0.2,
    "min_range": 3,
    "max_range": 6,
    "range_increment": 0.15,
    "min_aoe": 2,
    "max_aoe": 5,
    "aoe_increment": 0.15,
    "base_casting_time": 0,
    "difficulty": 0,
    "max_level": 20,
    "base_energy_cost": 0,
    "energy_source": "MANA",
    "shape": "blast",
    "effect": "summon",
    "effect_str": "mon_mtc_skeleton_warrior_cut",
    "min_duration": 3000,
    "max_duration": 15000,
    "duration_increment": 400
  },
{
    "type": "SPELL",
    "id": "spawn_skeletons3",
    "name": "summon zombies",
    "description": "summons undead",
    "valid_targets": [ "ground" ],
    "min_damage": 1,
    "max_damage": 5,
    "damage_increment": 0.2,
    "min_range": 3,
    "max_range": 6,
    "range_increment": 0.15,
    "min_aoe": 2,
    "max_aoe": 5,
    "aoe_increment": 0.15,
    "base_casting_time": 0,
    "difficulty": 0,
    "max_level": 20,
    "base_energy_cost": 0,
    "energy_source": "MANA",
    "shape": "blast",
    "effect": "summon",
    "effect_str": "mon_mtc_skeleton_warrior_bash",
    "min_duration": 3000,
    "max_duration": 15000,
    "duration_increment": 400
  },
{
    "type": "SPELL",
    "id": "spawn_skeletons4",
    "name": "summon zombies",
    "description": "summons undead",
    "valid_targets": [ "ground" ],
    "min_damage": 1,
    "max_damage": 5,
    "damage_increment": 0.2,
    "min_range": 3,
    "max_range": 6,
    "range_increment": 0.15,
    "min_aoe": 2,
    "max_aoe": 5,
    "aoe_increment": 0.15,
    "base_casting_time": 0,
    "difficulty": 0,
    "max_level": 20,
    "base_energy_cost": 0,
    "energy_source": "MANA",
    "shape": "blast",
    "effect": "summon",
    "effect_str": "mon_mtc_skeleton_warrior_stab",
    "min_duration": 3000,
    "max_duration": 15000,
    "duration_increment": 400
  },
{
    "type": "SPELL",
    "id": "spawn_skeletons5",
    "name": "summon zombies",
    "description": "summons undead",
    "valid_targets": [ "ground" ],
    "min_damage": 1,
    "max_damage": 5,
    "damage_increment": 0.2,
    "min_range": 3,
    "max_range": 6,
    "range_increment": 0.15,
    "min_aoe": 2,
    "max_aoe": 5,
    "aoe_increment": 0.15,
    "base_casting_time": 0,
    "difficulty": 0,
    "max_level": 20,
    "base_energy_cost": 0,
    "energy_source": "MANA",
    "shape": "blast",
    "effect": "summon",
    "effect_str": "mon_mtc_skeleton_warrior_range",
    "min_duration": 3000,
    "max_duration": 15000,
    "duration_increment": 400
  },
{
    "type": "SPELL",
    "id": "spawn_zombies",
    "name": "summon zombies",
    "description": "summons undead",
    "valid_targets": [ "ground" ],
    "min_damage": 1,
    "max_damage": 5,
    "damage_increment": 0.2,
    "min_range": 3,
    "max_range": 6,
    "range_increment": 0.15,
    "min_aoe": 2,
    "max_aoe": 5,
    "aoe_increment": 0.15,
    "base_casting_time": 0,
    "difficulty": 0,
    "max_level": 20,
    "base_energy_cost": 0,
    "energy_source": "MANA",
    "shape": "blast",
    "effect": "summon",
    "effect_str": "mon_mtc_zombie",
    "min_duration": 30000,
    "max_duration": 150000,
    "duration_increment": 4000
  },
{
    "type": "SPELL",
    "id": "spawn_zombies2",
    "name": "summon zombies",
    "description": "summons undead",
    "valid_targets": [ "ground" ],
    "min_damage": 1,
    "max_damage": 5,
    "damage_increment": 0.2,
    "min_range": 3,
    "max_range": 6,
    "range_increment": 0.15,
    "min_aoe": 2,
    "max_aoe": 5,
    "aoe_increment": 0.15,
    "base_casting_time": 0,
    "difficulty": 0,
    "max_level": 20,
    "base_energy_cost": 0,
    "energy_source": "MANA",
    "shape": "blast",
    "effect": "summon",
    "effect_str": "mon_mtc_zombie_warrior_cut",
    "min_duration": 3000,
    "max_duration": 15000,
    "duration_increment": 400
  },
{
    "type": "SPELL",
    "id": "spawn_zombies3",
    "name": "summon zombies",
    "description": "summons undead",
    "valid_targets": [ "ground" ],
    "min_damage": 1,
    "max_damage": 5,
    "damage_increment": 0.2,
    "min_range": 3,
    "max_range": 6,
    "range_increment": 0.15,
    "min_aoe": 2,
    "max_aoe": 5,
    "aoe_increment": 0.15,
    "base_casting_time": 0,
    "difficulty": 0,
    "max_level": 20,
    "base_energy_cost": 0,
    "energy_source": "MANA",
    "shape": "blast",
    "effect": "summon",
    "effect_str": "mon_mtc_zombie_warrior_bash",
    "min_duration": 3000,
    "max_duration": 15000,
    "duration_increment": 400
  }
]