[
  {
    "type": "effect_type",
    "id": "eff_mtc_rune_feeble",
    "name": [ "Enfeebled" ],
    "rating": "bad",
    "max_duration": 10,
    "int_add_val": 1,
    "max_intensity": 5,
    "show_in_info": true,
    "base_mods": { "str_mod": [ -1 ], "bash_mod": [ -2 ], "cut_mod": [ -2 ] },
    "scaling_mods": { "str_mod": [ -1 ], "bash_mod": [ -2 ], "cut_mod": [ -2 ] }
  },
  {
    "type": "effect_type",
    "id": "eff_mtc_rune_empower",
    "name": [ "Empowered" ],
    "rating": "good",
    "max_duration": 10,
    "int_add_val": 1,
    "max_intensity": 5,
    "show_in_info": true,
    "base_mods": { "str_mod": [ 1 ] },
    "scaling_mods": { "str_mod": [ 1 ] }
  },
  {
    "type": "effect_type",
    "id": "eff_mtc_rune_etherealphase_immune",
    "flags": [
      "EFFECT_BASH_IMMUNE",
      "EFFECT_CUT_IMMUNE",
      "EFFECT_STAB_IMMUNE"
    ]
  }
]