[
  {
    "type": "SPELL",
    "id": "mtc_rune_fire_act",
    "name": "Runic Blaze",
    "description": "Deals 5-10 fire damage.",
    "flags": [ "SILENT", "RANDOM_DAMAGE", "IGNITE_FLAMMABLE" ],
    "valid_targets": [ "hostile" ],
    "damage_type": "heat",
    "min_damage": 5,
    "max_damage": 10,
    "min_range": 1,
    "effect": "attack",
    "shape": "blast"
  },
  {
    "type": "SPELL",
    "id": "mtc_rune_ice_act",
    "name": "Runic Frost",
    "description": "Deals 5-10 cold damage.",
    "flags": [ "SILENT", "RANDOM_DAMAGE" ],
    "valid_targets": [ "hostile" ],
    "damage_type": "cold",
    "min_damage": 5,
    "max_damage": 10,
    "min_range": 1,
    "effect": "attack",
    "shape": "blast",
    "extra_effects": [
      { "id": "mu_spell_hold" }
    ]
  },
  {
    "type": "SPELL",
    "id": "mtc_rune_electric_act",
    "name": "Runic Shock",
    "description": "Deals 5-10 electric damage.",
    "flags": [ "SILENT", "RANDOM_DAMAGE" ],
    "valid_targets": [ "hostile" ],
    "damage_type": "electric",
    "min_damage": 5,
    "max_damage": 10,
    "min_range": 1,
    "effect": "attack",
    "shape": "blast",
    "field_id": "fd_electricity",
    "min_field_intensity": 1,
    "max_field_intensity": 1,
    "field_chance": 1,
    "min_aoe": 2,
    "max_aoe": 1
  },
  {
    "type": "SPELL",
    "id": "mtc_rune_acid_act",
    "name": "Runic Corrosion",
    "description": "Deals 5-10 acid damage.",
    "flags": [ "SILENT", "RANDOM_DAMAGE" ],
    "valid_targets": [ "hostile" ],
    "damage_type": "acid",
    "min_damage": 5,
    "max_damage": 10,
    "min_range": 1,
    "effect": "attack",
    "shape": "blast"
  },
  {
    "type": "SPELL",
    "id": "mtc_rune_shockwave_cut_act",
    "name": "Runic Shockwave - CUT",
    "description": "Arcs a sonic slash that deals 7-14 cutting damage.",
    "flags": [ "SILENT", "RANDOM_DAMAGE", "RANDOM_AOE" ],
    "valid_targets": [ "hostile", "ground" ],
    "damage_type": "cut",
    "min_damage": 7,
    "max_damage": 14,
    "min_range": 3,
    "min_aoe": 45,
    "max_aoe": 90,
    "effect": "attack",
    "shape": "cone"
  },
  {
    "type": "SPELL",
    "id": "mtc_rune_shockwave_bash_act",
    "name": "Runic Shockwave - BASH",
    "description": "Slams target, dealing 9-18 bashing damage and stuns them for few turns.",
    "flags": [ "SILENT", "RANDOM_DAMAGE" ],
    "valid_targets": [ "hostile", "ground" ],
    "damage_type": "bash",
    "min_damage": 9,
    "max_damage": 18,
    "min_range": 1,
    "min_aoe": 1,
    "max_aoe": 1,
    "effect": "attack",
    "shape": "blast"
  },
  {
    "type": "SPELL",
    "id": "mtc_rune_shockwave_stab_act",
    "name": "Runic Shockwave - STAB",
    "description": "A shockwave thrusts through targets, dealing 8-16 stabbing damage.",
    "flags": [ "SILENT", "RANDOM_DAMAGE" ],
    "valid_targets": [ "hostile", "ground" ],
    "damage_type": "stab",
    "min_damage": 8,
    "max_damage": 16,
    "min_range": 3,
    "effect": "attack",
    "shape": "line"
  },
  {
    "type": "SPELL",
    "id": "mtc_rune_feeble_act",
    "name": "Runic Enfeeble",
    "description": "Weakens enemy target.",
    "flags": [ "SILENT" ],
    "valid_targets": [ "hostile", "ground" ],
    "min_duration": 1000,
    "min_range": 1,
    "effect_str": "eff_mtc_rune_feeble",
    "effect": "attack",
    "shape": "blast"
  },
  {
    "type": "SPELL",
    "id": "mtc_rune_empower_act",
    "name": "Runic Empowering",
    "description": "Increases strength.",
    "flags": [ "SILENT" ],
    "valid_targets": [ "self" ],
    "min_duration": 1000,
    "effect_str": "eff_mtc_rune_empower",
    "effect": "attack",
    "shape": "blast"
  },
  {
    "type": "SPELL",
    "id": "mtc_rune_arcanebinding_act",
    "name": "Runic Arcane Binding",
    "description": "Binds the target.",
    "flags": [ "SILENT", "RANDOM_DAMAGE" ],
    "valid_targets": [ "hostile" ],
    "effect": "mod_moves",
	"shape": "blast",
    "min_damage": -100,
    "max_damage": -200,
    "min_range": 1
  },
  {
    "type": "SPELL",
    "id": "mtc_rune_chronostasis_act1",
    "name": "Runic Chronostasis Field",
    "description": "Initiate chronostasis!",
    "flags": [ "LOUD" ],
    "valid_targets": [ "self" ],
    "min_damage": 1,
    "min_duration": 300,
    "max_duration": 300,
    "effect": "spawn_item",
	"shape": "blast",
    "effect_str": "mtc_rune_chronostasis_item",
    "sound_type": "combat",
    "sound_ambient": true,
    "sound_id": "reload",
    "sound_variant": "thunder_sigil"
  },
  {
    "type": "SPELL",
    "id": "mtc_rune_etherealphase_act1",
    "name": "Runic Ethereal Phase Change",
    "description": "\"Oh cool, you're dead! *dabs*\"",
    "flags": [ "LOUD", "RANDOM_DURATION" ],
    "valid_targets": [ "self" ],
    "min_damage": 1,
    "min_duration": 300,
    "max_duration": 700,
    "effect": "spawn_item",
	"shape": "blast",
    "effect_str": "mtc_rune_etherealphase_item",
    "sound_type": "combat",
    "sound_ambient": true,
    "sound_id": "reload",
    "sound_variant": "thunder_sigil"
  },
  {
    "id": "mtc_rune_etherealphase_act2",
    "type": "SPELL",
    "name": "Runic Ethereal Phase",
    "description": "Swaps position.",
    "flags": [ "SILENT", "SWAP_POS" ],
    "valid_targets": [ "hostile" ],
    "effect": "attack",
	"shape": "blast",
    "min_range": 1
  },
  {
    "type": "SPELL",
    "id": "mtc_rune_lifesteal_act",
    "name": "Runic Sap",
    "description": "Heals 5-10 damage.",
    "flags": [ "SILENT", "RANDOM_DAMAGE" ],
    "valid_targets": [ "self" ],
    "min_damage": -5,
    "max_damage": -10,
    "min_range": 1,
    "effect": "attack",
    "shape": "blast"
  }
]
