[ 
 {
    "type": "AMMO",
    "id": "pebble_mana",
    "price": 100,
    "price_postapoc": 10,
    "name": { "str": "magic pebble" },
    "symbol": "=",
    "color": "light_gray",
    "description": "A handful of pebbles, useful as ammunition for slingshots. These have been infused with magic.",
    "material": [ "stone" ],
    "volume": "250 ml",
    "weight": "5 g",
    "ammo_type": "pebble",
    "damage": { "damage_type": "pure", "amount": 4 },
    "range": 10,
    "dispersion": 14,
    "loudness": 0,
    "count": 10,
    "effects": [ "NEVER_MISFIRES", "NON_FOULING" ]
  },
  {
    "id": "lamp_oil",
    "type": "AMMO",
    "name": { "str_sp": "lamp oil" },
    "description": "A thin and clean-burning oil made for use in oil lamps.",
    "category": "fuel",
    "weight": "1 g",
    "volume": "200ml",
    "price": 20,
    "price_postapoc": 200,
    "count": 250,
    "stack_size": 200,
    "phase": "liquid",
    "container": "bottle_glass",
    "sealed": false,
    "symbol": "=",
    "color": "yellow",
    "material": [ "lamp_oil" ],
    "ammo_type": "lamp_oil",
    "range": 6,
    "damage": { "damage_type": "heat", "amount": 2, "armor_penetration": 2 },
    "effects": [ "FLAME", "STREAM" ]
  },
{
    "type": "ammunition_type",
    "id": "crystallized_mana",
    "name": "crystallized mana",
    "default": "crystallized_mana"
  },
  {
    "type": "AMMO",
    "id": "crystallized_mana",
    "category": "spare_parts",
    "price": 1000,
    "name": { "str_sp": "raw crystal magic" },
    "symbol": "=",
    "color": "yellow",
    "description": "Some raw magic, crystalized into its current form.  It has a variety of uses in arcane practice.",
    "flags": [ "TRADER_AVOID", "ZERO_WEIGHT" ],
    "volume": "100 ml",
    "ammo_type": "crystallized_mana",
    "material": [ "crystallized_mana" ],
    "count": 100,
    "looks_like": "battery"
  },
  {
    "type": "material",
    "id": "crystallized_mana",
    "name": "Crystallized mana",
    "copy-from": "stone",
    "fuel_data": { "energy": "1000 kJ" }
  },
  {
    "type": "material",
    "id": "mana",
    "name": "Mana",
    "copy-from": "pseudo_fuel",
    "fuel_data": { "energy": "500000 kJ", "perpetual": true }
  }
]