[
	{
    "type": "ammunition_type",
    "id": "coin",
    "name": "coin",
    "default": "copper_coin"
    },
	{
	"id": "coin_purse",
    "type": "ARMOR",
    "category": "container",
    "name": { "str": "coin purse" },
    "description": "A small leather bag with strips to tie it against ones belt or somewhere else and to tie it closed. Most used for carrying one's coin.",
    "weight": "450 g",
    "volume": "2001 ml",
    "price": 10,
    "material": [ "leather" ],
    "symbol": "U",
    "color": "brown",
        "armor": [ { "encumbrance": 0, "coverage": 5, "covers": [ "torso" ] } ],
	"material_thickness": 1,
    "pocket_data": [
      {
        "pocket_type": "CONTAINER",
        "rigid": false,
		"watertight": true,
        "max_contains_volume": "2000 ml",
        "max_contains_weight": "20 kg",
        "item_restriction": [
          "copper_coin",
		  "silver_coin",
		  "gold_coin",
		  "platinum_coin"
        ]
      }
    ],
	"flags": [ "WATER_FRIENDLY", "BELTED", "OVERSIZE" ]
	},
	{
	"id": "copper_coin",
    "category": "other",
	"type": "AMMO",
	"ammo_type": "coin",
    "name": { "str": "copper coin" },
    "description": "A small coin made of copper. Used in trade.",
	"count": 1,
    "stack_size": 200,
    "weight": "20 g",
    "volume": "20 ml",
    "price": 1000,
    "material": "copper",
    "symbol": "o",
	"color": "brown"
	},
	{
	"id": "silver_coin",
    "category": "other",
	"type": "AMMO",
	"ammo_type": "coin",
    "name": { "str": "silver coin" },
    "description": "A small coin made of silver. Used in trade.",
	"count": 1,
    "stack_size": 200,
    "weight": "20 g",
    "volume": "20 ml",
    "price": 100000,
	"//": "price is as such due to its original only being worth 5 cents, now 5 bucks per",
    "material": "silver",
    "symbol": "o",
	"color": "light_gray"
	},
	{
	"id": "gold_coin",
    "category": "other",
	"type": "AMMO",
	"ammo_type": "coin",
    "name": { "str": "gold coin" },
    "description": "A small coin made of gold. Used in trade.",
	"count": 1,
    "stack_size": 200,
    "weight": "20 g",
    "volume": "20 ml",
    "price": 10000,
    "material": "gold",
    "symbol": "o",
	"color": "yellow"
	},
	{
	"id": "platinum_coin",
    "category": "other",
	"type": "AMMO",
	"ammo_type": "coin",
    "name": { "str": "platinum coin" },
    "description": "A small coin made of platinum. Used in trade.",
	"count": 1,
    "stack_size": 200,
    "weight": "20 g",
    "volume": "20 ml",
    "price": 100000,
    "material": "platinum",
    "symbol": "o",
	"color": "white"
	}
]
