[
  {
    "id": "magical_min_water",
    "type": "COMESTIBLE",
    "comestible_type": "DRINK",
    "name": "Magical mineral water",
    "description": "A glittering, dazzling shiny crystal clear bubbly water enriched with minerals...they say that it is even enchanted with some magical properties",
	"quench": 33,
    "healthy": 1,
    "calories": 0,
    "weight": "245 g",
    "volume": "275 ml",
    "price": 500,
    "symbol": "~",
    "color": "light_cyan",
    "phase": "liquid",
	"container": "bottle_glass",
    "use_action": { "type": "cast_spell", "spell_id": "min_water_item_rejuv", "no_fail": true, "level": 0 }
  },
{
    "type": "COMESTIBLE",
    "id": "sourdough_bread",
    "name": "sourdough bread",
    "weight": "56 g",
    "color": "brown",
    "spoils_in": "8 days",
    "comestible_type": "FOOD",
    "symbol": "%",
    "healthy": 2,
    "calories": 174,
    "description": "Healthy and filling, with a sharper taste and thicker crust than yeast-only bread.",
    "price": 190,
    "price_postapoc": 100,
    "material": [ "wheat" ],
    "looks_like": "bread",
    "volume": "750 ml",
    "charges": 4,
    "flags": [ "EATEN_HOT", "NUTRIENT_OVERRIDE" ],
    "fun": 2
  },
  {
    "type": "COMESTIBLE",
    "id": "flatbread",
    "name": "flatbread",
    "weight": "85 g",
    "color": "brown",
    "spoils_in": "11 days 16 hours",
    "comestible_type": "FOOD",
    "symbol": "%",
    "calories": 234,
    "description": "Simple unleavened bread.",
    "price": 23,
    "price_postapoc": 100,
    "material": [ "wheat" ],
    "volume": "250 ml",
    "flags": [ "EATEN_HOT", "EDIBLE_FROZEN" ],
    "vitamins": [ [ "calcium", 5 ], [ "iron", 12 ] ]
  },
  {
    "type": "COMESTIBLE",
    "id": "bread",
    "name": "bread",
    "weight": "60 g",
    "color": "brown",
    "spoils_in": "10 days",
    "comestible_type": "FOOD",
    "symbol": "%",
    "healthy": 1,
    "calories": 84,
    "description": "Healthy and filling.",
    "price": 47,
    "price_postapoc": 100,
    "material": [ "wheat" ],
    "volume": "250 ml",
    "charges": 2,
    "flags": [ "EATEN_HOT" ],
    "fun": 1,
    "vitamins": [ [ "vitC", 1 ], [ "calcium", 10 ], [ "iron", 4 ] ]
  },
{
    "type": "COMESTIBLE",
    "id": "brown_bread",
    "name": { "str_sp": "brown bread" },
    "weight": "45 g",
    "color": "brown",
    "spoils_in": "10 days",
    "comestible_type": "FOOD",
    "symbol": "%",
    "healthy": 1,
    "calories": 74,
    "description": "A sweet bread, like cake.",
    "price": "272 cent",
    "price_postapoc": "4 USD",
    "material": [ "wheat" ],
    "volume": "48 ml",
    "charges": 10,
    "flags": [ "EATEN_HOT", "EATEN_COLD" ],
    "fun": 3,
    "vitamins": [ [ "calcium", 2 ], [ "iron", 6 ] ]
  },
{
    "type": "COMESTIBLE",
    "id": "beer",
    "name": { "str_sp": "beer" },
    "weight": "251 g",
    "color": "brown",
    "addiction_type": "alcohol",
    "use_action": [ "ALCOHOL_WEAK" ],
    "stim": -4,
    "container": "bottle_glass",
    "comestible_type": "DRINK",
    "symbol": "~",
    "quench": 18,
    "addiction_potential": 2,
    "calories": 108,
    "description": "A grain alcohol flavored with hops.  It's best served cold, in a glass, and with a lime - but you're not that lucky.",
    "price": 110,
    "price_postapoc": 100,
    "material": [ "alcohol", "water" ],
    "primary_material": "alcohol",
    "volume": "250 ml",
    "phase": "liquid",
    "flags": [ "EATEN_COLD" ],
    "freezing_point": 23,
    "fun": 10,
    "vitamins": [ [ "calcium", 1 ] ]
  }
]