[
{
    "type": "GENERIC",
    "id": "broken_clay_golem",
    "symbol": "g",
    "color": "brown",
    "name": "broken clay golem",
    "category": "other",
    "description": "A broken clay golem, now lying lifeless upon the ground.  Could be smashed for clay.",
    "price": 10000,
    "material": [ "clay" ],
    "weight": "122 kg",
    "volume": "120 L",
    "bashing": 4,
    "cutting": 4,
    "to_hit": -3,
    "flags": [ "TRADER_AVOID", "NO_REPAIR" ]
  },
{
    "type": "GENERIC",
    "id": "broken_stone_golem",
    "symbol": "g",
    "color": "light_gray",
    "name": "broken stone golem",
    "category": "other",
    "description": "A broken stone golem, now lying lifeless upon the ground.  Could be smashed for rocks.",
    "price": 10000,
    "material": [ "stone" ],
    "weight": "162 kg",
    "volume": "120 L",
    "bashing": 6,
    "cutting": 6,
    "to_hit": -3,
    "flags": [ "TRADER_AVOID", "NO_REPAIR" ]
  },
{
    "type": "GENERIC",
    "id": "broken_iron_golem",
    "symbol": "g",
    "color": "light_gray",
    "name": "broken iron golem",
    "category": "other",
    "description": "A broken iron golem, now lying lifeless upon the ground.  Could be smashed for metal.",
    "price": 10000,
    "material": [ "steel" ],
    "weight": "200 kg",
    "volume": "120 L",
    "bashing": 8,
    "cutting": 8,
    "to_hit": -3,
    "flags": [ "TRADER_AVOID", "NO_REPAIR" ]
  }  
]