[
	{
    "id": "cult_robes",
    "type": "ARMOR",
    "name": "Cultist robes",
    "description": "Relatively simple but form-fitting long dark robes made of cloth. Comes with a hood. Usually worn by novice cultists and those in other magical covenants.",
    "weight": "3000 g",
    "volume": "5000 ml",
    "price": 4000,
    "symbol": "T",
    "color": "dark_gray",
	"material": [ "cotton" ],
    "armor": [ { "encumbrance": 1, "coverage": 95, "covers": [ "leg_l", "leg_r", "torso", "arm_l", "arm_r", "head" ] } ],
    "warmth": 20,
    "material_thickness": 1,
    "environmental_protection": 5,
    "flags": [ "OVERSIZE", "OUTER", "NONCONDUCTIVE" ]
	},
	{
    "id": "cult_robes_ritual",
    "type": "ARMOR",
    "name": "Cultist ritual robes",
    "description": "Relatively simple but form-fitting long dark robes made of cloth. Comes with a hood that's adorned with small horns of some creature. Usually worn by cultists about to perform a ritual and those in more esoteric magical covenants.",
    "weight": "3400 g",
    "volume": "5200 ml",
    "price": 4000,
    "symbol": "T",
    "color": "dark_gray",
	"material": [ "cotton" ],
    "armor": [ { "encumbrance": 2, "coverage": 95, "covers": [ "leg_l", "leg_r", "torso", "arm_l", "arm_r", "head" ] } ],
    "warmth": 30,
    "material_thickness": 2,
    "environmental_protection": 10,
    "flags": [ "OVERSIZE", "OUTER", "NONCONDUCTIVE" ]
	},
	{
    "id": "cult_robes_priest",
    "type": "ARMOR",
    "name": "Cultist priest robes",
    "description": "Relatively simple but form-fitting long dark robes made of cloth. Upon its shoulders hangs an extra piece of ceremonious or symbolic cloth decorated in various runes and symbols. Comes with a hood. Usually worn by the spiritual leaders of the cultists and those in magical covenants.",
    "weight": "3400 g",
    "volume": "5200 ml",
    "price": 4000,
    "symbol": "T",
    "color": "dark_gray",
	"material": [ "cotton" ],
    "armor": [ { "encumbrance": 3, "coverage": 95, "covers": [ "leg_l", "leg_r", "torso", "arm_l", "arm_r", "head" ] } ],
    "warmth": 40,
    "material_thickness": 3,
    "environmental_protection": 15,
    "flags": [ "OVERSIZE", "OUTER", "NONCONDUCTIVE" ]
	},
	{
    "id": "cult_robes_commune",
    "type": "ARMOR",
    "name": "Cultist commune robes",
    "description": "Relatively simple but form-fitting long dark robes made of cloth. It bears a symbol that marks all who bear it as part of a commune. Comes with a hood. Usually worn by more reclusive but tightly-knit communities of cultists and magic practitioners.",
    "weight": "3400 g",
    "volume": "5200 ml",
    "price": 4000,
    "symbol": "T",
    "color": "dark_gray",
	"material": [ "cotton" ],
    "armor": [ { "encumbrance": 3, "coverage": 95, "covers": [ "leg_l", "leg_r", "torso", "arm_l", "arm_r", "head" ] } ],
    "warmth": 40,
    "material_thickness": 3,
    "environmental_protection": 15,
    "flags": [ "OVERSIZE", "OUTER", "NONCONDUCTIVE" ]
	},
	{
    "id": "cult_robes_elder",
    "type": "ARMOR",
    "name": "Cultist elder robes",
    "description": "Form-fitting long dark robes made of cloth and decorated with golden symbolism and runic inscriptions. Upon its shoulders hangs an extra piece of ceremonious or symbolic cloth decorated in even more various runes and symbols. Comes with a hood that bears a crown of some sort. Only the leaders of cultists and magical covenants wear such attire. One might think that the gold and symbols increase ones magical affinity, but no, they're mostly for show. At least the gold offers better protection than plain cloth.",
    "weight": "3400 g",
    "volume": "5200 ml",
    "price": 4000,
    "symbol": "T",
    "color": "dark_gray",
	"material": [ "cotton", "gold" ],
    "armor": [ { "encumbrance": 4, "coverage": 95, "covers": [ "leg_l", "leg_r", "torso", "arm_l", "arm_r", "head" ] } ],
    "warmth": 40,
    "material_thickness": 4,
    "environmental_protection": 20,
    "flags": [ "OVERSIZE", "OUTER", "NONCONDUCTIVE" ]
	},
	{
    "id": "cult_robes_defender",
    "type": "ARMOR",
    "name": "Cultist defender robes",
    "description": "Form-fitting long dark robes with a hood made to be more protective than what is worn usually worn by cultists and magical practitioners. Leather is used for the majority of its construction, with cloth used to pad its internals and chainmail to armour up its externals, even the hood. Steel plate was used for the shoulders, chest, and forearms. The cultish defenders who use this armour usually suplement it with armoured gauntlets, boots, and a steel mask if they don't quite have the gift of magic as the rest of their kind, otherwise those sections are left unhindered to cast a deadly variety of spells and summons.",
    "weight": "3400 g",
    "volume": "5200 ml",
    "price": 4000,
    "symbol": "T",
    "color": "dark_gray",
	"material": [ "cotton", "leather", "steel" ],
    "armor": [ { "encumbrance": 4, "coverage": 95, "covers": [ "leg_l", "leg_r", "torso", "arm_l", "arm_r", "head" ] } ],
    "warmth": 40,
    "material_thickness": 4,
    "bashing": 6,
    "environmental_protection": 20,
    "flags": [ "OVERSIZE", "OUTER", "NONCONDUCTIVE" ]
	},
	{
	"id": "patch_ritual",
    "category": "other",
	"type": "GENERIC",
    "name": { "str": "ritual patch" },
    "description": "A patch used to mark robes intended for ritual use.",
    "weight": "200 g",
    "volume": "200 ml",
    "price": 100,
    "material": "leather",
    "symbol": "o",
	"color": "brown"
	},
	{
	"id": "patch_priest",
    "category": "other",
	"type": "GENERIC",
    "name": { "str": "priest patch" },
    "description": "A patch used to mark robes intended for use by priests.",
    "weight": "200 g",
    "volume": "200 ml",
    "price": 100,
    "material": "leather",
    "symbol": "o",
	"color": "brown"
	},
	{
	"id": "patch_commune",
    "category": "other",
	"type": "GENERIC",
    "name": { "str": "ritual patch" },
    "description": "A patch used to mark robes intended for use by a commune.",
    "weight": "200 g",
    "volume": "200 ml",
    "price": 100,
    "material": "leather",
    "symbol": "o",
	"color": "brown"
	},
	{
	"id": "patch_elder",
    "category": "other",
	"type": "GENERIC",
    "name": { "str": "elder patch" },
    "description": "A patch used to mark robes intended for use by the elder of that group.",
    "weight": "200 g",
    "volume": "200 ml",
    "price": 100,
    "material": "leather",
    "symbol": "o",
	"color": "brown"
	},
{
    "id": "bone_torch",
    "type": "TOOL",
    "name": { "str": "Candlelight Femur", "str_pl": "Candlelight Femurs" },
    "description": "This is a large bone, with a lit candle mounted to one end. It has been engraved with several runes, and seems to hold magical power. The candle never seems to extinguish.",
    "weight": "831 g",
    "volume": "750 ml",
    "price": 10000,
    "price_postapoc": 10000,
    "to_hit": 1,
    "bashing": 8,
    "material": [ "bone" ],
    "symbol": "/",
    "color": "white",
    "techniques": [ "WBLOCK_1" ],
    "charges_per_use": 1,
        "use_action": [ { "type": "cast_spell", "spell_id": "bloodflame_main", "no_fail": true, "level": 15, "need_wielding": true }, 
                        { "type": "firestarter", "moves": 30 } ],
        "pocket_data": [ { "pocket_type": "MAGAZINE", "holster": true, "ammo_restriction": { "crystallized_mana": 50 } } ],
    "flags": [ "FIRE", "LIGHT_8", "FLAMING", "TRADER_AVOID", "MAGIC_FOCUS" ]
  },
  {
    "type": "GENERIC",
    "id": "eldritch_lifesap",
    "copy-from": "longsword",
    "looks_like": "longsword",
    "name": "Lifesteal Longsword",
    "description": "A black longsword, engraved with runes and emits a green smog. When an opponent is struck, a portion of their life is returned to the wielder.",
    "proportional": { "price": 2.3, "weight": 0.9 },
    "extend": { "flags": [ "MAGIC_FOCUS" ] },
    "relic_data": { "passive_effects": [ { "id": "mtc_rune_wield_lifesteal_ench" }, { "id": "mtc_rune_wield_lifesteal_ench" } ] }
  },
  {
    "id": "dark_ring",
    "type": "ARMOR",
    "name": { "str": "Ring of N'ythlost" },
    "description": "A enchanted ring, inscribed with strange runes and symbols. It gives the wearer the ability to take on a ghastly form at will.",
    "weight": "50 g",
    "volume": "2 ml",
    "price": 2000,
    "price_postapoc": 10,
    "material": [ "copper" ],
    "symbol": "[",
    "looks_like": "ring_purity",
    "color": "brown",
    "relic_data": {
      "passive_effects": [
        {
          "has": "WORN",
          "condition": "ALWAYS",
          "values": [
            { "value": "STRENGTH", "add": 3 },
            { "value": "DEXTERITY", "add": 3 },
            { "value": "PERCEPTION", "add": 3 }
          ],
          "mutations": [
            "ARM_TENTACLES_8",
            "MOUTH_TENTACLES",
            "MORE_PAIN",
            "HORNS_CURLED",
            "EATDEAD",
            "HOOVES",
            "CLAWS_TENTACLE",
            "BARBS",
            "CHITIN",
            "QUILLS"
          ]
        }
      ]
    }
  },
  {
    "id": "mask_majora",
    "repairs_like": "mask_gas",
    "type": "ARMOR",
    "category": "armor",
    "name": { "str": "Majoras' Mask" },
    "description": "A purple mask, decorated with feathers, beads, etc. The center herbors two errie, bulging eyes, with slits cut for sight. It seems to call to you.",
    "weight": "228 g",
    "volume": "750 ml",
    "price": 4000,
    "price_postapoc": 250,
    "to_hit": -3,
    "material": [ "wood" ],
    "symbol": "[",
    "looks_like": "glasses_safety",
    "color": "white",
    "armor": [ { "encumbrance": 10, "coverage": 95, "covers": [ "eyes", "mouth" ] } ],
    "warmth": 5,
    "material_thickness": 3,
    "environmental_protection": 1,
    "flags": [ "WATER_FRIENDLY", "STURDY", "ONLY_ONE", "NO_TAKEOFF", "TRADER_AVOID" ],
    "relic_data": {
      "passive_effects": [
        {
          "has": "WORN",
          "condition": "ALWAYS",
          "values": [
            { "value": "STRENGTH", "add": 1 },
            { "value": "DEXTERITY", "add": 1 },
            { "value": "PERCEPTION", "add": 1 }
          ],
          "mutations": [
            "GOODCARDIO",
            "SPIRITUAL",
            "SCHIZOPHRENIC",
            "MASOCHIST",
            "CANNIBAL",
            "PSYCHOPATH",
            "majora_spells"
          ]
        }
      ]
    }
  }
]
