[   
 {
    "id": "t_infusion",
    "type": "TOOL",
    "name": { "str": "infusion bench" },
    "description": "A fake item for the infusion table. It's a bug if you have it.",
    "weight": "5400 g",
    "volume": "4 L",
    "price": 10000,
    "price_postapoc": 200,
    "to_hit": -5,
    "bashing": 10,
    "material": "iron",
    "symbol": ";",
    "color": "dark_gray",
    "qualities": [ [ "INFUSION", 1 ] ],
    "flags": [ "DURABLE_MELEE" ]
  },
  {
    "id": "t_infusion2",
    "type": "TOOL",
    "name": { "str": "infusion bench" },
    "description": "A fake item for the infusion table. It's a bug if you have it.",
    "weight": "5400 g",
    "volume": "4 L",
    "price": 10000,
    "price_postapoc": 200,
    "to_hit": -5,
    "bashing": 10,
    "material": "iron",
    "symbol": ";",
    "color": "dark_gray",
    "qualities": [ [ "INFUSION", 2 ] ],
    "flags": [ "DURABLE_MELEE" ]
  },
  {
    "id": "t_daltar",
    "type": "TOOL",
    "name": { "str": "divine altar" },
    "description": "A fake item for the divine altar. It's a bug if you have it.",
    "weight": "5400 g",
    "volume": "4 L",
    "price": 10000,
    "price_postapoc": 200,
    "to_hit": -5,
    "bashing": 10,
    "material": "iron",
    "symbol": ";",
    "color": "dark_gray",
    "flags": [ "DURABLE_MELEE" ]
  }
]