[
	{
    "type": "GENERIC",
    "category": "weapons",
    "id": "feather_duster",
    "name": { "str": "feather duster" },
    "description": "A thin carved piece of wood with a comfortable handle and feathers tied into a bundle attached to the side opposite the handle. This feather duster is used to brush the dust off of surfaces without needing to pick them up or risk moving them. Despite its fragile nature it can actually hit quite hard but not for long without breaking.",
    "weight": "325 g",
    "color": "brown",
    "symbol": "/",
    "material": [ "wood" ],
    "techniques": [ "WBLOCK_1", "RAPID" ],
    "flags": [ "FRAGILE_MELEE" ],
    "volume": "600 ml",
    "bashing": 7,
    "price": 900
	},
{
    "type": "BOOK",
    "copy-from": "spell_scroll",
    "id": "first_enrollment_slip",
    "name": { "str": "first year enrollment slip" },
    "description": "Your paperwork for first year Ivy enrollment. It's important, so keep it."
  },
{
    "type": "BOOK",
    "copy-from": "spell_scroll",
    "id": "second_enrollment_slip",
    "name": { "str": "second year enrollment slip" },
    "description": "Your paperwork for second year Ivy enrollment. It's important, so keep it."
  },
{
    "type": "BOOK",
    "copy-from": "spell_scroll",
    "id": "third_enrollment_slip",
    "name": { "str": "third year enrollment slip" },
    "description": "Your paperwork for third year Ivy enrollment. It's important, so keep it."
  },
{
    "type": "BOOK",
    "copy-from": "spell_scroll",
    "id": "fourth_enrollment_slip",
    "name": { "str": "fourth year enrollment slip" },
    "description": "Your paperwork for fourth year Ivy enrollment. It's important, so keep it."
  },
{
    "type": "BOOK",
    "copy-from": "spell_scroll",
    "id": "alchemy_enrollment_slip",
    "name": { "str": "alchemy enrollment slip" },
    "description": "Your paperwork for alchemic class Ivy enrollment. It's important, so keep it."
  },
{
    "type": "BOOK",
    "copy-from": "spell_scroll",
    "id": "infusion_enrollment_slip",
    "name": { "str": "infusion enrollment slip" },
    "description": "Your paperwork for infusion class Ivy enrollment. It's important, so keep it."
  },
{
    "type": "BOOK",
    "copy-from": "spell_scroll",
    "id": "reception_paperwork",
    "//": "Quest item, should not spawn naturally",
    "name": { "str": "paperwork" },
    "description": "A sheet of odd paperwork, notes scrawled across it. It seems to belong to some large organization."
  },
{
    "id": "charm_graduation",
    "//": "Quest item. Bugged if you see it outside the trial maze.",
    "name": "charm of passage",
	"type": "GENERIC",
	"symbol": "t",
	"weight": "100 g",
    "volume": "250 ml",
    "description": "This is a small charm, whittled from bone. Upon its surface a message reads *Return this to the senior instructor to pass your test. If you have found this by accident, leave here.*. Otherwise, it is worthless.",
    "material": "bone", 
    "color": "white",
    "flags": [ "NO_SALVAGE" ],
    "price": 0
	},
{
    "type": "BOOK",
    "copy-from": "spell_scroll",
    "id": "first_grad_slip",
    "name": { "str": "first year graduation slip" },
    "description": "Your paperwork for first year Ivy graduation. It's important, so keep it."
  },
{
    "type": "BOOK",
    "copy-from": "spell_scroll",
    "id": "second_grad_slip",
    "name": { "str": "second year graduation slip" },
    "description": "Your paperwork for second year Ivy graduation. It's important, so keep it."
  },
{
    "type": "BOOK",
    "copy-from": "spell_scroll",
    "id": "third_grad_slip",
    "name": { "str": "third year graduation slip" },
    "description": "Your paperwork for third year Ivy graduation. It's important, so keep it."
  },
{
    "type": "BOOK",
    "copy-from": "spell_scroll",
    "id": "fourth_grad_slip",
    "name": { "str": "fourth year graduation slip" },
    "description": "Your paperwork for fourth year Ivy graduation. It's important, so keep it."
  },
{
    "type": "BOOK",
    "copy-from": "spell_scroll",
    "id": "silver_ivy_diploma",
    "name": { "str": "diploma of the Silver Ivy" },
    "description": "A diploma granted to students upon graduating from the Silver Ivy. It can be a prestigious honor for those who have one."
  },
{
    "type": "BOOK",
    "copy-from": "spell_scroll",
    "id": "joining_slip",
    "name": { "str": "slip of joining" },
    "description": "A sheet of skin, carved with strange letters of some forgien script. Why anyone would have this is beyind you."
  }
]
