[
  {
    "id": "inkwell",
    "type": "GENERIC",
    "category": "container",
    "name": { "str": "inkwell" },
    "description": "A small vial for holding ink.",
    "weight": "5 g",
    "volume": "125 ml",
    "price": 1000,
    "material": "glass",
    "symbol": "U",
    "color": "light_blue",
    "pocket_data": [ {
		"pocket_type": "CONTAINER",
		"rigid": true,
		"seals": true,
		"watertight": true,
		"max_contains_volume": "121 ml",
        "max_contains_weight": "121 g",
		"max_item_volume": "7 ml"
	} ]
  },
  {
    "type": "COMESTIBLE",
    "id": "ink",
    "name": { "str_sp": "ink" },
    "weight": "3 g",
    "color": "dark_gray",
    "container": "inkwell",
    "comestible_type": "DRINK",
    "symbol": "~",
    "quench": -50,
    "healthy": -5,
    "description": "Ink. For writing things. Usually comes in an inkwell. Neither fun nor healthy to drink.",
    "price": 20,
    "price_postapoc": 60,
    "volume": "3 ml",
    "phase": "liquid",
    "category": "chems",
    "freezing_point": 0,
    "fun": -5
  },
  {
    "id": "feather_quill",
    "name": "feather quill",
	"type": "TOOL",
	"symbol": "/",
	"weight": "120 g",
    "volume": "430 ml",
    "description": "A writing implement. Really, it's just a feather, but this one was large and special enough to be used to write on parchment.",
    "color": "white"
  },
  {
    "id": "magic_feather_quill",
    "name": "magical feather quill",
	"type": "TOOL",
	"symbol": "/",
	"weight": "1250 g",
    "volume": "645 ml",
    "description": "A magician's writing implement. Used in enchanting things with magic ink. It seems to have found itself a niche in enchanted tattoos.",
    "color": "white"
  },
  {
    "type": "COMESTIBLE",
    "id": "magic_ink",
    "name": { "str_sp": "magical ink" },
    "weight": "3 g",
    "color": "light_blue",
    "container": "inkwell",
    "comestible_type": "DRINK",
    "symbol": "~",
    "quench": -50,
    "healthy": -5,
    "description": "This ink pulsates with a shimmering blue light. While you would be able to use it to write normally, that would be an incredible waste as this ink is expensive and is usually only reserved for purposes of a magical nature.",
    "price": 20,
    "price_postapoc": 60,
    "volume": "3 ml",
    "phase": "liquid",
    "category": "chems",
    "freezing_point": 0,
	"flags": [ "INEDIBLE" ],
    "fun": -5
  }
]
