[
  {
    "type": "GENERIC",
    "id": "longsword_rusted",
    "copy-from": "longsword",
    "looks_like": "longsword",
    "name": "rusted longsword",
	"description": "An old and rusted longsword that has seen better days. Perhaps it could be reforged into something better if you or someone else had the skills.",
    "proportional": { "price": 0.3, "bashing": 0.6, "cutting": 0.5, "weight": 0.9 },
    "extend": { "flags": [ "FRAGILE_MELEE" ] },
	"delete": { "flags": [ "DURABLE_MELEE" ] }
  },
  {
    "type": "GENERIC",
    "id": "wood_sword_moldy",
    "copy-from": "sword_wood",
    "looks_like": "sword_wood",
    "name": "moldy wooden sword",
	"description": "A wooden sword most likely played with by a child at some point. This one is old and the wood rot has already taken hold.",
    "proportional": { "price": 0.3, "bashing": 0.6, "cutting": 0.5, "weight": 0.9 },
    "extend": { "flags": [ "FRAGILE_MELEE" ] },
	"delete": { "flags": [ "DURABLE_MELEE" ] }
  },
  {
    "type": "GENERIC",
    "id": "makeshift_knife_rusted",
    "copy-from": "makeshift_knife",
    "looks_like": "makeshift_knife",
    "name": "rusted sharp spike",
	"description": "A spike of metal that seems to have had some semblance of a cutting edge at some point. Whatever it was before, it is now merely a rusted spike.",
    "proportional": { "price": 0.3, "bashing": 0.6, "cutting": 0.5, "weight": 0.9 },
    "extend": { "flags": [ "FRAGILE_MELEE" ] },
	"delete": { "flags": [ "DURABLE_MELEE" ] }
  },
  {
    "type": "GENERIC",
    "id": "knife_baselard_rusted",
    "copy-from": "knife_baselard",
    "looks_like": "knife_baselard",
    "name": "rusted baselard",
	"description": "An baselard that looks like it was unearthed from some someone's weathered grave. Although rusted, it still serves its function surprisingly well.",
    "proportional": { "price": 0.3, "bashing": 0.6, "cutting": 0.6, "weight": 0.9 },
    "extend": { "flags": [ "FRAGILE_MELEE" ] },
	"delete": { "flags": [ "DURABLE_MELEE" ] }
  },
  {
    "type": "GENERIC",
    "id": "machete_rusted",
    "copy-from": "machete",
    "looks_like": "machete",
    "name": "rusted machete",
	"description": "A machete that's been someone's choice of cutting tool for a very long time but wasn't ever taken care of. It's lost most of what makes it a good cutter but can still perform the job if it needs to.",
    "proportional": { "price": 0.3, "bashing": 0.6, "cutting": 0.6, "weight": 0.9 },
    "extend": { "flags": [ "FRAGILE_MELEE" ] },
	"delete": { "flags": [ "DURABLE_MELEE" ] }
  },
  {
    "type": "GENERIC",
    "id": "cavalry_sabre_rusted",
    "copy-from": "cavalry_sabre",
    "looks_like": "cavalry_sabre",
    "name": "rusted cavalry sabre",
	"description": "A cavalry sabre. What little remains of this once noble weapon is nothing to be proud of. No shine or proper cutting edge, just the grimy rust from ages of neglect.",
    "proportional": { "price": 0.3, "bashing": 0.6, "cutting": 0.6, "weight": 0.9 },
    "extend": { "flags": [ "FRAGILE_MELEE" ] },
	"delete": { "flags": [ "DURABLE_MELEE" ] }
  },
  {
    "type": "GENERIC",
    "id": "kris_rusted",
    "copy-from": "kris",
    "looks_like": "kris",
    "name": "rusted kirs",
	"description": "There is little left if what defines this blade as a kris. Simply a seemingly mangled rusted knife now.",
    "proportional": { "price": 0.3, "bashing": 0.6, "cutting": 0.6, "weight": 0.9 },
    "extend": { "flags": [ "FRAGILE_MELEE" ] },
	"delete": { "flags": [ "DURABLE_MELEE" ] }
  },
  {
    "type": "GENERIC",
    "id": "kukri_rusted",
    "copy-from": "kukri",
    "looks_like": "kukri",
    "name": "rusted kukri",
	"description": "Looking at it now, one would never have guessed this kukri was once a serviceable weapon. Now it just looks like the thrown-away project of a failed blacksmith's apprentice.",
    "proportional": { "price": 0.3, "bashing": 0.6, "cutting": 0.6, "weight": 0.9 },
    "extend": { "flags": [ "FRAGILE_MELEE" ] },
	"delete": { "flags": [ "DURABLE_MELEE" ] }
  },
  {
    "type": "GENERIC",
    "id": "jian_rusted",
    "copy-from": "jian",
    "looks_like": "jian",
    "name": "rusted jian",
	"description": "From a far off land this weapon has come. However it got here it doesn't look like its rusted blade or its seemingly once-ornate guard has survived the test of time.",
    "proportional": { "price": 0.3, "bashing": 0.6, "cutting": 0.6, "weight": 0.9 },
    "extend": { "flags": [ "FRAGILE_MELEE" ] },
	"delete": { "flags": [ "DURABLE_MELEE" ] }
  },
  {
    "type": "GENERIC",
    "id": "scimitar_rusted",
    "copy-from": "scimitar",
    "looks_like": "scimitar",
    "name": "rusted scimitar",
	"description": "A rusted scimitar. Had it stayed in its homeland it would've probably still been an alright weapon. Unfortunately now it's just about as useful as any other severely weathered blade.",
    "proportional": { "price": 0.3, "bashing": 0.6, "cutting": 0.6, "weight": 0.9 },
    "extend": { "flags": [ "FRAGILE_MELEE" ] },
	"delete": { "flags": [ "DURABLE_MELEE" ] }
  },
  {
    "type": "GENERIC",
    "id": "estoc_rusted",
    "copy-from": "estoc",
    "looks_like": "estoc",
    "name": "rusted estoc",
	"description": "A neglected estoc, once a great weapon, now just a shadow of its former self. You can't imagine it ever being as good as it was again.",
    "proportional": { "price": 0.3, "bashing": 0.6, "cutting": 0.6, "weight": 0.9 },
    "extend": { "flags": [ "FRAGILE_MELEE" ] },
	"delete": { "flags": [ "DURABLE_MELEE" ] }
  },
  {
    "type": "GENERIC",
    "id": "arming_sword_rusted",
    "copy-from": "arming_sword",
    "looks_like": "arming_sword",
    "name": "rusted arming sword",
	"description": "An arming sword without shine or hope. While you'd still be considered armed with this there aren't many that would take you seriously.",
    "proportional": { "price": 0.3, "bashing": 0.6, "cutting": 0.6, "weight": 0.9 },
    "extend": { "flags": [ "FRAGILE_MELEE" ] },
	"delete": { "flags": [ "DURABLE_MELEE" ] }
  },
  {
    "type": "GENERIC",
    "id": "tanto_rusted",
    "copy-from": "tanto",
    "looks_like": "tanto",
    "name": "rusted tanto",
	"description": "A single-edged short rusted blade from a far land. It would've probably been able to cut pretty well had it not been left to deteriorate.",
    "proportional": { "price": 0.3, "bashing": 0.6, "cutting": 0.6, "weight": 0.9 },
    "extend": { "flags": [ "FRAGILE_MELEE" ] },
	"delete": { "flags": [ "DURABLE_MELEE" ] }
  },
  {
    "type": "GENERIC",
    "id": "wakizashi_rusted",
    "copy-from": "wakizashi",
    "looks_like": "wakizashi",
    "name": "rusted wakizashi",
	"description": "A single-edged rusted blade from a far land. It would've probably been able to cut pretty well had it not been left to deteriorate.",
    "proportional": { "price": 0.3, "bashing": 0.6, "cutting": 0.6, "weight": 0.9 },
    "extend": { "flags": [ "FRAGILE_MELEE" ] },
	"delete": { "flags": [ "DURABLE_MELEE" ] }
  },
  {
    "type": "GENERIC",
    "id": "zweihander_rusted",
    "copy-from": "zweihander",
    "looks_like": "zweihander",
    "name": "rusted zweihander",
	"description": "A zweihander that has been left to stand the test of time. While it might not cut as well anymore, it still is quite the hefty weapon.",
    "proportional": { "price": 0.3, "bashing": 0.6, "cutting": 0.6, "weight": 0.9 },
    "extend": { "flags": [ "FRAGILE_MELEE" ] },
	"delete": { "flags": [ "DURABLE_MELEE" ] }
  },
  {
    "type": "GENERIC",
    "id": "nodachi_rusted",
    "copy-from": "nodachi",
    "looks_like": "nodachi",
    "name": "rusted nodachi",
	"description": "A large single-edged rusted blade from a far land. It would've probably been able to cut pretty well had it not been left to deteriorate, but is still quite the weapon regardless of its current state.",
    "proportional": { "price": 0.3, "bashing": 0.6, "cutting": 0.6, "weight": 0.9 },
    "extend": { "flags": [ "FRAGILE_MELEE" ] },
	"delete": { "flags": [ "DURABLE_MELEE" ] }
  },
  {
    "type": "GENERIC",
    "id": "broadsword_rusted",
    "copy-from": "broadsword",
    "looks_like": "broadsword",
    "name": "rusted broadsword",
	"description": "A broadsword that has a lot of time and weathering to its name, if it ever had a name. Not as useful as when it was new but it's better than nothing.",
    "proportional": { "price": 0.3, "bashing": 0.6, "cutting": 0.6, "weight": 0.9 },
    "extend": { "flags": [ "FRAGILE_MELEE" ] },
	"delete": { "flags": [ "DURABLE_MELEE" ] }
  },
  {
    "type": "GENERIC",
    "id": "rapier_rusted",
    "copy-from": "rapier",
    "looks_like": "rapier",
    "name": "rusted rapier",
	"description": "A rapier that looks and feels far too deteriorated to have the right to be called one. Only the desperate would be caught using this in a duel.",
    "proportional": { "price": 0.3, "bashing": 0.6, "cutting": 0.6, "weight": 0.9 },
    "extend": { "flags": [ "FRAGILE_MELEE" ] },
	"delete": { "flags": [ "DURABLE_MELEE" ] }
  },
  {
    "type": "GENERIC",
    "id": "katana_rusted",
    "copy-from": "katana",
    "looks_like": "katana",
    "name": "rusted katana",
	"description": "A single-edged rusted blade from a far land. It would've probably been able to cut pretty well had it not been left to deteriorate.",
    "proportional": { "price": 0.3, "bashing": 0.6, "cutting": 0.6, "weight": 0.9 },
    "extend": { "flags": [ "FRAGILE_MELEE" ] },
	"delete": { "flags": [ "DURABLE_MELEE" ] }
  },
  {
    "type": "GENERIC",
    "id": "butterfly_swords_rusted",
    "copy-from": "butterfly_swords",
    "looks_like": "butterfly_swords",
    "name": "rusted butterfly swords",
	"description": "Like scarred and disgraced sisters these blades are better off not seen in public with their unsightly rust and unattractive cutting edge.",
    "proportional": { "price": 0.3, "bashing": 0.6, "cutting": 0.6, "weight": 0.9 },
    "extend": { "flags": [ "FRAGILE_MELEE" ] },
	"delete": { "flags": [ "DURABLE_MELEE" ] }
  },
  {
    "type": "GENERIC",
    "id": "cutlass_rusted",
    "copy-from": "cutlass",
    "looks_like": "cutlass",
    "name": "rusted cutlass",
	"description": "The sailor that had this blade must've died a long time ago. Or not, the smell of the salty sea can still be picked up on the rusted blade.",
    "proportional": { "price": 0.3, "bashing": 0.6, "cutting": 0.6, "weight": 0.9 },
    "extend": { "flags": [ "FRAGILE_MELEE" ] },
	"delete": { "flags": [ "DURABLE_MELEE" ] }
  },
  {
    "type": "GENERIC",
    "id": "lajatang_rusted_moldy",
    "copy-from": "lajatang",
    "looks_like": "lajatang",
    "name": "deteriorated lajatang",
	"description": "Not only are both of its blades rusted to hell, this lajatang's shaft has wood rot to its core. Don't expect a lot of use out of this weapon.",
    "proportional": { "price": 0.2, "bashing": 0.4, "cutting": 0.4, "weight": 0.9 },
    "extend": { "flags": [ "FRAGILE_MELEE" ] },
	"delete": { "flags": [ "DURABLE_MELEE" ] }
  },
  {
    "type": "GENERIC",
    "id": "war_flail_rusted",
    "copy-from": "2h_flail_steel",
    "looks_like": "2h_flail_steel",
    "name": "rusted war flail",
	"description": "What once would strike fear into the hearts of armoured units now only makes them laugh at the sorry state of it. Time was not kind to this flail.",
    "proportional": { "price": 0.3, "bashing": 0.6, "cutting": 0.6, "weight": 0.9 },
    "extend": { "flags": [ "FRAGILE_MELEE" ] },
	"delete": { "flags": [ "DURABLE_MELEE" ] }
  },
  {
    "type": "GENERIC",
    "id": "peasant_flail_rusted",
    "copy-from": "2h_flail_wood",
    "looks_like": "2h_flail_wood",
    "name": "moldy peasant flail",
	"description": "Even the peasants forgot about this one. Without use and care this flail has fallen to wood rot and is much less effective than it once was.",
    "proportional": { "price": 0.3, "bashing": 0.6, "cutting": 0.6, "weight": 0.9 },
    "extend": { "flags": [ "FRAGILE_MELEE" ] },
	"delete": { "flags": [ "DURABLE_MELEE" ] }
  },
  {
    "type": "GENERIC",
    "id": "battleaxe_rusted_moldy",
    "copy-from": "battleaxe",
    "looks_like": "battleaxe",
    "name": "deteriorated battleaxe",
	"description": "Who knows who this battleaxe once belonged to. A barbarian perhaps? No matter, not even they would use this weapon anymore.",
    "proportional": { "price": 0.2, "bashing": 0.4, "cutting": 0.4, "weight": 0.9 },
    "extend": { "flags": [ "FRAGILE_MELEE" ] },
	"delete": { "flags": [ "DURABLE_MELEE" ] }
  },
  {
    "type": "GENERIC",
    "id": "bokken_moldy",
    "copy-from": "bokken",
    "looks_like": "bokken",
    "name": "moldy bokken",
	"description": "What looks like a piece of old curved driftwood was actually once a training sword involving single-edged curved blades without much in the way of guards. Now it's no better than a water-logged stick.",
    "proportional": { "price": 0.3, "bashing": 0.6, "cutting": 0.6, "weight": 0.9 },
    "extend": { "flags": [ "FRAGILE_MELEE" ] },
	"delete": { "flags": [ "DURABLE_MELEE" ] }
  },
  {
    "type": "GENERIC",
    "id": "cudgel_moldy",
    "copy-from": "cudgel",
    "looks_like": "cudgel",
    "name": "moldy cudgel",
	"description": "Why would anyone use this as a weapon, one might ask? Because they didn't have a stick.",
    "proportional": { "price": 0.3, "bashing": 0.6, "cutting": 0.6, "weight": 0.9 },
    "extend": { "flags": [ "FRAGILE_MELEE" ] },
	"delete": { "flags": [ "DURABLE_MELEE" ] }
  },
  {
    "type": "GENERIC",
    "id": "hammer_sledge_rusted",
    "copy-from": "hammer_sledge",
    "looks_like": "hammer_sledge",
    "name": "rusted sledge hammer",
	"description": "Rusted or not, this hammer is still serviceable. Whether it'll last a day or perhaps two is another question.",
    "proportional": { "price": 0.3, "bashing": 0.6, "cutting": 0.6, "weight": 0.9 },
    "extend": { "flags": [ "FRAGILE_MELEE" ] },
	"delete": { "flags": [ "DURABLE_MELEE" ] }
  },
  {
    "type": "GENERIC",
    "id": "lucern_hammer_rusted",
    "copy-from": "lucern_hammer",
    "looks_like": "lucern_hammer",
    "name": "rusted lucern hammer",
	"description": "Rusted or not, this hammer is still serviceable. Whether it'll last a day or perhaps two is another question.",
    "proportional": { "price": 0.3, "bashing": 0.6, "cutting": 0.6, "weight": 0.9 },
    "extend": { "flags": [ "FRAGILE_MELEE" ] },
	"delete": { "flags": [ "DURABLE_MELEE" ] }
  },
  {
    "type": "GENERIC",
    "id": "mace_rusted",
    "copy-from": "mace",
    "looks_like": "mace",
    "name": "rusted mace",
	"description": "This mace has been eaten away over time by rust. It's sill usable as a melee weapon but it's definitely not as good as it used to be.",
    "proportional": { "price": 0.3, "bashing": 0.6, "cutting": 0.6, "weight": 0.9 },
    "extend": { "flags": [ "FRAGILE_MELEE" ] },
	"delete": { "flags": [ "DURABLE_MELEE" ] }
  },
  {
    "type": "GENERIC",
    "id": "morningstar_rusted",
    "copy-from": "morningstar",
    "looks_like": "morningstar",
    "name": "rusted morningstar",
	"description": "This morningstar has been eaten away over time by rust. It's sill usable as a melee weapon but it's definitely not as good as it used to be, and its spikes aren't really there anymore.",
    "proportional": { "price": 0.3, "bashing": 0.6, "cutting": 0.6, "weight": 0.9 },
    "extend": { "flags": [ "FRAGILE_MELEE" ] },
	"delete": { "flags": [ "DURABLE_MELEE" ] }
  },
  {
    "type": "GENERIC",
    "id": "q_staff_moldy",
    "copy-from": "q_staff",
    "looks_like": "q_staff",
    "name": "moldy quarterstaff",
	"description": "Walk around with this and people might think you a wizard or a wise hermit of the forest. That doesn't mean it's a good weapon though.",
    "proportional": { "price": 0.3, "bashing": 0.6, "cutting": 0.6, "weight": 0.9 },
    "extend": { "flags": [ "FRAGILE_MELEE" ] },
	"delete": { "flags": [ "DURABLE_MELEE" ] }
  },
  {
    "type": "GENERIC",
    "id": "shillelagh_moldy",
    "copy-from": "shillelagh",
    "looks_like": "shillelagh",
    "name": "moldy shillelagh",
	"description": "A stout knotty stick with a large knot at the top. Well, used to be stout. Wood rot has settled in and it might not last much longer under abuse.",
    "proportional": { "price": 0.3, "bashing": 0.6, "cutting": 0.6, "weight": 0.9 },
    "extend": { "flags": [ "FRAGILE_MELEE" ] },
	"delete": { "flags": [ "DURABLE_MELEE" ] }
  },
  {
    "type": "GENERIC",
    "id": "tonfa_wood_moldy",
    "copy-from": "tonfa_wood",
    "looks_like": "tonfa_wood",
    "name": "moldy tonfa",
	"description": "An odd wooden weapon like a short pole with a handle. You'd imagine it'd be effective if the rot hasn't taken hold and made it little better than a branch you can pick up outside",
    "proportional": { "price": 0.3, "bashing": 0.6, "cutting": 0.6, "weight": 0.9 },
    "extend": { "flags": [ "FRAGILE_MELEE" ] },
	"delete": { "flags": [ "DURABLE_MELEE" ] }
  },
  {
    "type": "GENERIC",
    "id": "warhammer_rusted",
    "copy-from": "warhammer",
    "looks_like": "warhammer",
    "name": "rusted war hammer",
	"description": "While this hammer may have been used in war once upon a time, it is far from adequate now in its deteriorated and fragile state. Doesn't mean it can't still pack a few more hard hits though.",
    "proportional": { "price": 0.3, "bashing": 0.6, "cutting": 0.6, "weight": 0.9 },
    "extend": { "flags": [ "FRAGILE_MELEE" ] },
	"delete": { "flags": [ "DURABLE_MELEE" ] }
  },
  {
    "type": "GENERIC",
    "id": "pitchfork_rusted",
    "copy-from": "pitchfork",
    "looks_like": "pitchfork",
    "name": "rusted pitchfork",
	"description": "A old pitchfork that probably came from a farm long forgotten or retaken by nature. It's not a good weapon by any stretch of the term but it's better than nothing.",
    "proportional": { "price": 0.3, "bashing": 0.6, "cutting": 0.6, "weight": 0.9 },
    "extend": { "flags": [ "FRAGILE_MELEE" ] },
	"delete": { "flags": [ "DURABLE_MELEE" ] }
  },
  {
    "type": "GENERIC",
    "id": "spear_steel_rusted",
    "copy-from": "spear_steel",
    "looks_like": "spear_steel",
    "name": "rusted spear",
	"description": "This one was probably used on a battlefield by a line of shield-carrying men long ago. Now it's little more than a flimsy pole with rusted and barely serviceable pointy end.",
    "proportional": { "price": 0.3, "bashing": 0.6, "cutting": 0.6, "weight": 0.9 },
    "extend": { "flags": [ "FRAGILE_MELEE" ] },
	"delete": { "flags": [ "DURABLE_MELEE" ] }
  },
  {
    "type": "GENERIC",
    "id": "qiang_rusted",
    "copy-from": "qiang",
    "looks_like": "qiang",
    "name": "rusted qiang",
	"description": "A rusted spear from a far off land. It has a tassle that barely has any colour left.",
    "proportional": { "price": 0.3, "bashing": 0.6, "cutting": 0.6, "weight": 0.9 },
    "extend": { "flags": [ "FRAGILE_MELEE" ] },
	"delete": { "flags": [ "DURABLE_MELEE" ] }
  },
  {
    "type": "GENERIC",
    "id": "halberd_rusted",
    "copy-from": "halberd",
    "looks_like": "halberd",
    "name": "rusted halberd",
	"description": "A halberd without much good left to say about it. It may have had a use in the hands of a guard some time ago but it clearly didn't serve them well on that last day, and it won't serve you nearly as well either.",
    "proportional": { "price": 0.3, "bashing": 0.6, "cutting": 0.6, "weight": 0.9 },
    "extend": { "flags": [ "FRAGILE_MELEE" ] },
	"delete": { "flags": [ "DURABLE_MELEE" ] }
  },
  {
    "type": "GENERIC",
    "id": "glaive_rusted",
    "copy-from": "glaive",
    "looks_like": "glaive",
    "name": "rusted glave",
	"description": "A very old glave that has seen much better days. They rusted blade is barely holding together and you think the wood is starting to chip away.",
    "proportional": { "price": 0.3, "bashing": 0.6, "cutting": 0.6, "weight": 0.9 },
    "extend": { "flags": [ "FRAGILE_MELEE" ] },
	"delete": { "flags": [ "DURABLE_MELEE" ] }
  },
  {
    "type": "GENERIC",
    "id": "naginata_rusted",
    "copy-from": "naginata",
    "looks_like": "naginata",
    "name": "rusted naginata",
	"description": "An old polearm with a curved rusted blade from a far off land. Whether it served its master faithfully is irrelevant now.",
    "proportional": { "price": 0.3, "bashing": 0.6, "cutting": 0.6, "weight": 0.9 },
    "extend": { "flags": [ "FRAGILE_MELEE" ] },
	"delete": { "flags": [ "DURABLE_MELEE" ] }
  },
  {
    "type": "GENERIC",
    "id": "pike_rusted",
    "copy-from": "pike",
    "looks_like": "pike",
    "name": "rusted pike",
	"description": "A wooden shaft flaking away and tipped with a rusted iron spearhead. It's not gonna last long even under that best combat conditions.",
    "proportional": { "price": 0.3, "bashing": 0.6, "cutting": 0.6, "weight": 0.9 },
    "extend": { "flags": [ "FRAGILE_MELEE" ] },
	"delete": { "flags": [ "DURABLE_MELEE" ] }
  }
]
