[
  {
    "id": "archaesth",
    "type": "BOOK",
    "name": { "str": "Archae Aesthetica", "str_pl": "Archae Aesthetica" },
    "description": "A thick leather-bound book whose pages are riddled with strange shapes and even stranger writings.",
    "weight": "4 kg",
    "volume": "2000 ml",
    "price": 10000,
    "bashing": 5,
    "material": [ "paper" ],
    "symbol": "?",
    "color": "white",
    "skill": "occult",
    "required_level": 0,
    "max_level": 5,
    "intelligence": 9,
    "time": "20 m",
    "fun": 1
  },
 {
    "id": "infusion_basic",
    "type": "BOOK",
    "name": { "str": "Basic Infusion Practices", "str_pl": "copies of Basic Infusion Practices" },
    "description": "An instruction booklet upon the infusion of magic into normally mundane items; intended for novice wizards.",
    "weight": "2 kg",
    "volume": "200 ml",
    "price": 1000,
    "bashing": 3,
    "material": [ "paper" ],
    "symbol": "?",
    "color": "white",
    "skill": "spellcraft",
    "required_level": 0,
    "max_level": 2,
    "intelligence": 9,
    "time": "10 m",
    "fun": 2
  },
 {
    "id": "infusion_mid",
    "type": "BOOK",
    "name": { "str": "Enchantments of Mundane Objects", "str_pl": "copies of Enchantments of Mundane Objects" },
    "description": "A thick manual upon enchantments and their uses. While covering practical topics, it features sections upon the spell theory used in the craft.",
    "weight": "4 kg",
    "volume": "400 ml",
    "price": 3000,
    "bashing": 5,
    "material": [ "paper" ],
    "symbol": "?",
    "color": "white",
    "skill": "spellcraft",
    "required_level": 2,
    "max_level": 4,
    "intelligence": 10,
    "time": "20 m",
    "fun": 1
  },
 {
    "id": "infusion_adv",
    "type": "BOOK",
    "name": { "str": "Arcaneum: Magic in Material Form", "str_pl": "copies of Arcaneum: Magic in Material Form" },
    "description": "A thick manual, layered with arcane runes. It's contents relate to advanced spell theroy and it's use in the reinforcements of objects.",
    "weight": "5 kg",
    "volume": "500 ml",
    "price": 5000,
    "bashing": 8,
    "material": [ "paper" ],
    "symbol": "?",
    "color": "white",
    "skill": "spellcraft",
    "required_level": 5,
    "max_level": 8,
    "intelligence": 12,
    "time": "30 m",
    "fun": -1
  },
 {
    "id": "infusion_fire",
    "type": "BOOK",
    "name": { "str": "Kindling", "str_pl": "copies of Kindling" },
    "description": "A small book, bound in red leather. It provides a basic rundown of pyromancy and its attunement to objects.",
    "weight": "2 kg",
    "volume": "200 ml",
    "price": 1000,
    "bashing": 3,
    "material": [ "paper" ],
    "symbol": "?",
    "color": "red",
    "skill": "spellcraft",
    "required_level": 1,
    "max_level": 2,
    "intelligence": 9,
    "time": "10 m",
    "fun": 2
  },
 {
    "id": "infusion_fire_mid",
    "type": "BOOK",
    "name": { "str": "Flames of Herodesia", "str_pl": "copies of Flames of Herodesia" },
    "description": "A small book, bound in red leather. It tells a tale of a legendary hero, and provides some analysis of their weapon's magic. Perhaps it may be useful.",
    "weight": "3 kg",
    "volume": "300 ml",
    "price": 2000,
    "bashing": 5,
    "material": [ "paper" ],
    "symbol": "?",
    "color": "red",
    "skill": "spellcraft",
    "required_level": 3,
    "max_level": 5,
    "intelligence": 10,
    "time": "20 m",
    "fun": 2
  }, 
 {
    "id": "infusion_fire_adv",
    "type": "BOOK",
    "name": { "str": "Pyromancy in Material Form", "str_pl": "copies of Pyromancy in Material Form" },
    "description": "A large manual, bound in red leather. It details in great deal the use of pyromancy, and its historic binding to objects.",
    "weight": "5 kg",
    "volume": "500 ml",
    "price": 5000,
    "bashing": 5,
    "material": [ "paper" ],
    "symbol": "?",
    "color": "red",
    "skill": "spellcraft",
    "required_level": 6,
    "max_level": 10,
    "intelligence": 12,
    "time": "30 m",
    "fun": 2
  },
  {
    "id": "infusion_ice",
    "type": "BOOK",
    "name": { "str": "Cryomancy", "str_pl": "copies of Cryomancy" },
    "description": "A small book, bound in leather. It provides a basic rundown of cryomancy and its attunement to objects.",
    "weight": "2 kg",
    "volume": "200 ml",
    "price": 1000,
    "bashing": 3,
    "material": [ "paper" ],
    "symbol": "?",
    "color": "blue",
    "skill": "spellcraft",
    "required_level": 1,
    "max_level": 2,
    "intelligence": 9,
    "time": "10 m",
    "fun": 2
  },
  {
    "id": "infusion_ice_mid",
    "type": "BOOK",
    "name": { "str": "Cold Steel", "str_pl": "copies of Cold Steel" },
    "description": "A book, bound in leather. It tells of several mages who made innovations in ice magic, and provides some detail on their research.",
    "weight": "3 kg",
    "volume": "300 ml",
    "price": 3000,
    "bashing": 5,
    "material": [ "paper" ],
    "symbol": "?",
    "color": "blue",
    "skill": "spellcraft",
    "required_level": 3,
    "max_level": 5,
    "intelligence": 10,
    "time": "20 m",
    "fun": 1
  },
  {
    "id": "infusion_ice_adv",
    "type": "BOOK",
    "name": { "str": "Spell Theory in Frost", "str_pl": "copies of Spell Theory in Frost" },
    "description": "This technical manual goes into great detail on spell theory, and it's application in ice-based magic.",
    "weight": "4 kg",
    "volume": "400 ml",
    "price": 5000,
    "bashing": 8,
    "material": [ "paper" ],
    "symbol": "?",
    "color": "blue",
    "skill": "spellcraft",
    "required_level": 6,
    "max_level": 10,
    "intelligence": 12,
    "time": "30 m",
    "fun": -1
  },
  {
    "id": "infusion_electric",
    "type": "BOOK",
    "name": { "str": "Kindling", "str_pl": "copies of Kindling" },
    "description": "A small book, bound in red leather. It provides a basic rundown of pyromancy and its attunement to objects.",
    "weight": "2 kg",
    "volume": "200 ml",
    "price": 1000,
    "bashing": 3,
    "material": [ "paper" ],
    "symbol": "?",
    "color": "red",
    "skill": "spellcraft",
    "required_level": 1,
    "max_level": 2,
    "intelligence": 9,
    "time": "10 m",
    "fun": 2
  },
 {
    "id": "infusion_electric_mid",
    "type": "BOOK",
    "name": { "str": "Flames of Herodesia", "str_pl": "copies of Flames of Herodesia" },
    "description": "A small book, bound in red leather. It tells a tale of a legendary hero, and provides some analysis of their weapon's magic. Perhaps it may be useful.",
    "weight": "3 kg",
    "volume": "300 ml",
    "price": 2000,
    "bashing": 5,
    "material": [ "paper" ],
    "symbol": "?",
    "color": "red",
    "skill": "spellcraft",
    "required_level": 3,
    "max_level": 5,
    "intelligence": 10,
    "time": "20 m",
    "fun": 2
  }, 
 {
    "id": "infusion_electric_adv",
    "type": "BOOK",
    "name": { "str": "Pyromancy in Material Form", "str_pl": "copies of Pyromancy in Material Form" },
    "description": "A large manual, bound in red leather. It details in great deal the use of pyromancy, and its historic binding to objects.",
    "weight": "5 kg",
    "volume": "500 ml",
    "price": 5000,
    "bashing": 5,
    "material": [ "paper" ],
    "symbol": "?",
    "color": "red",
    "skill": "spellcraft",
    "required_level": 6,
    "max_level": 10,
    "intelligence": 12,
    "time": "30 m",
    "fun": 2
  },
  {
    "id": "gods_and_godesses",
    "type": "BOOK",
    "name": { "str": "Gods and Godesses", "str_pl": "copies of Gods and Godesses" },
    "description": "A religious book, covering several gods, godesses, and their roles in divine law.",
    "weight": "2 kg",
    "volume": "200 ml",
    "price": 1000,
    "bashing": 3,
    "material": [ "paper" ],
    "symbol": "?",
    "color": "black_white",
    "skill": "faith",
    "required_level": 0,
    "max_level": 1,
    "intelligence": 3,
    "time": "5 m",
    "fun": 1
  },
  {
    "id": "divinity_general",
    "type": "BOOK",
    "name": { "str": "General Divinities", "str_pl": "copies of General Divinities" },
    "description": "A religious book, covering several gods, godesses, and their roles in divine law. It goes into some advanced detail on general legend-lore, and contains several uses for that knowledge.",
    "weight": "2 kg",
    "volume": "200 ml",
    "price": 3000,
    "bashing": 3,
    "material": [ "paper" ],
    "symbol": "?",
    "color": "black_white",
    "skill": "faith",
    "required_level": 1,
    "max_level": 3,
    "intelligence": 5,
    "time": "10 m",
    "fun": 1
  },
  {
    "id": "divinity_life",
    "type": "BOOK",
    "name": { "str": "Pacifius Die", "str_pl": "copies of Pacifius Die" },
    "description": "A religious book, covering knowledge of the goddess Vernon. It contains various rituals and historical tidbits, along with several recipes for divine artifacts.",
    "weight": "2 kg",
    "volume": "200 ml",
    "price": 3000,
    "bashing": 3,
    "material": [ "paper" ],
    "symbol": "?",
    "color": "black_white",
    "skill": "faith",
    "required_level": 1,
    "max_level": 3,
    "intelligence": 5,
    "time": "15 m",
    "fun": 1
  },
  {
    "id": "divinity_war",
    "type": "BOOK",
    "name": { "str": "Psalmis Bellum", "str_pl": "copies of Psalmis Bellum" },
    "description": "A religious book, covering knowledge of the god Ajax. It contains various rituals and historical tidbits, along with several recipes for divine artifacts.",
    "weight": "2 kg",
    "volume": "200 ml",
    "price": 3000,
    "bashing": 3,
    "material": [ "paper" ],
    "symbol": "?",
    "color": "black_white",
    "skill": "faith",
    "required_level": 1,
    "max_level": 3,
    "intelligence": 5,
    "time": "10 m",
    "fun": 1
  },
  {
    "id": "divinity_light",
    "type": "BOOK",
    "name": { "str": "Purgatio Lux", "str_pl": "copies of Purgatio Lux" },
    "description": "A religious book, covering knowledge of the goddess Cassandra. It contains various rituals and historical tidbits, along with several recipes for divine artifacts.",
    "weight": "2 kg",
    "volume": "200 ml",
    "price": 3000,
    "bashing": 3,
    "material": [ "paper" ],
    "symbol": "?",
    "color": "black_white",
    "skill": "faith",
    "required_level": 1,
    "max_level": 3,
    "intelligence": 5,
    "time": "10 m",
    "fun": 1
  },
  {
    "id": "divinity_twilight",
    "type": "BOOK",
    "name": { "str": "Stella Lux", "str_pl": "copies of Stella Lux" },
    "description": "A religious book, covering knowledge of the god Nero. It contains various rituals and historical tidbits, along with several recipes for divine artifacts.",
    "weight": "2 kg",
    "volume": "200 ml",
    "price": 3000,
    "bashing": 3,
    "material": [ "paper" ],
    "symbol": "?",
    "color": "black_white",
    "skill": "faith",
    "required_level": 1,
    "max_level": 3,
    "intelligence": 5,
    "time": "10 m",
    "fun": 1
  },
  {
    "id": "divine_weapon",
    "type": "BOOK",
    "name": { "str": "Incantations of Prayer", "str_pl": "copies of Incantations of Prayer" },
    "description": "This text covers various ritual prayers used by preists and acolytes to create divine artifacts. It specifically covers holy weapons.",
    "weight": "2 kg",
    "volume": "200 ml",
    "price": 3000,
    "bashing": 3,
    "material": [ "paper" ],
    "symbol": "?",
    "color": "black_white",
    "skill": "faith",
    "required_level": 1,
    "max_level": 3,
    "intelligence": 8,
    "time": "15 m",
    "fun": 1
  },
  {
    "id": "divine_weapon_mid",
    "type": "BOOK",
    "name": { "str": "Anaric", "str_pl": "copies of Anaric" },
    "description": "This text is a series of journals and letters written by sevral monks, from the monestary of the same name. It contains a wealth of theological information.",
    "weight": "3 kg",
    "volume": "300 ml",
    "price": 3000,
    "bashing": 5,
    "material": [ "paper" ],
    "symbol": "?",
    "color": "black_white",
    "skill": "faith",
    "required_level": 3,
    "max_level": 5,
    "intelligence": 10,
    "time": "23 m",
    "fun": 1
  },
  {
    "id": "divine_weapon_adv",
    "type": "BOOK",
    "name": { "str": "Comprehension of the Divine Essence", "str_pl": "copies of Comprehension of the Divine Essence" },
    "description": "This thick book contains; in great detail, the theological nature of the gods and their powers, explaining something called the 'divine essence'.",
    "weight": "5 kg",
    "volume": "500 ml",
    "price": 10000,
    "bashing": 8,
    "material": [ "paper" ],
    "symbol": "?",
    "color": "black_white",
    "skill": "faith",
    "required_level": 6,
    "max_level": 8,
    "intelligence": 12,
    "time": "30 m",
    "fun": 1
  },
  {
    "id": "totem_book",
    "type": "BOOK",
    "name": { "str": "Totems and Their Uses", "str_pl": "copies of Totems and Their Uses" },
    "description": "A small journal, containing explanations of magical totems and their possible uses.",
    "weight": "2 kg",
    "volume": "300 ml",
    "price": 1000,
    "bashing": 4,
    "material": [ "paper" ],
    "symbol": "?",
    "color": "white",
    "skill": "spellcraft",
    "required_level": 0,
    "max_level": 1,
    "intelligence": 3,
    "time": "5 m",
    "fun": 1
  },
  {
    "id": "basic_tatoo",
    "type": "BOOK",
    "name": { "str": "Geometric Infusions", "str_pl": "copies of Geometric Infusions" },
    "description": "A leather-bound book, filled with information upon the use of geometric patterens in arcane study, complete with illistrations.",
    "weight": "4 kg",
    "volume": "475 ml",
    "price": 4000,
    "bashing": 5,
    "material": [ "paper" ],
    "symbol": "?",
    "color": "brown",
    "skill": "spellcraft",
    "required_level": 2,
    "max_level": 4,
    "intelligence": 11,
    "time": "30 m",
    "fun": 0
  },
{
    "id": "book_of_golems",
    "type": "BOOK",
    "name": { "str": "Book of Golems", "str_pl": "Books of Golems" },
    "description": "A thick leather-bound, seemingly enchanted. It's pages teem with anatomical diagrams, enchanting methods, and basic knowledge of all sorts of golems and constructs.",
    "weight": "4 kg",
    "volume": "2000 ml",
    "price": 30000,
    "bashing": 5,
    "material": [ "paper" ],
    "symbol": "?",
    "color": "white",
    "skill": "spellcraft",
    "required_level": 3,
    "max_level": 5,
    "intelligence": 9,
    "time": "25 m",
    "fun": 1
  },
 {
    "id": "novice_potion",
    "type": "BOOK",
    "name": { "str": "Alchemy for Dummies", "str_pl": "copies of Alchemy for Dummies" },
    "description": "A thick tome upon basic alchemical practices, containing several basic potion recipies.",
    "weight": "6 kg",
    "volume": "400 ml",
    "price": 10000,
    "bashing": 3,
    "material": [ "paper" ],
    "symbol": "?",
    "color": "brown",
    "skill": "chemistry",
    "required_level": 0,
    "max_level": 2,
    "intelligence": 7,
    "time": "20 m",
    "fun": 1
  },
  {
    "id": "potion_mid",
    "type": "BOOK",
    "name": { "str": "Alchemical Processies", "str_pl": "copies of Alchemical Processies" },
    "description": "A thick tome upon apprentice-level alchemical practices, containing potion recipies.",
    "weight": "8 kg",
    "volume": "600 ml",
    "price": 10000,
    "bashing": 3,
    "material": [ "paper" ],
    "symbol": "?",
    "color": "brown",
    "skill": "chemistry",
    "required_level": 2,
    "max_level": 5,
    "intelligence": 9,
    "time": "25 m",
    "fun": 1
  },
 {
    "id": "al_reference",
    "type": "BOOK",
    "name": { "str": "alchemical reference note", "str_pl": "alchemical reference notes" },
    "description": "A collection of miscellaneous notes upon alchemical brewing, including information upon the magical portions thereof.",
    "weight": "25 g",
    "volume": "250 ml",
    "price": 1000,
    "bashing": 1,
    "material": [ "paper" ],
    "symbol": "?",
    "color": "white",
    "skill": "spellcraft",
    "required_level": 0,
    "max_level": 1,
    "intelligence": 3,
    "time": "5 m",
    "fun": 1
  },
 {
    "id": "forging_book_mtc",
    "type": "BOOK",
    "name": { "str": "Common Metallurgies", "str_pl": "copies of Common Metallurgies" },
    "description": "A large, leather-bound book. It contains multiple diagrams and explanation of metallurgy, smithing, and forging.",
    "weight": "50 g",
    "volume": "3 L",
    "price": 1000,
    "bashing": 3,
    "material": [ "paper" ],
    "symbol": "?",
    "color": "white",
    "skill": "fabrication",
    "required_level": 1,
    "max_level": 4,
    "intelligence": 8,
    "time": "15 m",
    "fun": 0
  }
]
