[
  {
    "id": "mtc_rune_base",
    "type": "GENERIC",
    "name": "rune",
    "description": "A nothing-special rune. Eat it and hope that it'll satisfy you.",
    "volume": "100 ml",
    "weight": 69,
    "price": 0,
    "category": "mtc_rune",
    "to_hit": -2,
    "bashing": 1,
    "material": [ "stone" ],
    "symbol": ".",
    "color": "dark_gray"
  },
  {
    "id": "mtc_rune_strength",
    "copy-from": "mtc_rune_base",
    "looks_like": "mtc_rune_base",
    "type": "GENERIC",
    "name": {
      "str": "rune (<color_red>strength</color>)",
      "str_pl": "runes (<color_red>strength</color>)"
    },
    "description": "A stone inked with a strange red symbol.  Can be used as a catalyst for crafting.\n\nRune Ability:\n<color_cyan>Runic Strength</color>:\n<color_white>Grants 1 strength and increases physical damage by 10% and resistance by 1. Physical resistance is limited to covered body part(s). Former doesn't stack.</color>"
  },
  {
    "id": "mtc_rune_dexterity",
    "copy-from": "mtc_rune_base",
    "looks_like": "mtc_rune_base",
    "type": "GENERIC",
    "name": {
      "str": "rune (<color_light_green>dexterity</color>)",
      "str_pl": "runes (<color_light_green>dexterity</color>)"
    },
    "description": "A stone inked with a strange lime symbol.  Can be used as a catalyst for crafting.\n\nRune Ability:\n<color_cyan>Runic Dexterity</color>:\n<color_white>Grants 1 dexterity and increases movement and attack speed by 3. Stackable.</color>"
  },
  {
    "id": "mtc_rune_intelligence",
    "copy-from": "mtc_rune_base",
    "looks_like": "mtc_rune_base",
    "type": "GENERIC",
    "name": {
      "str": "rune (<color_light_blue>intelligence</color>)",
      "str_pl": "runes (<color_light_blue>intelligence</color>)"
    },
    "description": "A stone inked with a strange blue symbol.  Can be used as a catalyst for crafting.\n\nRune Ability:\n<color_cyan>Runic Intelligence</color>:\n<color_white>Grants 1 intelligence and increases mana capacity by 250. Stackable.</color>"
  },
  {
    "id": "mtc_rune_perception",
    "copy-from": "mtc_rune_base",
    "looks_like": "mtc_rune_base",
    "type": "GENERIC",
    "name": {
      "str": "rune (<color_yellow>perception</color>)",
      "str_pl": "runes (<color_yellow>perception</color>)"
    },
    "description": "A stone inked with a strange golden symbol.  Can be used as a catalyst for crafting.\n\nRune Ability:\n<color_cyan>Runic Perception</color>:\n<color_white>Grants 1 perception and increases accuracy of attacks by 20%. Latter doesn't stack.</color>"
  },
  {
    "id": "mtc_rune_fire",
    "copy-from": "mtc_rune_base",
    "looks_like": "mtc_rune_base",
    "type": "GENERIC",
    "name": {
      "str": "elemental rune (<color_light_red>fire</color>)",
      "str_pl": "elemental runes (<color_light_red>fire</color>)"
    },
    "description": "A stone inked with a prominent crimson symbol.  Can be used as a catalyst for crafting.\n\nRune Ability:\n<color_cyan>Runic Blaze</color>:\n<color_white>Imbues item with blazing fire, adding 5-10 fire damage to attacks and resistance by 4. Fire resistance is limited to covered body part(s). Stackable.</color>"
  },
  {
    "id": "mtc_rune_ice",
    "copy-from": "mtc_rune_base",
    "looks_like": "mtc_rune_base",
    "type": "GENERIC",
    "name": {
      "str": "elemental rune (<color_blue>ice</color>)",
      "str_pl": "elemental runes (<color_blue>ice</color>)"
    },
    "description": "A stone inked with a prominent blue symbol.  Can be used as a catalyst for crafting.\n\nRune Ability:\n<color_cyan>Runic Frost</color>:\n<color_white>Imbues item with frost, adding 5-10 cold damage to attacks and resistance by 4. Cold resistance is limited to covered body part(s). Stackable.</color>"
  },
  {
    "id": "mtc_rune_electric",
    "copy-from": "mtc_rune_base",
    "looks_like": "mtc_rune_base",
    "type": "GENERIC",
    "name": {
      "str": "elemental rune (<color_light_blue>eletric</color>)",
      "str_pl": "elemental runes (<color_light_blue>electric</color>)"
    },
    "description": "A stone inked with a prominent sky blue symbol.  Can be used as a catalyst for crafting.\n\nRune Ability:\n<color_cyan>Runic Shock</color>:\n<color_white>Imbues item with electricity, adding 5-10 electric damage to attacks and resistance by 4. Electric resistance is limited to covered body part(s). Stackable.</color>"
  },
  {
    "id": "mtc_rune_acid",
    "copy-from": "mtc_rune_base",
    "looks_like": "mtc_rune_base",
    "type": "GENERIC",
    "name": {
      "str": "elemental rune (<color_light_green>acid</color>)",
      "str_pl": "elemental runes (<color_light_green>acid</color>)"
    },
    "description": "A stone inked with a prominent sky blue symbol.  Can be used as a catalyst for crafting.\n\nRune Ability:\n<color_cyan>Runic Corrosion</color>:\n<color_white>Imbues item with corrosive substance, adding 5-10 acid damage to attacks and resistance by 4. Acid resistance is limited to covered body part(s). Stackable.</color>"
  },
  {
    "id": "mtc_rune_shockwave",
    "copy-from": "mtc_rune_base",
    "looks_like": "mtc_rune_base",
    "type": "GENERIC",
    "name": {
      "str": "ability rune (<color_yellow>shockwave</color>)",
      "str_pl": "ability runes (<color_yellow>shockwave</color>)"
    },
    "description": "A stone inked with a highly saturated golden symbol.  Can be used as a catalyst for crafting.\n\nRune Ability:\n<color_cyan>Runic Shockwave</color>:\n<color_white>Attacking rolls a 1/5 chance. If successful, leaves a transient shockwave that affects target(s) differently based on weapon type.</color>"
  },
  {
    "id": "mtc_rune_feeble",
    "copy-from": "mtc_rune_base",
    "looks_like": "mtc_rune_base",
    "type": "GENERIC",
    "name": {
      "str": "ability rune (<color_magenta>feeble</color>)",
      "str_pl": "ability runes (<color_magenta>feeble</color>)"
    },
    "description": "A stone inked with a highly saturated magenta symbol.  Can be used as a catalyst for crafting.\n\nRune Ability:\n<color_cyan>Runic Enfeeble</color>:\n<color_white>Attacking rolls a 1/2 chance. If successful, weakens the target, decreasing their physical damage by 2 and strength by 1. Effect stacks up to 5 times.</color>"
  },
  {
    "id": "mtc_rune_empower",
    "copy-from": "mtc_rune_base",
    "looks_like": "mtc_rune_base",
    "type": "GENERIC",
    "name": {
      "str": "ability rune (<color_light_red>empower</color>)",
      "str_pl": "ability runes (<color_light_red>empower</color>)"
    },
    "description": "A stone inked with a highly saturated red symbol.  Can be used as a catalyst for crafting.\n\nRune Ability:\n<color_cyan>Runic Empowering</color>:\n<color_white>Attacking rolls a 1/2 chance. If successful, increases your raw power, providing 1 strength. Effect stacks up to 5 times.</color>"
  },
  {
    "id": "mtc_rune_arcanebinding",
    "copy-from": "mtc_rune_base",
    "looks_like": "mtc_rune_base",
    "type": "GENERIC",
    "name": {
      "str": "ability rune (<color_cyan>arcane binding</color>)",
      "str_pl": "ability runes (<color_cyan>arcane binding</color>)"
    },
    "description": "A stone inked with a highly saturated cyan symbol.  Can be used as a catalyst for crafting.\n\nRune Ability:\n<color_cyan>Runic Arcane Binding</color>:\n<color_white>Attacking rolls a 1/5 chance. If successful, magically binds the target, halting their actions for 1-2 turns.</color>"
  },
  {
    "id": "mtc_rune_chronostasis",
    "copy-from": "mtc_rune_base",
    "looks_like": "mtc_rune_base",
    "type": "GENERIC",
    "name": {
      "str": "ability rune (<color_yellow>chronostasis</color>)",
      "str_pl": "ability runes (<color_yellow>chronostasis</color>)"
    },
    "description": "A stone inked with a highly saturated blue symbol.  Can be used as a catalyst for crafting.\n\nRune Ability:\n<color_cyan>Runic Chronostasis</color>:\n<color_white>Attacking rolls a 1/15 chance. If successful, doubles your speed and dexterity, as well as giving 3 bonus dodges for a short period of time. While this takes effect, further strikes may negate their attack cost, which results for another free action.</color>"
  },
  {
    "id": "mtc_rune_etherealphase",
    "copy-from": "mtc_rune_base",
    "looks_like": "mtc_rune_base",
    "type": "GENERIC",
    "name": {
      "str": "ability rune (<color_dark_gray>ethereal phase</color>)",
      "str_pl": "ability runes (<color_dark_gray>ethereal phase</color>)"
    },
    "description": "A stone inked with a highly saturated, yet gloomy grayish symbol.  Can be used as a catalyst for crafting.\n\nRune Ability:\n<color_cyan>Runic Ethereal Phase</color>:\n<color_white>Attacking rolls a 1/25 chance. If successful, grants massive amount of speed, bonus dodges and invulnerability to physical damage for 3-7 turns. While this takes effect, your basic attacks passes through targets, which lets you swap positions with them, but won't do any harm.</color>"
  }
]