[
{
    "id": "wooden_buckler",
    "type": "ARMOR",
    "name": "wooden buckler",
    "category": "armor",
    "description": "A small wooden buckler, covering your hand. It is attached to you by a belt.",
    "weight": 1814,
    "volume": 10,
    "price": 700,
    "bashing": 4,
    "material": [ "wood" ],
    "symbol": "[",
    "color": "brown",
    "armor": [ { "encumbrance": 10, "coverage": 70, "covers": [ "hand_l", "hand_r" ] } ],
    "material_thickness": 3,
    "techniques": [ "WBLOCK_2" ],   
    "sided": true,
    "flags": [ "OVERSIZE", "BELTED", "RESTRICT_HANDS", "BLOCK_WHILE_WORN", "DURABLE_MELEE" ]
  },
{
    "id": "wooden_shield",
    "type": "ARMOR",
    "name": "wooden shield",
    "category": "armor",
    "description": "A standard wooden shield, which covers your arm and hand. It is attached to you by a belt.",
    "weight": 2721,
    "volume": 15,
    "price": 1200,
    "bashing": 6,
    "material": [ "wood" ],
    "symbol": "[",
    "color": "brown",
    "armor": [ { "encumbrance": 15, "coverage": 90, "covers": [ "hand_l", "hand_r" ] } ],
    "material_thickness": 4,
    "techniques": [ "WBLOCK_2" ],
    "sided": true,
    "flags": [ "OVERSIZE", "BELTED", "RESTRICT_HANDS", "BLOCK_WHILE_WORN", "DURABLE_MELEE" ]
  },
{
    "id": "wooden_shield_tower",
    "type": "ARMOR",
    "name": "wooden tower shield",
    "category": "armor",
    "description": "A wooden tower shield, which covers your arm and hand. Due to its sheer size, this one has been left free-handed.",
    "weight": 5442,
    "volume": 15,
    "price": 2700,
    "bashing": 12,
    "material": [ "wood" ],
    "symbol": "[",
    "color": "brown",
    "armor": [ { "encumbrance": 20, "coverage": 100, "covers": [ "hand_l", "hand_r", "arm_l", "arm_r" ] } ],
    "material_thickness": 7,
    "techniques": [ "WBLOCK_2" ],
    "sided": true,
    "flags": [ "OVERSIZE", "RESTRICT_HANDS", "BLOCK_WHILE_WORN", "DURABLE_MELEE" ]
  },
{
    "id": "metal_buckler",
    "type": "ARMOR",
    "name": "metal buckler",
    "category": "armor",
    "description": "A small metallic buckler, covering your hand. It is attached to you by a belt.",
    "weight": 1904,
    "volume": 10,
    "price": 1000,
    "bashing": 5,
    "material": [ "steel" ],
    "symbol": "[",
    "color": "dark_gray",
    "armor": [ { "encumbrance": 12, "coverage": 70, "covers": [ "hand_l", "hand_r" ] } ],
    "material_thickness": 4,
    "techniques": [ "WBLOCK_2" ],
    "sided": true,
    "flags": [ "OVERSIZE", "BELTED", "RESTRICT_HANDS", "BLOCK_WHILE_WORN", "DURABLE_MELEE" ]
  },
{
    "id": "metal_shield",
    "type": "ARMOR",
    "name": "metal shield",
    "category": "armor",
    "description": "A standard metallic shield, which covers your arm and hand. It is attached to you by a belt.",
    "weight": 2857,
    "volume": 15,
    "price": 1500,
    "bashing": 7,
    "material": [ "steel" ],
    "symbol": "[",
    "color": "dark_gray",
    "armor": [ { "encumbrance": 17, "coverage": 90, "covers": [ "hand_l", "hand_r" ] } ],
    "material_thickness": 5,
    "techniques": [ "WBLOCK_2" ],
    "sided": true,
    "flags": [ "OVERSIZE", "BELTED", "RESTRICT_HANDS", "BLOCK_WHILE_WORN", "DURABLE_MELEE" ]
  },
{
    "id": "metal_shield_tower",
    "type": "ARMOR",
    "name": "metal tower shield",
    "category": "armor",
    "description": "A gargantuan metallic tower shield, which covers your arm and hand. Due to its sheer size, this one has been left free-handed.",
    "weight": 5714,
    "volume": 15,
    "price": 1500,
    "bashing": 14,
    "material": [ "steel" ],
    "symbol": "[",
    "color": "dark_gray",
    "armor": [ { "encumbrance": 22, "coverage": 100, "covers": [ "hand_l", "hand_r", "arm_l", "arm_r" ] } ],
    "material_thickness": 8,
    "techniques": [ "WBLOCK_2" ],
    "sided": true,
    "flags": [ "OVERSIZE", "RESTRICT_HANDS", "BLOCK_WHILE_WORN", "DURABLE_MELEE" ]
  }
]