[
{
    "id": "bigpack_mtc",
    "repairs_like": "bigback",
    "type": "ARMOR",
    "name": { "str": "huge satchel" },
    "description": "A huge fabric backpack, made for the long-time wanderer or a alchemist with ingredients to haul. It can store a great deal of things.",
    "weight": "1200 g",
    "volume": "9186 ml",
    "price": 4500,
    "price_postapoc": 750,
    "material": [ "cotton" ],
    "symbol": "[",
    "looks_like": "backpack",
    "color": "green",
    "armor": [ { "encumbrance": [ 20, 60 ], "coverage": 75, "covers": [ "torso", "leg_l", "leg_r" ] } ],
    "pocket_data": [
      {
        "pocket_type": "CONTAINER",
        "max_contains_volume": "80 L",
        "max_contains_weight": "40 kg",
        "max_item_length": "96 cm",
        "magazine_well": "8750 ml",
        "moves": 300
      }
    ],
    "warmth": 5,
    "material_thickness": 2,
    "flags": [ "BELTED" ]
  }
]