[
	{
    "id": "rat_tail",
    "name": "rat tail",
	"type": "GENERIC",
	"symbol": "/",
	"weight": "100 g",
    "volume": "100 ml",
    "description": "A rat's tail, a trophy item to prove you've slain the rats.",
    "color": "pink"
	},
	{
    "id": "mon_black_rat",
    "type": "MONSTER",
    "name": { "str": "black rat" },
    "description": "The black rat, an omnivorous rodent with sheer black fur and a long, rough tail.  Harbinger of pestilence, famine, and mange, it will sometimes swarm over the dead or dying.",
    "default_faction": "rat",
    "bodytype": "pig",
    "categories": [ "WILDLIFE" ],
    "species": [ "MAMMAL" ],
    "volume": "200 ml",
    "weight": "200 g",
    "hp": 6,
    "speed": 100,
    "material": [ "flesh" ],
    "symbol": "r",
    "color": "dark_gray",
    "aggression": 5,
    "morale": 5,
    "melee_skill": 5,
    "melee_dice": 1,
    "melee_dice_sides": 1,
    "melee_damage": [ { "damage_type": "cut", "amount": 1 } ],
    "dodge": 2,
    "vision_day": 30,
    "vision_night": 10,
    "harvest": "mammal_tiny",
    "path_settings": { "max_dist": 10 },
    "anger_triggers": [ "PLAYER_WEAK" ],
    "fear_triggers": [ "PLAYER_CLOSE" ],
	"death_drops": {
      "subtype": "collection",
      "items": [
        { "item": "rat_tail", "prob": 100 }
      ]
    },
    "special_attacks": [ [ "EAT_FOOD", 120 ] ],
    "flags": [ "SEES", "SMELLS", "HEARS", "WARM", "SWIMS", "ANIMAL", "STUMBLES", "PATH_AVOID_DANGER_1" ]
	},
	{
    "id": "goblin_ears",
    "name": "goblin ears",
	"type": "GENERIC",
	"symbol": "/",
	"weight": "200 g",
    "volume": "200 ml",
    "description": "A pair of goblin ears tied together with some of the goblin's hair it came from. A trophy item to prove you're a goblin slayer.",
    "color": "yellow"
	},
	{
    "id": "mon_blob",
    "type": "MONSTER",
    "name": { "str": "slime" },
    "description": "A black blob of viscous goo, oozing across the ground like a glob of living oil.",
    "default_faction": "slime",
    "bodytype": "blob",
	"categories": [ "MONSTERS" ],
    "species": [ "NETHER", "SLIME" ],
    "diff": 1,
    "volume": "62500 ml",
    "weight": "81500 g",
    "hp": 80,
    "speed": 70,
    "symbol": "O",
    "color": "dark_gray",
    "phase": "LIQUID",
    "aggression": 100,
    "morale": 100,
    "melee_skill": 5,
    "melee_dice": 2,
    "melee_dice_sides": 4,
    "melee_damage": [ { "damage_type": "cut", "amount": 0 } ],
    "armor_bash": 12,
    "armor_stab": 14,
    "armor_acid": 15,
    "harvest": "exempt",
    "special_attacks": [ [ "FORMBLOB", 30 ] ],
    "death_function": {
      "message": "The %s splits in two!",
      "corpse_type": "NO_CORPSE",
      "effect": { "id": "death_blobsplit", "hit_self": true }
    },
    "flags": [ "HEARS", "GOODHEARING", "NOHEAD", "POISON", "NO_BREATHE", "ACIDPROOF" ]
	},
  {
    "id": "mon_blob_large",
    "type": "MONSTER",
    "name": { "str": "big slime" },
    "description": "A large black blob of viscous goo, oozing across the ground like a glob of living oil.",
    "default_faction": "slime",
    "bodytype": "blob",
	"categories": [ "MONSTERS" ],
    "species": [ "NETHER", "SLIME" ],
    "diff": 1,
    "volume": "92500 ml",
    "weight": "120 kg",
    "hp": 160,
    "speed": 90,
    "symbol": "O",
    "color": "light_gray",
    "phase": "LIQUID",
    "aggression": 100,
    "morale": 100,
    "melee_skill": 6,
    "melee_dice": 2,
    "melee_dice_sides": 6,
    "melee_damage": [ { "damage_type": "cut", "amount": 0 } ],
    "armor_bash": 14,
    "armor_cut": 4,
    "armor_bullet": 3,
    "armor_stab": 20,
    "armor_acid": 20,
    "harvest": "exempt",
    "special_attacks": [ [ "FORMBLOB", 20 ] ],
    "death_function": {
      "message": "The %s splits in two!",
      "corpse_type": "NO_CORPSE",
      "effect": { "id": "death_blobsplit_large", "hit_self": true }
    },
    "flags": [ "HEARS", "GOODHEARING", "NOHEAD", "POISON", "NO_BREATHE", "ACIDPROOF" ]
  },
  {
    "id": "mon_blob_small",
    "type": "MONSTER",
    "name": { "str": "small slime" },
    "description": "A small black blob of viscous goo, oozing across the ground like a glob of living oil.",
    "default_faction": "slime",
    "bodytype": "blob",
	"categories": [ "MONSTERS" ],
    "species": [ "NETHER", "SLIME" ],
    "diff": 1,
    "volume": "30000 ml",
    "weight": "40750 g",
    "hp": 40,
    "speed": 50,
    "symbol": "o",
    "color": "dark_gray",
    "phase": "LIQUID",
    "aggression": 100,
    "morale": 100,
    "melee_skill": 4,
    "melee_dice": 1,
    "melee_dice_sides": 4,
    "melee_damage": [ { "damage_type": "cut", "amount": 0 } ],
    "armor_bash": 6,
    "armor_stab": 10,
    "armor_acid": 10,
    "harvest": "exempt",
    "death_function": { "message": "The %s's body melts away.", "corpse_type": "NO_CORPSE" },
    "flags": [ "HEARS", "GOODHEARING", "NOHEAD", "POISON", "NO_BREATHE", "ACIDPROOF" ]
	},
	{
    "id": "trophy_dragon_fang",
    "name": "dragon fang",
	"type": "GENERIC",
	"symbol": "v",
	"weight": "200 g",
    "volume": "200 ml",
    "description": "A fang pulled from the skull of a slain dragon.",
    "color": "white"
	},
        {
    "type": "GENERIC",
    "id": "dragon_scale",
    "category": "spare_parts",
    "symbol": ",",
    "color": "black",
    "name": { "str": "dragon scale", "str_pl": "dragon scales" },
    "description": "A scale skinned from a dragon. It is extremely durable, and a highly valued commodity.",
    "price": 2500,
    "material": [ "bone", "flesh" ],
    "flags": [ "NO_SALVAGE" ],
    "weight": "380 g",
    "volume": "75  ml",
    "bashing": 1,
    "to_hit": -2
  }
]
