[
  {
    "type": "SPELL",
    "id": "dmbb_sword_dragonslayer_dragonbane",
    "name": "Dragon Bane",
    "description": "Deals bonus cut damage to dragons.",
    "flags": [ "SILENT", "RANDOM_DAMAGE" ],
    "valid_targets": [ "hostile" ],
    "damage_type": "cut",
    "min_damage": 45,
    "max_damage": 60,
    "min_range": 1,
    "effect": "attack",
	"shape": "blast",
    "targeted_monster_ids": [ "mon_mtc_dragon_fire_adult", "mon_mtc_dragon_ice_adult", "mon_mtc_dragon_storm_adult", "mon_mtc_dragon_fire_young", "mon_mtc_dragon_ice_young", "mon_mtc_dragon_storm_young" ]
  },
  {
    "id": "mtc_sword_dragonslayer",
    "type": "GENERIC",
    "category": "weapons",
    "name": { "str": "dragonslayer" },
    "description": "A huge two-handed broadsword made of dragon scales. It may look dull, but its blade can easily pierce through dragons.\n\nRune Slot: empty\n\nAbilities:\n<color_cyan>Dragon's Bane</color>:\n<color_white>Attacking rolls a 1/3 chance. If successful, this weapon deals 45-60 cutting damage to dragon-type monsters.</color>",
    "weight": "4625 g",
    "volume": "4995 ml",
    "longest_side": "200 cm",
    "price": 69000,
    "price_postapoc": 420,
    "to_hit": 2,
    "bashing": 16,
    "cutting": 36,
    "material": [ "bone" ],
    "symbol": "/",
    "color": "light_red",
    "techniques": [ "WBLOCK_1", "WIDE", "BRUTAL", "SWEEP" ],
    "qualities": [ [ "CUT", 1 ], [ "BUTCHER", -5 ] ],
    "relic_data": {
      "passive_effects": [
        {
          "has": "WIELD",
          "condition": "ALWAYS",
          "hit_you_effect": [
            {
              "id": "mtc_sword_dragonslayer_dragonbane",
              "hit_self": false,
              "once_in": 3,
              "message": "<color_light_green>Your dragonslayer shimmers as it slashes %2$s!</color>",
              "npc_message": "<color_light_green>%1$s's dragonslayer shimmers as it slashes %2$s!</color>"
            }
          ]
        }
      ]
    }
  }
]
