[
{
    "id": "armguard_larmor+1",
    "type": "ARMOR",
    "category": "armor",
    "name": { "str": "pair of leather arm guards+", "str_pl": "pairs of leather arm guards+" },
    "description": "A pair of tough leather arm guards.  Light and comfortable.",
    "weight": "430 g",
    "volume": "2 L",
    "price": 4000,
    "price_postapoc": 1000,
    "to_hit": 1,
    "material": [ "leather" ],
    "symbol": "[",
    "looks_like": "arm_warmers",
    "color": "brown",
    "warmth": 25,
    "material_thickness": 5,
    "valid_mods": [ "steel_padded" ],
    "flags": [ "STURDY", "BELTED", "BLOCK_WHILE_WORN", "WATER_FRIENDLY" ],
    "armor": [ { "encumbrance": 10, "coverage": 90, "covers": [ "arm_l", "arm_r" ] } ]
  },
{
    "id": "armguard_lightplate+1",
    "type": "ARMOR",
    "category": "armor",
    "name": { "str": "pair of steel arm guards+", "str_pl": "pairs of steel arm guards+" },
    "description": "A full assembly of medieval arm protection.  Rerebraces, couters, and vambraces, with leather straps to secure each piece and connect it as part of a set.",
    "weight": "2720 g",
    "volume": "5500 ml",
    "price": 20000,
    "price_postapoc": 12000,
    "to_hit": -1,
    "material": [ "steel", "leather" ],
    "symbol": "[",
    "looks_like": "armguard_metal",
    "color": "light_gray",
    "warmth": 20,
    "material_thickness": 5,
    "flags": [ "VARSIZE", "BELTED", "STURDY", "BLOCK_WHILE_WORN" ],
    "armor": [ { "encumbrance": 20, "coverage": 95, "covers": [ "arm_l", "arm_r" ] } ]
  },
{
    "id": "chainmail_arms+1",
    "type": "ARMOR",
    "category": "armor",
    "name": { "str": "pair of chainmail sleeves+", "str_pl": "pairs of chainmail sleeves+" },
    "description": "Customized chainmail arms.  Each sleeve has straps to connect them with each other.  The lack of fingers makes them less cumbersome and allows them to be used with gloves.",
    "weight": "2812 g",
    "volume": "750 ml",
    "price": 7500,
    "price_postapoc": 2500,
    "to_hit": -1,
    "material": [ "iron", "cotton" ],
    "symbol": "[",
    "looks_like": "armguard_metal",
    "color": "light_red",
    "material_thickness": 5,
    "flags": [ "VARSIZE", "STURDY" ],
    "armor": [ { "encumbrance": 20, "coverage": 95, "covers": [ "arm_l", "arm_r" ] } ]
  },
{
    "id": "vambrace_larmor+1",
    "type": "ARMOR",
    "category": "armor",
    "name": { "str": "pair of leather vambraces+", "str_pl": "pairs of leather vambraces+" },
    "description": "A pair of light leather arm guards, made for archery.",
    "weight": "362 g",
    "volume": "1 L",
    "price": 2000,
    "price_postapoc": 500,
    "to_hit": 1,
    "material": [ "leather" ],
    "symbol": "[",
    "looks_like": "armguard_larmor",
    "color": "brown",
    "warmth": 10,
    "material_thickness": 4,
    "environmental_protection": 1,
    "flags": [ "STURDY", "BELTED", "WATER_FRIENDLY" ],
    "armor": [ { "encumbrance": 8, "coverage": 50, "covers": [ "arm_l", "arm_r" ] } ]
  },
{
    "id": "boots_larmor+1",
    "type": "ARMOR",
    "category": "armor",
    "name": { "str": "pair of leather armor boots+", "str_pl": "pairs of leather armor boots+" },
    "description": "Thick leather boots made specifically to protect the feet.  Light yet tough.",
    "weight": "902 g",
    "volume": "2 L",
    "price": 12500,
    "price_postapoc": 1750,
    "to_hit": -1,
    "bashing": 4,
    "material": [ "leather" ],
    "symbol": "[",
    "looks_like": "boots",
    "color": "brown",
    "warmth": 25,
    "material_thickness": 7,
    "environmental_protection": 2,
    "flags": [ "VARSIZE", "WATERPROOF", "STURDY" ],
    "armor": [ { "encumbrance": 18, "coverage": 95, "covers": [ "foot_l", "foot_r" ] } ]
  },
{
    "id": "boots_plate+1",
    "type": "ARMOR",
    "category": "armor",
    "name": { "str": "pair of armored boots+", "str_pl": "pairs of armored boots+" },
    "description": "An extremely heavy set of armor plated boots.",
    "weight": "1890 g",
    "volume": "3250 ml",
    "price": 50000,
    "price_postapoc": 6000,
    "to_hit": -2,
    "bashing": 7,
    "material": [ "iron", "leather" ],
    "symbol": "[",
    "looks_like": "boots_steel",
    "color": "light_gray",
    "warmth": 20,
    "material_thickness": 5,
    "environmental_protection": 1,
    "flags": [ "VARSIZE", "WATERPROOF", "STURDY" ],
    "armor": [ { "encumbrance": 28, "coverage": 100, "covers": [ "foot_l", "foot_r" ] } ]
  },
{
    "id": "chainmail_feet+1",
    "type": "ARMOR",
    "category": "armor",
    "name": { "str": "pair of chainmail chausses+", "str_pl": "pairs of chainmail chausses+" },
    "description": "Customized chainmail chausses that cover the feet, like booties made of chainmail.",
    "weight": "2006 g",
    "volume": "500 ml",
    "price": 5012,
    "price_postapoc": 2000,
    "to_hit": -1,
    "material": [ "iron", "cotton" ],
    "symbol": "[",
    "color": "light_red",
    "material_thickness": 5,
    "flags": [ "VARSIZE", "STURDY" ],
    "armor": [ { "encumbrance": 20, "coverage": 100, "covers": [ "foot_l", "foot_r" ] } ]
  },
{
    "id": "chainmail_hands+1",
    "type": "ARMOR",
    "category": "armor",
    "name": { "str": "pair of chainmail gloves+", "str_pl": "pairs of chainmail gloves+" },
    "description": "Customized chainmail gloves that fully enclose the hand.",
    "weight": "2006 g",
    "volume": "500 ml",
    "price": 5012,
    "price_postapoc": 2500,
    "to_hit": -1,
    "material": [ "iron", "cotton" ],
    "symbol": "[",
    "color": "light_red",
    "material_thickness": 3,
    "flags": [ "VARSIZE", "STURDY" ],
    "armor": [ { "encumbrance": 30, "coverage": 100, "covers": [ "hand_l", "hand_r" ] } ]
  },
{
    "id": "gauntlets_larmor+1",
    "type": "ARMOR",
    "category": "armor",
    "name": { "str": "pair of leather armor gauntlets+", "str_pl": "pairs of leather armor gauntlets+" },
    "description": "Heavy fingerless leather gloves.",
    "weight": "350 g",
    "volume": "750 ml",
    "price": 3400,
    "price_postapoc": 750,
    "to_hit": -2,
    "bashing": 2,
    "material": [ "leather" ],
    "symbol": "[",
    "looks_like": "gloves_leather",
    "color": "brown",
    "warmth": 15,
    "material_thickness": 4,
    "environmental_protection": 1,
    "flags": [ "VARSIZE", "STURDY", "ALLOWS_NATURAL_ATTACKS", "ALLOWS_TALONS" ],
    "armor": [ { "encumbrance": 4, "coverage": 60, "covers": [ "hand_l", "hand_r" ] } ]
  },
{
    "id": "gloves_plate+1",
    "type": "ARMOR",
    "category": "armor",
    "name": { "str": "pair of armored gauntlets+", "str_pl": "pairs of armored gauntlets+" },
    "description": "An extremely heavy set of armor-plated leather gloves.",
    "weight": "980 g",
    "volume": "1500 ml",
    "price": 40000,
    "price_postapoc": 3000,
    "to_hit": -2,
    "bashing": 7,
    "material": [ "iron", "leather" ],
    "symbol": "[",
    "looks_like": "fire_gauntlets",
    "color": "light_gray",
    "warmth": 20,
    "material_thickness": 5,
    "environmental_protection": 1,
    "flags": [ "VARSIZE", "STURDY" ],
    "armor": [ { "encumbrance": 20, "coverage": 100, "covers": [ "hand_l", "hand_r" ] } ]
  },
{
    "id": "helmet_barbute+1",
    "type": "ARMOR",
    "category": "armor",
    "name": { "str": "barbute helm+" },
    "description": "A medieval helmet that provides excellent protection for the head, with a Y shaped opening for the face.",
    "weight": "1175 g",
    "volume": "2500 ml",
    "price": 30000,
    "price_postapoc": 4000,
    "bashing": 10,
    "material": [ "steel", "leather" ],
    "symbol": "[",
    "looks_like": "helmet_plate",
    "color": "light_gray",
    "armor": [
      { "covers": [ "head" ], "coverage": 95, "encumbrance": 20 },
      { "covers": [ "eyes", "mouth" ], "coverage": 65, "encumbrance": 0 }
    ],
    "warmth": 10,
    "material_thickness": 5,
    "techniques": [ "WBLOCK_1" ],
    "flags": [ "VARSIZE", "STURDY" ]
  },
{
    "id": "helmet_conical+1",
    "type": "ARMOR",
    "category": "armor",
    "name": { "str": "conical helm+" },
    "description": "A conical iron helm with additional protection for the neck, associated with the Mongol Empire.",
    "weight": "1425 g",
    "volume": "3500 ml",
    "price": 40000,
    "price_postapoc": 3500,
    "bashing": 6,
    "material": [ "iron", "fur" ],
    "symbol": "[",
    "looks_like": "helmet_barbute",
    "color": "brown",
    "warmth": 35,
    "material_thickness": 4,
    "techniques": [ "WBLOCK_1" ],
    "flags": [ "VARSIZE", "STURDY" ],
    "armor": [ { "encumbrance": 20, "coverage": 90, "covers": [ "head" ] } ]
  },
{
    "id": "helmet_galea+1",
    "type": "ARMOR",
    "category": "armor",
    "name": { "str": "galea+", "str_pl": "galeae+" },
    "description": "An Imperial Roman helmet, with distinct projections protecting the sides of the head.",
    "weight": "1310 g",
    "volume": "2500 ml",
    "price": 35000,
    "price_postapoc": 3500,
    "bashing": 10,
    "material": [ "iron", "leather" ],
    "symbol": "[",
    "looks_like": "helmet_barbute",
    "color": "light_gray",
    "armor": [ { "covers": [ "head" ], "coverage": 90, "encumbrance": 10 } ],
    "warmth": 10,
    "material_thickness": 4,
    "techniques": [ "WBLOCK_1" ],
    "flags": [ "VARSIZE", "STURDY" ]
  },
{
    "id": "helmet_kabuto+1",
    "type": "ARMOR",
    "category": "armor",
    "name": { "str_sp": "kabuto+" },
    "//": "Leaving this at $500 as it's either antique/priceless or player-made/Bartered, leastwise on the initial search.",
    "description": "A medieval Japanese helmet with a scowling facemask that provides excellent protection to the entire head and face.",
    "weight": "1625 g",
    "volume": "3500 ml",
    "price": 50000,
    "price_postapoc": 5000,
    "bashing": 6,
    "material": [ "iron", "leather" ],
    "symbol": "[",
    "looks_like": "helmet_barbute",
    "color": "dark_gray",
    "armor": [
      { "covers": [ "head" ], "coverage": 95, "encumbrance": 20 },
      { "covers": [ "eyes" ], "coverage": 35, "encumbrance": 0 },
      { "covers": [ "mouth" ], "coverage": 95, "encumbrance": 10 }
    ],
    "warmth": 25,
    "material_thickness": 5,
    "environmental_protection": 1,
    "techniques": [ "WBLOCK_1" ],
    "flags": [ "STURDY" ]
  },
{
    "id": "helmet_larmor+1",
    "type": "ARMOR",
    "category": "armor",
    "name": { "str": "leather armor helmet+" },
    "description": "A thick leather helmet that provides excellent protection for the head.",
    "weight": "435 g",
    "volume": "2 L",
    "price": 14000,
    "price_postapoc": 2000,
    "material": [ "leather" ],
    "symbol": "[",
    "looks_like": "hat_hard",
    "color": "brown",
    "warmth": 10,
    "material_thickness": 4,
    "techniques": [ "WBLOCK_1" ],
    "flags": [ "VARSIZE", "WATER_FRIENDLY", "STURDY" ],
    "armor": [ { "encumbrance": 20, "coverage": 85, "covers": [ "head" ] } ]
  },
{
    "id": "helmet_nasal+1",
    "type": "ARMOR",
    "category": "armor",
    "name": { "str": "nasal helm+" },
    "description": "An early medieval helmet with a projection guarding the nose, to better protect the face without obstructing vision.  Proper viking gear, unlike the stereotypical horned helm.",
    "weight": "907 g",
    "volume": "2 L",
    "price": 26000,
    "price_postapoc": 3000,
    "bashing": 10,
    "material": [ "iron", "leather" ],
    "symbol": "[",
    "looks_like": "helmet_barbute",
    "color": "light_gray",
    "armor": [
      { "covers": [ "head" ], "coverage": 85, "encumbrance": 10 },
      { "covers": [ "eyes" ], "coverage": 25, "encumbrance": 0 }
    ],
    "warmth": 10,
    "material_thickness": 4,
    "techniques": [ "WBLOCK_1" ],
    "flags": [ "VARSIZE", "STURDY" ]
  },
{
    "type": "GENERIC",
    "id": "helmet_nomad+1",
    "copy-from": "helmet_nomad",
    "looks_like": "helmet_nomad",
    "name": { "str": "nomad cowl+" },
    "proportional": { "price": 1.2, "bashing": 1.2, "cutting": 1.2 }
  },
{
    "id": "helmet_plate+1",
    "type": "ARMOR",
    "category": "armor",
    "name": { "str": "great helm+" },
    "description": "A medieval helmet that provides excellent protection to the entire head, at the cost of great encumbrance.",
    "weight": "2175 g",
    "volume": "2750 ml",
    "price": 40000,
    "price_postapoc": 5000,
    "bashing": 10,
    "material": [ "steel", "leather" ],
    "symbol": "[",
    "looks_like": "helmet_barbute",
    "color": "light_gray",
    "armor": [
      { "covers": [ "head" ], "coverage": 100, "encumbrance": 40 },
      { "covers": [ "mouth" ], "coverage": 100, "encumbrance": 30 },
      { "covers": [ "eyes" ], "coverage": 100, "encumbrance": 20 }
    ],
    "warmth": 10,
    "material_thickness": 6,
    "environmental_protection": 1,
    "techniques": [ "WBLOCK_1" ],
    "flags": [ "VARSIZE", "STURDY" ]
  },
{
    "id": "helmet_corinthian+1",
    "type": "ARMOR",
    "category": "armor",
    "name": { "str": "Corinthian helm+" },
    "description": "An ancient Greek bronze helmet that provides excellent protection for the head, with slits for the eyes and mouth.",
    "weight": "1310 g",
    "volume": "2500 ml",
    "price": 30000,
    "price_postapoc": 3500,
    "bashing": 10,
    "material": [ "bronze" ],
    "symbol": "[",
    "looks_like": "helmet_plate",
    "color": "yellow",
    "armor": [
      { "covers": [ "head" ], "coverage": 95, "encumbrance": 30 },
      { "covers": [ "eyes" ], "coverage": 75, "encumbrance": 0 },
      { "covers": [ "mouth" ], "coverage": 75, "encumbrance": 0 }
    ],
    "warmth": 10,
    "material_thickness": 4,
    "techniques": [ "WBLOCK_1" ],
    "flags": [ "VARSIZE", "STURDY" ]
  },
{
    "id": "chainmail_legs+1",
    "type": "ARMOR",
    "category": "armor",
    "name": { "str": "chainmail leggings+", "str_pl": "pairs of chainmail leggings+" },
    "description": "Customized chainmail legs.  Their straps keep everything in place, and the lack of toes and heels allows them to work perfectly well with footwear.",
    "weight": "4212 g",
    "volume": "1500 ml",
    "price": 7500,
    "price_postapoc": 2000,
    "to_hit": -1,
    "material": [ "iron", "cotton" ],
    "symbol": "[",
    "looks_like": "legguard_hard",
    "color": "light_red",
    "material_thickness": 5,
    "flags": [ "VARSIZE", "STURDY" ],
    "armor": [ { "encumbrance": 20, "coverage": 95, "covers": [ "leg_l", "leg_r" ] } ]
  },
{
    "id": "chaps_leather+1",
    "type": "ARMOR",
    "name": { "str_sp": "leather chaps+" },
    "description": "A pair of black leather chaps.  Very tough and light, but doesn't offer any storage.",
    "weight": "1414 g",
    "volume": "1250 ml",
    "price": 21000,
    "price_postapoc": 250,
    "to_hit": -1,
    "material": [ "leather" ],
    "symbol": "[",
    "looks_like": "pants_leather",
    "color": "dark_gray",
    "warmth": 10,
    "material_thickness": 4,
    "flags": [ "OUTER" ],
    "armor": [ { "encumbrance": 3, "coverage": 65, "covers": [ "leg_l", "leg_r" ] } ]
  },
{
    "id": "legguard_bronze+1",
    "type": "ARMOR",
    "category": "armor",
    "name": { "str": "pair of bronze greaves+", "str_pl": "pairs of bronze greaves+" },
    "description": "A pair of bronze leg guards with a simple leather lining.",
    "weight": "2520 g",
    "volume": "5500 ml",
    "price": 40000,
    "price_postapoc": 750,
    "to_hit": 1,
    "material": [ "bronze", "leather" ],
    "symbol": "[",
    "looks_like": "legguard_lightplate",
    "color": "yellow",
    "warmth": 15,
    "material_thickness": 5,
    "flags": [ "BELTED", "STURDY", "ALLOWS_TAIL" ],
    "armor": [ { "encumbrance": 10, "coverage": 70, "covers": [ "leg_l", "leg_r" ] } ]
  },
{
    "id": "legguard_lightplate+1",
    "type": "ARMOR",
    "category": "armor",
    "name": { "str": "pair of steel leg guards+", "str_pl": "pairs of steel leg guards+" },
    "description": "A full assembly of medieval leg protection.  Cuisses, poleyns, and greaves, with leather straps to secure each piece and connect it as part of a set.",
    "weight": "4080 g",
    "volume": "6 L",
    "price": 20000,
    "price_postapoc": 4000,
    "to_hit": -1,
    "material": [ "steel", "leather" ],
    "symbol": "[",
    "looks_like": "legguard_hard",
    "color": "light_gray",
    "warmth": 20,
    "material_thickness": 5,
    "flags": [ "VARSIZE", "BELTED", "STURDY", "ALLOWS_TAIL" ],
    "armor": [ { "encumbrance": 20, "coverage": 95, "covers": [ "leg_l", "leg_r" ] } ]
  },
{
    "id": "legguard_metal+1",
    "type": "ARMOR",
    "category": "armor",
    "name": { "str": "pair of iron greaves+", "str_pl": "pairs of iron greaves+" },
    "description": "A pair of iron leg guards with a simple leather lining.",
    "weight": "2260 g",
    "volume": "5500 ml",
    "price": 40000,
    "price_postapoc": 1000,
    "to_hit": 1,
    "material": [ "iron", "leather" ],
    "symbol": "[",
    "looks_like": "legguard_lightplate",
    "color": "light_gray",
    "warmth": 10,
    "material_thickness": 5,
    "flags": [ "BELTED", "WATER_FRIENDLY", "ALLOWS_TAIL" ],
    "armor": [ { "encumbrance": 6, "coverage": 70, "covers": [ "leg_l", "leg_r" ] } ]
  },
{
    "id": "armor_cuirass+1",
    "type": "ARMOR",
    "name": { "str": "bell cuirass+", "str_pl": "bell cuirasses+" },
    "category": "armor",
    "description": "An ancient Greek breastplate, made of bronze.",
    "weight": "5896 g",
    "volume": "6 L",
    "price": 50000,
    "price_postapoc": 3000,
    "to_hit": -5,
    "bashing": 6,
    "material": [ "bronze" ],
    "symbol": "[",
    "looks_like": "cuirass_lightplate",
    "color": "yellow",
    "warmth": 15,
    "material_thickness": 4,
    "flags": [ "VARSIZE", "OUTER", "STURDY" ],
    "armor": [ { "encumbrance": 15, "coverage": 90, "covers": [ "torso" ] } ]
  },
{
    "id": "armor_lamellar+1",
    "type": "ARMOR",
    "name": { "str": "lamellar cuirass+", "str_pl": "lamellar cuirasses+" },
    "description": "A cuirass made of multiple pieces of tough leather, laced together for durable yet flexible protection.",
    "weight": "2108 g",
    "volume": "9250 ml",
    "price": 26000,
    "price_postapoc": 2500,
    "material": [ "leather", "cotton" ],
    "symbol": "[",
    "looks_like": "vest_leather",
    "copy-from": "armor_chitin",
    "color": "brown",
    "warmth": 20,
    "material_thickness": 9,
    "flags": [ "VARSIZE", "STURDY" ],
    "armor": [ { "encumbrance": 20, "coverage": 80, "covers": [ "torso" ] } ]
  },
{
    "id": "armor_lorica+1",
    "type": "ARMOR",
    "name": { "str_sp": "lorica segmentata+" },
    "description": "An ancient Roman laminar armor, made of overlapping metal strips connected to internal leather straps.",
    "weight": "5286 g",
    "volume": "6 L",
    "price": 50000,
    "price_postapoc": 3500,
    "to_hit": -5,
    "bashing": 6,
    "material": [ "iron", "leather" ],
    "symbol": "[",
    "looks_like": "armor_lamellar",
    "color": "light_gray",
    "warmth": 15,
    "material_thickness": 5,
    "flags": [ "VARSIZE", "OUTER", "STURDY" ],
    "armor": [ { "encumbrance": 15, "coverage": 90, "covers": [ "torso", "arm_l", "arm_r" ] } ]
  },
{
    "id": "chainmail_vest+1",
    "type": "ARMOR",
    "category": "armor",
    "name": { "str": "chainmail vest+" },
    "description": "A customized chainmail vest.  It's a sleeveless piece of chainmail with small straps designed to better distribute the weight.",
    "weight": "6953 g",
    "volume": "1 L",
    "price": 10000,
    "price_postapoc": 2000,
    "to_hit": -1,
    "material": [ "iron", "cotton" ],
    "symbol": "[",
    "looks_like": "vest_leather",
    "color": "light_red",
    "material_thickness": 5,
    "flags": [ "VARSIZE", "STURDY" ],
    "armor": [ { "encumbrance": 20, "coverage": 95, "covers": [ "torso" ] } ]
  },
{
    "id": "cuirass_lightplate+1",
    "type": "ARMOR",
    "category": "armor",
    "name": { "str": "cuirass+", "str_pl": "cuirasses+" },
    "description": "A steel breastplate, and a vital part of plate armor.  Even as full armor went into decline, cuirasses remained in use among cavalry in Europe.",
    "weight": "4200 g",
    "volume": "6 L",
    "price": 20000,
    "price_postapoc": 4000,
    "to_hit": -1,
    "material": [ "steel", "leather" ],
    "symbol": "[",
    "looks_like": "chestguard_hard",
    "color": "light_gray",
    "warmth": 20,
    "material_thickness": 5,
    "flags": [ "VARSIZE", "OUTER", "STURDY" ],
    "armor": [ { "encumbrance": 20, "coverage": 95, "covers": [ "torso" ] } ]
  },
{
    "id": "armor_blarmor+1",
    "type": "ARMOR",
    "category": "armor",
    "name": { "str": "boiled leather armor+" },
    "description": "Thick leather body armor that has been hardened via chemical treatment.  Light and strong.",
    "weight": "2108 g",
    "volume": "9500 ml",
    "price": 26000,
    "price_postapoc": 3000,
    "to_hit": -5,
    "bashing": 2,
    "material": [ "leather" ],
    "symbol": "[",
    "looks_like": "armor_larmor",
    "color": "brown",
    "armor": [
      { "covers": [ "torso" ], "coverage": 90, "encumbrance": [ 18, 22 ] },
      { "covers": [ "leg_l", "leg_r" ], "coverage": 90, "encumbrance": [ 18, 18 ] },
      { "covers": [ "arm_l", "arm_r" ], "coverage": 90, "encumbrance": [ 18, 18 ] }
    ],
    "pocket_data": [
      {
        "pocket_type": "CONTAINER",
        "max_contains_volume": "500 ml",
        "max_contains_weight": "3 kg",
        "max_item_length": "165 mm",
        "moves": 80
      },
      {
        "pocket_type": "CONTAINER",
        "max_contains_volume": "500 ml",
        "max_contains_weight": "3 kg",
        "max_item_length": "165 mm",
        "moves": 80
      }
    ],
    "warmth": 20,
    "material_thickness": 6,
    "valid_mods": [ "steel_padded" ],
    "flags": [ "VARSIZE", "POCKETS", "STURDY" ]
  },
{
    "id": "armor_farmor+1",
    "type": "ARMOR",
    "category": "armor",
    "name": { "str": "fur body armor+" },
    "description": "Thick body armor made from furs.",
    "weight": "3414 g",
    "volume": "10 L",
    "price": 100000,
    "price_postapoc": 1500,
    "to_hit": -5,
    "bashing": 2,
    "material": [ "fur" ],
    "symbol": "[",
    "looks_like": "armor_larmor",
    "color": "brown",
    "armor": [
      { "covers": [ "torso" ], "coverage": 90, "encumbrance": [ 21, 25 ] },
      { "covers": [ "leg_l", "leg_r" ], "coverage": 90, "encumbrance": [ 21, 21 ] },
      { "covers": [ "arm_l", "arm_r" ], "coverage": 90, "encumbrance": [ 21, 21 ] }
    ],
    "pocket_data": [
      {
        "pocket_type": "CONTAINER",
        "max_contains_volume": "500 ml",
        "max_contains_weight": "3 kg",
        "max_item_length": "165 mm",
        "moves": 80
      },
      {
        "pocket_type": "CONTAINER",
        "max_contains_volume": "500 ml",
        "max_contains_weight": "3 kg",
        "max_item_length": "165 mm",
        "moves": 80
      }
    ],
    "warmth": 60,
    "material_thickness": 5,
    "valid_mods": [ "steel_padded" ],
    "flags": [ "VARSIZE", "POCKETS", "WATERPROOF", "STURDY" ]
  },
{
    "id": "armor_larmor+1",
    "type": "ARMOR",
    "category": "armor",
    "name": { "str": "leather body armor+" },
    "description": "Thick leather body armor.  Light and comfortable.",
    "weight": "1498 g",
    "volume": "7 L",
    "price": 12000,
    "price_postapoc": 2500,
    "to_hit": -5,
    "bashing": 2,
    "material": [ "leather" ],
    "symbol": "[",
    "looks_like": "touring_suit",
    "color": "brown",
    "armor": [
      { "covers": [ "torso" ], "coverage": 90, "encumbrance": [ 12, 18 ] },
      { "covers": [ "leg_l", "leg_r" ], "coverage": 90, "encumbrance": [ 12, 12 ] }
    ],
    "pocket_data": [
      {
        "pocket_type": "CONTAINER",
        "max_contains_volume": "800 ml",
        "max_contains_weight": "3 kg",
        "max_item_length": "165 mm",
        "moves": 80
      },
      {
        "pocket_type": "CONTAINER",
        "max_contains_volume": "800 ml",
        "max_contains_weight": "3 kg",
        "max_item_length": "165 mm",
        "moves": 80
      }
    ],
    "warmth": 25,
    "material_thickness": 5,
    "valid_mods": [ "steel_padded" ],
    "flags": [ "VARSIZE", "POCKETS", "STURDY" ]
  },
{
    "id": "armor_lightplate+1",
    "type": "ARMOR",
    "category": "armor",
    "name": { "str": "plate armor+" },
    "description": "A suit of Gothic plate armor.",
    "weight": "11 kg",
    "volume": "17500 ml",
    "price": 60000,
    "price_postapoc": 12000,
    "to_hit": -5,
    "bashing": 8,
    "material": [ "steel", "leather" ],
    "symbol": "[",
    "looks_like": "armor_larmor",
    "color": "light_gray",
    "warmth": 20,
    "material_thickness": 5,
    "flags": [ "VARSIZE", "OUTER", "STURDY" ],
    "armor": [ { "encumbrance": 20, "coverage": 95, "covers": [ "torso", "leg_l", "leg_r", "arm_l", "arm_r" ] } ]
  },
{
    "id": "armor_plarmor+1",
    "type": "ARMOR",
    "category": "armor",
    "name": { "str": "plated leather armor+" },
    "description": "Thick leather body armor that has been reinforced with strategically-placed metal plates.",
    "weight": "4280 g",
    "volume": "9 L",
    "price": 110000,
    "price_postapoc": 3000,
    "to_hit": -5,
    "bashing": 2,
    "material": [ "leather", "iron" ],
    "symbol": "[",
    "color": "brown",
    "looks_like": "armor_larmor",
    "armor": [
      { "covers": [ "torso" ], "coverage": 90, "encumbrance": [ 17, 22 ] },
      { "covers": [ "leg_l", "leg_r" ], "coverage": 90, "encumbrance": [ 17, 19 ] },
      { "covers": [ "arm_l", "arm_r" ], "coverage": 90, "encumbrance": [ 17, 17 ] }
    ],
    "pocket_data": [
      {
        "pocket_type": "CONTAINER",
        "max_contains_volume": "800 ml",
        "max_contains_weight": "3 kg",
        "max_item_length": "165 mm",
        "moves": 80
      },
      {
        "pocket_type": "CONTAINER",
        "max_contains_volume": "800 ml",
        "max_contains_weight": "3 kg",
        "max_item_length": "165 mm",
        "moves": 80
      },
      {
        "pocket_type": "CONTAINER",
        "max_contains_volume": "500 ml",
        "max_contains_weight": "3 kg",
        "max_item_length": "145 mm",
        "moves": 120
      },
      {
        "pocket_type": "CONTAINER",
        "max_contains_volume": "500 ml",
        "max_contains_weight": "3 kg",
        "max_item_length": "145 mm",
        "moves": 120
      }
    ],
    "warmth": 25,
    "material_thickness": 5,
    "environmental_protection": 1,
    "flags": [ "VARSIZE", "POCKETS", "STURDY" ]
  },
{
    "id": "armor_samurai+1",
    "type": "ARMOR",
    "category": "armor",
    "name": { "str": "O-yoroi+" },
    "description": "An ornamental suit of Japanese samurai armor.",
    "weight": "9220 g",
    "volume": "11500 ml",
    "price": 90000,
    "price_postapoc": 8000,
    "bashing": 8,
    "material": [ "iron", "leather" ],
    "symbol": "[",
    "looks_like": "armor_lightplate",
    "color": "dark_gray",
    "warmth": 25,
    "material_thickness": 5,
    "flags": [ "VARSIZE", "STURDY", "OUTER" ],
    "armor": [ { "encumbrance": 15, "coverage": 85, "covers": [ "torso", "leg_l", "leg_r", "arm_l", "arm_r", "hand_l", "hand_r" ] } ]
  },
{
    "id": "chainmail_hauberk+1",
    "type": "ARMOR",
    "category": "armor",
    "name": { "str": "chainmail hauberk+" },
    "description": "A fully customized chainmail outfit, leaving the head uncovered.  The shirt, arms, and leggings have been modified with straps and combined with a gambeson to deal with uneven weight distribution, cold environments and to allow them to be used separately.",
    "weight": "14430 g",
    "volume": "2750 ml",
    "price": 35988,
    "price_postapoc": 3000,
    "to_hit": -1,
    "material": [ "iron", "cotton" ],
    "symbol": "[",
    "looks_like": "armor_blarmor",
    "color": "light_red",
    "warmth": 30,
    "material_thickness": 7,
    "flags": [ "VARSIZE", "STURDY" ],
    "armor": [ { "encumbrance": 20, "coverage": 95, "covers": [ "torso", "arm_l", "arm_r", "leg_l", "leg_r" ] } ]
  },
{
    "id": "chainmail_suit+1",
    "type": "ARMOR",
    "category": "armor",
    "name": { "str": "chainmail armor+" },
    "description": "A fully customized chainmail suit.  The coif, shirt, arms, and leggings have been modified with straps and combined with a gambeson to deal with uneven weight distribution, cold environments and to allow them to be used separately.",
    "weight": "16436 g",
    "volume": "3250 ml",
    "price": 45000,
    "price_postapoc": 8000,
    "to_hit": -1,
    "material": [ "iron", "cotton" ],
    "symbol": "[",
    "looks_like": "touring_suit",
    "color": "light_red",
    "warmth": 30,
    "material_thickness": 7,
    "flags": [ "VARSIZE", "STURDY" ],
    "armor": [ { "encumbrance": 20, "coverage": 95, "covers": [ "torso", "head", "arm_l", "arm_r", "leg_l", "leg_r" ] } ]
  },
{
    "id": "cult_robes_defender+1",
    "type": "ARMOR",
    "name": "Cultist defender robes+",
    "description": "Form-fitting long dark robes with a hood made to be more protective than what is worn usually worn by cultists and magical practitioners. Leather is used for the majority of its construction, with cloth used to pad its internals and chainmail to armour up its externals, even the hood. Steel plate was used for the shoulders, chest, and forearms. The cultish defenders who use this armour usually suplement it with armoured gauntlets, boots, and a steel mask if they don't quite have the gift of magic as the rest of their kind, otherwise those sections are left unhindered to cast a deadly variety of spells and summons.",
    "weight": "3400 g",
    "volume": "5200 ml",
    "price": 4000,
    "symbol": "T",
    "color": "dark_gray",
	"material": [ "cotton", "leather", "steel" ],
    "armor": [ { "encumbrance": 4, "coverage": 95, "covers": [ "leg_l", "leg_r", "torso", "arm_l", "arm_r", "head" ] } ],
    "warmth": 40,
    "material_thickness": 5,
    "bashing": 6,
    "environmental_protection": 20,
    "flags": [ "OVERSIZE", "OUTER", "NONCONDUCTIVE" ]
	},
{
    "id": "wooden_buckler+1",
    "type": "ARMOR",
    "name": "wooden buckler",
    "category": "armor",
    "description": "A small wooden buckler, covering your hand. It is attached to you by a belt.",
    "weight": 1814,
    "volume": 10,
    "price": 700,
    "bashing": 4,
    "material": [ "wood" ],
    "symbol": "[",
    "color": "brown",
    "armor": [ { "encumbrance": 10, "coverage": 70, "covers": [ "hand_l", "hand_r" ] } ],
    "material_thickness": 4,
    "techniques": [ "WBLOCK_2" ],   
    "sided": true,
    "flags": [ "OVERSIZE", "BELTED", "RESTRICT_HANDS", "BLOCK_WHILE_WORN", "DURABLE_MELEE" ]
  },
{
    "id": "wooden_shield+1",
    "type": "ARMOR",
    "name": "wooden shield+",
    "category": "armor",
    "description": "A standard wooden shield, which covers your arm and hand. It is attached to you by a belt.",
    "weight": 2721,
    "volume": 15,
    "price": 1200,
    "bashing": 6,
    "material": [ "wood" ],
    "symbol": "[",
    "color": "brown",
    "armor": [ { "encumbrance": 15, "coverage": 90, "covers": [ "hand_l", "hand_r" ] } ],
    "material_thickness": 5,
    "techniques": [ "WBLOCK_2" ],
    "sided": true,
    "flags": [ "OVERSIZE", "BELTED", "RESTRICT_HANDS", "BLOCK_WHILE_WORN", "DURABLE_MELEE" ]
  },
{
    "id": "wooden_shield_tower+1",
    "type": "ARMOR",
    "name": "wooden tower shield+",
    "category": "armor",
    "description": "A wooden tower shield, which covers your arm and hand. Due to its sheer size, this one has been left free-handed.",
    "weight": 5442,
    "volume": 15,
    "price": 2700,
    "bashing": 12,
    "material": [ "wood" ],
    "symbol": "[",
    "color": "brown",
    "armor": [ { "encumbrance": 20, "coverage": 100, "covers": [ "hand_l", "hand_r", "arm_l", "arm_r" ] } ],
    "material_thickness": 8,
    "techniques": [ "WBLOCK_2" ],
    "sided": true,
    "flags": [ "OVERSIZE", "RESTRICT_HANDS", "BLOCK_WHILE_WORN", "DURABLE_MELEE" ]
  },
{
    "id": "metal_buckler+1",
    "type": "ARMOR",
    "name": "metal buckler+",
    "category": "armor",
    "description": "A small metallic buckler, covering your hand. It is attached to you by a belt.",
    "weight": 1904,
    "volume": 10,
    "price": 1000,
    "bashing": 5,
    "material": [ "steel" ],
    "symbol": "[",
    "color": "dark_gray",
    "armor": [ { "encumbrance": 12, "coverage": 70, "covers": [ "hand_l", "hand_r" ] } ],
    "material_thickness": 5,
    "techniques": [ "WBLOCK_2" ],
    "sided": true,
    "flags": [ "OVERSIZE", "BELTED", "RESTRICT_HANDS", "BLOCK_WHILE_WORN", "DURABLE_MELEE" ]
  },
{
    "id": "metal_shield+1",
    "type": "ARMOR",
    "name": "metal shield+",
    "category": "armor",
    "description": "A standard metallic shield, which covers your arm and hand. It is attached to you by a belt.",
    "weight": 2857,
    "volume": 15,
    "price": 1500,
    "bashing": 7,
    "material": [ "steel" ],
    "symbol": "[",
    "color": "dark_gray",
    "armor": [ { "encumbrance": 17, "coverage": 90, "covers": [ "hand_l", "hand_r" ] } ],
    "material_thickness": 6,
    "techniques": [ "WBLOCK_2" ],
    "sided": true,
    "flags": [ "OVERSIZE", "BELTED", "RESTRICT_HANDS", "BLOCK_WHILE_WORN", "DURABLE_MELEE" ]
  },
{
    "id": "metal_shield_tower+1",
    "type": "ARMOR",
    "name": "metal tower shield+",
    "category": "armor",
    "description": "A gargantuan metallic tower shield, which covers your arm and hand. Due to its sheer size, this one has been left free-handed.",
    "weight": 5714,
    "volume": 15,
    "price": 1500,
    "bashing": 14,
    "material": [ "steel" ],
    "symbol": "[",
    "color": "dark_gray",
    "armor": [ { "encumbrance": 22, "coverage": 100, "covers": [ "hand_l", "hand_r", "arm_l", "arm_r" ] } ],
    "material_thickness": 9,
    "techniques": [ "WBLOCK_2" ],
    "sided": true,
    "flags": [ "OVERSIZE", "RESTRICT_HANDS", "BLOCK_WHILE_WORN", "DURABLE_MELEE" ]
  }
]