[
{
    "type": "TOOL_ARMOR",
    "id": "silver_ivy_gradlocket",
    "name": { "str": "locket of the Silver Ivy", "str_pl": "lockets of the Silver Ivy" },
    "description": "A circular, silver locket, awarded to mages of the Silver Ivy upon graduation. It has an emblem of the school engraved upon the cover, with the phrase *Mens Est Omnibus* in the center.",
    "copy-from": "silver_necklace",
    "charges_per_use": 1,
    "flags": [ "TRADER_AVOID", "ONLY_ONE", "NO_UNLOAD", "NO_RELOAD" ],
    "use_action": { "type": "cast_spell", "spell_id": "silver_ivy_locket_effect", "no_fail": true, "level": 1, "need_worn": true },
    "relic_data": { "charge_info": { "recharge_type": "periodic", "time": "24 h", "regenerate_ammo": true } },
    "pocket_data": [ { "pocket_type": "MAGAZINE", "holster": true, "ammo_restriction": { "crystallized_mana": 5 } } ]
  }        
]