[
  {
    "id": "ench_tat_hp_1",
    "type": "TOOL_ARMOR",
    "category": "clothing",
    "symbol": "1",
    "name": { "str": "first rune of longevity" },
    "description": "A tattoo inked into your skin. The magical ink used responds to the geometry it is put into, and actually enchants the inked's body with an aspect. This is the first part of the rune of longevity, and so increases the amount of hp you have by 5 percent. Having the entire set is sure to produce a more substantial effect.",
    "flags": [ "ONLY_ONE", "NO_TAKEOFF", "TRADER_AVOID", "ZERO_WEIGHT", "UNBREAKABLE_MELEE" ],
    "weight": "0 g",
    "volume": "0 ml",
    "material": [ "superalloy" ],
    "armor": [ { "encumbrance": 0, "coverage": 0, "covers": [ "torso" ] } ],
	"relic_data": { "passive_effects": [ { "has": "WORN", "condition": "ALWAYS", "values": [ { "value": "MAX_HP", "multiply": 0.05 } ] } ] }
  },
  {
    "id": "ench_tat_hp_2",
    "type": "TOOL_ARMOR",
    "category": "clothing",
    "symbol": "2",
    "name": { "str": "second rune of longevity" },
    "description": "A tattoo inked into your skin. The magical ink used responds to the geometry it is put into, and actually enchants the inked's body with an aspect. This is the second part of the rune of longevity, and so increases the amount of hp you have by 10 percent. Having the entire set is sure to produce a more substantial effect.",
    "flags": [ "ONLY_ONE", "NO_TAKEOFF", "TRADER_AVOID", "UNBREAKABLE_MELEE", "ZERO_WEIGHT" ],
    "weight": "0 g",
    "volume": "0 ml",
    "material": [ "superalloy" ],
    "warmth": 0,
    "armor": [ { "encumbrance": 0, "coverage": 0, "covers": [ "torso" ] } ],
	"relic_data": { "passive_effects": [ { "has": "WORN", "condition": "ALWAYS", "values": [ { "value": "MAX_HP", "multiply": 0.10 } ] } ] }
  },
  {
    "id": "ench_tat_hp_3",
    "type": "TOOL_ARMOR",
    "category": "clothing",
    "symbol": "3",
    "name": { "str": "third rune of longevity" },
    "description": "A tattoo inked into your skin. The magical ink used responds to the geometry it is put into, and actually enchants the inked's body with an aspect. This is the third part of the rune of longevity, and so increases the amount of hp you have by 15 percent. Having the entire set is sure to produce a more substantial effect.",
    "flags": [ "ONLY_ONE", "NO_TAKEOFF", "TRADER_AVOID", "UNBREAKABLE_MELEE", "ZERO_WEIGHT" ],
    "weight": "0 g",
    "volume": "0 ml",
    "material": [ "superalloy" ],
    "warmth": 0,
    "armor": [ { "encumbrance": 0, "coverage": 0, "covers": [ "torso" ] } ],
	"relic_data": { "passive_effects": [ { "has": "WORN", "condition": "ALWAYS", "values": [ { "value": "MAX_HP", "multiply": 0.15 } ] } ] }
  },
  {
    "id": "ench_tat_mana_1",
    "type": "TOOL_ARMOR",
    "category": "clothing",
    "symbol": "1",
    "name": { "str": "first rune of mana" },
    "description": "A tattoo inked into your skin. The magical ink used responds to the geometry it is put into, and actually enchants the inked's body with an aspect. This is the first part of the rune of mana, and so increases the amount of mana you have by 5 percent. Having the entire set is sure to produce a more substantial effect.",
    "flags": [ "ONLY_ONE", "NO_TAKEOFF", "TRADER_AVOID", "UNBREAKABLE_MELEE", "ZERO_WEIGHT" ],
    "weight": "0 g",
    "volume": "0 ml",
    "material": [ "superalloy" ],
    "warmth": 0,
    "armor": [ { "encumbrance": 0, "coverage": 0, "covers": [ "torso" ] } ],
	"relic_data": { "passive_effects": [ { "has": "WORN", "condition": "ALWAYS", "values": [ { "value": "MAX_MANA", "multiply": 0.05 } ] } ] }
  },
  {
    "id": "ench_tat_mana_2",
    "type": "TOOL_ARMOR",
    "category": "clothing",
    "symbol": "2",
    "name": { "str": "second rune of mana" },
    "description": "A tattoo inked into your skin. The magical ink used responds to the geometry it is put into, and actually enchants the inked's body with an aspect. This is the second part of the rune of mana, and so increases the amount of mana you have by 10 percent. Having the entire set is sure to produce a more substantial effect.",
    "flags": [ "ONLY_ONE", "NO_TAKEOFF", "TRADER_AVOID", "UNBREAKABLE_MELEE", "ZERO_WEIGHT" ],
    "weight": "0 g",
    "volume": "0 ml",
    "material": [ "superalloy" ],
    "warmth": 0,
    "armor": [ { "encumbrance": 0, "coverage": 0, "covers": [ "torso" ] } ],
	"relic_data": { "passive_effects": [ { "has": "WORN", "condition": "ALWAYS", "values": [ { "value": "MAX_MANA", "multiply": 0.10 } ] } ] }
  },
  {
    "id": "ench_tat_mana_3",
    "type": "TOOL_ARMOR",
    "category": "clothing",
    "symbol": "3",
    "name": { "str": "third rune of mana" },
    "description": "A tattoo inked into your skin. The magical ink used responds to the geometry it is put into, and actually enchants the inked's body with an aspect. This is the third part of the rune of mana, and so increases the amount of mana you have by 15 percent. Having the entire set is sure to produce a more substantial effect.",
    "flags": [ "ONLY_ONE", "NO_TAKEOFF", "TRADER_AVOID", "UNBREAKABLE_MELEE", "ZERO_WEIGHT" ],
    "weight": "0 g",
    "volume": "0 ml",
    "material": [ "superalloy" ],
    "warmth": 0,
    "armor": [ { "encumbrance": 0, "coverage": 0, "covers": [ "torso" ] } ],
	"relic_data": { "passive_effects": [ { "has": "WORN", "condition": "ALWAYS", "values": [ { "value": "MAX_MANA", "multiply": 0.15 } ] } ] }
  },
  {
    "id": "ench_tat_stamina_1",
    "type": "TOOL_ARMOR",
    "category": "clothing",
    "symbol": "1",
    "name": { "str": "first rune of stamina" },
    "description": "A tattoo inked into your skin. The magical ink used responds to the geometry it is put into, and actually enchants the inked's body with an aspect. This is the first part of the rune of stamina, and so increases the amount of stamina you have by 5 percent. Having the entire set is sure to produce a more substantial effect.",
    "flags": [ "ONLY_ONE", "NO_TAKEOFF", "TRADER_AVOID", "UNBREAKABLE_MELEE", "ZERO_WEIGHT" ],
    "weight": "0 g",
    "volume": "0 ml",
    "material": [ "superalloy" ],
    "warmth": 0,
    "armor": [ { "encumbrance": 0, "coverage": 0, "covers": [ "torso" ] } ],
	"relic_data": { "passive_effects": [ { "has": "WORN", "condition": "ALWAYS", "values": [ { "value": "MAX_STAMINA", "multiply": 0.05 } ] } ] }
  },
  {
    "id": "ench_tat_stamina_2",
    "type": "TOOL_ARMOR",
    "category": "clothing",
    "symbol": "2",
    "name": { "str": "second rune of stamina" },
    "description": "A tattoo inked into your skin. The magical ink used responds to the geometry it is put into, and actually enchants the inked's body with an aspect. This is the second part of the rune of stamina, and so increases the amount of stamina you have by 10 percent. Having the entire set is sure to produce a more substantial effect.",
    "flags": [ "ONLY_ONE", "NO_TAKEOFF", "TRADER_AVOID", "UNBREAKABLE_MELEE", "ZERO_WEIGHT" ],
    "weight": "0 g",
    "volume": "0 ml",
    "material": [ "superalloy" ],
    "warmth": 0,
    "armor": [ { "encumbrance": 0, "coverage": 0, "covers": [ "torso" ] } ],
	"relic_data": { "passive_effects": [ { "has": "WORN", "condition": "ALWAYS", "values": [ { "value": "MAX_STAMINA", "multiply": 0.10 } ] } ] }
  },
  {
    "id": "ench_tat_stamina_3",
    "type": "TOOL_ARMOR",
    "category": "clothing",
    "symbol": "3",
    "name": { "str": "third rune of stamina" },
    "description": "A tattoo inked into your skin. The magical ink used responds to the geometry it is put into, and actually enchants the inked's body with an aspect. This is the third part of the rune of stamina, and so increases the amount of stamina you have by 15 percent. Having the entire set is sure to produce a more substantial effect.",
    "flags": [ "ONLY_ONE", "NO_TAKEOFF", "TRADER_AVOID", "UNBREAKABLE_MELEE", "ZERO_WEIGHT" ],
    "weight": "0 g",
    "volume": "0 ml",
    "material": [ "superalloy" ],
    "armor": [ { "encumbrance": 0, "coverage": 0, "covers": [ "torso" ] } ],
	"relic_data": { "passive_effects": [ { "has": "WORN", "condition": "ALWAYS", "values": [ { "value": "MAX_STAMINA", "multiply": 0.15 } ] } ] }
  },
  {
    "id": "ench_tat_speed_1",
    "type": "TOOL_ARMOR",
    "category": "clothing",
    "symbol": "1",
    "name": { "str": "first rune of haste" },
    "description": "A tattoo inked into your skin. The magical ink used responds to the geometry it is put into, and actually enchants the inked's body with an aspect. This is the first part of the rune of haste, and increases your speed by 10 percent. Having the entire set is sure to produce a more substantial effect.",
    "flags": [ "ONLY_ONE", "NO_TAKEOFF", "TRADER_AVOID", "UNBREAKABLE_MELEE", "ZERO_WEIGHT" ],
    "weight": "0 g",
    "volume": "0 ml",
    "material": [ "superalloy" ],
    "armor": [ { "encumbrance": 0, "coverage": 0, "covers": [ "torso" ] } ],
	"relic_data": { "passive_effects": [ { "has": "WORN", "condition": "ALWAYS", "values": [ { "value": "MOVE_COST", "add": -10 } ] } ] }
  },
  {
    "id": "ench_tat_speed_2",
    "type": "TOOL_ARMOR",
    "category": "clothing",
    "symbol": "2",
    "name": { "str": "second rune of haste" },
    "description": "A tattoo inked into your skin. The magical ink used responds to the geometry it is put into, and actually enchants the inked's body with an aspect. This is the second part of the rune of haste, and increases your speed by 20 percent. Having the entire set is sure to produce a more substantial effect.",
    "flags": [ "ONLY_ONE", "NO_TAKEOFF", "TRADER_AVOID", "UNBREAKABLE_MELEE", "ZERO_WEIGHT" ],
    "weight": "0 g",
    "volume": "0 ml",
    "material": [ "superalloy" ],
    "armor": [ { "encumbrance": 0, "coverage": 0, "covers": [ "torso" ] } ],
	"relic_data": { "passive_effects": [ { "has": "WORN", "condition": "ALWAYS", "values": [ { "value": "MOVE_COST", "add": -20 } ] } ] }
  },
  {
    "id": "ench_tat_speed_3",
    "type": "TOOL_ARMOR",
    "category": "clothing",
    "symbol": "3",
    "name": { "str": "third rune of haste" },
    "description": "A tattoo inked into your skin. The magical ink used responds to the geometry it is put into, and actually enchants the inked's body with an aspect. This is the third part of the rune of haste, and increases your speed by 30 percent. Having the entire set is sure to produce a more substantial effect.",
    "flags": [ "ONLY_ONE", "NO_TAKEOFF", "TRADER_AVOID", "UNBREAKABLE_MELEE", "ZERO_WEIGHT" ],
    "weight": "0 g",
    "volume": "0 ml",
    "material": [ "superalloy" ],
    "armor": [ { "encumbrance": 0, "coverage": 0, "covers": [ "torso" ] } ],
	"relic_data": { "passive_effects": [ { "has": "WORN", "condition": "ALWAYS", "values": [ { "value": "MOVE_COST", "add": -30 } ] } ] }
  },
  {
    "id": "ench_tat_str_1",
    "type": "TOOL_ARMOR",
    "category": "clothing",
    "symbol": "1",
    "name": { "str": "first rune of body" },
    "description": "A tattoo inked into your skin. The magical ink used responds to the geometry it is put into, and actually enchants the inked's body with an aspect. This is the first part of the rune of body, and increases your physical strength. Having the entire set is sure to produce a more substantial effect.",
    "flags": [ "ONLY_ONE", "NO_TAKEOFF", "TRADER_AVOID", "UNBREAKABLE_MELEE", "ZERO_WEIGHT" ],
    "weight": "0 g",
    "volume": "0 ml",
    "material": [ "superalloy" ],
    "armor": [ { "encumbrance": 0, "coverage": 0, "covers": [ "torso" ] } ],
	"relic_data": { "passive_effects": [ { "has": "WORN", "condition": "ALWAYS", "mutations": [ "STR1" ] } ] }
  },
  {
    "id": "ench_tat_str_2",
    "type": "TOOL_ARMOR",
    "category": "clothing",
    "symbol": "2",
    "name": { "str": "second rune of body" },
    "description": "A tattoo inked into your skin. The magical ink used responds to the geometry it is put into, and actually enchants the inked's body with an aspect. This is the second part of the rune of body, and increases your physical strength. Having the entire set is sure to produce a more substantial effect.",
    "flags": [ "ONLY_ONE", "NO_TAKEOFF", "TRADER_AVOID", "UNBREAKABLE_MELEE", "ZERO_WEIGHT" ],
    "weight": "0 g",
    "volume": "0 ml",
    "material": [ "superalloy" ],
    "armor": [ { "encumbrance": 0, "coverage": 0, "covers": [ "torso" ] } ],
	"relic_data": { "passive_effects": [ { "has": "WORN", "condition": "ALWAYS", "mutations": [ "STR2" ] } ] }
  },
  {
    "id": "ench_tat_str_3",
    "type": "TOOL_ARMOR",
    "category": "clothing",
    "symbol": "3",
    "name": { "str": "third rune of body" },
    "description": "A tattoo inked into your skin. The magical ink used responds to the geometry it is put into, and actually enchants the inked's body with an aspect. This is the third part of the rune of body, and increases your physical strength. Having the entire set is sure to produce a more substantial effect.",
    "flags": [ "ONLY_ONE", "NO_TAKEOFF", "TRADER_AVOID", "UNBREAKABLE_MELEE", "ZERO_WEIGHT" ],
    "weight": "0 g",
    "volume": "0 ml",
    "material": [ "superalloy" ],
    "armor": [ { "encumbrance": 0, "coverage": 0, "covers": [ "torso" ] } ],
	"relic_data": { "passive_effects": [ { "has": "WORN", "condition": "ALWAYS", "mutations": [ "STR3" ] } ] }
  },
  {
    "id": "ench_tat_int_1",
    "type": "TOOL_ARMOR",
    "category": "clothing",
    "symbol": "1",
    "name": { "str": "first rune of mind" },
    "description": "A tattoo inked into your skin. The magical ink used responds to the geometry it is put into, and actually enchants the inked's body with an aspect. This is the first part of the rune of mind, and increases your mental capacity. Having the entire set is sure to produce a more substantial effect.",
    "flags": [ "ONLY_ONE", "NO_TAKEOFF", "TRADER_AVOID", "UNBREAKABLE_MELEE", "ZERO_WEIGHT" ],
    "weight": "0 g",
    "volume": "0 ml",
    "material": [ "superalloy" ],
    "armor": [ { "encumbrance": 0, "coverage": 0, "covers": [ "torso" ] } ],
	"relic_data": { "passive_effects": [ { "has": "WORN", "condition": "ALWAYS", "mutations": [ "INT1" ] } ] }
  },
  {
    "id": "ench_tat_int_2",
    "type": "TOOL_ARMOR",
    "category": "clothing",
    "symbol": "2",
    "name": { "str": "second rune of mind" },
    "description": "A tattoo inked into your skin. The magical ink used responds to the geometry it is put into, and actually enchants the inked's body with an aspect. This is the second part of the rune of mind, and increases your mental capacity. Having the entire set is sure to produce a more substantial effect.",
    "flags": [ "ONLY_ONE", "NO_TAKEOFF", "TRADER_AVOID", "UNBREAKABLE_MELEE", "ZERO_WEIGHT" ],
    "weight": "0 g",
    "volume": "0 ml",
    "material": [ "superalloy" ],
    "armor": [ { "encumbrance": 0, "coverage": 0, "covers": [ "torso" ] } ],
	"relic_data": { "passive_effects": [ { "has": "WORN", "condition": "ALWAYS", "mutations": [ "INT2" ] } ] }
  },
  {
    "id": "ench_tat_int_3",
    "type": "TOOL_ARMOR",
    "category": "clothing",
    "symbol": "3",
    "name": { "str": "third rune of mind" },
    "description": "A tattoo inked into your skin. The magical ink used responds to the geometry it is put into, and actually enchants the inked's body with an aspect. This is the third part of the rune of mind, and increases your mental capacity. Having the entire set is sure to produce a more substantial effect.",
    "flags": [ "ONLY_ONE", "NO_TAKEOFF", "TRADER_AVOID", "UNBREAKABLE_MELEE", "ZERO_WEIGHT" ],
    "weight": "0 g",
    "volume": "0 ml",
    "material": [ "superalloy" ],
    "armor": [ { "encumbrance": 0, "coverage": 0, "covers": [ "torso" ] } ],
	"relic_data": { "passive_effects": [ { "has": "WORN", "condition": "ALWAYS", "mutations": [ "INT3" ] } ] }
  },
  {
    "id": "ench_tat_dex_1",
    "type": "TOOL_ARMOR",
    "category": "clothing",
    "symbol": "1",
    "name": { "str": "first rune of flexibility" },
    "description": "A tattoo inked into your skin. The magical ink used responds to the geometry it is put into, and actually enchants the inked's body with an aspect. This is the first part of the rune of flexibility, and increases your dexterity. Having the entire set is sure to produce a more substantial effect.",
    "flags": [ "ONLY_ONE", "NO_TAKEOFF", "TRADER_AVOID", "UNBREAKABLE_MELEE", "ZERO_WEIGHT" ],
    "weight": "0 g",
    "volume": "0 ml",
    "material": [ "superalloy" ],
    "armor": [ { "encumbrance": 0, "coverage": 0, "covers": [ "torso" ] } ],
	"relic_data": { "passive_effects": [ { "has": "WORN", "condition": "ALWAYS", "mutations": [ "DEX1" ] } ] }
  },
  {
    "id": "ench_tat_dex_2",
    "type": "TOOL_ARMOR",
    "category": "clothing",
    "symbol": "2",
    "name": { "str": "second rune of flexibility" },
    "description": "A tattoo inked into your skin. The magical ink used responds to the geometry it is put into, and actually enchants the inked's body with an aspect. This is the second part of the rune of flexibility, and increases your dexterity. Having the entire set is sure to produce a more substantial effect.",
    "flags": [ "ONLY_ONE", "NO_TAKEOFF", "TRADER_AVOID", "UNBREAKABLE_MELEE", "ZERO_WEIGHT" ],
    "weight": "0 g",
    "volume": "0 ml",
    "material": [ "superalloy" ],
    "armor": [ { "encumbrance": 0, "coverage": 0, "covers": [ "torso" ] } ],
	"relic_data": { "passive_effects": [ { "has": "WORN", "condition": "ALWAYS", "mutations": [ "DEX2" ] } ] }
  },
  {
    "id": "ench_tat_dex_3",
    "type": "TOOL_ARMOR",
    "category": "clothing",
    "symbol": "3",
    "name": { "str": "third rune of flexibility" },
    "description": "A tattoo inked into your skin. The magical ink used responds to the geometry it is put into, and actually enchants the inked's body with an aspect. This is the third part of the rune of flexibility, and increases your dexterity. Having the entire set is sure to produce a more substantial effect.",
    "flags": [ "ONLY_ONE", "NO_TAKEOFF", "TRADER_AVOID", "UNBREAKABLE_MELEE", "ZERO_WEIGHT" ],
    "weight": "0 g",
    "volume": "0 ml",
    "material": [ "superalloy" ],
    "armor": [ { "encumbrance": 0, "coverage": 0, "covers": [ "torso" ] } ],
	"relic_data": { "passive_effects": [ { "has": "WORN", "condition": "ALWAYS", "mutations": [ "DEX3" ] } ] }
  },
  {
    "id": "ench_tat_per_1",
    "type": "TOOL_ARMOR",
    "category": "clothing",
    "symbol": "1",
    "name": { "str": "first rune of senses" },
    "description": "A tattoo inked into your skin. The magical ink used responds to the geometry it is put into, and actually enchants the inked's body with an aspect. This is the first part of the rune of senses, and increases your perceptiveness. Having the entire set is sure to produce a more substantial effect.",
    "flags": [ "ONLY_ONE", "NO_TAKEOFF", "TRADER_AVOID", "UNBREAKABLE_MELEE", "ZERO_WEIGHT" ],
    "weight": "0 g",
    "volume": "0 ml",
    "material": [ "superalloy" ],
    "armor": [ { "encumbrance": 0, "coverage": 0, "covers": [ "torso" ] } ],
	"relic_data": { "passive_effects": [ { "has": "WORN", "condition": "ALWAYS", "mutations": [ "PER1" ] } ] }
  },
  {
    "id": "ench_tat_per_2",
    "type": "TOOL_ARMOR",
    "category": "clothing",
    "symbol": "2",
    "name": { "str": "second rune of senses" },
    "description": "A tattoo inked into your skin. The magical ink used responds to the geometry it is put into, and actually enchants the inked's body with an aspect. This is the second part of the rune of senses, and increases your perceptiveness. Having the entire set is sure to produce a more substantial effect.",
    "flags": [ "ONLY_ONE", "NO_TAKEOFF", "TRADER_AVOID", "UNBREAKABLE_MELEE", "ZERO_WEIGHT" ],
    "weight": "0 g",
    "volume": "0 ml",
    "material": [ "superalloy" ],
    "armor": [ { "encumbrance": 0, "coverage": 0, "covers": [ "torso" ] } ],
	"relic_data": { "passive_effects": [ { "has": "WORN", "condition": "ALWAYS", "mutations": [ "PER2" ] } ] }
  },
  {
    "id": "ench_tat_per_3",
    "type": "TOOL_ARMOR",
    "category": "clothing",
    "symbol": "3",
    "name": { "str": "third rune of senses" },
    "description": "A tattoo inked into your skin. The magical ink used responds to the geometry it is put into, and actually enchants the inked's body with an aspect. This is the third part of the rune of senses, and increases your perceptiveness. Having the entire set is sure to produce a more substantial effect.",
    "flags": [ "ONLY_ONE", "NO_TAKEOFF", "TRADER_AVOID", "UNBREAKABLE_MELEE", "ZERO_WEIGHT" ],
    "weight": "0 g",
    "volume": "0 ml",
    "material": [ "superalloy" ],
    "armor": [ { "encumbrance": 0, "coverage": 0, "covers": [ "torso" ] } ],
	"relic_data": { "passive_effects": [ { "has": "WORN", "condition": "ALWAYS", "mutations": [ "PER3" ] } ] }
  },
  {
    "id": "ench_tat_intimidate",
    "type": "TOOL_ARMOR",
    "category": "clothing",
    "symbol": "3",
    "name": { "str": "rune of intimidation" },
    "description": "A tattoo inked into your skin. The magical ink used responds to the geometry it is put into, and actually enchants the inked's body with an aspect. This is the rune of intimidation, and increases your ability to intimidate others.",
    "flags": [ "ONLY_ONE", "NO_TAKEOFF", "TRADER_AVOID", "UNBREAKABLE_MELEE", "ZERO_WEIGHT" ],
    "weight": "0 g",
    "volume": "0 ml",
    "material": [ "superalloy" ],
    "armor": [ { "encumbrance": 0, "coverage": 0, "covers": [ "torso" ] } ],
	"relic_data": { "passive_effects": [ { "has": "WORN", "condition": "ALWAYS", "mutations": [ "INTIMIDATE" ] } ] }
  },
  {
    "id": "ench_tat_persuade",
    "type": "TOOL_ARMOR",
    "category": "clothing",
    "symbol": "3",
    "name": { "str": "rune of persuasion" },
    "description": "A tattoo inked into your skin. The magical ink used responds to the geometry it is put into, and actually enchants the inked's body with an aspect. This is the rune of persuasion, and increases your ability to persuade others.",
    "flags": [ "ONLY_ONE", "NO_TAKEOFF", "TRADER_AVOID", "UNBREAKABLE_MELEE", "ZERO_WEIGHT" ],
    "weight": "0 g",
    "volume": "0 ml",
    "material": [ "superalloy" ],
    "armor": [ { "encumbrance": 0, "coverage": 0, "covers": [ "torso" ] } ],
	"relic_data": { "passive_effects": [ { "has": "WORN", "condition": "ALWAYS", "mutations": [ "PERSUASION" ] } ] }
  },
  {
    "id": "ench_tat_lie",
    "type": "TOOL_ARMOR",
    "category": "clothing",
    "symbol": "3",
    "name": { "str": "rune of deception" },
    "description": "A tattoo inked into your skin. The magical ink used responds to the geometry it is put into, and actually enchants the inked's body with an aspect. This is the rune of deception, and increases your ability to lie.",
    "flags": [ "ONLY_ONE", "NO_TAKEOFF", "TRADER_AVOID", "UNBREAKABLE_MELEE", "ZERO_WEIGHT" ],
    "weight": "0 g",
    "volume": "0 ml",
    "material": [ "superalloy" ],
    "armor": [ { "encumbrance": 0, "coverage": 0, "covers": [ "torso" ] } ],
	"relic_data": { "passive_effects": [ { "has": "WORN", "condition": "ALWAYS", "mutations": [ "LIE" ] } ] }
  },
  {
    "id": "ench_tat_smite",
    "type": "TOOL_ARMOR",
    "category": "clothing",
    "symbol": "3",
    "name": { "str": "holy rune of Smite" },
    "description": "A tattoo inked into your skin. The magical ink used responds to the geometry it is put into, and actually enchants the inked's body with an aspect. This is the divine rune of Smite, and shall regenerate a charge every hour.",
    "flags": [ "ONLY_ONE", "NO_TAKEOFF", "TRADER_AVOID", "UNBREAKABLE_MELEE", "ZERO_WEIGHT", "NO_UNLOAD", "NO_RELOAD" ],
    "weight": "0 g",
    "volume": "0 ml",
    "material": [ "superalloy" ],
    "armor": [ { "encumbrance": 0, "coverage": 0, "covers": [ "hand_l", "hand_r" ] } ],
        "charges_per_use": 1,
        "use_action": { "type": "cast_spell", "spell_id": "smite", "no_fail": true, "level": 3, "need_worn": true },
	"relic_data": { "charge_info": { "recharge_type": "periodic", "time": "1 h", "regenerate_ammo": true } },
        "pocket_data": [ { "pocket_type": "MAGAZINE", "ammo_restriction": { "crystallized_mana": 3 }, "rigid": true } ]
  },
  {
    "id": "ench_tat_lres",
    "type": "TOOL_ARMOR",
    "category": "clothing",
    "symbol": "3",
    "name": { "str": "holy rune of Lesser Restoration" },
    "description": "A tattoo inked into your skin. The magical ink used responds to the geometry it is put into, and actually enchants the inked's body with an aspect. This is the divine rune of Lesser Restoration, and shall regenerate a charge every three hours.",
    "flags": [ "ONLY_ONE", "NO_TAKEOFF", "TRADER_AVOID", "UNBREAKABLE_MELEE", "ZERO_WEIGHT", "NO_UNLOAD", "NO_RELOAD" ],
    "weight": "0 g",
    "volume": "0 ml",
    "material": [ "superalloy" ],
    "armor": [ { "encumbrance": 0, "coverage": 0, "covers": [ "hand_l", "hand_r" ] } ],
        "charges_per_use": 5,
        "use_action": { "type": "cast_spell", "spell_id": "healing", "no_fail": true, "level": 1, "need_worn": true },
	"relic_data": { "charge_info": { "recharge_type": "periodic", "time": "3 h", "regenerate_ammo": true } },
        "pocket_data": [ { "pocket_type": "MAGAZINE", "ammo_restriction": { "crystallized_mana": 5 }, "rigid": true } ]
  },
  {
    "id": "ench_tat_flame",
    "type": "TOOL_ARMOR",
    "category": "clothing",
    "symbol": "3",
    "name": { "str": "holy rune of Sacred Flame" },
    "description": "A tattoo inked into your skin. The magical ink used responds to the geometry it is put into, and actually enchants the inked's body with an aspect. This is the divine rune of Sacred Flame, and shall regenerate a charge every fifteen minutes.",
    "flags": [ "ONLY_ONE", "NO_TAKEOFF", "TRADER_AVOID", "UNBREAKABLE_MELEE", "ZERO_WEIGHT", "NO_UNLOAD", "NO_RELOAD" ],
    "weight": "0 g",
    "volume": "0 ml",
    "material": [ "superalloy" ],
    "armor": [ { "encumbrance": 0, "coverage": 0, "covers": [ "hand_l", "hand_r" ] } ],
        "charges_per_use": 1,
        "use_action": { "type": "cast_spell", "spell_id": "sacred_flame", "no_fail": true, "level": 5, "need_worn": true },
	"relic_data": { "charge_info": { "recharge_type": "periodic", "time": "15 m", "regenerate_ammo": true } },
        "pocket_data": [ { "pocket_type": "MAGAZINE", "ammo_restriction": { "crystallized_mana": 10 }, "rigid": true } ]
  },
  {
    "id": "ench_tat_flamestrike",
    "type": "TOOL_ARMOR",
    "category": "clothing",
    "symbol": "3",
    "name": { "str": "rune of combustion" },
    "description": "A tattoo inked into your skin. The magical ink used responds to the geometry it is put into, and actually enchants the inked's body with an aspect. This is the rune of Fireball, and shall regenerate a charge every hour.",
    "flags": [ "ONLY_ONE", "NO_TAKEOFF", "TRADER_AVOID", "UNBREAKABLE_MELEE", "ZERO_WEIGHT", "NO_UNLOAD", "NO_RELOAD" ],
    "weight": "0 g",
    "volume": "0 ml",
    "material": [ "superalloy" ],
    "armor": [ { "encumbrance": 0, "coverage": 0, "covers": [ "hand_l", "hand_r" ] } ],
        "charges_per_use": 1,
        "use_action": { "type": "cast_spell", "spell_id": "mu_c_spell_flamestrike", "no_fail": true, "level": 1, "need_worn": true },
	"relic_data": { "charge_info": { "recharge_type": "periodic", "time": "3 h", "regenerate_ammo": true } },
        "pocket_data": [ { "pocket_type": "MAGAZINE", "ammo_restriction": { "crystallized_mana": 3 }, "rigid": true } ]
  },
  {
    "id": "ench_tat_protect_1",
    "type": "TOOL_ARMOR",
    "category": "clothing",
    "symbol": "1",
    "name": { "str": "first rune of protection" },
    "description": "A tattoo inked into your skin. The magical ink used responds to the geometry it is put into, and actually enchants the inked's body with an aspect. This is the first part of the rune of protection, and disuades physical harm. Having the entire set is sure to produce a more substantial effect.",
    "flags": [ "ONLY_ONE", "NO_TAKEOFF", "TRADER_AVOID", "UNBREAKABLE_MELEE", "ZERO_WEIGHT" ],
    "weight": "0 g",
    "volume": "0 ml",
    "material": [ "superalloy" ],
    "armor": [ { "encumbrance": 0, "coverage": 0, "covers": [ "torso" ] } ],
	"relic_data": { "passive_effects": [ { "has": "WORN", "condition": "ALWAYS", "values": [ { "value": "ARMOR_CUT", "add": -2 }, { "value": "ARMOR_BASH", "add": -2 }, { "value": "ARMOR_STAB", "add": -2 } ] } ] }  
  },
  {
    "id": "ench_tat_protect_2",
    "type": "TOOL_ARMOR",
    "category": "clothing",
    "symbol": "2",
    "name": { "str": "second rune of protection" },
    "description": "A tattoo inked into your skin. The magical ink used responds to the geometry it is put into, and actually enchants the inked's body with an aspect. This is the second part of the rune of protection, and disuades physical harm. Having the entire set is sure to produce a more substantial effect.",
    "flags": [ "ONLY_ONE", "NO_TAKEOFF", "TRADER_AVOID", "UNBREAKABLE_MELEE", "ZERO_WEIGHT" ],
    "weight": "0 g",
    "volume": "0 ml",
    "material": [ "superalloy" ],
    "armor": [ { "encumbrance": 0, "coverage": 0, "covers": [ "torso" ] } ],
	"relic_data": { "passive_effects": [ { "has": "WORN", "condition": "ALWAYS", "values": [ { "value": "ARMOR_CUT", "add": -4 }, { "value": "ARMOR_BASH", "add": -4 }, { "value": "ARMOR_STAB", "add": -4 } ] } ] }
  },
  {
    "id": "ench_tat_protect_3",
    "type": "TOOL_ARMOR",
    "category": "clothing",
    "symbol": "3",
    "name": { "str": "third rune of protection" },
    "description": "A tattoo inked into your skin. The magical ink used responds to the geometry it is put into, and actually enchants the inked's body with an aspect. This is the third part of the rune of protection, and disuades physical harm. Having the entire set is sure to produce a more substantial effect.",
    "flags": [ "ONLY_ONE", "NO_TAKEOFF", "TRADER_AVOID", "UNBREAKABLE_MELEE", "ZERO_WEIGHT" ],
    "weight": "0 g",
    "volume": "0 ml",
    "material": [ "superalloy" ],
    "armor": [ { "encumbrance": 0, "coverage": 0, "covers": [ "torso" ] } ],
	"relic_data": { "passive_effects": [ { "has": "WORN", "condition": "ALWAYS", "values": [ { "value": "ARMOR_CUT", "add": -6 }, { "value": "ARMOR_BASH", "add": -6 }, { "value": "ARMOR_STAB", "add": -6 } ] } ] }
  },
  {
    "id": "ench_tat_dodge_1",
    "type": "TOOL_ARMOR",
    "category": "clothing",
    "symbol": "1",
    "name": { "str": "first rune of obfuscation" },
    "description": "A tattoo inked into your skin. The magical ink used responds to the geometry it is put into, and actually enchants the inked's body with an aspect. This is the first part of the rune of obfuscation, and distorts ones body. Having the entire set is sure to produce a more substantial effect.",
    "flags": [ "ONLY_ONE", "NO_TAKEOFF", "TRADER_AVOID", "UNBREAKABLE_MELEE", "ZERO_WEIGHT" ],
    "weight": "0 g",
    "volume": "0 ml",
    "material": [ "superalloy" ],
    "armor": [ { "encumbrance": 0, "coverage": 0, "covers": [ "torso" ] } ],
	"relic_data": { "passive_effects": [ { "has": "WORN", "condition": "ALWAYS", "values": [ { "value": "BONUS_DODGE", "add": 1 } ] } ] }
  },
  {
    "id": "ench_tat_dodge_2",
    "type": "TOOL_ARMOR",
    "category": "clothing",
    "symbol": "2",
    "name": { "str": "second rune of obfuscation" },
    "description": "A tattoo inked into your skin. The magical ink used responds to the geometry it is put into, and actually enchants the inked's body with an aspect. This is the second part of the rune of obfuscation, and distorts ones body. Having the entire set is sure to produce a more substantial effect.",
    "flags": [ "ONLY_ONE", "NO_TAKEOFF", "TRADER_AVOID", "UNBREAKABLE_MELEE", "ZERO_WEIGHT" ],
    "weight": "0 g",
    "volume": "0 ml",
    "material": [ "superalloy" ],
    "armor": [ { "encumbrance": 0, "coverage": 0, "covers": [ "torso" ] } ],
	"relic_data": { "passive_effects": [ { "has": "WORN", "condition": "ALWAYS", "values": [ { "value": "BONUS_DODGE", "add": 2 } ] } ] }
  },
  {
    "id": "ench_tat_dodge_3",
    "type": "TOOL_ARMOR",
    "category": "clothing",
    "symbol": "3",
    "name": { "str": "third rune of obfuscation" },
    "description": "A tattoo inked into your skin. The magical ink used responds to the geometry it is put into, and actually enchants the inked's body with an aspect. This is the third part of the rune of obfuscation, and distorts ones body. Having the entire set is sure to produce a more substantial effect.",
    "flags": [ "ONLY_ONE", "NO_TAKEOFF", "TRADER_AVOID", "UNBREAKABLE_MELEE", "ZERO_WEIGHT" ],
    "weight": "0 g",
    "volume": "0 ml",
    "material": [ "superalloy" ],
    "armor": [ { "encumbrance": 0, "coverage": 0, "covers": [ "torso" ] } ],
	"relic_data": { "passive_effects": [ { "has": "WORN", "condition": "ALWAYS", "values": [ { "value": "BONUS_DODGE", "add": 3 } ] } ] }
  }
]