[
{
    "type": "TOOL_ARMOR",
    "id": "ring_arcane",
    "name": { "str": "ring of the arcane", "str_pl": "rings of the arcane" },
    "description": "A plain copper ring, engraved with runes. Wearing it increases your mana stores.",
    "copy-from": "copper_ring",
    "price_postapoc": 2000,
    "flags": [ "ONLY_ONE" ],
    "relic_data": { "passive_effects": [ { "has": "WORN", "condition": "ALWAYS", "values": [ { "value": "MAX_MANA", "multiply": 0.1 } ] } ] }
  },
{
    "type": "TOOL_ARMOR",
    "id": "ring_hp",
    "name": { "str": "ring of the body", "str_pl": "rings of the body" },
    "description": "A plain copper ring, engraved with runes. Wearing it increases your general resilience.",
    "copy-from": "copper_ring",
    "price_postapoc": 2000,
    "flags": [ "ONLY_ONE" ],
    "relic_data": { "passive_effects": [ { "has": "WORN", "condition": "ALWAYS", "values": [ { "value": "MAX_HP", "multiply": 0.1 } ] } ] }
  },   
{
    "type": "TOOL_ARMOR",
    "id": "ring_stamina",
    "name": { "str": "ring of fresh breath", "str_pl": "rings of fresh breath" },
    "description": "A plain copper ring, engraved with runes. Wearing it increases your stamina.",
    "copy-from": "copper_ring",
    "price_postapoc": 2000,
    "flags": [ "ONLY_ONE" ],
    "relic_data": { "passive_effects": [ { "has": "WORN", "condition": "ALWAYS", "values": [ { "value": "MAX_STAMINA", "multiply": 0.1 } ] } ] }
  },
{
    "type": "TOOL_ARMOR",
    "id": "ring_noburn",
    "name": { "str": "ring of the hearth", "str_pl": "rings of the hearth" },
    "description": "A plain copper ring, engraved with runes, which glow in a red hue. While wearing this, the effect of extreme heat is negated.",
    "copy-from": "copper_ring",
    "price_postapoc": 10000,
    "flags": [ "ONLY_ONE" ],
    "relic_data": { "passive_effects": [ { "has": "WORN", "condition": "ALWAYS", "values": [ { "value": "ARMOR_HEAT", "add": -5 } ] } ] }
  },
{
    "type": "TOOL_ARMOR",
    "id": "ring_nochill",
    "name": { "str": "ring of the north", "str_pl": "rings of the north" },
    "description": "A plain copper ring, engraved with runes. While wearing this, the effect of extreme cold is negated.",
    "copy-from": "copper_ring",
    "price_postapoc": 10000,
    "flags": [ "ONLY_ONE" ],
    "relic_data": { "passive_effects": [ { "has": "WORN", "condition": "ALWAYS", "values": [ { "value": "ARMOR_COLD", "add": -5 } ] } ] }
  },
{
    "type": "TOOL_ARMOR",
    "id": "ring_noshock",
    "name": { "str": "ring of thunder", "str_pl": "rings of thunder" },
    "description": "A plain copper ring, engraved with runes. While wearing this, you are protected against electric discharge.",
    "copy-from": "copper_ring",
    "price_postapoc": 10000,
    "flags": [ "ONLY_ONE" ],
    "relic_data": { "passive_effects": [ { "has": "WORN", "condition": "ALWAYS", "values": [ { "value": "ARMOR_ELEC", "add": -5 } ] } ] }
  }                                                    
]