[
{
    "id": "boots_arcane",
    "type": "ARMOR",
    "copy-from": "boots_hiking",
    "name": { "str": "boots of the arcane", "str_pl": "pairs of boots of the arcane" },
    "looks_like": "boots_hiking",
    "price_postapoc": 45000,
    "description": "A well-fitting pair of leather boots, engraved with runes. Wearing them increases your mana stores.",
    "relic_data": { "passive_effects": [ { "has": "WORN", "condition": "ALWAYS", "values": [ { "value": "MAX_MANA", "multiply": 0.2 } ] } ] },
    "warmth": 30,
    "material_thickness": 3,
    "environmental_protection": 3,
    "flags": [ "WATERPROOF", "STURDY" ],
    "material": [ "leather" ],
    "armor": [ { "encumbrance": 8, "coverage": 95, "covers": [ "foot_l", "foot_r" ] } ]
  }, 
{
    "id": "boots_hp",
    "type": "ARMOR",
    "copy-from": "boots_hiking",
    "name": { "str": "boots of the body", "str_pl": "pairs of boots of the body" },
    "looks_like": "boots_hiking",
    "price_postapoc": 45000,
    "description": "A well-fitting pair of leather boots, engraved with runes. Wearing them increases your general resilience.",
    "relic_data": { "passive_effects": [ { "has": "WORN", "condition": "ALWAYS", "values": [ { "value": "MAX_HP", "multiply": 0.2 } ] } ] },
    "warmth": 30,
    "material_thickness": 3,
    "environmental_protection": 3,
    "flags": [ "WATERPROOF", "STURDY" ],
    "material": [ "leather" ],
    "armor": [ { "encumbrance": 8, "coverage": 95, "covers": [ "foot_l", "foot_r" ] } ]
  }, 
{
    "id": "boots_stamina",
    "type": "ARMOR",
    "copy-from": "boots_hiking",
    "name": { "str": "boots of fresh wind", "str_pl": "pairs of boots of fresh wind" },
    "looks_like": "boots_hiking",
    "price_postapoc": 45000,
    "description": "A well-fitting pair of leather boots, engraved with runes. Wearing them increases your stamina.",
    "relic_data": { "passive_effects": [ { "has": "WORN", "condition": "ALWAYS", "values": [ { "value": "MAX_STAMINA", "multiply": 0.2 } ] } ] },
    "warmth": 30,
    "material_thickness": 3,
    "environmental_protection": 3,
    "flags": [ "WATERPROOF", "STURDY" ],
    "material": [ "leather" ],
    "armor": [ { "encumbrance": 8, "coverage": 95, "covers": [ "foot_l", "foot_r" ] } ]
  },
{
    "id": "boots_speed",
    "type": "ARMOR",
    "copy-from": "boots_hiking",
    "name": { "str": "boots of nine leauges", "str_pl": "pairs of boots of nine leauges" },
    "looks_like": "boots_hiking",
    "price_postapoc": 45000,
    "description": "A well-fitting pair of leather boots, engraved with runes. Wearing them makes travel much easier.",
    "relic_data": { "passive_effects": [ { "has": "WORN", "condition": "ALWAYS", "values": [ { "value": "MOVE_COST", "add": -5 } ] } ] },
    "warmth": 30,
    "material_thickness": 3,
    "environmental_protection": 3,
    "flags": [ "WATERPROOF", "STURDY" ],
    "material": [ "leather" ],
    "armor": [ { "encumbrance": 8, "coverage": 95, "covers": [ "foot_l", "foot_r" ] } ]
  },  
{
    "id": "boots_acrobatics",
    "type": "ARMOR",
    "copy-from": "boots_hiking",
    "name": { "str": "trapeze artists boots", "str_pl": "pairs of trapeze artists boots" },
    "looks_like": "boots_hiking",
    "price_postapoc": 45000,
    "description": "A well-fitting pair of leather boots, engraved with runes. They are quite narrow, hugging your foot. You feel a pep in your step while wearing these.",
    "relic_data": { "passive_effects": [ { "has": "WORN", "condition": "ALWAYS", "values": [ { "value": "BONUS_DODGE", "add": 1 }, { "value": "SPEED", "add": 5 } ] } ] },
    "warmth": 30,
    "material_thickness": 3,
    "environmental_protection": 3,
    "flags": [ "WATERPROOF", "STURDY" ],
    "material": [ "leather" ],
    "armor": [ { "encumbrance": 8, "coverage": 95, "covers": [ "foot_l", "foot_r" ] } ]
  },  
{
    "id": "boots_jester",
    "type": "ARMOR",
    "copy-from": "boots_hiking",
    "name": { "str": "boots of the jester", "str_pl": "pairs of boots of the jester" },
    "looks_like": "boots_hiking",
    "price_postapoc": 45000,
    "description": "A well-fitting pair of leather boots, engraved with runes. The toes come to a point, with hollow bells on them. You could make anyone laugh in these.",
    "relic_data": { "passive_effects": [ { "has": "WORN", "condition": "ALWAYS", "mutations": [ "PERSUASION" ] } ] },
    "warmth": 30,
    "material_thickness": 3,
    "environmental_protection": 3,
    "flags": [ "WATERPROOF", "STURDY" ],
    "material": [ "leather" ],
    "armor": [ { "encumbrance": 8, "coverage": 95, "covers": [ "foot_l", "foot_r" ] } ]
  },  
{
    "id": "boots_crime",
    "type": "ARMOR",
    "copy-from": "boots_hiking",
    "name": { "str": "boots of the ruffian", "str_pl": "pairs of boots of the ruffian" },
    "looks_like": "boots_hiking",
    "price_postapoc": 45000,
    "description": "A well-fitting pair of leather boots, engraved with runes. The toes come to a spiked point, with embroidered dragons over them. You could look pretty tough in these.",
    "relic_data": { "passive_effects": [ { "has": "WORN", "condition": "ALWAYS", "mutations": [ "INTIMIDATE" ] } ] },
    "warmth": 30,
    "material_thickness": 3,
    "environmental_protection": 3,
    "flags": [ "WATERPROOF", "STURDY" ],
    "material": [ "leather" ],
    "armor": [ { "encumbrance": 8, "coverage": 95, "covers": [ "foot_l", "foot_r" ] } ]
  }  
]