[
{
    "id": "hat_arcane",
    "type": "ARMOR",
    "name": { "str": "hat of the arcane", "str_pl": "hats of the arcane" },
    "description": "A cone-shaped hat embedded with runes. Wearing it increases your mana stores.",
    "weight": "390 g",
    "volume": "2 L",
    "price": 9500,
    "material": [ "cotton" ],
    "symbol": "^",
    "color": "light_blue",
    "warmth": 7,
    "material_thickness": 2,
    "environmental_protection": 2,
    "relic_data": {
      "passive_effects": [ { "has": "WORN", "condition": "ALWAYS", "values": [ { "value": "MAX_MANA", "multiply": 0.2 } ] } ]
    },
    "flags": [ "VARSIZE" ],
    "armor": [ { "encumbrance": 12, "coverage": 50, "covers": [ "head" ] } ]
  },
{
    "id": "hat_hp",
    "type": "ARMOR",
    "name": { "str": "hat of the body", "str_pl": "hats of the body" },
    "description": "A cone-shaped hat embedded with runes. Wearing it increases your resilience to harm.",
    "weight": "390 g",
    "volume": "2 L",
    "price": 9500,
    "material": [ "cotton" ],
    "symbol": "^",
    "color": "red",
    "warmth": 7,
    "material_thickness": 2,
    "environmental_protection": 2,
    "relic_data": {
      "passive_effects": [ { "has": "WORN", "condition": "ALWAYS", "values": [ { "value": "MAX_HP", "multiply": 0.2 } ] } ]
    },
    "flags": [ "VARSIZE" ],
    "armor": [ { "encumbrance": 12, "coverage": 50, "covers": [ "head" ] } ]
  },
{
    "id": "hat_stamina",
    "type": "ARMOR",
    "name": { "str": "hat of fresh wind", "str_pl": "hats of fresh wind" },
    "description": "A cone-shaped hat embedded with runes. Wearing it increases your stamina.",
    "weight": "390 g",
    "volume": "2 L",
    "price": 9500,
    "material": [ "cotton" ],
    "symbol": "^",
    "color": "green",
    "warmth": 7,
    "material_thickness": 2,
    "environmental_protection": 2,
    "relic_data": {
      "passive_effects": [ { "has": "WORN", "condition": "ALWAYS", "values": [ { "value": "MAX_STAMINA", "multiply": 0.2 } ] } ]
    },
    "flags": [ "VARSIZE" ],
    "armor": [ { "encumbrance": 12, "coverage": 50, "covers": [ "head" ] } ]
  },
{
    "id": "hat_speed",
    "type": "ARMOR",
    "name": { "str": "hat of nine leauges", "str_pl": "hats of nine leauges" },
    "description": "A cone-shaped hat embedded with runes. Wearing it makes travel much easier.",
    "weight": "390 g",
    "volume": "2 L",
    "price": 9500,
    "material": [ "cotton" ],
    "symbol": "^",
    "color": "green",
    "warmth": 7,
    "material_thickness": 2,
    "environmental_protection": 2,
    "relic_data": {
      "passive_effects": [ { "has": "WORN", "condition": "ALWAYS", "values": [ { "value": "MOVE_COST", "add": -5 } ] } ]
    },
    "flags": [ "VARSIZE" ],
    "armor": [ { "encumbrance": 12, "coverage": 50, "covers": [ "head" ] } ]
  },
{
    "id": "hat_noshock",
    "type": "ARMOR",
    "name": { "str": "hat of thunder", "str_pl": "hats of thunder" },
    "description": "A cone-shaped hat embedded with runes. Wearing it increases your resistance against electric discharges.",
    "weight": "390 g",
    "volume": "2 L",
    "price": 9500,
    "material": [ "cotton" ],
    "symbol": "^",
    "color": "green",
    "warmth": 7,
    "material_thickness": 2,
    "environmental_protection": 2,
    "relic_data": {
      "passive_effects": [ { "has": "WORN", "condition": "ALWAYS", "values": [ { "value": "ARMOR_ELEC", "add": -5 } ] } ]
    },
    "flags": [ "VARSIZE" ],
    "armor": [ { "encumbrance": 12, "coverage": 50, "covers": [ "head" ] } ]
  },
{
    "id": "hat_nochill",
    "type": "ARMOR",
    "name": { "str": "hat of the north", "str_pl": "hats of the north" },
    "description": "A cone-shaped hat embedded with runes. Wearing it increases your resistance against cold temperatues.",
    "weight": "390 g",
    "volume": "2 L",
    "price": 9500,
    "material": [ "cotton" ],
    "symbol": "^",
    "color": "green",
    "warmth": 7,
    "material_thickness": 2,
    "environmental_protection": 2,
    "relic_data": {
      "passive_effects": [ { "has": "WORN", "condition": "ALWAYS", "values": [ { "value": "ARMOR_COLD", "add": -5 } ] } ]
    },
    "flags": [ "VARSIZE" ],
    "armor": [ { "encumbrance": 12, "coverage": 50, "covers": [ "head" ] } ]
  },
{
    "id": "hat_noburn",
    "type": "ARMOR",
    "name": { "str": "hat of the hearth", "str_pl": "hats of the hearth" },
    "description": "A cone-shaped hat embedded with runes. Wearing it increases your resistance against fire.",
    "weight": "390 g",
    "volume": "2 L",
    "price": 9500,
    "material": [ "cotton" ],
    "symbol": "^",
    "color": "green",
    "warmth": 7,
    "material_thickness": 2,
    "environmental_protection": 2,
    "relic_data": {
      "passive_effects": [ { "has": "WORN", "condition": "ALWAYS", "values": [ { "value": "ARMOR_HEAT", "add": -5 } ] } ]
    },
    "flags": [ "VARSIZE" ],
    "armor": [ { "encumbrance": 12, "coverage": 50, "covers": [ "head" ] } ]
  },
{
    "id": "breathing_bubble",
    "type": "ARMOR",
    "name": { "str": "water-tight bubble", "str_pl": "water-tight bubbles" },
    "description": "This is a clear bubble, with two beads orbiting inside it. When worn, the wearer can breathe underwater.",
    "weight": "20 g",
    "volume": "1 L",
    "price": 9500,
    "material": [ "steel" ],
    "symbol": "O",
    "color": "blue",
    "warmth": 0,
    "material_thickness": 1,
    "environmental_protection": 1,
    "relic_data": { "passive_effects": [ { "has": "WORN", "condition": "ALWAYS", "mutations": [ "GILLS" ] } ] },
    "flags": [ "VARSIZE" ],
    "armor": [ { "encumbrance": 0, "coverage": 0, "covers": [ "head", "eyes" ] } ]
  }
]