[
{
    "id": "cloak_arcane",
    "type": "TOOL_ARMOR",
    "name": { "str": "robe of the arcane", "str_pl": "robes of the arcane" },
    "description": "A cotton robe embedded with runes. Wearing it increases your mana stores.",
    "looks_like": "cloak_leather",
    "weight": "2060 g",
    "volume": "3050 ml",
    "price": 10000,
    "symbol": "w",
    "color": "blue",
    "material": [ "cotton" ],
    "flags": [ "OUTER", "OVERSIZE", "NONCONDUCTIVE" ],
    "relic_data": {
      "passive_effects": [ { "has": "WORN", "condition": "ALWAYS", "values": [ { "value": "MAX_MANA", "multiply": 0.4 } ] } ]
    },
    "armor": [ { "encumbrance": 10, "coverage": 75, "covers": [ "torso", "arm_l", "arm_r", "leg_l", "leg_r" ] } ]
  },
{
    "id": "cloak_hp",
    "type": "ARMOR",
    "name": { "str": "robe of the body", "str_pl": "robes of the body" },
    "description": "A cotton robe embedded with runes. Wearing it increases your general resilience.",
    "looks_like": "cloak_leather",
    "weight": "2060 g",
    "volume": "3050 ml",
    "price": 10000,
    "symbol": "w",
    "color": "red",
    "material": [ "cotton" ],
    "flags": [ "OUTER", "OVERSIZE", "NONCONDUCTIVE" ],
    "relic_data": {
      "passive_effects": [ { "has": "WORN", "condition": "ALWAYS", "values": [ { "value": "MAX_HP", "multiply": 0.4 } ] } ]
    },
    "armor": [ { "encumbrance": 10, "coverage": 75, "covers": [ "torso", "arm_l", "arm_r", "leg_l", "leg_r" ] } ]
  },
{
    "id": "cloak_stamina",
    "type": "ARMOR",
    "name": { "str": "robe of fresh wind", "str_pl": "robes of fresh wind" },
    "description": "A cotton robe embedded with runes. Wearing it increases your stamina.",
    "looks_like": "cloak_leather",
    "weight": "2060 g",
    "volume": "3050 ml",
    "price": 10000,
    "symbol": "w",
    "color": "blue",
    "material": [ "cotton" ],
    "flags": [ "OUTER", "OVERSIZE", "NONCONDUCTIVE" ],
    "relic_data": {
      "passive_effects": [ { "has": "WORN", "condition": "ALWAYS", "values": [ { "value": "MAX_STAMINA", "multiply": 0.4 } ] } ]
    },
    "armor": [ { "encumbrance": 10, "coverage": 75, "covers": [ "torso", "arm_l", "arm_r", "leg_l", "leg_r" ] } ]
  },   
{
    "id": "cloak_invisibility",
    "type": "TOOL_ARMOR",
    "name": { "str": "robe of invisibility", "str_pl": "robes of invisibility" },
    "description": "A cotton robe embedded with runes. Wearing it turns you invisible upon activation.",
    "looks_like": "cloak_leather",
    "weight": "2060 g",
    "volume": "3050 ml",
    "price": 100000,
    "symbol": "w",
    "color": "black",
    "material": [ "cotton" ],
    "flags": [ "OUTER", "OVERSIZE", "NONCONDUCTIVE", "ONLY_ONE", "NO_UNLOAD", "NO_RELOAD" ],    
    "charges_per_use": 1,
    "use_action": { "type": "cast_spell", "spell_id": "invisible_item", "no_fail": true, "level": 1, "need_worn": true },
    "relic_data": { "charge_info": { "recharge_type": "periodic", "time": "24 h", "regenerate_ammo": true } },
    "pocket_data": [ { "pocket_type": "MAGAZINE", "ammo_restriction": { "crystallized_mana": 3 }, "rigid": true } ],
    "armor": [ { "encumbrance": 10, "coverage": 75, "covers": [ "torso", "arm_l", "arm_r", "leg_l", "leg_r" ] } ]
  }, 
{
    "id": "cloak_dodge",
    "type": "ARMOR",
    "name": { "str": "robe of distortion", "str_pl": "robes of distortion" },
    "description": "A cotton robe embedded with runes. Wearing it distorts your visual image, allowing you to dodge better.",
    "looks_like": "cloak_leather",
    "weight": "2060 g",
    "volume": "3050 ml",
    "price": 50000,
    "symbol": "w",
    "color": "blue",
    "material": [ "cotton" ],
    "flags": [ "OUTER", "OVERSIZE", "NONCONDUCTIVE" ],
    "relic_data": {
      "passive_effects": [ { "has": "WORN", "condition": "ALWAYS", "values": [ { "value": "BONUS_DODGE", "add": 2 } ] } ]
    },
    "armor": [ { "encumbrance": 10, "coverage": 75, "covers": [ "torso", "arm_l", "arm_r", "leg_l", "leg_r" ] } ]
  },
{
    "id": "cloak_armor",
    "type": "ARMOR",
    "name": { "str": "robe of protection", "str_pl": "robes of protection" },
    "description": "A cotton robe embedded with runes. It protects it's wearer more than what it seems.",
    "looks_like": "cloak_leather",
    "weight": "2060 g",
    "volume": "3050 ml",
    "price": 50000,
    "symbol": "w",
    "color": "blue",
    "material": [ "cotton" ],
    "flags": [ "OUTER", "OVERSIZE", "NONCONDUCTIVE" ],
    "relic_data": {
      "passive_effects": [ { "has": "WORN", "condition": "ALWAYS", "values": [ { "value": "ARMOR_CUT", "add": -2 }, { "value": "ARMOR_BASH", "add": -2 }, { "value": "ARMOR_STAB", "add": -2 } ] } ]
    },
    "armor": [ { "encumbrance": 10, "coverage": 75, "covers": [ "torso", "arm_l", "arm_r", "leg_l", "leg_r" ] } ]
  },    
{
    "id": "cloak_noshock",
    "type": "ARMOR",
    "name": { "str": "robe of thunder", "str_pl": "robes of protection" },
    "description": "A cotton robe embedded with runes. Wearing it protects you against electric discharges.",
    "looks_like": "cloak_leather",
    "weight": "2060 g",
    "volume": "3050 ml",
    "price": 50000,
    "symbol": "w",
    "color": "blue",
    "material": [ "cotton" ],
    "flags": [ "OUTER", "OVERSIZE", "NONCONDUCTIVE" ],
    "relic_data": {
      "passive_effects": [ { "has": "WORN", "condition": "ALWAYS", "values": [ { "value": "ARMOR_ELEC", "add": -5 } ] } ]
    },
    "armor": [ { "encumbrance": 10, "coverage": 75, "covers": [ "torso", "arm_l", "arm_r", "leg_l", "leg_r" ] } ]
  },        
{
    "id": "cloak_nochill",
    "type": "ARMOR",
    "name": { "str": "robe of the north", "str_pl": "robes of the north" },
    "description": "A cotton robe embedded with runes. Wearing it protects you against frigid temperatues.",
    "looks_like": "cloak_leather",
    "weight": "2060 g",
    "volume": "3050 ml",
    "price": 50000,
    "symbol": "w",
    "color": "blue",
    "material": [ "cotton" ],
    "flags": [ "OUTER", "OVERSIZE", "NONCONDUCTIVE" ],
    "relic_data": {
      "passive_effects": [ { "has": "WORN", "condition": "ALWAYS", "values": [ { "value": "ARMOR_COLD", "add": -5 } ] } ]
    },
    "armor": [ { "encumbrance": 10, "coverage": 75, "covers": [ "torso", "arm_l", "arm_r", "leg_l", "leg_r" ] } ]
  },    
   
{
    "id": "cloak_noburn",
    "type": "ARMOR",
    "name": { "str": "robe of the hearth", "str_pl": "robes of the hearth" },
    "description": "A cotton robe embedded with runes. Wearing it protects you against high temperatues.",
    "looks_like": "cloak_leather",
    "weight": "2060 g",
    "volume": "3050 ml",
    "price": 50000,
    "symbol": "w",
    "color": "blue",
    "material": [ "cotton" ],
    "flags": [ "OUTER", "OVERSIZE", "NONCONDUCTIVE" ],
    "relic_data": {
      "passive_effects": [ { "has": "WORN", "condition": "ALWAYS", "values": [ { "value": "ARMOR_HEAT", "add": -5 } ] } ]
    },
    "armor": [ { "encumbrance": 10, "coverage": 75, "covers": [ "torso", "arm_l", "arm_r", "leg_l", "leg_r" ] } ]
  }           
]