[
{
    "type": "TOOL_ARMOR",
    "id": "necklace_arcane",
    "name": { "str": "necklace of the arcane", "str_pl": "necklaces of the arcane" },
    "description": "A circular, silver locket engraved with runes. Wearing it increases your mana stores.",
    "copy-from": "silver_necklace",
    "price_postapoc": 2000,
    "flags": [ "ONLY_ONE" ],
    "relic_data": { "passive_effects": [ { "has": "WORN", "condition": "ALWAYS", "values": [ { "value": "MAX_MANA", "multiply": 0.1 } ] } ] }
  },      
{
    "type": "TOOL_ARMOR",
    "id": "necklace_hp",
    "name": { "str": "necklace of the body", "str_pl": "necklaces of the body" },
    "description": "A circular, silver locket engraved with runes. Wearing it increases your general resilience.",
    "copy-from": "silver_necklace",
    "price_postapoc": 2000,
    "flags": [ "ONLY_ONE" ],
    "relic_data": { "passive_effects": [ { "has": "WORN", "condition": "ALWAYS", "values": [ { "value": "MAX_HP", "multiply": 0.1 } ] } ] }
  },         
{
    "type": "TOOL_ARMOR",
    "id": "necklace_stamina",
    "name": { "str": "necklace of fresh breath", "str_pl": "necklaces of fresh breath" },
    "description": "A circular, silver locket engraved with runes. Wearing it increases your stamina.",
    "copy-from": "silver_necklace",
    "price_postapoc": 2000,
    "flags": [ "ONLY_ONE" ],
    "relic_data": { "passive_effects": [ { "has": "WORN", "condition": "ALWAYS", "values": [ { "value": "MAX_STAMINA", "multiply": 0.1 } ] } ] }
  },        
{
    "type": "TOOL_ARMOR",
    "id": "necklace_per",
    "name": { "str": "necklace of the eagle", "str_pl": "necklaces of the eagle" },
    "description": "A circular, silver locket engraved with runes. When donning it, you can feel your eyes change.",
    "copy-from": "silver_necklace",
    "price_postapoc": 2000,
    "flags": [ "ONLY_ONE" ],
    "relic_data": { "passive_effects": [ { "has": "WORN", "condition": "ALWAYS", "mutations": [ "PER1" ] } ] }
  },
{
    "type": "TOOL_ARMOR",
    "id": "necklace_knife",
    "name": { "str": "necklace of blades", "str_pl": "necklaces of blades" },
    "description": "A circular, silver locket engraved with runes. It bears the insignia of a blade on the pendant.",
    "copy-from": "silver_necklace",
    "price_postapoc": 2000,
    "charges_per_use": 1,
    "flags": [ "ONLY_ONE", "NO_UNLOAD", "NO_RELOAD" ],
    "use_action": { "type": "cast_spell", "spell_id": "blade_spawn_item", "no_fail": true, "level": 1, "need_worn": true },
    "relic_data": { "charge_info": { "recharge_type": "periodic", "time": "24 h", "regenerate_ammo": true } },
    "pocket_data": [ { "pocket_type": "MAGAZINE", "holster": true, "ammo_restriction": { "crystallized_mana": 3 } } ]
  },
{
    "type": "TOOL_ARMOR",
    "id": "necklace_holding",
    "name": { "str": "necklace of holding", "str_pl": "necklaces of holding" },
    "description": "A circular, silver locket engraved with runes. The pendant opens to reveal a small space for storage.",
    "copy-from": "silver_necklace",
    "price_postapoc": 6000,
    "flags": [ "ONLY_ONE", "TARDIS" ],
    "pocket_data": [
      {
        "pocket_type": "CONTAINER",
        "moves": 100,
        "max_contains_volume": "1 L",
        "max_contains_weight": "5 kg",
        "max_item_volume": "1 L",
        "max_item_length": "1 meter",
        "spoil_multiplier": 1.5,
        "weight_multiplier": 0.7,
        "volume_multiplier": 0.7,
        "rigid": true
      }
    ]
  }                
]