[
{
    "type": "GENERIC",
    "id": "bag_holding",
    "category": "container",
    "name": { "str": "bag of holding" },
    "description": "A small bag containing a pocket dimension, allowing it to hold more than a purse of similar design. Whenever you take an item out, what you want is automatically on top. If it is torn, its contents fall out onto the ground.",
    "symbol": "b",
    "color": "magenta",
    "volume": "4 L",
    "weight": "4 kg",
    "price": 3000,
    "flags": [ "TARDIS" ],
    "pocket_data": [
      {
        "pocket_type": "CONTAINER",
        "moves": 100,
        "max_contains_volume": "40 L",
        "max_contains_weight": "50 kg",
        "max_item_volume": "7 L",
        "max_item_length": "3 meter",
        "spoil_multiplier": 1.5,
        "weight_multiplier": 0.7,
        "volume_multiplier": 0.7,
        "rigid": false,
        "magazine_well": "1 L"
      }
    ]
  },
{
    "id": "backpack_holding",
    "type": "ARMOR",
    "name": { "str": "satchel of holding" },
    "description": "A large sized hiking backpack with plenty of storage space. It contains a pocket diemsion, allowing it to store more than a similar bag. Whenever you take an item out, what you want is automatically on top. If it is torn, its contents fall out onto the ground.",
    "weight": "2291 g",
    "volume": "14700 ml",
    "price": 100000,
    "material": [ "leather" ],
    "symbol": "[",
    "looks_like": "backpack",
    "color": "magenta",
    "warmth": 10,
    "material_thickness": 2,
    "pocket_data": [
      {
        "pocket_type": "CONTAINER",
        "max_contains_volume": "100 L",
        "max_contains_weight": "100 kg",
        "max_item_length": "120 cm",
        "magazine_well": "24 L",
        "moves": 450
      },
      {
        "pocket_type": "CONTAINER",
        "max_contains_volume": "8 L",
        "max_contains_weight": "16 kg",
        "max_item_length": "70 cm",
        "magazine_well": "2 L",
        "moves": 450
      },
      {
        "pocket_type": "CONTAINER",
        "max_contains_volume": "4 L",
        "max_contains_weight": "4 kg",
        "max_item_length": "50 cm",
        "magazine_well": "1000 ml",
        "moves": 450
      },
      {
        "pocket_type": "CONTAINER",
        "max_contains_volume": "4 L",
        "max_contains_weight": "4 kg",
        "max_item_length": "50 cm",
        "magazine_well": "1000 ml",
        "moves": 450
      },
      {
        "pocket_type": "CONTAINER",
        "max_contains_volume": "2 L",
        "max_contains_weight": "4 kg",
        "max_item_length": "140 cm",
        "moves": 3,
        "flag_restriction": [ "SHEATH_KNIFE", "SHEATH_SWORD" ]
      },
      {
        "pocket_type": "CONTAINER",
        "max_contains_volume": "2 L",
        "max_contains_weight": "4 kg",
        "max_item_length": "140 cm",
        "moves": 3,
        "flag_restriction": [ "SHEATH_KNIFE", "SHEATH_SWORD" ]
      }
    ],
    "use_action": { "type": "holster", "holster_prompt": "Sheath blade", "holster_msg": "You sheath your %s" },
    "flags": [ "BELTED", "WATERPROOF", "ONLY_ONE", "OVERSIZE", "TARDIS" ],
    "armor": [ { "encumbrance": 10, "coverage": 50, "covers": [ "torso" ] } ]
  } 
]