[
{
    "type": "GENERIC",
    "id": "longsword_ice+1",
    "copy-from": "longsword",
    "looks_like": "longsword",
    "name": "<color_blue>longsword+</color>",
    "relic_data": { "passive_effects": [ { "id": "mtc_rune_wield_ice_ench" } ] },
    "proportional": { "price": 1.2, "bashing": 1.2, "cutting": 1.2 }
  },
{
    "type": "GENERIC",
    "id": "wood_sword_ice+1",
    "copy-from": "sword_wood",
    "looks_like": "sword_wood",
    "name": "<color_blue>wooden sword+</color>",
    "relic_data": { "passive_effects": [ { "id": "mtc_rune_wield_ice_ench" } ] },
    "proportional": { "price": 1.2, "bashing": 1.2, "cutting": 1.2 }
  },
  {
    "type": "GENERIC",
    "id": "makeshift_knife_ice+1",
    "copy-from": "makeshift_knife",
    "looks_like": "makeshift_knife",
    "name": "<color_blue>makeshift knife+</color>",
    "relic_data": { "passive_effects": [ { "id": "mtc_rune_wield_ice_ench" } ] },
    "proportional": { "price": 1.2, "bashing": 1.2, "cutting": 1.2 }
  },
  {
    "type": "GENERIC",
    "id": "knife_baselard_ice+1",
    "copy-from": "knife_baselard",
    "looks_like": "knife_baselard",
    "name": "<color_blue>baselard+</color>",
    "relic_data": { "passive_effects": [ { "id": "mtc_rune_wield_ice_ench" } ] } ,
    "proportional": { "price": 1.2, "bashing": 1.2, "cutting": 1.2 }
  },
  {
    "type": "GENERIC",
    "id": "machete_ice+1",
    "copy-from": "machete",
    "looks_like": "machete",
    "name": "<color_blue>machete+</color>",
    "relic_data": { "passive_effects": [ { "id": "mtc_rune_wield_ice_ench" } ] },
    "proportional": { "price": 1.2, "bashing": 1.2, "cutting": 1.2 } 
  },
  {
    "type": "GENERIC",
    "id": "cavalry_sabre_ice+1",
    "copy-from": "cavalry_sabre",
    "looks_like": "cavalry_sabre",
    "name": "<color_blue>cavalry sabre+</color>",
    "relic_data": { "passive_effects": [ { "id": "mtc_rune_wield_ice_ench" } ] },
    "proportional": { "price": 1.2, "bashing": 1.2, "cutting": 1.2 } 
  },
  {
    "type": "GENERIC",
    "id": "kris_ice+1",
    "copy-from": "kris",
    "looks_like": "kris",
    "name": "<color_blue>kirs+</color>",
    "relic_data": { "passive_effects": [ { "id": "mtc_rune_wield_ice_ench" } ] },
    "proportional": { "price": 1.2, "bashing": 1.2, "cutting": 1.2 } 
  },
  {
    "type": "GENERIC",
    "id": "kukri_ice+1",
    "copy-from": "kukri",
    "looks_like": "kukri",
    "name": "<color_blue>kukri+</color>",
    "relic_data": { "passive_effects": [ { "id": "mtc_rune_wield_ice_ench" } ] },
    "proportional": { "price": 1.2, "bashing": 1.2, "cutting": 1.2 } 
  },
  {
    "type": "GENERIC",
    "id": "jian_ice+1",
    "copy-from": "jian",
    "looks_like": "jian",
    "name": "<color_blue>jian+</color>",
    "relic_data": { "passive_effects": [ { "id": "mtc_rune_wield_ice_ench" } ] },
    "proportional": { "price": 1.2, "bashing": 1.2, "cutting": 1.2 } 
  },
  {
    "type": "GENERIC",
    "id": "scimitar_ice+1",
    "copy-from": "scimitar",
    "looks_like": "scimitar",
    "name": "<color_blue>scimitar+</color>",
    "relic_data": { "passive_effects": [ { "id": "mtc_rune_wield_ice_ench" } ] },
    "proportional": { "price": 1.2, "bashing": 1.2, "cutting": 1.2 }
  },
  {
    "type": "GENERIC",
    "id": "estoc_ice+1",
    "copy-from": "estoc",
    "looks_like": "estoc",
    "name": "<color_blue>estoc+</color>",
    "relic_data": { "passive_effects": [ { "id": "mtc_rune_wield_ice_ench" } ] },
    "proportional": { "price": 1.2, "bashing": 1.2, "cutting": 1.2 } 
  },
  {
    "type": "GENERIC",
    "id": "arming_sword_ice+1",
    "copy-from": "arming_sword",
    "looks_like": "arming_sword",
    "name": "<color_blue>arming sword+</color>",
    "relic_data": { "passive_effects": [ { "id": "mtc_rune_wield_ice_ench" } ] },
    "proportional": { "price": 1.2, "bashing": 1.2, "cutting": 1.2 } 
  },
  {
    "type": "GENERIC",
    "id": "tanto_ice+1",
    "copy-from": "tanto",
    "looks_like": "tanto",
    "name": "<color_blue>tanto+</color>",
    "relic_data": { "passive_effects": [ { "id": "mtc_rune_wield_ice_ench" } ] },
    "proportional": { "price": 1.2, "bashing": 1.2, "cutting": 1.2 } 
  },
  {
    "type": "GENERIC",
    "id": "wakizashi_ice+1",
    "copy-from": "wakizashi",
    "looks_like": "wakizashi",
    "name": "<color_blue>wakizashi+</color>",
    "relic_data": { "passive_effects": [ { "id": "mtc_rune_wield_ice_ench" } ] },
    "proportional": { "price": 1.2, "bashing": 1.2, "cutting": 1.2 } 
  },
  {
    "type": "GENERIC",
    "id": "zweihander_ice+1",
    "copy-from": "zweihander",
    "looks_like": "zweihander",
    "name": "<color_blue>zweihander+</color>",
    "relic_data": { "passive_effects": [ { "id": "mtc_rune_wield_ice_ench" } ] },
    "proportional": { "price": 1.2, "bashing": 1.2, "cutting": 1.2 } 
  },
  {
    "type": "GENERIC",
    "id": "nodachi_ice+1",
    "copy-from": "nodachi",
    "looks_like": "nodachi",
    "name": "<color_blue>nodachi+</color>",
    "relic_data": { "passive_effects": [ { "id": "mtc_rune_wield_ice_ench" } ] },
    "proportional": { "price": 1.2, "bashing": 1.2, "cutting": 1.2 } 
  },
  {
    "type": "GENERIC",
    "id": "broadsword_ice+1",
    "copy-from": "broadsword",
    "looks_like": "broadsword",
    "name": "<color_blue>broadsword+</color>",
    "relic_data": { "passive_effects": [ { "id": "mtc_rune_wield_ice_ench" } ] },
    "proportional": { "price": 1.2, "bashing": 1.2, "cutting": 1.2 } 
  },
  {
    "type": "GENERIC",
    "id": "rapier_ice+1",
    "copy-from": "rapier",
    "looks_like": "rapier",
    "name": "<color_blue>rapier+</color>",
    "relic_data": { "passive_effects": [ { "id": "mtc_rune_wield_ice_ench" } ] },
    "proportional": { "price": 1.2, "bashing": 1.2, "cutting": 1.2 } 
  },
  {
    "type": "GENERIC",
    "id": "katana_ice+1",
    "copy-from": "katana",
    "looks_like": "katana",
    "name": "<color_blue>katana+</color>",
    "relic_data": { "passive_effects": [ { "id": "mtc_rune_wield_ice_ench" } ] },
    "proportional": { "price": 1.2, "bashing": 1.2, "cutting": 1.2 } 
  },
  {
    "type": "GENERIC",
    "id": "butterfly_swords_ice+1",
    "copy-from": "butterfly_swords",
    "looks_like": "butterfly_swords",
    "name": "<color_blue>butterfly swords+</color>",
    "relic_data": { "passive_effects": [ { "id": "mtc_rune_wield_ice_ench" } ] },
    "proportional": { "price": 1.2, "bashing": 1.2, "cutting": 1.2 } 
  },
  {
    "type": "GENERIC",
    "id": "cutlass_ice+1",
    "copy-from": "cutlass",
    "looks_like": "cutlass",
    "name": "<color_blue>cutlass+</color>",
    "relic_data": { "passive_effects": [ { "id": "mtc_rune_wield_ice_ench" } ] },
    "proportional": { "price": 1.2, "bashing": 1.2, "cutting": 1.2 } 
  },
  {
    "type": "GENERIC",
    "id": "lajatang_ice+1",
    "copy-from": "lajatang",
    "looks_like": "lajatang",
    "name": "<color_blue>lajatang+</color>",
    "relic_data": { "passive_effects": [ { "id": "mtc_rune_wield_ice_ench" } ] },
    "proportional": { "price": 1.2, "bashing": 1.2, "cutting": 1.2 } 
  },
  {
    "type": "GENERIC",
    "id": "war_flail_ice+1",
    "copy-from": "2h_flail_steel",
    "looks_like": "2h_flail_steel",
    "name": "<color_blue>war flail+</color>",
    "relic_data": { "passive_effects": [ { "id": "mtc_rune_wield_ice_ench" } ] },
    "proportional": { "price": 1.2, "bashing": 1.2, "cutting": 1.2 } 
  },
  {
    "type": "GENERIC",
    "id": "peasant_flail_ice+1",
    "copy-from": "2h_flail_wood",
    "looks_like": "2h_flail_wood",
    "name": "<color_blue>peasant flail+</color>",
    "relic_data": { "passive_effects": [ { "id": "mtc_rune_wield_ice_ench" } ] },
    "proportional": { "price": 1.2, "bashing": 1.2, "cutting": 1.2 }
  },
  {
    "type": "GENERIC",
    "id": "battleaxe_ice+1",
    "copy-from": "battleaxe",
    "looks_like": "battleaxe",
    "name": "<color_blue>battleaxe+</color>",
    "relic_data": { "passive_effects": [ { "id": "mtc_rune_wield_ice_ench" } ] },
    "proportional": { "price": 1.2, "bashing": 1.2, "cutting": 1.2 } 
  },
  {
    "type": "GENERIC",
    "id": "bokken_ice+1",
    "copy-from": "bokken",
    "looks_like": "bokken",
    "name": "<color_blue>bokken+</color>",
    "relic_data": { "passive_effects": [ { "id": "mtc_rune_wield_ice_ench" } ] },
    "proportional": { "price": 1.2, "bashing": 1.2, "cutting": 1.2 } 
  },
  {
    "type": "GENERIC",
    "id": "cudgel_ice+1",
    "copy-from": "cudgel",
    "looks_like": "cudgel",
    "name": "<color_blue>cudgel+</color>",
    "relic_data": { "passive_effects": [ { "id": "mtc_rune_wield_ice_ench" } ] },
    "proportional": { "price": 1.2, "bashing": 1.2, "cutting": 1.2 } 
  },
  {
    "type": "GENERIC",
    "id": "hammer_sledge_ice+1",
    "copy-from": "hammer_sledge",
    "looks_like": "hammer_sledge",
    "name": "<color_blue>sledge hammer+</color>",
    "relic_data": { "passive_effects": [ { "id": "mtc_rune_wield_ice_ench" } ] },
    "proportional": { "price": 1.2, "bashing": 1.2, "cutting": 1.2 }
  },
  {
    "type": "GENERIC",
    "id": "lucern_hammer_ice+1",
    "copy-from": "lucern_hammer",
    "looks_like": "lucern_hammer",
    "name": "<color_blue>lucern hammer+</color>",
    "relic_data": { "passive_effects": [ { "id": "mtc_rune_wield_ice_ench" } ] },
    "proportional": { "price": 1.2, "bashing": 1.2, "cutting": 1.2 } 
  },
  {
    "type": "GENERIC",
    "id": "mace_ice+1",
    "copy-from": "mace",
    "looks_like": "mace",
    "name": "<color_blue>mace+</color>",
    "relic_data": { "passive_effects": [ { "id": "mtc_rune_wield_ice_ench" } ] },
    "proportional": { "price": 1.2, "bashing": 1.2, "cutting": 1.2 } 
  },
  {
    "type": "GENERIC",
    "id": "morningstar_ice+1",
    "copy-from": "morningstar",
    "looks_like": "morningstar",
    "name": "<color_blue>morningstar+</color>",
    "relic_data": { "passive_effects": [ { "id": "mtc_rune_wield_ice_ench" } ] },
    "proportional": { "price": 1.2, "bashing": 1.2, "cutting": 1.2 } 
  },
  {
    "type": "GENERIC",
    "id": "q_staff_ice+1",
    "copy-from": "q_staff",
    "looks_like": "q_staff",
    "name": "<color_blue>quarterstaff+</color>",
    "relic_data": { "passive_effects": [ { "id": "mtc_rune_wield_ice_ench" } ] },
    "proportional": { "price": 1.2, "bashing": 1.2, "cutting": 1.2 }
  },
  {
    "type": "GENERIC",
    "id": "shillelagh_ice+1",
    "copy-from": "shillelagh",
    "looks_like": "shillelagh",
    "name": "<color_blue>shillelagh+</color>",
    "relic_data": { "passive_effects": [ { "id": "mtc_rune_wield_ice_ench" } ] },
    "proportional": { "price": 1.2, "bashing": 1.2, "cutting": 1.2 }
  },
  {
    "type": "GENERIC",
    "id": "tonfa_wood_ice+1",
    "copy-from": "tonfa_wood",
    "looks_like": "tonfa_wood",
    "name": "<color_blue>tonfa+</color>",
    "relic_data": { "passive_effects": [ { "id": "mtc_rune_wield_ice_ench" } ] },
    "proportional": { "price": 1.2, "bashing": 1.2, "cutting": 1.2 }
  },
  {
    "type": "GENERIC",
    "id": "warhammer_ice+1",
    "copy-from": "warhammer",
    "looks_like": "warhammer",
    "name": "<color_blue>war hammer+</color>",
    "relic_data": { "passive_effects": [ { "id": "mtc_rune_wield_ice_ench" } ] },
    "proportional": { "price": 1.2, "bashing": 1.2, "cutting": 1.2 }
  },
  {
    "type": "GENERIC",
    "id": "pitchfork_ice+1",
    "copy-from": "pitchfork",
    "looks_like": "pitchfork",
    "name": "<color_blue>pitchfork+</color>",
    "relic_data": { "passive_effects": [ { "id": "mtc_rune_wield_ice_ench" } ] },
    "proportional": { "price": 1.2, "bashing": 1.2, "cutting": 1.2 }
  },
  {
    "type": "GENERIC",
    "id": "spear_steel_ice+1",
    "copy-from": "spear_steel",
    "looks_like": "spear_steel",
    "name": "<color_blue>spear+</color>",
    "relic_data": { "passive_effects": [ { "id": "mtc_rune_wield_ice_ench" } ] },
    "proportional": { "price": 1.2, "bashing": 1.2, "cutting": 1.2 }
  },
  {
    "type": "GENERIC",
    "id": "qiang_ice+1",
    "copy-from": "qiang",
    "looks_like": "qiang",
    "name": "<color_blue>qiang+</color>",
    "relic_data": { "passive_effects": [ { "id": "mtc_rune_wield_fire_ench" } ] },
    "proportional": { "price": 1.2, "bashing": 1.2, "cutting": 1.2 }
  },
  {
    "type": "GENERIC",
    "id": "halberd_ice+1",
    "copy-from": "halberd",
    "looks_like": "halberd",
    "name": "<color_blue>halberd+</color>",
    "relic_data": { "passive_effects": [ { "id": "mtc_rune_wield_ice_ench" } ] },
    "proportional": { "price": 1.2, "bashing": 1.2, "cutting": 1.2 }
  },
  {
    "type": "GENERIC",
    "id": "glaive_ice+1",
    "copy-from": "glaive",
    "looks_like": "glaive",
    "name": "<color_blue>glave+</color>",
    "relic_data": { "passive_effects": [ { "id": "mtc_rune_wield_ice_ench" } ] },
    "proportional": { "price": 1.2, "bashing": 1.2, "cutting": 1.2 }
  },
  {
    "type": "GENERIC",
    "id": "naginata_ice+1",
    "copy-from": "naginata",
    "looks_like": "naginata",
    "name": "<color_blue>naginata+</color>",
    "relic_data": { "passive_effects": [ { "id": "mtc_rune_wield_ice_ench" } ] },
    "proportional": { "price": 1.2, "bashing": 1.2, "cutting": 1.2 }
  },
  {
    "type": "GENERIC",
    "id": "pike_ice+1",
    "copy-from": "pike",
    "looks_like": "pike",
    "name": "<color_blue>pike+</color>",
    "relic_data": { "passive_effects": [ { "id": "mtc_rune_wield_ice_ench" } ] },
    "proportional": { "price": 1.2, "bashing": 1.2, "cutting": 1.2 }
  },
  {
    "type": "GENERIC",
    "id": "bagh_nakha_ice+1",
    "copy-from": "bagh_nakha",
    "looks_like": "bagh_nakha",
    "name": "<color_blue>tiger claws+</color>",
    "relic_data": { "passive_effects": [ { "id": "mtc_rune_wield_ice_ench" } ] },
    "proportional": { "price": 1.2, "bashing": 1.2, "cutting": 1.2 }
  },
  {
    "type": "GENERIC",
    "id": "cestus_ice+1",
    "copy-from": "cestus",
    "looks_like": "cestus",
    "name": { "str": "<color_blue>cestus+</color>", "str_pl": "<color_blue>cestuses+</color>" },
    "relic_data": { "passive_effects": [ { "id": "mtc_rune_wield_ice_ench" } ] },
    "proportional": { "price": 1.2, "bashing": 1.2, "cutting": 1.2 }
  },
  {
    "type": "GENERIC",
    "id": "knuckle_brass_ice+1",
    "copy-from": "knuckle_brass",
    "looks_like": "knuckle_brass",
    "name": { "str": "<color_blue>pair of brass knuckles+</color>", "str_pl": "<color_blue>pairs of brass knuckles+</color>" },
    "relic_data": { "passive_effects": [ { "id": "mtc_rune_wield_ice_ench" } ] },
    "proportional": { "price": 1.2, "bashing": 1.2, "cutting": 1.2 }
  },
  {
    "type": "GENERIC",
    "id": "punch_dagger_ice+1",
    "copy-from": "punch_dagger",
    "looks_like": "punch_dagger",
    "name": "<color_blue>punch dagger+</color>",
    "relic_data": { "passive_effects": [ { "id": "mtc_rune_wield_ice_ench" } ] },
    "proportional": { "price": 1.2, "bashing": 1.2, "cutting": 1.2 }
  } 
]