[
{
    "//": "Nested group for underground swamps.",
    "type": "mapgen",
    "method": "json",
    "nested_mapgen_id": "u_swamp_nested",
    "object": {
      "mapgensize": [ 8, 8 ],
      "place_nested": [
        { "chunks": [ [ "swamp_none", 85 ], [ "giant_mushrooms_water", 65 ], [ "aqua_plant_patch", 60 ], [ "underground_fish", 55 ], [ "craig_spiders", 30 ], [ "swamp_hut", 30 ] ], "x": 0, "y": 0 }
      ]
    }
  },
{
    "//": "Nested group for underground swamp towns.",
    "type": "mapgen",
    "method": "json",
    "nested_mapgen_id": "swamp_town_nested",
    "object": {
      "mapgensize": [ 8, 8 ],
      "place_nested": [
        { "chunks": [ [ "swamp_town_house", 90 ], [ "swamp_town_shop", 80 ], [ "swamp_town_fight_pit", 20 ], [ "swamp_town_latrine", 40 ] ], "x": 0, "y": 0 }
      ]
    }
  },
{
    "type": "mapgen",
    "method": "json",
    "nested_mapgen_id": "swamp_none",
    "object": {
      "mapgensize": [ 8, 8 ],
      "rows": [
        "~~~~~~~~",
        "~~~~~~~~",
        "~~~~~~~~",
        "~~~~~~~~",
        "~~~~~~~~",
        "~~~~~~~~",
        "~~~~~~~~",
        "~~~~~~~~"
      ],
      "palettes": [ "caves" ],
      "terrain": { "~": "t_water_sh" }
    }
    },
{
    "type": "mapgen",
    "method": "json",
    "nested_mapgen_id": "craig_spiders",
    "object": {
      "mapgensize": [ 8, 8 ],
      "rows": [
        "...x....",
        "........",
        "....x...",
        ".x......",
        ".....x..",
        "...x....",
        ".....x..",
        "........"
      ],
      "palettes": [ "caves" ],
      "terrain": { "x": "t_rock_floor_no_roof", ".": "t_rock_floor_no_roof" },
      "monster": { "x": { "monster": "mon_craig_spider", "chance": 65 } }
    }
    }, 
{
    "type": "mapgen",
    "method": "json",
    "nested_mapgen_id": "swamp_hut",
    "object": {
      "mapgensize": [ 8, 8 ],
      "rows": [
        "wwwwwww.",
        "wbtttqw.",
        "wtttttw.",
        "wwwwhww.",
        ".q......",
        "....x0..",
        "........",
        "........"
      ],
      "palettes": [ "caves" ],
      "furniture": { "0": "f_firering", "x": "f_logstool", "b": "f_bed", "q": "f_hanging_lantern" },
      "terrain": { ".": "t_rock_floor_no_roof", "w": "t_wall_wood", "h": "t_door_c", "t": "t_floor", "b": "t_floor", "q": "t_floor" },
      "monster": { "x": { "monster": "mon_mtc_goblin", "chance": 20 } },
      "items": {
      "0": { "item": "oven", "chance": 100, "repeat": [ 3, 5 ] },
      "b": { "item": "bed", "chance": 100 }
    }
    }
    },
{
    "type": "mapgen",
    "method": "json",
    "nested_mapgen_id": "aqua_plant_patch",
    "//": "Purple crystal berries.",
    "object": {
      "mapgensize": [ 8, 8 ],
      "rows": [
        "~~~~~~~~",
        "~~~~~~~~",
        "~~~~~0~~",
        "~0~0~~~~",
        "~~~~~0~~",
        "~~0~~~~~",
        "~~~~~~~~",
        "~~~~~~~~"
      ],
      "palettes": [ "caves" ],
      "furniture": { "0": "f_crystal_berry_purple" },
      "terrain": { "~": "t_water_sh" }
    }
    },
{
    "type": "mapgen",
    "method": "json",
    "nested_mapgen_id": "swamp_town_house",
    "object": {
      "mapgensize": [ 8, 8 ],
      "rows": [
        "........",
        ".wwwwww.",
        ".wbtttw.",
        ".wbtttw.",
        ".wttttw.",
        ".wxtt0w.",
        ".wwhhww.",
        "........"
      ],
      "palettes": [ "caves" ],
      "furniture": { "0": "f_firering", "x": "f_logstool", "b": "f_bed", "q": "f_hanging_lantern" },
      "terrain": { ".": "t_rock_floor_no_roof", "w": "t_wall_wood", "h": "t_door_c", "t": "t_floor", "b": "t_floor", "q": "t_floor", "0": "t_floor" },
      "monster": { "x": { "monster": "mon_mtc_bugbear", "chance": 50 } },
      "items": {
      "0": { "item": "oven", "chance": 100, "repeat": [ 3, 5 ] },
      "b": { "item": "bed", "chance": 100, "repeat": [ 1, 2 ] }
    }
    }
    },
{
    "type": "mapgen",
    "method": "json",
    "nested_mapgen_id": "swamp_town_shop",
    "object": {
      "mapgensize": [ 8, 8 ],
      "rows": [
        "........",
        ".wwwwww.",
        ".wttttw.",
        ".wtttth.",
        ".wttxtw.",
        ".w0000w.",
        "........",
        "........"
      ],
      "palettes": [ "caves" ],
      "furniture": { "0": "f_table", "x": "f_logstool", "q": "f_hanging_lantern" },
      "terrain": { ".": "t_rock_floor_no_roof", "w": "t_wall_wood", "h": "t_door_c", "t": "t_floor", "q": "t_floor", "0": "t_floor" },
      "monster": { "x": { "monster": "mon_mtc_bugbear", "chance": 50 } },
      "items": {
      "0": [ { "item": "wooden_shields", "chance": 70, "repeat": [ 1, 3 ] }, { "item": "training_weapons", "chance": 70, "repeat": [ 1, 3 ] } ]
    }
    }
    },
{
    "type": "mapgen",
    "method": "json",
    "nested_mapgen_id": "swamp_town_shop",
    "object": {
      "mapgensize": [ 8, 8 ],
      "rows": [
        "........",
        ".wwwwww.",
        ".wttttw.",
        ".wtttth.",
        ".wttxtw.",
        ".w0000w.",
        "........",
        "........"
      ],
      "palettes": [ "caves" ],
      "furniture": { "0": "f_table", "x": "f_logstool", "q": "f_hanging_lantern" },
      "terrain": { ".": "t_rock_floor_no_roof", "w": "t_wall_wood", "h": "t_door_c", "t": "t_floor", "q": "t_floor", "0": "t_floor" },
      "monster": { "x": { "monster": "mon_mtc_bugbear", "chance": 50 } },
      "items": {
      "0": { "item": "raw_meat", "chance": 70, "repeat": [ 2, 5 ] }
    }
    }
    },
{
    "type": "mapgen",
    "method": "json",
    "nested_mapgen_id": "swamp_town_shop",
    "object": {
      "mapgensize": [ 8, 8 ],
      "rows": [
        "........",
        ".wwwwww.",
        ".wttttw.",
        ".wtttth.",
        ".wttxtw.",
        ".w0000w.",
        "........",
        "........"
      ],
      "palettes": [ "caves" ],
      "furniture": { "0": "f_table", "x": "f_logstool", "q": "f_hanging_lantern" },
      "terrain": { ".": "t_rock_floor_no_roof", "w": "t_wall_wood", "h": "t_door_c", "t": "t_floor", "q": "t_floor", "0": "t_floor" },
      "monster": { "x": { "monster": "mon_mtc_bugbear", "chance": 50 } },
      "items": {
      "0": { "item": "mine_sell_mtc", "chance": 70, "repeat": [ 1, 3 ] }
    }
    }
    },
{
    "type": "mapgen",
    "method": "json",
    "nested_mapgen_id": "swamp_town_fight_pit",
    "object": {
      "mapgensize": [ 8, 8 ],
      "rows": [
        "........",
        ".wwwwww.",
        ".w..1.w.",
        "xw....w.",
        "xw....wx",
        "xw..1.wx",
        ".wwhhww.",
        "........"
      ],
      "palettes": [ "caves" ],
      "furniture": { "x": "f_logstool", "q": "f_hanging_lantern" },
      "terrain": { "1": "t_rock_floor_no_roof", ".": "t_rock_floor_no_roof", "w": "t_splitrail_fence", "h": "t_fencegate_c", "t": "t_floor", "q": "t_rock_floor_no_roof" },
      "monster": { "1": { "monster": "mon_mtc_bugbear", "chance": 70 } },
      "items": {
      "0": { "item": "oven", "chance": 100, "repeat": [ 3, 5 ] },
      "b": { "item": "bed", "chance": 100, "repeat": [ 1, 2 ] }
    }
    }
    },
{
    "type": "mapgen",
    "method": "json",
    "nested_mapgen_id": "swamp_town_latrine",
    "object": {
      "mapgensize": [ 8, 8 ],
      "rows": [
        "........",
        ".wwwwww.",
        ".w0htth.",
        ".wwwttw.",
        ".wthttw.",
        ".w0wttw.",
        ".wwwwww.",
        "........"
      ],
      "palettes": [ "caves" ],
      "furniture": { "q": "f_hanging_lantern" },
      "terrain": { ".": "t_rock_floor_no_roof", "w": "t_wall_wood", "h": "t_door_c", "t": "t_floor", "q": "t_floor", "0": "t_floor" },
      "monster": { "x": { "monster": "mon_mtc_bugbear", "chance": 50 } },
      "items": {
      "0": { "item": "bucket", "chance": 100 }
    }
    }
    },
{
    "type": "mapgen",
    "method": "json",
    "nested_mapgen_id": "u_swamp_important_spawn",
    "object": {
      "mapgensize": [ 8, 8 ],
      "place_monster": [
        { "monster": "mon_mtc_bugbear_leader", "x": [ 0, 8 ], "y": [ 0, 8 ], "chance": 100 },
        { "monster": "mon_mtc_bugbear_warrior", "x": [ 0, 8 ], "y": [ 0, 8 ], "chance": 85, "repeat": [ 4, 5 ] }
      ]
    }
  }
]