[
{
    "method": "json",
    "om_terrain": "u_swamp_blank",
    "//": "Blank pallette for underground swamps.",
    "type": "mapgen",
    "weight": 100,
    "object": {
      "fill_ter": "t_rock_floor",
      "rows": [
            "////////////////////////",
            "////////////////////////",
            "////////////////////////",
            "////////////////////////",
            "////////////////////////",
            "////////////////////////",
            "////////////////////////",
            "////////////////////////",
            "////////////////////////",
            "////////////////////////",
            "////////////////////////",
            "////////////////////////",
            "////////////////////////",
            "////////////////////////",
            "////////////////////////",
            "////////////////////////",
            "////////////////////////",
            "////////////////////////",
            "////////////////////////",
            "////////////////////////",
            "////////////////////////",
            "////////////////////////",
            "////////////////////////",
            "////////////////////////"
      ],
      "palettes": [ "caves" ],
      "terrain": { "/": "t_water_sh" },
      "place_nested": [
        { "chunks": [ "u_swamp_nested" ], "x": 8, "y": 8 },
        { "chunks": [ "u_swamp_nested" ], "x": 16, "y": 8 },
        { "chunks": [ "u_swamp_nested" ], "x": 8, "y": 17 },
        { "chunks": [ "u_swamp_nested" ], "x": 16, "y": 17 }
      ]
    }
  },
{
    "method": "json",
    "om_terrain": "u_swamp_blank_roof",
    "//": "Blank pallette for underground swamp rooves.",
    "type": "mapgen",
    "weight": 100,
    "object": {
      "fill_ter": "t_rock_floor",
      "rows": [
            "////////////////////////",
            "////////////////////////",
            "////////////////////////",
            "////////////////////////",
            "////////////////////////",
            "////////////////////////",
            "////////////////////////",
            "////////////////////////",
            "////////////////////////",
            "////////////////////////",
            "////////////////////////",
            "////////////////////////",
            "////////////////////////",
            "////////////////////////",
            "////////////////////////",
            "////////////////////////",
            "////////////////////////",
            "////////////////////////",
            "////////////////////////",
            "////////////////////////",
            "////////////////////////",
            "////////////////////////",
            "////////////////////////",
            "////////////////////////"
      ],
      "terrain": { "/": "t_open_air" }
    }
  },
{
    "type": "mapgen",
    "om_terrain": "swamp_town_blank",
    "method": "json",
    "object": {
      "fill_ter": "t_rock_floor_no_roof",
      "rows": [
        "                        ",
        "                        ",
        "                        ",
        "                        ",
        "                        ",
        "                        ",
        "                        ",
        "                        ",
        "                        ",
        "                        ",
        "                        ",
        "                        ",
        "                        ",
        "                        ",
        "                        ",
        "                        ",
        "                        ",
        "                        ",
        "                        ",
        "                        ",
        "                        ",
        "                        ",
        "                        ",
        "                        "
      ],
      "palettes": [ "caves" ],
      "place_nested": [
        { "chunks": [ "swamp_town_nested" ], "x": 0, "y": 0 },
        { "chunks": [ "swamp_town_nested" ], "x": 8, "y": 0 },
        { "chunks": [ "swamp_town_nested" ], "x": 16, "y": 0 },
        { "chunks": [ "swamp_town_nested" ], "x": 0, "y": 7 },
        { "chunks": [ "swamp_town_nested" ], "x": 8, "y": 7 },
        { "chunks": [ "swamp_town_nested" ], "x": 16, "y": 7 },
        { "chunks": [ "swamp_town_nested" ], "x": 0, "y": 15 },
        { "chunks": [ "swamp_town_nested" ], "x": 8, "y": 15 },
        { "chunks": [ "swamp_town_nested" ], "x": 16, "y": 15 }
      ]
    }
  },
{
    "method": "json",
    "om_terrain": "u_swamp_town_important",
    "//": "Keep with hobgoblin leader.",
    "type": "mapgen",
    "weight": 100,
    "object": {
      "fill_ter": "t_rock_floor",
      "rows": [
            "////////////////////////",
            "/wwwwwwwwttttttwwwwwwww/",
            "/w//////q//////q//////w/",
            "/w////////////////////w/",
            "/wx//////////////////xw/",
            "/w////////////////////w/",
            "/w///////x//////x/////w/",
            "/wwwwwwwwwwwhhwwwwwwwww/",
            "/wtttttttttqttqtttttttw/",
            "/wttcffctttttttttcffctw/",
            "/wttcffctttttttttcffctw/",
            "/wttcffctttttttttcffctw/",
            "/wttcffctttttttttcffctw/",
            "/wqttttttttttttttttttqw/",
            "/wttttttttttttttttttttw/",
            "/wttfffftttttttttfffftw/",
            "/wttxxxxtttttttttxxxxtw/",
            "/wttttttttttttttttttttw/",
            "/wtfffftttttttttttffftw/",
            "/wtcccctqttt@tttqtccctw/",
            "/wttttttttttttttttttttw/",
            "/wttttttttttqtttttttttw/",
            "/wwwwwwwwwwwwwwwwwwwwww/",
            "////////////////////////"
      ],
      "palettes": [ "caves" ],      
      "furniture": { "x": "f_logstool", "q": "f_burning_brazier", "f": "f_table", "c": "f_chair", "@": "f_chair" },
      "terrain": { "/": "t_rock_floor_no_roof", "w": "t_wall_wood", "h": "t_door_c", "t": "t_floor", "c": "t_floor", "x": "t_floor", "@": "t_floor", "q": "t_floor" },
      "place_nested": [
        { "chunks": [ "u_swamp_important_spawn" ], "x": 8, "y": 8 }
      ]
    }
  }
]