[
{
    "//": "Nested group for cave settlements.",
    "type": "mapgen",
    "method": "json",
    "nested_mapgen_id": "cave_settlement_nested",
    "object": {
      "mapgensize": [ 8, 8 ],
      "place_nested": [
        { "chunks": [ [ "cave_none", 65 ], [ "cave_home", 75 ], [ "giant_mushrooms", 55 ], [ "underground_pond", 45 ] ], "x": 0, "y": 0 }
      ]
    }
  },
{
    "type": "mapgen",
    "method": "json",
    "nested_mapgen_id": "cave_home",
    "object": {
      "mapgensize": [ 8, 8 ],
      "rows": [
        "wwwwwwww",
        "w  D bbw",
        "wK     w",
        "wK     w",
        "wK  O  w",
        "w      w",
        "wB     w",
        "wwwddwww"
      ],
      "palettes": [ "cave_settlement" ]
    }
    },
{
    "type": "mapgen",
    "method": "json",
    "nested_mapgen_id": "cave_home",
    "object": {
      "mapgensize": [ 8, 8 ],
      "rows": [
        "wwwwwwww",
        "w  D bbw",
        "wK ~   w",
        "wK     w",
        "wK  O  w",
        "w ~  ~ w",
        "wB     w",
        "wwwddwww"
      ],
      "palettes": [ "cave_settlement" ],
      "monster": { "~": { "monster": "mon_bat", "chance": 85 } }
    }
    },
{
    "type": "mapgen",
    "method": "json",
    "nested_mapgen_id": "cave_home",
    "object": {
      "mapgensize": [ 8, 8 ],
      "rows": [
        "wwwwwwww",
        "w  D bbw",
        "wK ~   w",
        "wK     w",
        "wK  O  w",
        "w ~  ~ w",
        "wB     w",
        "wwwddwww"
      ],
      "palettes": [ "cave_settlement" ],
      "monster": { "~": { "monster": "mon_mtc_goblin", "chance": 65 } }
    }
    },
{
    "type": "mapgen",
    "method": "json",
    "nested_mapgen_id": "cave_home",
    "object": {
      "mapgensize": [ 8, 8 ],
      "rows": [
        "wwwwwwww",
        "w  D bbw",
        "wK     w",
        "wK  ~  w",
        "wK  O  w",
        "w      w",
        "wB     w",
        "wwwddwww"
      ],
      "palettes": [ "cave_settlement" ],
      "monster": { "~": { "monster": "mon_mtc_goblin_necromancer", "chance": 65 } }
    }
    },
{
    "type": "mapgen",
    "method": "json",
    "nested_mapgen_id": "cave_home",
    "object": {
      "mapgensize": [ 8, 8 ],
      "rows": [
        "wwwwwwww",
        "w  D bbw",
        "wK     w",
        "wK  ~  w",
        "wK  O  w",
        "w  ~ ~ w",
        "wB     w",
        "wwwddwww"
      ],
      "palettes": [ "cave_settlement" ],
      "monster": { "~": { "monster": "mon_mtc_goblin_necromancer", "chance": 65 } }
    }
    },
{
    "type": "mapgen",
    "method": "json",
    "nested_mapgen_id": "cave_home",
    "object": {
      "mapgensize": [ 8, 8 ],
      "rows": [
        "wwwwwwww",
        "w  D bbw",
        "wK ~   w",
        "wK    ~w",
        "wK  O  w",
        "w ~   ~w",
        "wB     w",
        "wwwddwww"
      ],
      "palettes": [ "cave_settlement" ],
      "monster": { "~": { "monster": "mon_mtc_ghost", "chance": 65 } }
    }
    },
{
    "type": "mapgen",
    "method": "json",
    "nested_mapgen_id": "cave_home",
    "object": {
      "mapgensize": [ 8, 8 ],
      "rows": [
        "wwwwwwww",
        "w  D bbw",
        "wK ~   w",
        "wK    ~w",
        "wK  O  w",
        "w ~   ~w",
        "wB     w",
        "wwwddwww"
      ],
      "palettes": [ "cave_settlement" ],
      "monster": { "~": { "monster": "mon_ghost_dog", "chance": 65 } }
    }
    },
{
    "type": "mapgen",
    "method": "json",
    "nested_mapgen_id": "cave_home",
    "object": {
      "mapgensize": [ 8, 8 ],
      "rows": [
        "        ",
        "        ",
        "   ~    ",
        "      ~ ",
        "        ",
        "  ~   ~ ",
        "        ",
        "        "
      ],
      "palettes": [ "cave_settlement" ],
      "monster": { "~": { "monster": "mon_ghost_horse", "chance": 65 } }
    }
    }
]