[
{
    "method": "json",
    "om_terrain": "straight_rock_underground_road",
    "type": "mapgen",
    "weight": 100,
    "object": {
      "fill_ter": "t_dirt",
      "rows": [
        ",,,,,,,,,,,,,,,,,,,,,,,,",
        ",,,,,,,,,,,,,,,,,,,,,,,,",
        ",,,,,,,,,,,,,,,,,,,,,,,,",
        ",,,,,,,,,,,,,,,,,,,,,,,,",
        ",,,,,,,,,,,,,,,,,,,,,,,,",
        ",,,,,,,,,,,,,,,,,,,,,,,,",
        ",,,,,,,,,,,,,,,,,,,,,,,,",
        ",,,,,,,,,,,,,,,,,,,,,,,,",
        ",,,,,,,,,,,,,,,,,,,,,,,,",
        ",,,,,,,,,,,,,,,,,,,,,,,,",
        ",,,,,,,,,,,,,,,,,,,,,,,,",
        ",,,,,,,,,,,,,,,,,,,,,,,,",
        ",,,,,,,,,,,,,,,,,,,,,,,,",
        ",,,,,,,,,,,,,,,,,,,,,,,,",
        ",,,,,,,,,,,,,,,,,,,,,,,,",
        ",,,,,,,,,,,,,,,,,,,,,,,,",
        ",,,,,,,,,,,,,,,,,,,,,,,,",
        ",,,,,,,,,,,,,,,,,,,,,,,,",
        ",,,,,,,,,,,,,,,,,,,,,,,,",
        ",,,,,,,,,,,,,,,,,,,,,,,,",
        ",,,,,,,,,,,,,,,,,,,,,,,,",
        ",,,,,,,,,,,,,,,,,,,,,,,,",
        ",,,,,,,,,,,,,,,,,,,,,,,,",
        ",,,,,,,,,,,,,,,,,,,,,,,,"
      ],
      "palettes": [ "city_building_palette" ],
	  "terrain": {
      ",": "t_rock_floor_no_roof"
      }
    }
  },
{
    "method": "json",
    "om_terrain": "straight_rock_underground_road_up",
    "type": "mapgen",
    "weight": 100,
    "object": {
      "fill_ter": "t_dirt",
      "rows": [
        "bbbbbbbbbbbbbbbbbbbbbbbb",
        "bbbbbbbbbbbbbbbbbbbbbbbb",
        ",,,,,,,,,,,,,,,,,,,,,,,,",
        "''''''''''''''''''''''''",
        "########################",
        "########################",
        "########################",
        "########################",
        "########################",
        "########################",
        "########################",
        "########################",
        "########################",
        "########################",
        "########################",
        "########################",
        "########################",
        "########################",
        "########################",
        "########################",
        "########################",
        "########################",
        "########################",
        "########################"
      ],
      "palettes": [ "caves" ],
	  "terrain": {
      ",": "t_ramp_up_low",      
      "'": "t_ramp_up_high",      
      "b": "t_rock_floor_no_roof"
      }
    }
  },
{
    "method": "json",
    "om_terrain": "straight_rock_underground_road_down",
    "type": "mapgen",
    "weight": 100,
    "object": {
      "fill_ter": "t_dirt",
      "rows": [
        "AAAAAAAAAAAAAAAAAAAAAAAA",
        "AAAAAAAAAAAAAAAAAAAAAAAA",
        "333333333333333333333333",
        "''''''''''''''''''''''''",
        ",,,,,,,,,,,,,,,,,,,,,,,,",
        ",,,,,,,,,,,,,,,,,,,,,,,,",
        ",,,,,,,,,,,,,,,,,,,,,,,,",
        ",,,,,,,,,,,,,,,,,,,,,,,,",
        ",,,,,,,,,,,,,,,,,,,,,,,,",
        ",,,,,,,,,,,,,,,,,,,,,,,,",
        ",,,,,,,,,,,,,,,,,,,,,,,,",
        ",,,,,,,,,,,,,,,,,,,,,,,,",
        ",,,,,,,,,,,,,,,,,,,,,,,,",
        ",,,,,,,,,,,,,,,,,,,,,,,,",
        ",,,,,,,,,,,,,,,,,,,,,,,,",
        ",,,,,,,,,,,,,,,,,,,,,,,,",
        ",,,,,,,,,,,,,,,,,,,,,,,,",
        ",,,,,,,,,,,,,,,,,,,,,,,,",
        ",,,,,,,,,,,,,,,,,,,,,,,,",
        ",,,,,,,,,,,,,,,,,,,,,,,,",
        ",,,,,,,,,,,,,,,,,,,,,,,,",
        ",,,,,,,,,,,,,,,,,,,,,,,,",
        ",,,,,,,,,,,,,,,,,,,,,,,,",
        ",,,,,,,,,,,,,,,,,,,,,,,,"
      ],
      "palettes": [ "caves" ],
	  "terrain": {
      ",": "t_rock_floor_no_roof",      
      "3": "t_ramp_down_low",      
      "'": "t_ramp_down_high"
      }
    }
  }  
]