[
  {
    "type": "npc",
    "id": "generic_miner",
    "class": "NPC_MINER",
    "attitude": 0,
    "mission": 3,
    "chat": "TALK_NPC_GENERIC_CITIZEN",
    "faction": "kingdom"
  },
{
    "type": "npc",
    "id": "generic_mine_merchant",
    "class": "NPC_MINER",
    "attitude": 0,
    "mission": 3,
    "chat": "TALK_SHOPKEEPER_general",
    "faction": "kingdom"
  },
{
    "type": "npc",
    "id": "generic_mine_boss",
    "class": "NPC_MINER",
    "attitude": 0,
    "mission": 3,
    "chat": "TALK_NPC_MINE_BOSS",
    "faction": "kingdom"
  }
]
