[
{
    "type": "talk_topic",
    "id": "TALK_NPC_MINE_BOSS",
    "dynamic_line": [ "Hello, there. Can I help you with anything?" ],
    "responses": [
		{
		"text": "Who are you?",
		"topic": "TALK_NPC_MINE_BOSS_WHO",              
                "condition": { "not": { "npc_has_var": "u_hired", "type": "general", "context": "mission" } }	  
		},
                {
		"text": "I have ore to sell.",
		"topic": "TALK_NPC_MINE_BOSS_TRADE",              
                "condition": { "npc_has_var": "u_hired", "type": "general", "context": "mission" }	  
		},
		{
		"text": "No.",
		"topic": "TALK_DONE"
		}
    ]
  },
{
    "type": "talk_topic",
    "id": "TALK_NPC_MINE_BOSS_WHO",
    "dynamic_line": [ "Oh, me? I'm the boss of this mine. I manage the finances, pay, and whatnot." ],
    "responses": [
		{
		"text": "Are you looking for any help?",
		"topic": "TALK_NPC_MINE_BOSS_HELP"
		},
		{
		"text": "Okay.",
		"topic": "TALK_DONE"
		}
    ]
  },
{
    "type": "talk_topic",
    "id": "TALK_NPC_MINE_BOSS_HELP",
    "dynamic_line": [ "Well, we could always use a new hand around here. I'll pay you a fair price for any ore you dig up. Just look at the walls." ],
    "responses": [		
		{
		"text": "Thanks.",
		"topic": "TALK_DONE",                
                "effect": [ { "npc_add_var": "u_hired", "type": "general", "context": "mission", "value": "yes" } ] 
		}
    ]
  },
{
    "type": "talk_topic",
    "id": "TALK_NPC_MINE_BOSS_TRADE",
    "dynamic_line": "Well, what have you brought me?",
    "//": "Will buy any ore.",
    "repeat_responses": {
      "for_item": [
        "chunk_iron_ore",
        "chunk_copper_ore",
        "chunk_silver_ore"
      ],
      "response": { "text": "I have <topic_item>.", "topic": "TALK_DELIVER_ASK" }
    },
    "responses": [
      { "text": "I have nothing.", "topic": "TALK_DONE" }
    ]
  }
]