[
  {
    "method": "json",
    "om_terrain": "straight_dirt_city_road",
    "type": "mapgen",
    "weight": 100,
    "object": {
      "fill_ter": "t_dirt",
      "rows": [
        ",,,                  ,,,",
        ",,,,                ,,,,",
        ",,,,                ,,,,",
        ",,,,                ,,,,",
        ",,,,                ,,,,",
        ",,,,                ,,,,",
        ",,,,                ,,,,",
        ",,,,                ,,,,",
        ",,,,                ,,,,",
        ",,,,                ,,,,",
        ",,,,                ,,,,",
        ",,,,                ,,,,",
        ",,,,                ,,,,",
        ",,,,                ,,,,",
        ",,,,                ,,,,",
        ",,,,                ,,,,",
        ",,,,                ,,,,",
        ",,,,                ,,,,",
        ",,,,                ,,,,",
        ",,,,                ,,,,",
        ",,,,                ,,,,",
        ",,,,                ,,,,",
        ",,,,                ,,,,",
        ",,,                  ,,,"
      ],
      "palettes": [ "city_building_palette" ],
	  "terrain": {
      ",": "t_rock_floor_no_roof"
      }
    }
  }
]
