[
 {
    "type": "MONSTER_FACTION",
    "name": "demon",
    "friendly": [ ]
  },
  {
    "type": "SPECIES",
    "id": "DEMON",
    "anger_triggers": [ "FRIEND_DIED" ],
    "fear_triggers": [ "HURT" ]
  },
  {
    "id": "mon_mtc_imp",
    "type": "MONSTER",
    "name": { "str": "imp" },
    "description": "A short demon with blood-red skin and cat-like eyes, with pair of wings growing from it's back.",
    "default_faction": "demon",
    "bodytype": "human",
    "categories": [ "MONSTERS" ],
    "species": [ "DEMON" ],
    "volume": "20 L",
    "weight": "30 kg",
    "hp": 30,
    "material": [ "flesh" ],
    "symbol": "i",
    "color": "red",
    "aggression": 100,
    "morale": 100,
    "speed": 100,
    "melee_skill": 2,
    "melee_dice": 1,
    "melee_dice_sides": 1,
    "melee_damage": [ { "damage_type": "cut", "amount": 4 } ],
    "dodge": 1,
    "armor_bash": 3,
    "armor_cut": 3,
    "armor_stab": 3,
    "armor_bullet": 3,
    "harvest": "demihuman",
    "vision_day": 15,
    "vision_night": 30,
    "weakpoint_sets": [ "wps_humanoid_body" ],
    "special_attacks": [ [ "PARROT", 200 ] ],
    "path_settings": { "allow_open_doors": true, "avoid_traps": true, "avoid_sharp": true },
    "flags": [ "SEES", "HEARS", "WARM", "BASHES", "PATH_AVOID_DANGER_2", "NO_BREATHE", "CAN_OPEN_DOORS" ]
  },
{
    "id": "mon_mtc_imp_spearsman",
    "copy-from": "mon_mtc_imp",
    "type": "MONSTER",
    "name": { "str": "imp spearman" },
    "description": "A short demon with blood-red skin and cat-like eyes, with pair of wings growing from it's back. It holds a spear, and knows how to use it.",
    "melee_skill": 4,
    "melee_dice": 2,
    "melee_dice_sides": 4,
    "melee_damage": [ { "damage_type": "cut", "amount": 3 } ],
    "dodge": 3,
    "armor_bash": 3,
    "armor_cut": 3,
    "armor_stab": 3,
    "armor_bullet": 3,
    "death_drops": {
      "subtype": "collection",
      "items": [
        { "item": "spear_steel", "prob": 100 }
      ]
    }
  },
{
    "id": "mon_mtc_imp_swordsman",
    "copy-from": "mon_mtc_imp",
    "type": "MONSTER",
    "name": { "str": "imp bladesman" },
    "description": "A short demon with blood-red skin and cat-like eyes, with pair of wings growing from it's back. It holds a knife, and knows how to use it.",
    "melee_skill": 4,
    "melee_dice": 2,
    "melee_dice_sides": 4,
    "melee_damage": [ { "damage_type": "cut", "amount": 3 } ],
    "dodge": 3,
    "armor_bash": 3,
    "armor_cut": 3,
    "armor_stab": 3,
    "armor_bullet": 3,
    "death_drops": {
      "subtype": "collection",
      "items": [
        { "item": "knife_baselard", "prob": 100 }
      ]
    }
  },
{
    "id": "mon_mtc_imp_pyro",
    "copy-from": "mon_mtc_imp",
    "type": "MONSTER",
    "name": { "str": "imp pyromancer" },
    "description": "A short demon with blood-red skin and cat-like eyes, with pair of wings growing from it's back. It has learned basic pyromancy, and shall not hesitate to hurl fire at foes.",
    "melee_skill": 2,
    "melee_dice": 1,
    "melee_dice_sides": 1,
    "dodge": 1,
    "armor_bash": 3,
    "armor_cut": 3,
    "armor_stab": 3,
    "armor_bullet": 3,
    "death_drops": {
      "subtype": "collection",
      "items": [
        { "item": "spell_scroll_hellbolt", "prob": 15 }
      ]
    },
    "extend": {
      "special_attacks": [
        {
          "type": "spell",
          "spell_data": { "id": "hellbolt", "min_level": 2 },
          "cooldown": 20,
          "monster_message": "<color_red>%1$s hurls a gout of fire!</color>"
        }
      ],
      "flags": [ "KEEP_DISTANCE" ]
    }
  },
{
    "id": "mon_mtc_hellhound",
    "type": "MONSTER",
    "name": "hellhound",
    "description": "A large, vicious, wolflike beast origonating from the Abyss. Often tamed and ridden by demons.",
    "default_faction": "demon",
    "bodytype": "dog",    
    "categories": [ "MONSTERS" ],
    "species": [ "DEMON" ],
    "volume": "32625 ml",
    "weight": 32625,
    "hp": 80,
    "speed": 145,
    "material": [ "flesh" ],
    "symbol": "W",
    "color": "red",
    "morale": 60,
    "aggression": 40,
    "melee_skill": 6,
    "melee_dice": 2,
    "melee_dice_sides": 6,
    "melee_damage": [ { "damage_type": "cut", "amount": 8 } ],
    "dodge": 3,
    "armor_bash": 3,
    "armor_cut": 2,
    "vision_night": 25,
    "vision_day": 30,
    "harvest": "mammal_fur",
    "weakpoint_sets": [ "wps_natural_armor" ],
    "path_settings": { "max_dist": 12 },
    "anger_triggers": [ "STALK", "FRIEND_ATTACKED", "FRIEND_DIED", "PLAYER_WEAK", "PLAYER_CLOSE" ],
    "special_attacks": [ [ "LUNGE", 15 ], [ "HOWL", 5 ] ],
    "flags": [ "SEES", "HEARS", "SMELLS", "GOODHEARING", "PATH_AVOID_DANGER_1", "WARM", "KEENNOSE", "HIT_AND_RUN" ]
  },
{
    "id": "mon_mtc_fyllirbam",
    "type": "MONSTER",
    "name": { "str": "fyllirbam" },
    "description": "A large, humanoid demon from one of the regions in the Abyss. They harbor a broad range of colors, sizes, and bodily features.",
    "default_faction": "demon",
    "bodytype": "human",
    "categories": [ "MONSTERS" ],
    "species": [ "DEMON" ],
    "volume": "70 L",
    "weight": "120 kg",
    "hp": 75,
    "material": [ "flesh" ],
    "symbol": "&",
    "color": "pink",
    "aggression": 100,
    "morale": 100,
    "speed": 100,
    "melee_skill": 4,
    "melee_dice": 3,
    "melee_dice_sides": 3,
    "melee_damage": [ { "damage_type": "bash", "amount": 4 } ],
    "dodge": 3,
    "armor_bash": 9,
    "armor_cut": 9,
    "armor_stab": 9,
    "armor_bullet": 9,
    "harvest": "demihuman",
    "vision_day": 25,
    "vision_night": 40,
    "special_attacks": [ [ "PARROT", 200 ] ],
    "path_settings": { "allow_open_doors": true, "avoid_traps": true, "avoid_sharp": true },
    "flags": [ "SEES", "HEARS", "WARM", "BASHES", "PATH_AVOID_DANGER_2", "NO_BREATHE", "CAN_OPEN_DOORS" ]
  },
{
    "id": "mon_mtc_demon_warrior",
    "copy-from": "mon_mtc_fyllirbam",
    "type": "MONSTER",
    "name": { "str": "demon warrior" },
    "description": "A large, humanoid demon from one of the regions in the Abyss. It holds a variety of weapons, with knowledge upon their use, and wears a suit of armor.",
    "melee_skill": 6,
    "melee_dice": 5,
    "melee_dice_sides": 5,
    "melee_damage": [ { "damage_type": "cut", "amount": 12 } ],
    "dodge": 4,
    "armor_bash": 25,
    "armor_cut": 25,
    "armor_stab": 25,
    "armor_bullet": 25,
    "weakpoint_sets": [ "wps_humanoid_body", "wps_humanoid_light_armor" ],
    "death_drops": {
      "subtype": "collection",
      "items": [
        { "item": "armguard_larmor", "prob": 100 },
        { "item": "boots_larmor", "prob": 100 },
        { "item": "gauntlets_larmor", "prob": 100 },
        { "item": "helmet_larmor", "prob": 100 },
        { "item": "legguard_lightplate", "prob": 100 },
        { "item": "chainmail_vest", "prob": 100 },
        { "item": "knife_baselard", "prob": 100 },
        { "group": "shields_all", "prob": 70 },
        { "item": "spear_steel", "prob": 100 }
      ]
    }
  },
{
    "id": "mon_mtc_demon_mage",
    "copy-from": "mon_mtc_fyllirbam",
    "type": "MONSTER",
    "name": { "str": "demon spellcaster" },
    "description": "A large, humanoid demon from one of the regions in the Abyss. Within it's hands, you can see arcane power radiating.",
    "melee_skill": 4,
    "melee_dice": 3,
    "melee_dice_sides": 3,
    "dodge": 3,
    "armor_bash": 9,
    "armor_cut": 9,
    "armor_stab": 9,
    "armor_bullet": 9,
    "weakpoint_sets": [ "wps_humanoid_body" ],
    "death_drops": {
      "subtype": "collection",
      "items": [
        { "item": "spell_scroll_hellbolt", "prob": 15 },
        { "item": "spell_scroll_toxic_cloud", "prob": 15 },
        { "item": "spell_scroll_hellswipe", "prob": 10 },
        { "item": "crystallized_mana", "prob": 40 },
        { "item": "magic_focus_staff", "prob": 40 }
      ]
    },
    "extend": {
      "special_attacks": [
        {
          "type": "spell",
          "spell_data": { "id": "mon_demon_mage_target" },
          "cooldown": 10,
          "monster_message": "<color_red>%1$s sways and murmurs!</color>"
        }
      ],
      "flags": [ "KEEP_DISTANCE" ]
    }
  } 
]