[
 {
    "id": "force_greater",
    "type": "SPELL",
    "name": "Greater Force",
    "description": "A large shockwave which pushes all entities and objects away from you.",
    "effect": "directed_push",
    "shape": "blast",
    "valid_targets": [ "ally", "hostile", "ground", "item" ],
    "spell_class": "CLERIC_T",
	"skill": "faith",  
    "min_range": 0,
    "max_range": 0,
    "min_aoe": 4,
    "max_aoe": 12,
    "max_level": 20,
    "difficulty": 2,
    "base_casting_time": 85,
    "energy_source": "MANA",
    "base_energy_cost": 75
  },
  {
    "id": "hold_goblins",
	"type": "SPELL",
	"name": "Dusken Grasp",
	"description": "When cast, goblinoid creatures are forced to join hands with you.",
	"valid_targets": [ "hostile" ],
	"targeted_monster_ids": [
      "mon_mtc_bugbear",
      "mon_mtc_bugbear_warrior",
      "mon_mtc_bugbear_shaman",
      "mon_mtc_bugbear_leader",
      "mon_mtc_hobgoblin",
      "mon_mtc_hobgoblin_swordsman",
      "mon_mtc_hobgoblin_hammerman",
      "mon_mtc_hobgoblin_spearman",
      "mon_mtc_hobgoblin_shaman",
      "mon_mtc_hobgoblin_leader",
      "mon_mtc_goblin",
      "mon_mtc_goblin_swordsman",
      "mon_mtc_goblin_spearsman",
      "mon_mtc_goblin_hammerman",
      "mon_mtc_goblin_marksman",
      "mon_mtc_goblin_thrower",
      "mon_mtc_goblin_immobilizer",
      "mon_mtc_goblin_warbanner",
      "mon_mtc_goblin_shaman",
      "mon_mtc_goblin_mage",
      "mon_mtc_goblin_mounted",
      "mon_mtc_goblin_cheiftan",
      "mon_mtc_goblin_necromancer"
    ],
	"effect": "mod_moves",
        "shape": "blast",
	"flags": [ "SILENT", "VERBAL", "NO_HANDS", "NO_LEGS", "NO_FAIL" ],
	"spell_class": "CLERIC_T",
	"skill": "faith",  
	"energy_source": "MANA",
	"difficulty": 4,
	"max_level": 10,
	"base_casting_time": 100,
	"casting_time_increment": -1,
    "final_casting_time": 80,
	"base_energy_cost": 100,
	"energy_increment": -1,
    "final_energy_cost": 80,
	"min_damage": -1000,
	"max_damage": -6000,
	"damage_increment": -500,
	"min_range": 5,
	"max_range": 10,
	"range_increment": 1,
	"min_aoe": 0,
	"max_aoe": 3,
	"aoe_increment": 0.4,
	"field_id": "fd_null",
	"field_chance": 1,
	"min_field_intensity": 1,
	"max_field_intensity": 1,
	"field_intensity_increment": 0.25,
	"field_intensity_variance": 0.1
  },
  {
    "id": "hide_goblins",
    "type": "SPELL",
    "name": "Goblinoid Shroud",
    "description": "Your biological and anatomical knowledge of goblinoid species, in combination with the gods of twighlight, allows oneself to form a disquise, thought as one.",
    "valid_targets": [ "self" ],
    "effect": "spawn_item",
    "shape": "blast",
    "effect_str": "hide_goblin_aura",
    "flags": [ "SILENT", "NO_LEGS" ],
    "energy_source": "MANA",
    "spell_class": "CLERIC_T",
	"skill": "faith",  
    "base_casting_time": 500,
    "final_casting_time": 500,
    "base_energy_cost": 600,
    "final_energy_cost": 600,
    "difficulty": 4,
    "max_level": 5,
    "min_damage": 1,
    "max_damage": 1,
    "min_duration": 36000,
    "max_duration": 36000
  },
{
    "id": "mu_spell_spiritual_hammer",
    "type": "SPELL",
    "name": "Spiritual Hammer",
    "description": "Creates a translucent and glowing magical warhammer to pummel your foes in your stead.",
    "message": "you cast %s",
    "valid_targets": [ "ground" ],
    "effect": "summon",
    "shape": "blast",
	"effect_str": "mon_mu_spiritual_hammer",
    "flags": [ "NO_HANDS", "VERBAL", "NO_LEGS" ],
    "spell_class": "CLERIC_T",
	"skill": "faith",  
    "energy_source": "MANA",
    "difficulty": 2,
    "max_level": 10,
    "base_casting_time": 100,
    "casting_time_increment": -1,
    "final_casting_time": 80,
    "base_energy_cost": 100,
    "energy_increment": -1,
    "final_energy_cost": 80,
    "min_damage": 1,
    "max_damage": 1,
    "min_range": 10,
    "max_range": 15,
    "range_increment": 0.5,
	"min_duration": 30000,
	"max_duration": 60000,
	"duration_increment": 3000
  },
{
    "id": "star_beam",
    "type": "SPELL",
    "name": "Star Finger",
    "description": "Using your pointer and middle finger, you twine a beam of light.",
    "valid_targets": [ "hostile", "self", "ground", "ally" ],
    "flags": [ "CONCENTRATE", "SOMATIC", "NO_LEGS", "IGNITE_FLAMMABLE" ],
    "effect": "attack",
    "shape": "blast",
    "damage_type": "pure",
    "min_damage": 15,
    "damage_increment": 1.25,
    "max_damage": 40,
    "min_range": 6,
    "range_increment": 0.9,
    "max_range": 24,
    "base_energy_cost": 50,
    "spell_class": "CLERIC_T",
	"skill": "faith",  
    "difficulty": 2,
    "max_level": 20,
    "base_casting_time": 100,
    "energy_source": "MANA"
  }
]