[
  {
    "type": "talk_topic",
    "id": "TALK_NPC_GENERIC_FISHER",
    "dynamic_line": [ "Ah, fishin'. Aint nothin' better.", "When the boats come in the fish tend to be scared away.", "What I'd give to sail the seas once more.", "Might catch a big one today.", "Remember a hat when you go fishing. Don't want the sun beating down on ya too hard.", "Fishing is like farming, but less work." ],
    "responses": [
		{
		"text": "Need any help?",
		"topic": "TALK_MISSION_OFFER",
		"condition": { "not": "has_assigned_mission" }
		},
		{
		"text": "...",
		"topic": "TALK_DONE"
		}
    ]
  }
]
