[
{
    "type": "mapgen",
    "method": "json",
    "nested_mapgen_id": "no_room_u",
    "object": {
      "mapgensize": [ 8, 8 ],
      "rows": [
        "        ",
        " rrrrrr ",
        " rrrrrr ",
        " rrrrrr ",
        " rrrrrr ",
        " rrrrrr ",
        " rrrrrr ",
        "        "
      ],
      "palettes": [ "city_building_palette" ]
    }
  },
  {
    "type": "mapgen",
    "method": "json",
    "nested_mapgen_id": "square_room_fireplace_right_u",
    "object": {
      "mapgensize": [ 8, 8 ],
      "rows": [
        "wwwddsss",
        "scOrrrxs",
        "sc?rrrAs",
        "scrrrrrs",
        "drrrrrrd",
        "sc?rrrts",
        "sccrrrrs",
        "sssddsss"
      ],
      "palettes": [ "city_building_palette" ]
    }
  },
  {
    "type": "mapgen",
    "method": "json",
    "nested_mapgen_id": "square_room_fireplace_left_u",
    "object": {
      "mapgensize": [ 8, 8 ],
      "rows": [
        "sssddsss",
        "sxrrrOcs",
        "sArrr?cs",
        "srrrrrcs",
        "drrrrrrd",
        "st?rrrcs",
        "sttrrccs",
        "sssddsss"
      ],
      "palettes": [ "city_building_palette" ]
    }
  },
  {
    "type": "mapgen",
    "method": "json",
    "nested_mapgen_id": "square_room_fireplace_corner_top_left_u",
    "object": {
      "mapgensize": [ 8, 8 ],
      "rows": [
        "sssddsss",
        "sArrrOcs",
        "sxrrr?cs",
        "srrrrrcs",
        "drrrrrrd",
        "st?rrrcs",
        "sttrrccs",
        "sssddsss"
      ],
      "palettes": [ "city_building_palette" ]
    }
  },
  {
    "type": "mapgen",
    "method": "json",
    "nested_mapgen_id": "square_room_fireplace_corner_top_right_u",
    "object": {
      "mapgensize": [ 8, 8 ],
      "rows": [
        "sssddsss",
        "scOrrrAs",
        "sc?rrrxs",
        "scrrrrrs",
        "drrrrrrd",
        "scrrr?ts",
        "sccrrtts",
        "sssddsss"
      ],
      "palettes": [ "city_building_palette" ]
    }
  },
  {
    "type": "mapgen",
    "method": "json",
    "nested_mapgen_id": "square_room_fireplace_corner_bottom_left_u",
    "object": {
      "mapgensize": [ 8, 8 ],
      "rows": [
        "sssddsss",
        "sttrrccs",
        "st?rrrcs",
        "strrrrcs",
        "drrrrrrd",
        "sxrrr?cs",
        "sArrrOcs",
        "sssddsss"
      ],
      "palettes": [ "city_building_palette" ]
    }
  },
  {
    "type": "mapgen",
    "method": "json",
    "nested_mapgen_id": "square_room_fireplace_corner_bottom_right_u",
    "object": {
      "mapgensize": [ 8, 8 ],
      "rows": [
        "sssddsss",
        "sccrrtts",
        "scrrr?ts",
        "scrrrrts",
        "drrrrrrd",
        "sc?rrrxs",
        "scOrrrAs",
        "sssddsss"
      ],
      "palettes": [ "city_building_palette" ]
    }
  },
  {
    "type": "mapgen",
    "method": "json",
    "nested_mapgen_id": "top_left_square_general_storage_room_u",
    "object": {
      "mapgensize": [ 8, 8 ],
      "rows": [
        "sssossss",
        "sgjjrCCs",
        "sgjjrrCs",
        "ogrrrrrs",
        "s0rrhhrs",
        "s00rhhrd",
        "s*00rr?s",
        "ssssdsss"
      ],
      "palettes": [ "city_building_palette" ]
    }
  },
  {
    "type": "mapgen",
    "method": "json",
    "nested_mapgen_id": "top_left_square_dining_room_u",
    "object": {
      "mapgensize": [ 8, 8 ],
      "rows": [
        "sssossss",
        "s?rrhr?s",
        "srhttrrs",
        "orrjthrs",
        "srhtjrrs",
        "srrtthrd",
        "s?rhrr?s",
        "ssssdsss"
      ],
      "palettes": [ "city_building_palette" ]
    }
  },
  {
    "type": "mapgen",
    "method": "json",
    "nested_mapgen_id": "top_left_square_living_room_u",
    "object": {
      "mapgensize": [ 8, 8 ],
      "rows": [
        "sssossss",
        "sgrr?rgs",
        "sgrjjrgs",
        "ogrjjrgs",
        "sgrrrrgs",
        "sBrrrrrd",
        "sBBrrr?s",
        "ssssdsss"
      ],
      "palettes": [ "city_building_palette" ]
    }
  },
  {
    "type": "mapgen",
    "method": "json",
    "nested_mapgen_id": "top_left_square_room_rounded_furniture_storage_u",
    "object": {
      "mapgensize": [ 8, 8 ],
      "rows": [
        "  ssoss ",
        " ssgrhss",
        "ssHgjjhs",
        "sHHgjjhs",
        "ofHgrrhs",
        "srrgrrrd",
        "ssrrrr?s",
        " sssdsss"
      ],
      "palettes": [ "city_building_palette" ]
    }
  },
  {
    "type": "mapgen",
    "method": "json",
    "nested_mapgen_id": "top_left_square_room_rounded_study_u",
    "object": {
      "mapgensize": [ 8, 8 ],
      "rows": [
        "  ssoss ",
        " ssTTTss",
        "ss?rhrBs",
        "sHrrrrBs",
        "ojrrrrBs",
        "sHrrrrrd",
        "ssBBrr?s",
        " sssdsss"
      ],
      "palettes": [ "city_building_palette" ]
    }
  },
  {
    "type": "mapgen",
    "method": "json",
    "nested_mapgen_id": "top_left_square_room_rounded_library_u",
    "object": {
      "mapgensize": [ 8, 8 ],
      "rows": [
        "  ssoss ",
        " ssBrBss",
        "ssBrrrBs",
        "sBrrBrBs",
        "orrBBrBs",
        "sBrrrrrd",
        "ssBBrr?s",
        " sssdsss"
      ],
      "palettes": [ "city_building_palette" ]
    }
  },
  {
    "type": "mapgen",
    "method": "json",
    "nested_mapgen_id": "top_left_square_room_halved_study_u",
    "object": {
      "mapgensize": [ 8, 8 ],
      "rows": [
        "        ",
        "    soos",
        "   ssTTs",
        "  ssBrhs",
        " ssBrr?s",
        " oTrrrrd",
        " oTh?rBs",
        " sssdsss"
      ],
      "palettes": [ "city_building_palette" ]
    }
  },
  {
    "type": "mapgen",
    "method": "json",
    "nested_mapgen_id": "top_left_square_room_halved_living_room_u",
    "object": {
      "mapgensize": [ 8, 8 ],
      "rows": [
        "        ",
        "    woow",
        "   wwggw",
        "  wwfjjw",
        " wwfff?w",
        " ogjfffd",
        " ogj?ffw",
        " wwwdwww"
      ],
      "palettes": [ "city_building_palette" ]
    }
  },
  {
    "type": "mapgen",
    "method": "json",
    "nested_mapgen_id": "top_left_square_room_halved_workshop_u",
    "object": {
      "mapgensize": [ 8, 8 ],
      "rows": [
        "        ",
        "    woow",
        "   wwWWw",
        "  wwqf?w",
        " wwqfffw",
        " oWffffd",
        " oW?fCCC",
        " wwwdwww"
      ],
      "palettes": [ "city_building_palette" ]
    }
  },
  {
    "type": "mapgen",
    "method": "json",
    "nested_mapgen_id": "top_left_square_room_halved_small_tool_storage_u",
    "object": {
      "mapgensize": [ 8, 8 ],
      "rows": [
        "        ",
        "        ",
        "        ",
        "     wow",
        "    wwqw",
        "   wwqfd",
        "   wqf?w",
        "   wdwww"
      ],
      "palettes": [ "city_building_palette" ]
    }
  },
  {
    "type": "mapgen",
    "method": "json",
    "nested_mapgen_id": "top_left_square_room_halved_small_bathroom_u",
    "object": {
      "mapgensize": [ 8, 8 ],
      "rows": [
        "        ",
        "        ",
        "        ",
        "     wow",
        "    wwMw",
        "   wwufd",
        "   off?w",
        "   wwwww"
      ],
      "palettes": [ "city_building_palette" ]
    }
  },
  {
    "type": "mapgen",
    "method": "json",
    "nested_mapgen_id": "top_left_square_room_halved_small_clothing_closet_u",
    "object": {
      "mapgensize": [ 8, 8 ],
      "rows": [
        "        ",
        "        ",
        "        ",
        "     www",
        "    wwDw",
        "   wwDfd",
        "   wDf?w",
        "   wwwww"
      ],
      "palettes": [ "city_building_palette" ]
    }
  },
  {
    "type": "mapgen",
    "method": "json",
    "nested_mapgen_id": "top_left_square_room_small_tool_storage_u",
    "object": {
      "mapgensize": [ 8, 8 ],
      "rows": [
        "        ",
        "        ",
        "        ",
        "   wwoww",
        "   wqqqw",
        "   wqffd",
        "   wff?w",
        "   wdwww"
      ],
      "palettes": [ "city_building_palette" ]
    }
  },
  {
    "type": "mapgen",
    "method": "json",
    "nested_mapgen_id": "top_left_square_room_small_bathroom_u",
    "object": {
      "mapgensize": [ 8, 8 ],
      "rows": [
        "        ",
        "        ",
        "        ",
        "   wwoww",
        "   wufMw",
        "   offfd",
        "   wff?w",
        "   wdwww"
      ],
      "palettes": [ "city_building_palette" ]
    }
  },
  {
    "type": "mapgen",
    "method": "json",
    "nested_mapgen_id": "top_left_square_room_small_clothing_closet_u",
    "object": {
      "mapgensize": [ 8, 8 ],
      "rows": [
        "        ",
        "        ",
        "        ",
        "   wwwww",
        "   wDDDw",
        "   wDffd",
        "   wff?w",
        "   wdwww"
      ],
      "palettes": [ "city_building_palette" ]
    }
  },
  {
    "type": "mapgen",
    "method": "json",
    "nested_mapgen_id": "top_square_room_bedroom_u",
    "object": {
      "mapgensize": [ 8, 8 ],
      "rows": [
        "wwowwoww",
        "w?jbbj?w",
        "wffbbffw",
        "wfffffTw",
        "wffffhTw",
        "dffffffw",
        "wDDffDDw",
        "wwwdwwww"
      ],
      "palettes": [ "city_building_palette" ]
    }
  },
  {
    "type": "mapgen",
    "method": "json",
    "nested_mapgen_id": "top_square_room_pantry_u",
    "object": {
      "mapgensize": [ 8, 8 ],
      "rows": [
        "wwowwoww",
        "w0f00f0w",
        "w0f00f0w",
        "w0f00f0w",
        "w0f00f0w",
        "dfff?ffw",
        "w00ff00w",
        "wwwdwwww"
      ],
      "palettes": [ "city_building_palette" ]
    }
  },
  {
    "type": "mapgen",
    "method": "json",
    "nested_mapgen_id": "top_square_room_rounded_bedroom_u",
    "object": {
      "mapgensize": [ 8, 8 ],
      "rows": [
        "  woow  ",
        " wwjjww ",
        "ww?ff?ww",
        "wbbffbbw",
        "wjffffjw",
        "dffffffw",
        "wDDffDDw",
        "wwwdwwww"
      ],
      "palettes": [ "city_building_palette" ]
    }
  },
  {
    "type": "mapgen",
    "method": "json",
    "nested_mapgen_id": "top_square_room_rounded_pantry_u",
    "object": {
      "mapgensize": [ 8, 8 ],
      "rows": [
        "  wwww  ",
        " ww00ww ",
        "ww0ff0ww",
        "w0ffff0w",
        "w0f00f0w",
        "df?00ffw",
        "w0ffff0w",
        "wwwdwwww"
      ],
      "palettes": [ "city_building_palette" ]
    }
  },
  {
    "type": "mapgen",
    "method": "json",
    "nested_mapgen_id": "top_square_room_halved_bedroom_u",
    "object": {
      "mapgensize": [ 8, 8 ],
      "rows": [
        "        ",
        "        ",
        "        ",
        "wwowwoww",
        "w?jbbj?w",
        "dffbbffw",
        "wDffffDw",
        "wwwdwwww"
      ],
      "palettes": [ "city_building_palette" ]
    }
  },
  {
    "type": "mapgen",
    "method": "json",
    "nested_mapgen_id": "top_square_room_halved_pantry_u",
    "object": {
      "mapgensize": [ 8, 8 ],
      "rows": [
        "        ",
        "        ",
        "        ",
        "wwwwwwww",
        "w000000w",
        "dfff?ffw",
        "w00ff00w",
        "wwwdwwww"
      ],
      "palettes": [ "city_building_palette" ]
    }
  },
  {
    "type": "mapgen",
    "method": "json",
    "nested_mapgen_id": "top_square_room_halved_hallway_u",
    "object": {
      "mapgensize": [ 8, 8 ],
      "rows": [
        "        ",
        "        ",
        "        ",
        "wwowwoww",
        "w?jjjj?w",
        "dffffffw",
        "wffffffw",
        "wwwdwwww"
      ],
      "palettes": [ "city_building_palette" ]
    }
  },
  {
    "type": "mapgen",
    "method": "json",
    "nested_mapgen_id": "top_right_square_room_dining_u",
    "object": {
      "mapgensize": [ 8, 8 ],
      "rows": [
        "wwwwowww",
        "w?ffff?w",
        "wffhfffw",
        "whttjtho",
        "wftjtjfw",
        "dfhfhffw",
        "w?ffff?w",
        "wwodwoww"
      ],
      "palettes": [ "city_building_palette" ]
    }
  },
  {
    "type": "mapgen",
    "method": "json",
    "nested_mapgen_id": "top_right_square_room_living_u",
    "object": {
      "mapgensize": [ 8, 8 ],
      "rows": [
        "wwwwowww",
        "wBfggggw",
        "wBfffffw",
        "wBffjjfo",
        "wfffjj?w",
        "dffffffw",
        "w?fggggw",
        "wwodwoww"
      ],
      "palettes": [ "city_building_palette" ]
    }
  },
  {
    "type": "mapgen",
    "method": "json",
    "nested_mapgen_id": "top_right_square_room_storage_u",
    "object": {
      "mapgensize": [ 8, 8 ],
      "rows": [
        "wwwwowww",
        "w*00fhhw",
        "w00fHHHw",
        "w0fggggo",
        "wfjjfffw",
        "dfjjffCw",
        "w?fffCCw",
        "wwodwoww"
      ],
      "palettes": [ "city_building_palette" ]
    }
  },
  {
    "type": "mapgen",
    "method": "json",
    "nested_mapgen_id": "top_right_square_room_rounded_study_u",
    "object": {
      "mapgensize": [ 8, 8 ],
      "rows": [
        " wwoww  ",
        "wwHjHww ",
        "wBfff?ww",
        "wBffffTw",
        "wBfffhTo",
        "dfffffTw",
        "w?ffBBww",
        "wwwdwww "
      ],
      "palettes": [ "city_building_palette" ]
    }
  },
  {
    "type": "mapgen",
    "method": "json",
    "nested_mapgen_id": "top_right_square_room_rounded_library_u",
    "object": {
      "mapgensize": [ 8, 8 ],
      "rows": [
        " wwoww  ",
        "wwBfBww ",
        "wBfffBww",
        "wBfBffBw",
        "wBfBBffo",
        "dfffffBw",
        "w?BfBBww",
        "wwwdwww "
      ],
      "palettes": [ "city_building_palette" ]
    }
  },
  {
    "type": "mapgen",
    "method": "json",
    "nested_mapgen_id": "top_right_square_room_rounded_furniture_u",
    "object": {
      "mapgensize": [ 8, 8 ],
      "rows": [
        " wwoww  ",
        "wwHHHww ",
        "wffgjjww",
        "wffgjjfw",
        "wffgfffo",
        "dffffhhw",
        "w?fffhww",
        "wwwdwww "
      ],
      "palettes": [ "city_building_palette" ]
    }
  },
  {
    "type": "mapgen",
    "method": "json",
    "nested_mapgen_id": "top_right_square_room_halved_work_u",
    "object": {
      "mapgensize": [ 8, 8 ],
      "rows": [
        "        ",
        "woow    ",
        "wWWww   ",
        "w?fqww  ",
        "wfffqww ",
        "dffffWo ",
        "wCCf?Wo ",
        "wwwdwww "
      ],
      "palettes": [ "city_building_palette" ]
    }
  },
  {
    "type": "mapgen",
    "method": "json",
    "nested_mapgen_id": "top_right_square_room_halved_study_u",
    "object": {
      "mapgensize": [ 8, 8 ],
      "rows": [
        "        ",
        "woow    ",
        "wTTww   ",
        "whfBww  ",
        "w?ffBww ",
        "dffffTo ",
        "wBB?hTo ",
        "wwwdwww "
      ],
      "palettes": [ "city_building_palette" ]
    }
  },
  {
    "type": "mapgen",
    "method": "json",
    "nested_mapgen_id": "top_right_square_room_halved_living_u",
    "object": {
      "mapgensize": [ 8, 8 ],
      "rows": [
        "        ",
        "woow    ",
        "wggww   ",
        "wjjfww  ",
        "w?fffww ",
        "dfffjgo ",
        "wjf?jgo ",
        "wwwdwww "
      ],
      "palettes": [ "city_building_palette" ]
    }
  },
  {
    "type": "mapgen",
    "method": "json",
    "nested_mapgen_id": "top_right_square_room_halved_small_bathroom_u",
    "object": {
      "mapgensize": [ 8, 8 ],
      "rows": [
        "        ",
        "        ",
        "        ",
        "wow     ",
        "wfww    ",
        "dfuww   ",
        "w?fMo   ",
        "wwwdw   "
      ],
      "palettes": [ "city_building_palette" ]
    }
  },
  {
    "type": "mapgen",
    "method": "json",
    "nested_mapgen_id": "top_right_square_room_halved_small_clothing_u",
    "object": {
      "mapgensize": [ 8, 8 ],
      "rows": [
        "        ",
        "        ",
        "        ",
        "www     ",
        "wDww    ",
        "dfDww   ",
        "w?fDw   ",
        "wwwdw   "
      ],
      "palettes": [ "city_building_palette" ]
    }
  },
  {
    "type": "mapgen",
    "method": "json",
    "nested_mapgen_id": "top_right_square_room_halved_small_tool_u",
    "object": {
      "mapgensize": [ 8, 8 ],
      "rows": [
        "        ",
        "        ",
        "        ",
        "www     ",
        "wqww    ",
        "dfqww   ",
        "w?fqw   ",
        "wwwdw   "
      ],
      "palettes": [ "city_building_palette" ]
    }
  },
  {
    "type": "mapgen",
    "method": "json",
    "nested_mapgen_id": "top_right_square_room_small_bathroom_u",
    "object": {
      "mapgensize": [ 8, 8 ],
      "rows": [
        "        ",
        "        ",
        "        ",
        "wwoww   ",
        "wffuw   ",
        "dfffo   ",
        "w?fMw   ",
        "wwwdw   "
      ],
      "palettes": [ "city_building_palette" ]
    }
  },
  {
    "type": "mapgen",
    "method": "json",
    "nested_mapgen_id": "top_right_square_room_small_clothing_u",
    "object": {
      "mapgensize": [ 8, 8 ],
      "rows": [
        "        ",
        "        ",
        "        ",
        "wwwww   ",
        "wDDDw   ",
        "dffDw   ",
        "w?fDw   ",
        "wwwdw   "
      ],
      "palettes": [ "city_building_palette" ]
    }
  },
  {
    "type": "mapgen",
    "method": "json",
    "nested_mapgen_id": "top_right_square_room_small_tools_u",
    "object": {
      "mapgensize": [ 8, 8 ],
      "rows": [
        "        ",
        "        ",
        "        ",
        "wwwww   ",
        "wqqqw   ",
        "dffqw   ",
        "w?fqw   ",
        "wwwdw   "
      ],
      "palettes": [ "city_building_palette" ]
    }
  },
  {
    "type": "mapgen",
    "method": "json",
    "nested_mapgen_id": "left_square_room_bedroom_u",
    "object": {
      "mapgensize": [ 8, 8 ],
      "rows": [
        "wwwwwdww",
        "w?fTTfDw",
        "ojffhfDw",
        "wbbffffw",
        "wbbffffd",
        "ojffffDw",
        "w?ffffDw",
        "wwwwwwww"
      ],
      "palettes": [ "city_building_palette" ]
    }
  },
  {
    "type": "mapgen",
    "method": "json",
    "nested_mapgen_id": "left_square_room_pantry_u",
    "object": {
      "mapgensize": [ 8, 8 ],
      "rows": [
        "wwwwwdww",
        "w0000f0w",
        "wfffff0w",
        "w0000f?w",
        "w0000ffd",
        "wfffff0w",
        "w0000f0w",
        "wwwwwwww"
      ],
      "palettes": [ "city_building_palette" ]
    }
  },
  {
    "type": "mapgen",
    "method": "json",
    "nested_mapgen_id": "left_square_room_rounded_bedroom_u",
    "object": {
      "mapgensize": [ 8, 8 ],
      "rows": [
        "  wwwdww",
        " wwbjfDw",
        "ww?bffDw",
        "ojfffffw",
        "ojfffffd",
        "ww?bffDw",
        " wwbjfDw",
        "  wwwwww"
      ],
      "palettes": [ "city_building_palette" ]
    }
  },
  {
    "type": "mapgen",
    "method": "json",
    "nested_mapgen_id": "left_square_room_rounded_pantry_u",
    "object": {
      "mapgensize": [ 8, 8 ],
      "rows": [
        "  wwwdww",
        " ww00f0w",
        "ww0fff0w",
        "w0ff0f?w",
        "w0ff0ffd",
        "ww0fff0w",
        " ww00f0w",
        "  wwwwww"
      ],
      "palettes": [ "city_building_palette" ]
    }
  },
  {
    "type": "mapgen",
    "method": "json",
    "nested_mapgen_id": "left_square_room_halved_bedroom_u",
    "object": {
      "mapgensize": [ 8, 8 ],
      "rows": [
        "   wwdww",
        "   w?fDw",
        "   ojffw",
        "   wbbfw",
        "   wbbfd",
        "   ojffw",
        "   w?fDw",
        "   wwwww"
      ],
      "palettes": [ "city_building_palette" ]
    }
  },
  {
    "type": "mapgen",
    "method": "json",
    "nested_mapgen_id": "left_square_room_halved_pantry_u",
    "object": {
      "mapgensize": [ 8, 8 ],
      "rows": [
        "   wwdww",
        "   w0f0w",
        "   w0f0w",
        "   w0f?w",
        "   w0ffd",
        "   w0f0w",
        "   w0f0w",
        "   wwwww"
      ],
      "palettes": [ "city_building_palette" ]
    }
  },
  {
    "type": "mapgen",
    "method": "json",
    "nested_mapgen_id": "left_square_room_halved_hallway_u",
    "object": {
      "mapgensize": [ 8, 8 ],
      "rows": [
        "   wwdww",
        "   wfffw",
        "   ojffw",
        "   wjf?w",
        "   wjffd",
        "   ojffw",
        "   wfffw",
        "   wwwww"
      ],
      "palettes": [ "city_building_palette" ]
    }
  },
  {
    "type": "mapgen",
    "method": "json",
    "nested_mapgen_id": "right_square_room_bedroom_u",
    "object": {
      "mapgensize": [ 8, 8 ],
      "rows": [
        "wwdwwwww",
        "wDffff?w",
        "wDffffjo",
        "wffffbbw",
        "dffffbbw",
        "wDfhffjo",
        "wDfTTf?w",
        "wwwwwwww"
      ],
      "palettes": [ "city_building_palette" ]
    }
  },
  {
    "type": "mapgen",
    "method": "json",
    "nested_mapgen_id": "right_square_room_pantry_u",
    "object": {
      "mapgensize": [ 8, 8 ],
      "rows": [
        "wwdwwwww",
        "w0f0000w",
        "w0ffff0w",
        "w?f0000w",
        "dff0000w",
        "w0ffff0w",
        "w0f0000w",
        "wwwwwwww"
      ],
      "palettes": [ "city_building_palette" ]
    }
  },
  {
    "type": "mapgen",
    "method": "json",
    "nested_mapgen_id": "right_square_room_rounded_bedroom_u",
    "object": {
      "mapgensize": [ 8, 8 ],
      "rows": [
        "wwdwww  ",
        "wDfjbww ",
        "wDffb?ww",
        "wfffffjo",
        "dfffffjo",
        "wDffb?ww",
        "wDfjbww ",
        "wwwwww  "
      ],
      "palettes": [ "city_building_palette" ]
    }
  },
  {
    "type": "mapgen",
    "method": "json",
    "nested_mapgen_id": "right_square_room_rounded_pantry_u",
    "object": {
      "mapgensize": [ 8, 8 ],
      "rows": [
        "wwdwww  ",
        "w0f00ww ",
        "w0fff0ww",
        "w?f0ff0w",
        "dff0ff0w",
        "w0fff0ww",
        "w0f00ww ",
        "wwwwww  "
      ],
      "palettes": [ "city_building_palette" ]
    }
  },
  {
    "type": "mapgen",
    "method": "json",
    "nested_mapgen_id": "right_square_room_halved_bedroom_u",
    "object": {
      "mapgensize": [ 8, 8 ],
      "rows": [
        "wwdww   ",
        "wDf?w   ",
        "wffjo   ",
        "wfbbw   ",
        "dfbbw   ",
        "wffjo   ",
        "wDf?w   ",
        "wwwww   "
      ],
      "palettes": [ "city_building_palette" ]
    }
  },
  {
    "type": "mapgen",
    "method": "json",
    "nested_mapgen_id": "right_square_room_halved_pantry_u",
    "object": {
      "mapgensize": [ 8, 8 ],
      "rows": [
        "wwdww   ",
        "w0ffw   ",
        "w0f0w   ",
        "w?f0w   ",
        "dff0w   ",
        "w0f0w   ",
        "w0f0w   ",
        "wwwww   "
      ],
      "palettes": [ "city_building_palette" ]
    }
  },
  {
    "type": "mapgen",
    "method": "json",
    "nested_mapgen_id": "right_square_room_halved_hallway_u",
    "object": {
      "mapgensize": [ 8, 8 ],
      "rows": [
        "wwdww   ",
        "wfffw   ",
        "wffjo   ",
        "w?fjw   ",
        "dffjw   ",
        "wffjo   ",
        "wfffw   ",
        "wwwww   "
      ],
      "palettes": [ "city_building_palette" ]
    }
  },
  {
    "type": "mapgen",
    "method": "json",
    "nested_mapgen_id": "bottom_left_square_room_dining_u",
    "object": {
      "mapgensize": [ 8, 8 ],
      "rows": [
        "wwwwwdww",
        "w?fhff?w",
        "wfftthfd",
        "wfhtjffw",
        "offjthfw",
        "wfhttffw",
        "w?ffhf?w",
        "wwwowwww"
      ],
      "palettes": [ "city_building_palette" ]
    }
  },
  {
    "type": "mapgen",
    "method": "json",
    "nested_mapgen_id": "bottom_left_square_room_living_u",
    "object": {
      "mapgensize": [ 8, 8 ],
      "rows": [
        "wwwwwdww",
        "wggggf?w",
        "wffffffd",
        "w?jjfffw",
        "ofjjffBw",
        "wfffffBw",
        "wggggfBw",
        "wwwowwww"
      ],
      "palettes": [ "city_building_palette" ]
    }
  },
  {
    "type": "mapgen",
    "method": "json",
    "nested_mapgen_id": "bottom_left_square_room_storage_u",
    "object": {
      "mapgensize": [ 8, 8 ],
      "rows": [
        "wwwwwdww",
        "whh0ff?w",
        "whhffffd",
        "wffffffw",
        "ogggffCw",
        "wjjjfCCw",
        "wjjjCC*w",
        "wwwowwww"
      ],
      "palettes": [ "city_building_palette" ]
    }
  },
  {
    "type": "mapgen",
    "method": "json",
    "nested_mapgen_id": "bottom_left_square_room_rounded_study_u",
    "object": {
      "mapgensize": [ 8, 8 ],
      "rows": [
        " wwwwdww",
        "wwBBBf?w",
        "wTfffffd",
        "oThffffw",
        "wTffffBw",
        "ww?fffBw",
        " wwHjHww",
        "  wwoww "
      ],
      "palettes": [ "city_building_palette" ]
    }
  },
  {
    "type": "mapgen",
    "method": "json",
    "nested_mapgen_id": "bottom_left_square_room_rounded_library_u",
    "object": {
      "mapgensize": [ 8, 8 ],
      "rows": [
        " wwwwdww",
        "wwBBBf?w",
        "wBfffffd",
        "offBBfBw",
        "wBffBfBw",
        "wwBfffBw",
        " wwBfBww",
        "  wwoww "
      ],
      "palettes": [ "city_building_palette" ]
    }
  },
  {
    "type": "mapgen",
    "method": "json",
    "nested_mapgen_id": "bottom_left_square_room_rounded_furniture_u",
    "object": {
      "mapgensize": [ 8, 8 ],
      "rows": [
        " wwwwdww",
        "wwfhhf?w",
        "wjjhhffd",
        "ojjffffw",
        "wffffffw",
        "wwHggggw",
        " wwjjjww",
        "  wwoww "
      ],
      "palettes": [ "city_building_palette" ]
    }
  },
  {
    "type": "mapgen",
    "method": "json",
    "nested_mapgen_id": "bottom_left_square_room_halved_workshop_u",
    "object": {
      "mapgensize": [ 8, 8 ],
      "rows": [
        " wwwwdww",
        " oW?ffqw",
        " oWfffqd",
        " wwCfffw",
        "  wwCf?w",
        "   wwWWw",
        "    woow",
        "        "
      ],
      "palettes": [ "city_building_palette" ]
    }
  },
  {
    "type": "mapgen",
    "method": "json",
    "nested_mapgen_id": "bottom_left_square_room_halved_study_u",
    "object": {
      "mapgensize": [ 8, 8 ],
      "rows": [
        " wwwwdww",
        " oTh?ffw",
        " oTffffd",
        " wwBff?w",
        "  wwBfhw",
        "   wwTTw",
        "    woow",
        "        "
      ],
      "palettes": [ "city_building_palette" ]
    }
  },
  {
    "type": "mapgen",
    "method": "json",
    "nested_mapgen_id": "bottom_left_square_room_halved_living_u",
    "object": {
      "mapgensize": [ 8, 8 ],
      "rows": [
        " wwwwdww",
        " ogj?fjw",
        " ogjfffd",
        " wwfff?w",
        "  wwfjjw",
        "   wwggw",
        "    woow",
        "        "
      ],
      "palettes": [ "city_building_palette" ]
    }
  },
  {
    "type": "mapgen",
    "method": "json",
    "nested_mapgen_id": "bottom_left_square_room_halved_small_bathroom_u",
    "object": {
      "mapgensize": [ 8, 8 ],
      "rows": [
        "   wwdww",
        "   off?w",
        "   wwufd",
        "    wwMw",
        "     wow",
        "        ",
        "        ",
        "        "
      ],
      "palettes": [ "city_building_palette" ]
    }
  },
  {
    "type": "mapgen",
    "method": "json",
    "nested_mapgen_id": "bottom_left_square_room_halved_small_clothing_u",
    "object": {
      "mapgensize": [ 8, 8 ],
      "rows": [
        "   wwdww",
        "   wDf?w",
        "   wwDfd",
        "    wwDw",
        "     www",
        "        ",
        "        ",
        "        "
      ],
      "palettes": [ "city_building_palette" ]
    }
  },
  {
    "type": "mapgen",
    "method": "json",
    "nested_mapgen_id": "bottom_left_square_room_halved_small_tools_u",
    "object": {
      "mapgensize": [ 8, 8 ],
      "rows": [
        "   wwdww",
        "   oqf?w",
        "   wwqfd",
        "    wwqw",
        "     wow",
        "        ",
        "        ",
        "        "
      ],
      "palettes": [ "city_building_palette" ]
    }
  },
  {
    "type": "mapgen",
    "method": "json",
    "nested_mapgen_id": "bottom_left_square_room_small_bathroom_u",
    "object": {
      "mapgensize": [ 8, 8 ],
      "rows": [
        "   wwdww",
        "   wff?w",
        "   offfd",
        "   wufMw",
        "   wwoww",
        "        ",
        "        ",
        "        "
      ],
      "palettes": [ "city_building_palette" ]
    }
  },
  {
    "type": "mapgen",
    "method": "json",
    "nested_mapgen_id": "bottom_left_square_room_small_clothing_u",
    "object": {
      "mapgensize": [ 8, 8 ],
      "rows": [
        "   wwdww",
        "   wDf?w",
        "   wDffd",
        "   wDDDw",
        "   wwwww",
        "        ",
        "        ",
        "        "
      ],
      "palettes": [ "city_building_palette" ]
    }
  },
  {
    "type": "mapgen",
    "method": "json",
    "nested_mapgen_id": "bottom_left_square_room_small_tools_u",
    "object": {
      "mapgensize": [ 8, 8 ],
      "rows": [
        "   wwdww",
        "   wqf?w",
        "   oqffd",
        "   wqqqw",
        "   wwoww",
        "        ",
        "        ",
        "        "
      ],
      "palettes": [ "city_building_palette" ]
    }
  },
  {
    "type": "mapgen",
    "method": "json",
    "nested_mapgen_id": "bottom_square_room_u",
    "object": {
      "mapgensize": [ 8, 8 ],
      "rows": [
        "wwwddwww",
        "wj?QQ?jw",
        "dffQQffw",
        "wjfQQfjw",
        "wgfQQfgw",
        "wgfQQfgw",
        "wjfQQfjw",
        "wwoddoww"
      ],
      "palettes": [ "city_building_palette" ]
    }
  },
  {
    "type": "mapgen",
    "method": "json",
    "nested_mapgen_id": "bottom_square_room_rounded_u",
    "object": {
      "mapgensize": [ 8, 8 ],
      "rows": [
        "wwwddwww",
        "wj?QQ?jw",
        "dffQQffw",
        "wjfQQfjw",
        "wHfQQfHw",
        "wwfQQfww",
        " wwQQww ",
        "  wddw  "
      ],
      "palettes": [ "city_building_palette" ]
    }
  },
  {
    "type": "mapgen",
    "method": "json",
    "nested_mapgen_id": "bottom_square_room_halved_u",
    "object": {
      "mapgensize": [ 8, 8 ],
      "rows": [
        "wwwddwww",
        "wj?QQ?jw",
        "dffQQffw",
        "wHjQQjHw",
        "wwoddoww",
        "        ",
        "        ",
        "        "
      ],
      "palettes": [ "city_building_palette" ]
    }
  },
  {
    "type": "mapgen",
    "method": "json",
    "nested_mapgen_id": "bottom_square_room_no_carpet_u",
    "object": {
      "mapgensize": [ 8, 8 ],
      "rows": [
        "wwwddwww",
        "wj?ff?jw",
        "dffffffw",
        "wjffffjw",
        "wgffffgw",
        "wgffffgw",
        "wjffffjw",
        "wwoddoww"
      ],
      "palettes": [ "city_building_palette" ]
    }
  },
  {
    "type": "mapgen",
    "method": "json",
    "nested_mapgen_id": "bottom_square_room_rounded_no_carpet_u",
    "object": {
      "mapgensize": [ 8, 8 ],
      "rows": [
        "wwwddwww",
        "wj?ff?jw",
        "dffffffw",
        "wjffffjw",
        "wHffffHw",
        "wwffffww",
        " wwffww ",
        "  wddw  "
      ],
      "palettes": [ "city_building_palette" ]
    }
  },
  {
    "type": "mapgen",
    "method": "json",
    "nested_mapgen_id": "bottom_square_room_halved_no_carpet",
    "object": {
      "mapgensize": [ 8, 8 ],
      "rows": [
        "wwwddwww",
        "wj?ff?jw",
        "dffffffw",
        "wHjffjHw",
        "wwoddoww",
        "        ",
        "        ",
        "        "
      ],
      "palettes": [ "city_building_palette" ]
    }
  },
  {
    "type": "mapgen",
    "method": "json",
    "nested_mapgen_id": "bottom_right_square_room_storeroom",
    "object": {
      "mapgensize": [ 8, 8 ],
      "rows": [
        "wwdwwwww",
        "w?fffHHw",
        "dfffffHw",
        "wffffffo",
        "wffgff0w",
        "whhgfC0w",
        "whhg0C*w",
        "wwwowwww"
      ],
      "palettes": [ "city_building_palette" ]
    }
  },
  {
    "type": "mapgen",
    "method": "json",
    "nested_mapgen_id": "bottom_right_square_room_living",
    "object": {
      "mapgensize": [ 8, 8 ],
      "rows": [
        "wwdwwwww",
        "w?ffBBBw",
        "dffffffw",
        "wgffffgo",
        "wgfjjfgw",
        "wgfjjfgw",
        "wgffffgw",
        "wwwowwww"
      ],
      "palettes": [ "city_building_palette" ]
    }
  },
  {
    "type": "mapgen",
    "method": "json",
    "nested_mapgen_id": "bottom_right_square_room_dining",
    "object": {
      "mapgensize": [ 8, 8 ],
      "rows": [
        "wwdwwwww",
        "w?ffhf?w",
        "dfhttffw",
        "wffjthfo",
        "wfhtjffw",
        "wfftthfw",
        "w?fhff?w",
        "wwwowwww"
      ],
      "palettes": [ "city_building_palette" ]
    }
  },
  {
    "type": "mapgen",
    "method": "json",
    "nested_mapgen_id": "bottom_right_square_room_rounded_study",
    "object": {
      "mapgensize": [ 8, 8 ],
      "rows": [
        "wwdwwww ",
        "wfffBBww",
        "dfffffHw",
        "wBffffjo",
        "wBffffHw",
        "wBfhf?ww",
        "wwTTTww ",
        " wwoww  "
      ],
      "palettes": [ "city_building_palette" ]
    }
  },
  {
    "type": "mapgen",
    "method": "json",
    "nested_mapgen_id": "bottom_right_square_room_rounded_furniture",
    "object": {
      "mapgensize": [ 8, 8 ],
      "rows": [
        "wwdwwww ",
        "w?ffffww",
        "dfffffjw",
        "wfffgfjo",
        "whhfgHjw",
        "whhfgHww",
        "wwffgww ",
        " wwoww  "
      ],
      "palettes": [ "city_building_palette" ]
    }
  },
  {
    "type": "mapgen",
    "method": "json",
    "nested_mapgen_id": "bottom_right_square_room_rounded_library",
    "object": {
      "mapgensize": [ 8, 8 ],
      "rows": [
        "wwdwwww ",
        "w?fBBBww",
        "dfffffBw",
        "wBfBBffo",
        "wBfBffBw",
        "wBfffBww",
        "wwBfBww ",
        " wwoww  "
      ],
      "palettes": [ "city_building_palette" ]
    }
  },
  {
    "type": "mapgen",
    "method": "json",
    "nested_mapgen_id": "bottom_right_square_room_halved_workshop",
    "object": {
      "mapgensize": [ 8, 8 ],
      "rows": [
        "wwdwwww ",
        "wCfffWo ",
        "dffffWo ",
        "wff?qww ",
        "wffqww  ",
        "wWWww   ",
        "woow    ",
        "        "
      ],
      "palettes": [ "city_building_palette" ]
    }
  },
  {
    "type": "mapgen",
    "method": "json",
    "nested_mapgen_id": "bottom_right_square_room_halved_study",
    "object": {
      "mapgensize": [ 8, 8 ],
      "rows": [
        "wwdwwww ",
        "w?ffhTo ",
        "dffffTo ",
        "wfffBww ",
        "whfBww  ",
        "wTTww   ",
        "woow    ",
        "        "
      ],
      "palettes": [ "city_building_palette" ]
    }
  },
  {
    "type": "mapgen",
    "method": "json",
    "nested_mapgen_id": "bottom_right_square_room_halved_living",
    "object": {
      "mapgensize": [ 8, 8 ],
      "rows": [
        "wwdwwww ",
        "w?ffjgo ",
        "dfffjgo ",
        "wffffww ",
        "wjjfww  ",
        "wggww   ",
        "woow    ",
        "        "
      ],
      "palettes": [ "city_building_palette" ]
    }
  },
  {
    "type": "mapgen",
    "method": "json",
    "nested_mapgen_id": "bottom_right_square_room_halved_small_bathroom",
    "object": {
      "mapgensize": [ 8, 8 ],
      "rows": [
        "wwdww   ",
        "w?ffo   ",
        "dfuww   ",
        "wMww    ",
        "wow     ",
        "        ",
        "        ",
        "        "
      ],
      "palettes": [ "city_building_palette" ]
    }
  },
  {
    "type": "mapgen",
    "method": "json",
    "nested_mapgen_id": "bottom_right_square_room_halved_small_clothing",
    "object": {
      "mapgensize": [ 8, 8 ],
      "rows": [
        "wwdww   ",
        "w?fDw   ",
        "dfDww   ",
        "wDww    ",
        "www     ",
        "        ",
        "        ",
        "        "
      ],
      "palettes": [ "city_building_palette" ]
    }
  },
  {
    "type": "mapgen",
    "method": "json",
    "nested_mapgen_id": "bottom_right_square_room_halved_small_tools",
    "object": {
      "mapgensize": [ 8, 8 ],
      "rows": [
        "wwdww   ",
        "w?fqo   ",
        "dfqww   ",
        "wqww    ",
        "wow     ",
        "        ",
        "        ",
        "        "
      ],
      "palettes": [ "city_building_palette" ]
    }
  },
  {
    "type": "mapgen",
    "method": "json",
    "nested_mapgen_id": "bottom_right_square_room_small_bathroom",
    "object": {
      "mapgensize": [ 8, 8 ],
      "rows": [
        "wwdww   ",
        "w?ffw   ",
        "dfffo   ",
        "wMfuw   ",
        "wwoww   ",
        "        ",
        "        ",
        "        "
      ],
      "palettes": [ "city_building_palette" ]
    }
  },
  {
    "type": "mapgen",
    "method": "json",
    "nested_mapgen_id": "bottom_right_square_room_small_clothing",
    "object": {
      "mapgensize": [ 8, 8 ],
      "rows": [
        "wwdww   ",
        "w?fDw   ",
        "dffDw   ",
        "wDDDw   ",
        "wwwww   ",
        "        ",
        "        ",
        "        "
      ],
      "palettes": [ "city_building_palette" ]
    }
  },
  {
    "type": "mapgen",
    "method": "json",
    "nested_mapgen_id": "bottom_right_square_room_small_tools",
    "object": {
      "mapgensize": [ 8, 8 ],
      "rows": [
        "wwdww   ",
        "w?fqw   ",
        "dffqo   ",
        "wqqqw   ",
        "wwoww   ",
        "        ",
        "        ",
        "        "
      ],
      "palettes": [ "city_building_palette" ]
    }
  } 
]