[
{
    "method": "json",
    "om_terrain": "straight_rock_underground_gate",
    "type": "mapgen",
    "weight": 100,
    "object": {
      "fill_ter": "t_dirt",
      "rows": [
        ",,,,,,,,,,,,,,,,,,,,,,,,",
        ",,,,,,,,,,,,,,,,,,,,,,,,",
        ",,,,,,,,,,,,,,,,,,,,,,,,",
        ",,,,,,,,,,,,,,,,,,,,,,,,",
        ",,,,,,,,,,,,,,,,,,,,,,,,",
        ",,,,,,,,,,,,,,,,,,,,,,,,",
        ",,,,,,,,,,,,,,,,,,,,,,,,",
        ",,,,,,,,,,,,,,,,,,,,,,,,",
        ",,,,,,,,,,,,,,,,,,,,,,,,",
        ",,,?,1,,,,,,,,,,,,1,?,,,",
        "ssssss,,,,,,,,,,,,ssssss",
        "sssss?,,,,,,,,,,,,?sssss",
        "sssss?,,,,,,,,,,,,?sssss",
        "ssssss,,,,,,,,,,,,ssssss",
        ",,,?,1,,,,,,,,,,,,1,?,,,",
        ",,,,,,,,,,,,,,,,,,,,,,,,",
        ",,,,,,,,,,,,,,,,,,,,,,,,",
        ",,,,,,,,,,,,,,,,,,,,,,,,",
        ",,,,,,,,,,,,,,,,,,,,,,,,",
        ",,,,,,,,,,,,,,,,,,,,,,,,",
        ",,,,,,,,,,,,,,,,,,,,,,,,",
        ",,,,,,,,,,,,,,,,,,,,,,,,",
        ",,,,,,,,,,,,,,,,,,,,,,,,",
        ",,,,,,,,,,,,,,,,,,,,,,,,"
      ],
      "palettes": [ "city_building_palette" ],
      "npcs": {
		"1": { "class": "city_guard" }
		},
	  "terrain": {
      ",": "t_rock_floor_no_roof"
      }
    }
  },
{
    "type": "mapgen",
    "om_terrain": "underground_farm_field",
    "method": "json",
    "object": {
      "fill_ter": "t_region_groundcover_urban",
      "rows": [
        " ## ## ## ## ## ## ##   ",
        " ## ## ## ## ## ## ##   ",
        " ## ## ## ## ## ## ##   ",
        " ## ## ## ## ## ## ##   ",
        " ## ## ## ## ## ## ##   ",
        " ## ## ## ## ## ## ##   ",
        " ## ## ## ## ## ## ##   ",
        " ## ## ## ## ## ## ##   ",
        " ## ## ## ## ## ## ##   ",
        " ## ## ## ## ## ## ##   ",
        " ## ## ## ## ## ## ##   ",
        " ## ## ## ## ## ## ##   ",
        " ## ## ## ## ## ## ##   ",
        " ## ## ## ## ## ## ##   ",
        " ## ## ## ## ## ## ##   ",
        " ## ## ## ## ## ## ##   ",
        " ## ## ## ## ## ## ##   ",
        " ## ## ## ## ## ## ##   ",
        " ## ## ## ## ## ## ##   ",
        " ## ## ## ## ## ## ##   ",
        " ## ## ## ## ## ## ##   ",
        " ## ## ## ## ## ## ##   ",
        " ## ## ## ## ## ## ##   ",
        " ## ## ## ## ## ## ##   "
      ],
      "palettes": [ "farm_mtc" ],
      "sealed_item": { "#": { "item": { "item": "crystal_berry_red" }, "furniture": "f_plant_seedling", "chance": 70 } },
      "terrain": {
      " ": "t_water_sh_underground"
      }
  }
},
{
    "type": "mapgen",
    "om_terrain": "underground_farm_field",
    "method": "json",
    "object": {
      "fill_ter": "t_region_groundcover_urban",
      "rows": [
        " ## ## ## ## ## ## ##   ",
        " ## ## ## ## ## ## ##   ",
        " ## ## ## ## ## ## ##   ",
        " ## ## ## ## ## ## ##   ",
        " ## ## ## ## ## ## ##   ",
        " ## ## ## ## ## ## ##   ",
        " ## ## ## ## ## ## ##   ",
        " ## ## ## ## ## ## ##   ",
        " ## ## ## ## ## ## ##   ",
        " ## ## ## ## ## ## ##   ",
        " ## ## ## ## ## ## ##   ",
        " ## ## ## ## ## ## ##   ",
        " ## ## ## ## ## ## ##   ",
        " ## ## ## ## ## ## ##   ",
        " ## ## ## ## ## ## ##   ",
        " ## ## ## ## ## ## ##   ",
        " ## ## ## ## ## ## ##   ",
        " ## ## ## ## ## ## ##   ",
        " ## ## ## ## ## ## ##   ",
        " ## ## ## ## ## ## ##   ",
        " ## ## ## ## ## ## ##   ",
        " ## ## ## ## ## ## ##   ",
        " ## ## ## ## ## ## ##   ",
        " ## ## ## ## ## ## ##   "
      ],
      "palettes": [ "farm_mtc" ],
      "sealed_item": { "#": { "item": { "item": "crystal_berry_orange" }, "furniture": "f_plant_seedling", "chance": 70 } },
      "terrain": {
      " ": "t_water_sh_underground"
      }
  }
},
{
    "type": "mapgen",
    "om_terrain": "underground_farm_field",
    "method": "json",
    "object": {
      "fill_ter": "t_region_groundcover_urban",
      "rows": [
        " ## ## ## ## ## ## ##   ",
        " ## ## ## ## ## ## ##   ",
        " ## ## ## ## ## ## ##   ",
        " ## ## ## ## ## ## ##   ",
        " ## ## ## ## ## ## ##   ",
        " ## ## ## ## ## ## ##   ",
        " ## ## ## ## ## ## ##   ",
        " ## ## ## ## ## ## ##   ",
        " ## ## ## ## ## ## ##   ",
        " ## ## ## ## ## ## ##   ",
        " ## ## ## ## ## ## ##   ",
        " ## ## ## ## ## ## ##   ",
        " ## ## ## ## ## ## ##   ",
        " ## ## ## ## ## ## ##   ",
        " ## ## ## ## ## ## ##   ",
        " ## ## ## ## ## ## ##   ",
        " ## ## ## ## ## ## ##   ",
        " ## ## ## ## ## ## ##   ",
        " ## ## ## ## ## ## ##   ",
        " ## ## ## ## ## ## ##   ",
        " ## ## ## ## ## ## ##   ",
        " ## ## ## ## ## ## ##   ",
        " ## ## ## ## ## ## ##   ",
        " ## ## ## ## ## ## ##   "
      ],
      "palettes": [ "farm_mtc" ],
      "sealed_item": { "#": { "item": { "item": "crystal_berry_purple" }, "furniture": "f_plant_seedling", "chance": 70 } },
      "terrain": {
      " ": "t_water_sh_underground"
      }
  }
} 
]