[
{
    "//": "Nested group for flooded caves.",
    "type": "mapgen",
    "method": "json",
    "nested_mapgen_id": "flooded_cave_nested",
    "object": {
      "mapgensize": [ 8, 8 ],
      "place_nested": [
        { "chunks": [ [ "flooded_cave_none", 85 ], [ "pillar_flooded", 75 ], [ "giant_mushrooms_water", 65 ], [ "underground_fish", 55 ] ], "x": 0, "y": 0 }
      ]
    }
  }, 
{
    "type": "mapgen",
    "method": "json",
    "nested_mapgen_id": "underground_fish",
    "object": {
      "mapgensize": [ 8, 8 ],
      "place_monster": [
        { "monster": "mon_fish_cavefish", "x": [ 0, 4 ], "y": [ 0, 4 ], "repeat": [ 1, 4 ] },
        { "monster": "mon_fish_small_cavefish", "x": [ 0, 4 ], "y": [ 0, 4 ], "chance": 85, "repeat": [ 2, 6 ] },
        { "monster": "mon_fish_cave_grouper", "x": [ 0, 4 ], "y": [ 0, 4 ], "chance": 65, "repeat": [ 1, 3 ] },
        { "monster": "mon_fish_cave_hunter", "x": [ 0, 4 ], "y": [ 0, 4 ], "chance": 45, "repeat": [ 1, 2 ] }
      ]
    }
  },
{
    "type": "mapgen",
    "method": "json",
    "//": "Deep water version",
    "nested_mapgen_id": "flooded_cave_none",
    "object": {
      "mapgensize": [ 8, 8 ],
      "rows": [
        "////////",
        "////////",
        "////////",
        "////////",
        "////////",
        "////////",
        "////////",
        "////////"
      ],
      "palettes": [ "caves" ],
      "terrain": { "/": "t_water_dp" }
    }
    },
{
    "type": "mapgen",
    "method": "json",
    "nested_mapgen_id": "giant_mushrooms_water",
    "object": {
      "mapgensize": [ 8, 8 ],
      "rows": [
        "//////0/",
        "0//0////",
        "////////",
        "/////0//",
        "0///////",
        "///0////",
        "//////0/",
        "/0//////"
      ],
      "palettes": [ "caves" ],
      "terrain": { "0": "t_aqua_mushroom", "/": "t_water_sh" }
    }
    },
{
    "type": "mapgen",
    "method": "json",
    "nested_mapgen_id": "pillar_flooded",
    "object": {
      "mapgensize": [ 8, 8 ],
      "rows": [
        "~~~~~~~~",
        "~~~~#~~~",
        "~~~###~~",
        "~~#####~",
        "~~#####~",
        "~~~###~~",
        "~~~~#~~~",
        "~~~~~~~~"
      ],
      "palettes": [ "caves" ],
      "terrain": { "/": "t_water_dp" }
    }
    },
{
    "type": "mapgen",
    "method": "json",
    "//": "Deep water version",
    "nested_mapgen_id": "pillar_flooded",
    "object": {
      "mapgensize": [ 8, 8 ],
      "rows": [
        "////////",
        "////#///",
        "///###//",
        "//#####/",
        "//#####/",
        "///###//",
        "////#///",
        "////////"
      ],
      "palettes": [ "caves" ],
      "terrain": { "/": "t_water_dp" }
    }
    }
]