[
{
    "method": "json",
    "om_terrain": "flooded_cave_blank",
    "//": "Blank pallette for flooded cave systems.",
    "type": "mapgen",
    "weight": 100,
    "object": {
      "fill_ter": "t_rock_floor",
      "rows": [
            "////////////////////////",
            "////////////////////////",
            "////////////////////////",
            "////////////////////////",
            "////////////////////////",
            "////////////////////////",
            "////////////////////////",
            "////////////////////////",
            "////////////////////////",
            "////////////////////////",
            "////////////////////////",
            "////////////////////////",
            "////////////////////////",
            "////////////////////////",
            "////////////////////////",
            "////////////////////////",
            "////////////////////////",
            "////////////////////////",
            "////////////////////////",
            "////////////////////////",
            "////////////////////////",
            "////////////////////////",
            "////////////////////////",
            "////////////////////////"
      ],
      "palettes": [ "caves" ],
      "terrain": { "/": "t_water_dp_underground" },
      "place_nested": [
        { "chunks": [ "flooded_cave_nested" ], "x": 8, "y": 8 },
        { "chunks": [ "flooded_cave_nested" ], "x": 16, "y": 8 },
        { "chunks": [ "flooded_cave_nested" ], "x": 8, "y": 17 },
        { "chunks": [ "flooded_cave_nested" ], "x": 16, "y": 17 }
      ]
    }
  } 
]