[
  {
    "method": "json",
    "om_terrain": "solid_wall",
    "type": "mapgen",
    "weight": 100,
    "object": {
      "fill_ter": "t_dirt",
      "rows": [
        "ssssssssssssssssssssssss",
        "ssssssssssssssssssssssss",
        "ssssssssssssssssssssssss",
        "ssssssssssssssssssssssss",
        "ssssssssssssssssssssssss",
        "ssssssssssssssssssssssss",
        "ssssssssssssssssssssssss",
        "ssssssssssssssssssssssss",
        "ssssssssssssssssssssssss",
        "ssssssssssssssssssssssss",
        "ssssssssssssssssssssssss",
        "ssssssssssssssssssssssss",
        "ssssssssssssssssssssssss",
        "ssssssssssssssssssssssss",
        "ssssssssssssssssssssssss",
        "ssssssssssssssssssssssss",
        "ssssssssssssssssssssssss",
        "ssssssssssssssssssssssss",
        "ssssssssssssssssssssssss",
        "ssssssssssssssssssssssss",
        "ssssssssssssssssssssssss",
        "ssssssssssssssssssssssss",
        "ssssssssssssssssssssssss",
        "ssssssssssssssssssssssss"
      ],
      "palettes": [ "city_building_palette" ]
    }
  },
  {
    "method": "json",
    "om_terrain": "gatehouse_city_wall",
    "type": "mapgen",
    "weight": 100,
    "object": {
      "fill_ter": "t_dirt",
      "rows": [
        ",,,                  ,,,",
        "srrrrrrrrrrrrrrrrrrrrrrs",
        "ssrrrrrrrrrrsrrrrrrrrrss",
        "srrrrrrrrrrsssrrrrrrrrrs",
        "srrrrrrrrrrrsrrrrrrrrrrs",
        "srrrrrrrrrrrsrrrrrrrrrrs",
        "srrrrrrrrrrrrrrrrrrrrrrs",
        "srrrrrrrrrrrrrrrrrrrrrrs",
        "srrrrrrrrrrrrrrrrrrrrrrs",
        "srrrrrrrrrrrrrrrrrrrrrrs",
        "srrrrrrrrrrrrrrrrrrrrrrs",
        "srrrrrrrrrrrrrrrrrrrrrrs",
        "srrrrrrrrrrrrrrrrrrrrrrs",
        "srrrrrrrrrrrrrrrrrrrrrrs",
        "srrrrrrrrrrrrrrrrrrrrrrs",
        "srrrrrrrrrrrrrrrrrrrrrrs",
        "srrrrrrrrrrrrrrrrrrrrrrs",
        "srrrrrrrrrrrrrrrrrrrrrrs",
        "srrrrrrrrrrrrrrrrrrrrrrs",
        "srrrrrrrrrrrrrrrrrrrrrrs",
        "srrrrrrrrrrrrrrrrrrrrrrs",
        "ssrrrrrrrrrrrrrrrrrrrrss",
        "srrrrrrrrrrrrrrrrrrrrrrs",
        ",,,                  ,,,"
      ],
      "palettes": [ "city_building_palette" ]
    }
  }
]
