[
  {
    "type": "talk_topic",
    "id": "TALK_NPC_GAMBLING_ROGUE",
    "dynamic_line": [ "Two threes. Pfft. What were they thinking? Never saw me pull that ace out of my boot.", "Can't believe this sucker just bet a bag of silver.", "I'll be the winner here, just wait until I pull out my secret weapon.", "Hah! You'll never win with that hand.", "Anty up or get lost.", "Never a dull moment with this sucker around." ],
    "responses": [
      {
		"text": "...",
		"topic": "TALK_DONE"
	  }
    ]
  }
]
