[
{
    "type": "mapgen",
    "method": "json",
    "om_terrain": [ "dragon_lair_surface" ],
    "weight": 100,
    "object": {
      "fill_ter": "t_dirt",
      "rows": [
            "                        ",
            "                        ",
            "                        ",
            "                        ",
            "                        ",
            "     ..............     ",
            "     ..............     ",
            "     ..............     ",
            "     ..............     ",
            "     ..............     ",
            "     ..............     ",
            "     ..............     ",
            "     ..............     ",
            "     ..............     ",
            "     ..............     ",
            "     ..............     ",
            "                        ",
            "                        ",
            "                        ",
            "                        ",
            "                        ",
            "                        ",
            "                        ",
            "                        "
      ],
      "palettes": [ "dragon_lair" ]
    }
  },
{
    "type": "mapgen",
    "method": "json",
    "om_terrain": [ "dragon_lair_down" ],
    "weight": 100,
    "object": {
      "fill_ter": "t_dirt",
      "rows": [
            "########################",
            "########################",
            "########################",
            "########################",
            "########################",
            "#####..............#####",
            "#####..............#####",
            "#####..............#####",
            "#####..............#####",
            "#####..............#####",
            "#####..............#####",
            "#####..............#####",
            "#####..............#####",
            "#####..............#####",
            "#####..............#####",
            "#####..............#####",
            "########################",
            "########################",
            "########################",
            "########################",
            "########################",
            "########################",
            "########################",
            "########################"
      ],
      "palettes": [ "dragon_lair" ]
    }
  },
{
    "type": "mapgen",
    "method": "json",
    "om_terrain": [ "dragon_lair_bottom" ],
    "weight": 100,
    "object": {
      "fill_ter": "t_rock_floor",
      "rows": [
            ",,,,,,,,,,,,,,,,,,,,,,,,",
            ",,,,,,,,,,,,,,,,,,,,,,,,",
            ",,,,,,,,,,,,,,,,,,,,,,,,",
            ",,,,,,,,,,,,,,,,,,,,,,,,",
            ",,,,,,,,,,,,,,,,,,,,,,,,",
            ",,,,,,,,,,,,,,,,,,,,,,,,",
            ",,,,,,,,,,,,,,,,,,,,,,,,",
            ",,,,,,,,,,,,,,,,,,,,,,,,",
            ",,,,,,,,,,,,,,,,,,,,,,,,",
            ",,,,,,,,,,,,,,,,,,,,,,,,",
            ",,,,,,,,,,,,,,,,,,,,,,,,",
            ",,,,,,,,,,,,,,,,,,,,,,,,",
            ",,,,,,,,,,,,,,,,,,,,,,,,",
            ",,,,,,,,,,,,,,,,,,,,,,,,",
            ",,,,,,,,,,,,,,,,,,,,,,,,",
            ",,,,,,,,,,,,,,,,,,,,,,,,",
            ",,,,,,,,,,,,,,,,,,,,,,,,",
            ",,,,,,,,,,,,,,,,,,,,,,,,",
            ",,,,,,,,,,,,,,,,,,,,,,,,",
            ",,,,,,,,,,,,,,,,,,,,,,,,",
            ",,,,,,,,,,,,,,,,,,,,,,,,",
            ",,,,,,,,,,,,,,,,,,,,,,,,",
            ",,,,,,,,,,,,,,,,,,,,,,,,",
            ",,,,,,,,,,,,,,,,,,,,,,,,"
      ],
      "palettes": [ "dragon_lair" ],
      "place_nested": [
        { "chunks": [ "dragon_group_nested" ], "x": 12, "y": 12 }
      ]
    }
  } 
]