[
{
    "//": "Nested group for the dragon lairs.",
    "type": "mapgen",
    "method": "json",
    "nested_mapgen_id": "dragon_group_nested",
    "object": {
      "mapgensize": [ 24, 24 ],
      "place_nested": [
        { "chunks": [ [ "fire_dragon_lair", 25 ], [ "ice_dragon_lair", 25 ], [ "storm_dragon_lair", 25 ], [ "young_fire_dragon_lair", 25 ], [ "young_ice_dragon_lair", 25 ], [ "young_storm_dragon_lair", 25 ] ], "x": 0, "y": 0 }
      ]
    }
  },
{
    "type": "mapgen",
    "method": "json",
    "nested_mapgen_id": "fire_dragon_lair", 
    "//": "Lair of an adult red dragon.",
    "object": {
      "mapgensize": [ 24, 24 ],
      "rows": [
            "                        ",
            "                        ",
            "                        ",
            "                        ",
            "        ........        ",
            "       ..,,,,,,..       ",
            "       .,,,,,,,,.       ",
            "       .,,,,,,,,.       ",
            "       .,,,,,,,,.       ",
            "       ....x.....       ",
            "        ........        ",
            "                        ",
            "                        ",
            "                        ",
            "                        ",
            "        ........        ",
            "       ..,,,,,,..       ",
            "       ..,,,,,,..       ",
            "       ..,,,,,,..       ",
            "       ..,,,,,,..       ",
            "        ........        ",
            "                        ",
            "                        ",
            "                        "
      ],
      "terrain": { ",": "t_rock_floor", ".": "t_rock_floor" },
      "monster": { "x": { "monster": "mon_mtc_dragon_fire_adult", "chance": 100 } },
      "items": {
      ",": [ { "item": "lair_loot_generic", "chance": 100, "repeat": [ 5, 8 ] },
             { "item": "lair_loot_generic", "chance": 75, "repeat": [ 5, 8 ] },
             { "item": "lair_loot_generic", "chance": 50, "repeat": [ 5, 8 ] },
             { "item": "lair_loot_generic", "chance": 25, "repeat": [ 5, 8 ] },
             { "item": "potions_all", "chance": 25, "repeat": [ 2, 4 ] },
             { "item": "dragon_loot", "chance": 25, "repeat": [ 2, 4 ] } ]
    }
    }
  },
{
    "type": "mapgen",
    "method": "json",
    "nested_mapgen_id": "ice_dragon_lair", 
    "//": "Lair of an adult ice dragon.",
    "object": {
      "mapgensize": [ 24, 24 ],
      "rows": [
            "                        ",
            "                        ",
            "                        ",
            "                        ",
            "        ........        ",
            "       ..,,,,,,..       ",
            "       .,,,,,,,,.       ",
            "       .,,,,,,,,.       ",
            "       .,,,,,,,,.       ",
            "       ....x.....       ",
            "        ........        ",
            "                        ",
            "                        ",
            "                        ",
            "                        ",
            "        ........        ",
            "       ..,,,,,,..       ",
            "       ..,,,,,,..       ",
            "       ..,,,,,,..       ",
            "       ..,,,,,,..       ",
            "        ........        ",
            "                        ",
            "                        ",
            "                        "
      ],
      "terrain": { ",": "t_rock_floor", ".": "t_rock_floor" },
      "monster": { "x": { "monster": "mon_mtc_dragon_ice_adult", "chance": 100 } },
      "items": {
      ",": [ { "item": "lair_loot_generic", "chance": 100, "repeat": [ 5, 8 ] },
             { "item": "lair_loot_generic", "chance": 75, "repeat": [ 5, 8 ] },
             { "item": "lair_loot_generic", "chance": 50, "repeat": [ 5, 8 ] },
             { "item": "lair_loot_generic", "chance": 25, "repeat": [ 5, 8 ] },
             { "item": "potions_all", "chance": 25, "repeat": [ 2, 4 ] },
             { "item": "dragon_loot", "chance": 25, "repeat": [ 2, 4 ] }  ]
    }
    }
  },
{
    "type": "mapgen",
    "method": "json",
    "nested_mapgen_id": "storm_dragon_lair", 
    "//": "Lair of an adult storm dragon.",
    "object": {
      "mapgensize": [ 24, 24 ],
      "rows": [
            "                        ",
            "                        ",
            "                        ",
            "                        ",
            "        ........        ",
            "       ..,,,,,,..       ",
            "       .,,,,,,,,.       ",
            "       .,,,,,,,,.       ",
            "       .,,,,,,,,.       ",
            "       ....x.....       ",
            "        ........        ",
            "                        ",
            "                        ",
            "                        ",
            "                        ",
            "        ........        ",
            "       ..,,,,,,..       ",
            "       ..,,,,,,..       ",
            "       ..,,,,,,..       ",
            "       ..,,,,,,..       ",
            "        ........        ",
            "                        ",
            "                        ",
            "                        "
      ],
      "terrain": { ",": "t_rock_floor", ".": "t_rock_floor" },
      "monster": { "x": { "monster": "mon_mtc_dragon_storm_adult", "chance": 100 } },
      "items": {
      ",": [ { "item": "lair_loot_generic", "chance": 100, "repeat": [ 5, 8 ] },
             { "item": "lair_loot_generic", "chance": 75, "repeat": [ 5, 8 ] },
             { "item": "lair_loot_generic", "chance": 50, "repeat": [ 5, 8 ] },
             { "item": "lair_loot_generic", "chance": 25, "repeat": [ 5, 8 ] },
             { "item": "potions_all", "chance": 25, "repeat": [ 2, 4 ] },
             { "item": "dragon_loot", "chance": 25, "repeat": [ 2, 4 ] }  ]
    }
    }
  },
{
    "type": "mapgen",
    "method": "json",
    "nested_mapgen_id": "young_fire_dragon_lair", 
    "//": "Lair of a young fire dragon.",
    "object": {
      "mapgensize": [ 24, 24 ],
      "rows": [
            "                        ",
            "                        ",
            "                        ",
            "                        ",
            "        ........        ",
            "       ..........       ",
            "       ...,,,,...       ",
            "       ...,,,,...       ",
            "       ...,,,,...       ",
            "       ....x.....       ",
            "        ........        ",
            "                        ",
            "                        ",
            "                        ",
            "                        ",
            "                        ",
            "                        ",
            "                        ",
            "                        ",
            "                        ",
            "                        ",
            "                        ",
            "                        ",
            "                        "
      ],
      "terrain": { ",": "t_rock_floor", ".": "t_rock_floor" },
      "monster": { "x": { "monster": "mon_mtc_dragon_fire_young", "chance": 100 } },
      "items": {
      ",": [ { "item": "lair_loot_generic", "chance": 100, "repeat": [ 2, 4 ] },
             { "item": "lair_loot_generic", "chance": 75, "repeat": [ 2, 4 ] },
             { "item": "lair_loot_generic", "chance": 50, "repeat": [ 2, 4 ] },
             { "item": "lair_loot_generic", "chance": 25, "repeat": [ 2, 4 ] },
             { "item": "potions_all", "chance": 25, "repeat": [ 1, 2 ] },
             { "item": "dragon_loot", "chance": 25, "repeat": [ 1, 2 ] }  ]
    }
    }
  },
{
    "type": "mapgen",
    "method": "json",
    "nested_mapgen_id": "young_ice_dragon_lair", 
    "//": "Lair of an young ice dragon.",
    "object": {
      "mapgensize": [ 24, 24 ],
      "rows": [
            "                        ",
            "                        ",
            "                        ",
            "                        ",
            "        ........        ",
            "       ..........       ",
            "       ...,,,,...       ",
            "       ...,,,,...       ",
            "       ...,,,,...       ",
            "       ....x.....       ",
            "        ........        ",
            "                        ",
            "                        ",
            "                        ",
            "                        ",
            "                        ",
            "                        ",
            "                        ",
            "                        ",
            "                        ",
            "                        ",
            "                        ",
            "                        ",
            "                        "
      ],
      "terrain": { ",": "t_rock_floor", ".": "t_rock_floor" },
      "monster": { "x": { "monster": "mon_mtc_dragon_ice_young", "chance": 100 } },
      "items": {
      ",": [ { "item": "lair_loot_generic", "chance": 100, "repeat": [ 2, 4 ] },
             { "item": "lair_loot_generic", "chance": 75, "repeat": [ 2, 4 ] },
             { "item": "lair_loot_generic", "chance": 50, "repeat": [ 2, 4 ] },
             { "item": "lair_loot_generic", "chance": 25, "repeat": [ 2, 4 ] },
             { "item": "potions_all", "chance": 25, "repeat": [ 1, 2 ] },
             { "item": "dragon_loot", "chance": 25, "repeat": [ 1, 2 ] }  ]
    }
    }
  },
{
    "type": "mapgen",
    "method": "json",
    "nested_mapgen_id": "young_storm_dragon_lair", 
    "//": "Lair of an young storm dragon.",
    "object": {
      "mapgensize": [ 24, 24 ],
      "rows": [
            "                        ",
            "                        ",
            "                        ",
            "                        ",
            "        ........        ",
            "       ..........       ",
            "       ...,,,,...       ",
            "       ...,,,,...       ",
            "       ...,,,,...       ",
            "       ....x.....       ",
            "        ........        ",
            "                        ",
            "                        ",
            "                        ",
            "                        ",
            "                        ",
            "                        ",
            "                        ",
            "                        ",
            "                        ",
            "                        ",
            "                        ",
            "                        ",
            "                        "
      ],
      "terrain": { ",": "t_rock_floor", ".": "t_rock_floor" },
      "monster": { "x": { "monster": "mon_mtc_dragon_storm_young", "chance": 100 } },
      "items": {
      ",": [ { "item": "lair_loot_generic", "chance": 100, "repeat": [ 2, 4 ] },
             { "item": "lair_loot_generic", "chance": 75, "repeat": [ 2, 4 ] },
             { "item": "lair_loot_generic", "chance": 50, "repeat": [ 2, 4 ] },
             { "item": "lair_loot_generic", "chance": 25, "repeat": [ 2, 4 ] },
             { "item": "potions_all", "chance": 25, "repeat": [ 1, 2 ] },
             { "item": "dragon_loot", "chance": 25, "repeat": [ 1, 2 ] }  ]
    }
    }
  }
]