[
 {
    "type": "SPELL",
    "id": "mace_effect",
    "name": "summon mace",
    "description": "summons a mace for Animate Weapon",
    "valid_targets": [ "ground" ],
    "min_damage": 1,
    "max_damage": 1,
    "damage_increment": 0,
    "min_range": 3,
    "max_range": 6,
    "range_increment": 0.2,
    "min_aoe": 1,
    "max_aoe": 4,
    "aoe_increment": 0.2,
    "base_casting_time": 0,
    "difficulty": 0,
    "max_level": 15,
    "base_energy_cost": 0,
    "energy_source": "MANA",
    "shape": "blast",
    "effect": "summon",
    "effect_str": "animated_mace",
    "min_duration": 3000,
    "max_duration": 15000,
    "duration_increment": 400
  },
  {
    "type": "SPELL",
    "id": "sword_effect",
    "name": "summon sword",
    "description": "summons a sword for Animate Weapon",
    "valid_targets": [ "ground" ],
    "min_damage": 1,
    "max_damage": 1,
    "damage_increment": 0,
    "min_range": 3,
    "max_range": 6,
    "range_increment": 0.2,
    "min_aoe": 1,
    "max_aoe": 4,
    "aoe_increment": 0.2,
    "base_casting_time": 0,
    "difficulty": 0,
    "max_level": 15,
    "base_energy_cost": 0,
    "energy_source": "MANA",
    "shape": "blast",
    "effect": "summon",
    "effect_str": "animated_sword",
    "min_duration": 3000,
    "max_duration": 15000,
    "duration_increment": 400
  }
]