[
{
    "type": "npc",
    "id": "apprentice_mage",
    "name_suffix": "apprentice mage",
    "class": "NPC_MAGE_APPRENTICE",
    "attitude": 0,
    "mission": 3,
    "chat": "TALK_NPC_APPRENTICE_MAGE",
    "mission_offered": [ "MISSION_BOTCHED_NECROMANCY", "MISSION_GET_PAPER" ],
    "faction": "kingdom"
  },
{
    "type": "npc",
    "id": "receptionist",
    "name_suffix": "receptionist",
    "class": "NPC_MAGE_APPRENTICE",
    "attitude": 0,
    "mission": 3,
    "chat": "TALK_RECEPTIONIST",
    "faction": "kingdom"
  }, 
{
    "type": "npc",
    "id": "academy_apprentice",
    "name_suffix": "apprentice mage",
    "class": "NPC_MAGE_APPRENTICE",
    "attitude": 0,
    "mission": 3,
    "chat": "TALK_ACADEMY_APPRENTICE",
    "mission_offered": [ "MISSION_GET_PAPER" ],
    "faction": "kingdom"
  },
{
    "type": "npc",
    "id": "first_year_instructor",
    "class": "NPC_FIRST_INSTRUCTOR",
    "attitude": 0,
    "mission": 3,
    "chat": "TALK_INSTRUCTOR_Y1",
    "mission_offered": [ "MISSION_FIRST_LESSON" ],
    "faction": "kingdom"
  },
{
    "type": "npc",
    "id": "second_year_instructor",
    "class": "NPC_SECOND_INSTRUCTOR",
    "attitude": 0,
    "mission": 3,
    "chat": "TALK_INSTRUCTOR_Y2",
    "mission_offered": [ "MISSION_MAGIC_LESSONS_II" ],
    "faction": "kingdom"
  },
{
    "type": "npc",
    "id": "third_year_instructor",
    "class": "NPC_THIRD_INSTRUCTOR",
    "attitude": 0,
    "mission": 3,
    "chat": "TALK_INSTRUCTOR_Y3",
    "mission_offered": [ "MISSION_MAGIC_LESSONS_II" ],
    "faction": "kingdom"
  },
{
    "type": "npc",
    "id": "fourth_year_instructor",
    "class": "NPC_FOURTH_INSTRUCTOR",
    "attitude": 0,
    "mission": 3,
    "chat": "TALK_INSTRUCTOR_Y4",
    "mission_offered": [ "MISSION_MAGIC_LESSONS_II" ],
    "faction": "kingdom"
  },
{
    "type": "npc",
    "id": "infusion_instructor",
    "class": "NPC_INFUSION_INSTRUCTOR",
    "attitude": 0,
    "mission": 3,
    "chat": "TALK_INSTRUCTOR_INFUSION",
    "mission_offered": [ "MISSION_MAGIC_LESSONS" ],
    "faction": "kingdom"
  },
{
    "type": "npc",
    "id": "alchemy_instructor",
    "class": "NPC_ALCHEMY_INSTRUCTOR",
    "attitude": 0,
    "mission": 3,
    "chat": "TALK_ALCHEMY_INSTRUCTOR",
    "mission_offered": [ "MISSION_ALCHEMY_LESSONS" ],
    "faction": "kingdom"
  },
{
    "type": "npc",
    "id": "academy_tatoo_artist",
    "name_suffix": "apprentice mage",
    "class": "NPC_MAGE_APPRENTICE",
    "attitude": 0,
    "mission": 3,
    "chat": "TALK_NPC_ACADEMY_TATOO_ARTIST",
    "mission_offered": [ "MISSION_GET_MAGIC_INK" ],
    "faction": "kingdom"
  },
{
    "type": "npc",
    "id": "academy_librarian",
    "name_suffix": "librarian",
    "class": "NPC_ACADEMY_LIBRARIAN",
    "attitude": 0,
    "mission": 3,
    "chat": "TALK_NPC_ACADEMY_LIBRARIAN",
    "faction": "kingdom"
  },
{
    "type": "npc",
    "id": "academy_infusionist",
    "name_suffix": "apprentice mage",
    "class": "NPC_ACADEMY_INFUSIONIST",
    "attitude": 0,
    "mission": 3,
    "chat": "TALK_NPC_ACADEMY_INFUSIONIST",
    "faction": "kingdom"
  },
{
    "type": "npc",
    "id": "academy_magic_item_seller",
    "name_suffix": "apprentice mage",
    "class": "NPC_ACADEMY_MAGIC_ITEM_SELL",
    "attitude": 0,
    "mission": 3,
    "chat": "TALK_NPC_ACADEMY_INFUSIONIST",
    "faction": "kingdom"
  },
{
    "type": "npc",
    "id": "silver_ivy_dean",
    "name_suffix": "dean",
    "class": "NPC_FOURTH_INSTRUCTOR",
    "attitude": 0,
    "mission": 3,
    "chat": "TALK_ACADEMY_DEAN",    
    "mission_offered": [ "MISSION_DEAN_1" ],
    "faction": "kingdom"
  }        
]