[
{
    "id": "claygolem_inactive",
    "type": "TOOL",
    "name": { "str": "stationary clay golem" },
    "description": "This is a gargantuan statue made of clay, embedded with mystical runes. It can be animated with proper skill.",
    "weight": "122 kg",
    "volume": "120 L",
    "bashing": 4,
    "cutting": 4,
    "to_hit": -3,
    "price": 50000,
    "material": [ "clay" ],
    "symbol": "g",
    "color": "brown",
    "use_action": {
      "type": "place_monster",
      "monster_id": "mon_clay_golem",
      "friendly_msg": "The statue rises!",
      "hostile_msg": "The statue rises, and lets out a shout!",
      "difficulty": 0,
      "moves": 60,
      "place_randomly": true,
      "skills": [ "spellcraft" ]
    }
  },
{
    "id": "stonegolem_inactive",
    "type": "TOOL",
    "name": { "str": "stationary stone golem" },
    "description": "This is a gargantuan statue carved of stone, embedded with mystical runes. It can be animated with proper skill.",
    "weight": "162 kg",
    "volume": "120 L",
    "bashing": 6,
    "cutting": 6,
    "to_hit": -3,
    "price": 80000,
    "material": [ "stone" ],
    "symbol": "g",
    "color": "light_gray",
    "use_action": {
      "type": "place_monster",
      "monster_id": "mon_stone_golem",
      "friendly_msg": "The statue rises!",
      "hostile_msg": "The statue rises, and lets out a shout!",
      "difficulty": 0,
      "moves": 60,
      "place_randomly": true,
      "skills": [ "spellcraft" ]
    }
  },
{
    "id": "irongolem_inactive",
    "type": "TOOL",
    "name": { "str": "stationary iron golem" },
    "description": "This is a gargantuan statue forged of iron, embedded with mystical runes. It can be animated with proper skill.",
    "weight": "200 kg",
    "volume": "120 L",
    "bashing": 8,
    "cutting": 8,
    "to_hit": -3,
    "price": 100000,
    "material": [ "steel" ],
    "symbol": "g",
    "color": "light_gray",
    "use_action": {
      "type": "place_monster",
      "monster_id": "mon_iron_golem",
      "friendly_msg": "The statue rises!",
      "hostile_msg": "The statue rises, and lets out a shout!",
      "difficulty": 0,
      "moves": 60,
      "place_randomly": true,
      "skills": [ "spellcraft" ]
    }
  },
{
    "id": "ghost_ward",
    "type": "TOOL",
    "name": { "str": "spirit ward" },
    "description": "This is a sheet of paper, engraved with geometric runes. Using it will summon a spirit, though it may be hostile without proper skill in magic.",
    "weight": "3 g",
    "volume": "1 ml",
    "bashing": 8,
    "cutting": 8,
    "to_hit": -3,
    "price": 2000,
    "material": [ "paper" ],
    "symbol": "#",
    "color": "light_gray",
    "use_action": {
      "type": "place_monster",
      "monster_id": "mon_mtc_ghost",
      "friendly_msg": "A spirit appears!",
      "hostile_msg": "A spirit appears, and turns to face you!",
      "difficulty": 2,
      "moves": 100,
      "place_randomly": true,
      "skills": [ "spellcraft" ]
    }
  }
]