[
{
    "id": "wand_template",
    "type": "TOOL",
    "name": { "str": "wand template", "str_pl": "wand template" },
    "description": "A generic magic wand.",
    "weight": "250 g",
    "volume": "500 ml",
    "price": 10000,
    "to_hit": 1,
    "bashing": 8,
    "material": [ "wood" ],
    "symbol": "/",
    "color": "brown",
    "techniques": [ "WBLOCK_1" ],
    "charges_per_use": 1,
    "pocket_data": [ { "pocket_type": "MAGAZINE", "ammo_restriction": { "crystallized_mana": 5 }, "rigid": true } ],
    "flags": [ "MAGIC_FOCUS", "NO_UNLOAD" ]
  } 
]