[
{
    "id": "fire_sigil",
    "type": "TOOL",
    "name": { "str": "flame sigil" },
    "description": "A sheet of paper inked with geometric patterns, which glow with a red hue.",
    "weight": "3 g",
    "volume": "1 ml",
    "price": 4000,
    "to_hit": -3,
    "material": [ "paper" ],
    "symbol": ";",
    "color": "white",
    "use_action": {
      "type": "place_trap",
      "allow_underwater": false,
      "trap": "tr_fire_sigil",
      "moves": 150,
      "practice": 2,
      "done_message": "You cast the sigil face up, so that it is uniform with the %s."
    }
  },
{
    "id": "frost_sigil",
    "type": "TOOL",
    "name": { "str": "frost sigil" },
    "description": "A sheet of paper inked with geometric patterns, which glow with a blue hue.",
    "weight": "3 g",
    "volume": "1 ml",
    "price": 4000,
    "to_hit": -3,
    "material": [ "paper" ],
    "symbol": ";",
    "color": "white",
    "use_action": {
      "type": "place_trap",
      "allow_underwater": true,
      "trap": "tr_frost_sigil",
      "moves": 150,
      "practice": 2,
      "done_message": "You cast the sigil face up, so that it is uniform with the %s."
    }
  }, 
{
    "id": "electric_sigil",
    "type": "TOOL",
    "name": { "str": "shock sigil" },
    "description": "A sheet of paper inked with geometric patterns, which glow with a dark blue hue.",
    "weight": "3 g",
    "volume": "1 ml",
    "price": 4000,
    "to_hit": -3,
    "material": [ "paper" ],
    "symbol": ";",
    "color": "white",
    "use_action": {
      "type": "place_trap",
      "allow_underwater": true,
      "trap": "tr_electric_sigil",
      "moves": 150,
      "practice": 2,
      "done_message": "You cast the sigil face up, so that it is uniform with the %s."
    }
  },
{
    "id": "smoke_sigil",
    "type": "TOOL",
    "name": { "str": "smoke sigil" },
    "description": "A sheet of paper inked with geometric patterns, which glow with a gray hue.",
    "weight": "3 g",
    "volume": "1 ml",
    "price": 4000,
    "to_hit": -3,
    "material": [ "paper" ],
    "symbol": ";",
    "color": "white",
    "use_action": {
      "type": "place_trap",
      "allow_underwater": true,
      "trap": "tr_smoke_sigil",
      "moves": 150,
      "practice": 2,
      "done_message": "You cast the sigil face up, so that it is uniform with the %s."
    }
  },
{
    "id": "gas_sigil",
    "type": "TOOL",
    "name": { "str": "gas sigil" },
    "description": "A sheet of paper inked with geometric patterns, which glow with a light green hue.",
    "weight": "3 g",
    "volume": "1 ml",
    "price": 4000,
    "to_hit": -3,
    "material": [ "paper" ],
    "symbol": ";",
    "color": "white",
    "use_action": {
      "type": "place_trap",
      "allow_underwater": true,
      "trap": "tr_gas_sigil",
      "moves": 150,
      "practice": 2,
      "done_message": "You cast the sigil face up, so that it is uniform with the %s."
    }
  },
{
    "id": "acid_sigil",
    "type": "TOOL",
    "name": { "str": "acrid sigil" },
    "description": "A sheet of paper inked with geometric patterns, which glow with a light green hue.",
    "weight": "3 g",
    "volume": "1 ml",
    "price": 4000,
    "to_hit": -3,
    "material": [ "paper" ],
    "symbol": ";",
    "color": "white",
    "use_action": {
      "type": "place_trap",
      "allow_underwater": true,
      "trap": "tr_acid_sigil",
      "moves": 150,
      "practice": 2,
      "done_message": "You cast the sigil face up, so that it is uniform with the %s."
    }
  },
{
    "id": "bile_sigil",
    "type": "TOOL",
    "name": { "str": "bile sigil" },
    "description": "A sheet of paper inked with geometric patterns, which glow with a pink hue.",
    "weight": "3 g",
    "volume": "1 ml",
    "price": 4000,
    "to_hit": -3,
    "material": [ "paper" ],
    "symbol": ";",
    "color": "white",
    "use_action": {
      "type": "place_trap",
      "allow_underwater": true,
      "trap": "tr_bile_sigil",
      "moves": 150,
      "practice": 2,
      "done_message": "You cast the sigil face up, so that it is uniform with the %s."
    }
  },
{
    "id": "web_sigil",
    "type": "TOOL",
    "name": { "str": "web sigil" },
    "description": "A sheet of paper inked with geometric patterns, which glow with a light gray hue.",
    "weight": "3 g",
    "volume": "1 ml",
    "price": 4000,
    "to_hit": -3,
    "material": [ "paper" ],
    "symbol": ";",
    "color": "white",
    "use_action": {
      "type": "place_trap",
      "allow_underwater": true,
      "trap": "tr_web_sigil",
      "moves": 150,
      "practice": 2,
      "done_message": "You cast the sigil face up, so that it is uniform with the %s."
    }
  }
]