[
  {
    "type": "snippet",
    "category": "epilogue_factions",
    "text": [
      {
        "id": "epilogue_faction_kingdom_0",
        "text": "Your corpse is eventually discovered, and buried within a small cemetary. The world moves on, unfazed by your passing."
      },
      {
        "id": "epilogue_faction_kingdom_150",
        "text": "Your corpse is eventually discovered, and buried within a small cemetary. Several townspeople attend your funeral, and they tell stories of you to their heirs."
      },
      {
        "id": "epilogue_faction_kingdom_300",
        "text": "Following your death, a large portion of the town come to mourn your passing. You are remebered as a local hero, and a statue is erected in your image."
      },
      {
        "id": "epilogue_faction_kingdom_600",
        "text": "Following your passing, the townspeople come in droves to your memorial, many weep for you. News of your deads spread throughout the region, and you are recorded as a brave individual of tenacity and will."
      },
      {
        "id": "epilogue_faction_kingdom_1000",
        "text": "You are entombed within a decorated grave at a church. You are remembered far and wide as a brave hero; of strength and determination."
      },
      {
        "id": "epilogue_faction_kingdom_5000",
        "text": "Following your passing, you are revered far and wide for your deeds. You are entombed within the gentry's masoleum, coomplete with a statue carved in your image. The generations following are told stories of you and your will."
      },
      {
        "id": "epilogue_faction_blank",
        "text": "     "
      }
    ]
  }
]