[
  {
    "type": "snippet",
    "category": "epilogue_npc_male",
    "text": [
      {
        "id": "epilogue_male_1",
        "text": "Following your death, he renounced the adventerous lifestyle, settling down in a city as a craftsman. He died years later of old age, and was survived by several children."
      }
    ]
  },
  {
    "type": "snippet",
    "category": "epilogue_npc_female",
    "text": [
      {
        "id": "epilogue_female_1",
        "text": "Following your death, she renounced the adventerous lifestyle, settling down in a city as a craftswoman. She died years later of old age, and was survived by several children."
      }
    ]
  }
]
