[
 {
    "id": "TALK_MEMBER",
    "type": "talk_topic",
    "dynamic_line": [ "<greet>" ],
    "responses": [ { "text": "<greet> How are you?", "topic": "TALK_INQUIRY" } ]
  },
  {
    "id": "TALK_INQUIRY",
    "type": "talk_topic",
    "dynamic_line": [ "Oh, feeling <good>." ],
    "responses": [ { "text": "Good.", "topic": "TALK_TOPICS" } ]
  },
  {
    "id": "TALK_INSULT",
    "type": "talk_topic",
    "dynamic_line": [ "You <name_b>." ],
    "responses": [ { "text": "...", "topic": "TALK_DONE" } ]
  },
  {
    "id": "TALK_TOPICS",
    "type": "talk_topic",
    "dynamic_line": [ "So, what can I do for you?" ],
    "responses": [ { "text": "Oh, nothing", "topic": "TALK_DONE" },
                   { "text": "What is your opinion upon this place?", "topic": "TALK_THOUGHTS" } ]
  },
  {
    "id": "TALK_THOUGHTS",
    "type": "talk_topic",
    "dynamic_line": [ "I feel like I belong, like I've found some greater purpose in life." ],
    "responses": [ { "text": "Hmmm.", "topic": "TALK_NONE" } ]
  }
]