[
 {
    "id": "TALK_RECRUITER",
    "type": "talk_topic",
    "dynamic_line": [ "Hello" ],
    "responses": [ { "text": "Hello. What are you doing?", "topic": "TALK_ACTIVITY" } ]
  },
  {
    "id": "TALK_ACTIVITY",
    "type": "talk_topic",
    "dynamic_line": [ "Nothing much, really. Would you like to know something?" ],
    "responses": [ { "text": "Yes, I would.", "topic": "TALK_CULT2" }, 
                   { "text": "No thanks.", "topic": "TALK_NO" } ]
  },
  {
    "id": "TALK_NO",
    "type": "talk_topic",
    "dynamic_line": [ "Well, what a shame. Enjoy your day." ],
    "responses": [ { "text": "You too.", "topic": "TALK_DONE" } ]
  },
  {
    "id": "TALK_CULT2",
    "type": "talk_topic",
    "dynamic_line": [ "Have you heard any rumours of a cult afoot? Going about, recruiting new members and whatnot?" ],
    "responses": [ { "text": "Yes, I have.", "topic": "TALK_CULT3" } ]
  },
  {
    "id": "TALK_CULT3",
    "type": "talk_topic",
    "dynamic_line": [ "Well, the rumours are mostly false. They don't kidnap people and sacrifice them, nor are they evil. They are, however, quite secretive about their organization." ],
    "responses": [ { "text": "Go on.", "topic": "TALK_CULT4" } ]
  },
  {
    "id": "TALK_CULT4",
    "type": "talk_topic",
    "dynamic_line": [ "From curiosity, would you ever wish to join one like it?" ],
    "responses": [
      { "text": "Yes.", "topic": "TALK_MISSION_LIST" },
      { "text": "No.", "topic": "TALK_CULT_DISMISSAL" } ]
  },
  {
    "id": "TALK_CULT_DISMISSAL",
    "type": "talk_topic",
    "dynamic_line": [ "Seems reasonable. I've gotta go." ],
    "responses": [ { "text": "Goodbye.", "topic": "TALK_DONE" } ]
  },
  {
    "type": "talk_topic",
    "id": "TALK_CULT4",
    "responses": [
      {
        "text": "About the directions...",
        "topic": "TALK_MISSION_INQUIRE",
        "condition": { "u_has_mission": "MISSION_JOIN_CULT" } 
      },
      {
        "text": "About those various directions...",
        "topic": "TALK_MISSION_LIST_ASSIGNED",
      "condition": { "u_has_mission": "MISSION_JOIN_CULT" } 
      }
    ]
}
]