[
{
    "id": "TALK_CAPTAIN", 
    "type": "talk_topic",
    "dynamic_line": [ "<greet>" ],
    "responses": [ { 
                     "text": "<greet>.",  
                     "topic": "TALK_GREET2" },
                   {
        "text": "What now, my liege?",
        "topic": "TALK_MISSION_OFFER",
        "condition": { "u_has_var": "joined_defenders", "type": "dialogue", "context": "captain" }
                   },
                   {
        "text": "Can you teach me?",
        "topic": "TALK_TRAIN_FORCE",
        "condition": { "u_has_var": "TRAIN_ELIGEBLE", "type": "general", "context": "mission" }
                   } ]
   },
{
    "id": "TALK_GREET2", 
    "type": "talk_topic",
    "dynamic_line": [ "What do you need?" ],
    "responses": [ { 
                     "text": "Who are you?",  
                     "topic": "TALK_IDENTITY" },
                   { 
                     "text": "I gotta go.",  
                     "topic": "TALK_DONE" },
                   {
        "text": "What now, my liege?",
        "topic": "TALK_MISSION_OFFER",
        "condition": { "u_has_var": "joined_defenders", "type": "dialogue", "context": "captain" }
                   },
                   {
        "text": "Can you teach me?",
        "topic": "TALK_TRAIN",
        "condition": { "u_has_var": "TRAIN_ELIGEBLE", "type": "general", "context": "mission" }
                   } ]
   },
{
    "id": "TALK_IDENTITY", 
    "type": "talk_topic",
    "dynamic_line": [ "I'm the captain of the guard here. I make sure nothing bad happens to us, that we're not found out; that sort of thing." ],
    "responses": [ { 
                     "text": "Is there any way I could join?",  
                     "topic": "TALK_CULT_JOBS",
                     "condition": { "not": { "u_has_var": "joined_defenders", "type": "dialogue", "context": "captain" } },
                     "effect": { "u_add_var": "joined_defenders", "type": "dialogue", "context": "captain", "value": "yes" } },
                   { 
                     "text": "Hmm.",  
                     "topic": "TALK_NONE" } ]
   }
]