[
 {
    "id": "TALK_ELDER", 
    "type": "talk_topic",
    "dynamic_line": [ { "u_has_var": "known", 
                        "type": "dialogue", 
                        "context": "elder", 
                        "value": "yes", 
                        "no": "<greet> Who are you?", "yes": "<greet>" } ],
    "responses": [ { 
                     "text": "<greet> I came to speak.",  
                     "topic": "TALK_GREET",
                     "effect": { "u_add_var": "known", "type": "dialogue", "context": "elder", "value": "yes" } } ]
   },
  {
    "id": "TALK_GREET",
    "type": "talk_topic",
    "dynamic_line": [ { "u_has_var": "known", 
                        "type": "dialogue", 
                        "context": "elder", 
                        "value": "yes", 
                        "no": "Oh, a pleasure to meet you. Come, sit, let us talk.", "yes": "Come, sit." } ],
    "responses": [ { "text": "Thank you.", "topic": "TALK_TOPICS5" },
                   { "text": "Perhaps not.", "topic": "TALK_DONE" } ]
  },
  {
    "id": "TALK_TOPICS5",
    "type": "talk_topic",
    "dynamic_line": [ "So, what is it you desire?" ],
    "responses": [
                   { "text": "Your robes seem highly decorated, what do you do?", "topic": "TALK_LEAD" },
                   { "text": "I gotta go.", "topic": "TALK_DONE" } ]
  },
  {
    "id": "TALK_LEAD",
    "type": "talk_topic",
    "dynamic_line": [ "I am the Elder, leader of our glorious sect. I oversee and conduct all that which occurs here." ],
    "responses": [ 
                   {
        "switch": true,
        "default": true,
        "text": "How did you come to acquire such a position?",
        "trial": { "type": "PERSUADE", "difficulty": -1 },
        "success": { "topic": "TALK_POSITION", "opinion": { "trust": 1, "value": 1 } },
        "failure": { "topic": "TALK_WORK" }
      },
      { "text": "With your position, is there anything I can do for you?", "topic": "TALK_CULT_JOBS", "condition": { "u_is_wearing": "cult_robes_ritual" } } ]
  },
  {
    "id": "TALK_WORK",
    "type": "talk_topic",
    "dynamic_line": [ "It is a long tale, and I have work to do." ],
    "responses": [ { "text": "Okay.", "topic": "TALK_DONE" } ]
  },
  {
    "id": "TALK_POSITION",
    "type": "talk_topic",
    "dynamic_line": [ "I was a Communer once, and advanced to the position of Elder following the passing of our founder; my predicesor." ],
    "responses": [ { "text": "How did your predicessor die?", "topic": "TALK_HISTORY" } ]
  },
  {
    "id": "TALK_HISTORY",
    "type": "talk_topic",
    "dynamic_line": [ "Several years ago, our founder and origional Elder was gifted an otherwolrdly artifact, the Archaesth. It contains vast knowledge of other planes, magics, rituals, ecetera. I myself have read it in full. With time, they told others of their gift, and formed our sect to worship those who gave us. In time, it grew, and they could no longer host secret meetings within town. As such, this sanctuary was formed." ],
    "responses": [ { "text": "Go on.", "topic": "TALK_HISTORY2" } ]
  },
  {
    "id": "TALK_HISTORY2",
    "type": "talk_topic",
    "dynamic_line": [ "We continued our rites and meditation, acquiring more knowledge from the Elder Ones. Such was a glorious time, I do say. We filled the Hall with artifacts, and grew more than ever. Alas, it came to an end." ],
    "responses": [ { "text": "How?", "topic": "TALK_HISTORY3" } ]
  },
  {
    "id": "TALK_HISTORY3",
    "type": "talk_topic",
    "dynamic_line": [ "Several members began to dislike the direction we went. They belived restraint was nessecary, that we were asking to much of the patrons. So, they rose a rebellion to overthrow the founder, and sieze control. However, they were few in number, and those who remained loyal ended the rebellion, though not without loss." ],
    "responses": [ { "text": "Go on.", "topic": "TALK_HISTORY4" } ]
  },
  {
    "id": "TALK_HISTORY4",
    "type": "talk_topic",
    "dynamic_line": [ "They employed our own magics against us, and the sanctuary was nearly destroyed. My predicesor passed in combat when their spell misfired. Afterwards, I advanced to Elder, and guided the reconstitution of our organization. We excavated a small tomb, and buried the dead of combat therein, where our founder now rests." ],
    "responses": [ { "text": "Oh my. Thank you.", "topic": "TALK_TOPICS5" } ]
  }
]