[
{
    "method": "json",
    "om_terrain": "blank_mineshaft",
    "//": "Blank pallette for mines.",
    "type": "mapgen",
    "weight": 100,
    "object": {
      "fill_ter": "t_rock_floor",
      "rows": [
            "###########rrr##########",
            "###########rqr##########",
            "###########rrr##########",
            "rrrrrrrrrrrrrrrrrrrrrrrr",
            "rrrrrrrrrrrrrrrrrrrrrrrr",
            "###########rrr##########",
            "###########rrr##########",
            "###########rrr##########",
            "###########rqr##########",
            "###########rrr##########",
            "###########rrr##########",
            "###########rrr##########",
            "###########rrr##########",
            "rrrrrrrrrrrrqrrrrrrrrrrr",
            "rrrrrrrrrrrrrrrrrrrrrrrr",
            "###########rrr##########",
            "###########rrr##########",
            "###########rrr##########",
            "###########rrr##########",
            "###########rqr##########",
            "###########rrr##########",
            "rrrrrrrrrrrrrrrrrrrrrrrr",
            "rrrrrrrrrrrrrrrrrrrrrrrr",
            "###########rrr##########"
      ],
      "palettes": [ "mine_mtc" ],
      "place_nested": [
        { "chunks": [ "ore_veins" ], "x": 0, "y": 6 },
        { "chunks": [ "ore_veins" ], "x": 16, "y": 6 },
        { "chunks": [ "ore_veins" ], "x": 0, "y": 15 },
        { "chunks": [ "ore_veins" ], "x": 16, "y": 15 }
      ]
    }
  },
{
    "method": "json",
    "om_terrain": "blank_mineshaft_down",
    "//": "Blank pallette for mines.",
    "type": "mapgen",
    "weight": 100,
    "object": {
      "fill_ter": "t_rock_floor",
      "rows": [
            "##########rrr###########",
            "##########rrr###qrrrq###",
            "##########rrr##rr>>rr###",
            "##########rrr#rrrrrrrr##",
            "##########rrr#rrrrrrrr##",
            "##########rqr##rrrrqrr##",
            "##########rrr###rrr#####",
            "##########rr1##rrrr#####",
            "##########rrrrrrrrr#####",
            "##########rrrrqrr#######",
            "##########rrr###########",
            "##########rrr##ssssss###",
            "##########rrrr#sqrths###",
            "##########rrrrrdrrr2s###",
            "##########rqrr#srrrrs###",
            "##########rrr##ssssss###",
            "##########rrr###########",
            "##########rrr###########",
            "##########1rr###########",
            "##########rrr###########",
            "##########rqr###########",
            "##########rrr###########",
            "##########rrr###########",
            "##########rrr###########"
      ],
      "palettes": [ "mine_mtc" ],
      "npcs": {
                "1": { "class": "generic_miner" },
                "2": { "class": "generic_mine_boss" }
		}
    }
  },
{
    "method": "json",
    "om_terrain": "blank_mineshaft_down2",
    "//": "Blank pallette for mines.",
    "type": "mapgen",
    "weight": 100,
    "object": {
      "fill_ter": "t_rock_floor",
      "rows": [
            "###########rqr##########",
            "##########rr<<r#########",
            "##########rrrrr#########",
            "rrrrrrrrrrrrrrrrrrrrrrrr",
            "rrrrrrrrrrrrrrrrrrrrrrrr",
            "###########rrr##########",
            "###########rrr##########",
            "###########rrr##########",
            "###########rqr##########",
            "###########rrr##########",
            "###########rrr##########",
            "###########rrr##########",
            "###########rrr##########",
            "rrrrrrrrrrrrqrrrrrrrrrrr",
            "rrrrrrrrrrrrrrrrrrrrrrrr",
            "###########rrr##########",
            "###########rrr##########",
            "###########rrr##########",
            "###########rrr##########",
            "###########rqr##########",
            "###########rrr##########",
            "rrrrrrrrrrrrrrrrrrrrrrrr",
            "rrrrrrrrrrrrrrrrrrrrrrrr",
            "###########rrr##########"
      ],
      "palettes": [ "mine_mtc" ],
      "place_nested": [
        { "chunks": [ "ore_veins" ], "x": 0, "y": 6 },
        { "chunks": [ "ore_veins" ], "x": 16, "y": 6 },
        { "chunks": [ "ore_veins" ], "x": 0, "y": 15 },
        { "chunks": [ "ore_veins" ], "x": 16, "y": 15 }
      ]
    }
  },
{
    "method": "json",
    "om_terrain": "blank_mineshaft_up",
    "//": "Blank pallette for mines.",
    "type": "mapgen",
    "weight": 100,
    "object": {
      "fill_ter": "t_rock_floor",
      "rows": [
            "###########rqr##########",
            "##########rr>>r#########",
            "##########rrrrr#########",
            "rrrrrrrrrrrrrrrrrrrrrrrr",
            "rrrrrrrrrrrrrrrrrrrrrrrr",
            "###########rrr##########",
            "###########rrr##########",
            "###########rrr##########",
            "###########rqr##########",
            "###########rrr##########",
            "###########rrr##########",
            "###########rrr##########",
            "###########rrr##########",
            "rrrrrrrrrrrrqrrrrrrrrrrr",
            "rrrrrrrrrrrrrrrrrrrrrrrr",
            "###########rrr##########",
            "###########rrr##########",
            "###########rrr##########",
            "###########rrr##########",
            "###########rqr##########",
            "###########rrr##########",
            "rrrrrrrrrrrrrrrrrrrrrrrr",
            "rrrrrrrrrrrrrrrrrrrrrrrr",
            "###########rrr##########"
      ],
      "palettes": [ "mine_mtc" ],
      "place_nested": [
        { "chunks": [ "ore_veins" ], "x": 0, "y": 6 },
        { "chunks": [ "ore_veins" ], "x": 16, "y": 6 },
        { "chunks": [ "ore_veins" ], "x": 0, "y": 15 },
        { "chunks": [ "ore_veins" ], "x": 16, "y": 15 }
      ]
    }
  }
]