[
{
    "type": "mapgen",
    "method": "json",
    "om_terrain": [ "mine_surface_mtc" ],
    "weight": 100,
    "object": {
      "fill_ter": "t_floor",
	  "faction_owner": [
		{ "id": "kingdom", "x": [ 0, 23 ], "y": [ 0, 23 ] }				
      ],
      "rows": [
            "               ######   ",
            "              ##qrrrq#  ",
            "  sss sss    ##rr<<rr## ",
            "  sus sus    #1rrrrrrr# ",
            "  sds sds    #rrrrrrr1# ",
            "             ##rrrrqrr# ",
            "              ##rrr#### ",
            "               #rr##    ",
            "                ..1     ",
            "    sssssssss   ..      ",
            "    srrrrr!rs   ..      ",
            "    srrqtttts   ..      ",
            "    srrrrrrrs   ..      ",
            "    srrrrrrrs   ..      ",
            "    ssosdsoss           ",
            "                        ",
            " U           sssssssss  ",
            " U           sbsbsbsbsss",
            " U           drrrrrrrrAs",
            "             sbsbsbsbsss",
            "             sssssssss  ",
            "                        ",
            "                        ",
            "                        "
      ],
      "palettes": [ "mine_mtc" ],
      "npcs": {
		"!": { "class": "generic_mine_merchant" },
                "1": { "class": "generic_miner" }
		},
      "items": {
	  "t": [ { "item": "mine_sell_mtc", "chance": 70, "repeat": [ 12, 16 ] } ]	 
    },    
    "furniture": { "U": "f_kiln_empty" }
    }
  },
{
    "type": "mapgen",
    "method": "json",
    "om_terrain": [ "mine_roof_mtc" ],
    "weight": 100,
    "object": {
      "fill_ter": "t_floor",
	  "faction_owner": [
		{ "id": "kingdom", "x": [ 0, 23 ], "y": [ 0, 23 ] }				
      ],
      "rows": [
            "               ......   ",
            "              ........  ",
            "  ... ...    .......... ",
            "  ... ...    .......... ",
            "  ... ...    .......... ",
            "             .......... ",
            "              ......... ",
            "               .....    ",
            "                        ",
            "    .........           ",
            "    .........           ",
            "    .........           ",
            "    .........           ",
            "    .........           ",
            "    .........           ",
            "                        ",
            "             .........  ",
            "             ...........",
            "             ......... .",
            "             ...........",
            "             .........  ",
            "                        ",
            "                        ",
            "                        "
      ],
      "palettes": [ "catacombs_roof" ]      
    }
  } 
]