[
{
    "type": "mapgen",
    "method": "json",
    "nested_mapgen_id": "ore_veins",
    "object": {
      "mapgensize": [ 8, 8 ],
      "place_nested": [
        { "chunks": [ [ "iron_vein", 75 ], [ "copper_vein", 65 ], [ "silver_vein", 45 ] ], "x": 0, "y": 0 }
      ]
    }
  },
{
    "type": "mapgen",
    "method": "json",
    "nested_mapgen_id": "iron_vein",
    "object": {
      "mapgensize": [ 8, 8 ],
      "rows": [
        "        ",
        "   //   ",
        "  ////  ",
        " ////// ",
        " ////// ",
        "   //   ",
        "        ",
        "        "
      ],
      "terrain": { "/": "t_iron_vein" }
    }
    },
{
    "type": "mapgen",
    "method": "json",
    "nested_mapgen_id": "copper_vein",
    "object": {
      "mapgensize": [ 8, 8 ],
      "rows": [
        "        ",
        "        ",
        "   //   ",
        "  ////  ",
        "  ////  ",
        "   //   ",
        "        ",
        "        "
      ],
      "terrain": { "/": "t_copper_vein" }
    }
    },
{
    "type": "mapgen",
    "method": "json",
    "nested_mapgen_id": "silver_vein",
    "object": {
      "mapgensize": [ 8, 8 ],
      "rows": [
        "        ",
        "        ",
        "   //   ",
        "  ////  ",
        "  ////  ",
        "   //   ",
        "        ",
        "        "
      ],
      "terrain": { "/": "t_silver_vein" }
    }
    }   
]