[
  {
    "type": "effect_type",
    "id": "min_water_stun",
    "name": [ "Magical mineral water stun" ],
    "desc": [
      "Magical mineral water stuns you!"
    ],
    "max_intensity": 1,
    "base_mods": { "speed_mod": [ -10000 ], "per_mod": [ -15 ], "dex_mod": [ -15 ] }
  },
{
    "type": "effect_type",
    "id": "bless",
    "name": [ "Blessed" ],
    "desc": [ "You are filled with energy that improves everything you do." ],
    "apply_message": "You are filled with energy that improves everything you do!",
    "remove_message": "Your energy fades.",
    "rating": "good",
    "base_mods": { "per_mod": [ 2 ], "dex_mod": [ 2 ], "str_mod": [ 2 ], "speed_mod": [ 20 ] }
  },
{
    "type": "effect_type",
    "id": "mu_effect_bane",
    "name": [ "Bane" ],
    "desc": [ "Your body is filled with negative energy, giving you a hinderance." ],
    "apply_message": "Your body is filled with negative energy!",
    "remove_message": "The negative energy wanes and you return to normal.",
    "rating": "bad",
    "base_mods": { "dex_mod": [ -1 ], "speed_mod": [ -10 ] }
  },
 {
    "type": "effect_type",
    "id": "sp_remove",
    "name": [ "Spare the Dying" ],
    "desc": [ "Your wounds have closed, poison fades, and life returns." ],
    "apply_message": "A restorative wave washes over you!",
    "remove_message": "Your wounds disenchant.",
    "rating": "good",
    "removes_effects": [ "bleed", "bite", "poison" ]
  },
{
    "type": "effect_type",
    "id": "effect_healing",
    "name": [ "Lesser Restoration" ],
    "desc": [ "Your ailments have been lifted by an influx of divine magic." ],
    "apply_message": "Your body cleanses itself!",
    "remove_message": "The influx fades.",
    "rating": "good",
    "removes_effects": [ "bleed", "bite", "poison", "redcells_anemia", "tetanus", "common_cold", "foodpoison", "shakes", "visuals", "taint", "nausea", "dazed", "stunned", "blisters", "smoke" ]
  },
{
    "type": "effect_type",
    "id": "effect_great_healing",
    "name": [ "Greater Restoration" ],
    "desc": [ "Your ailments have been lifted by an influx of divine magic." ],
    "apply_message": "Your body cleanses itself!",
    "remove_message": "The influx fades.",
    "rating": "good",
    "removes_effects": [ "bleed", "bite", "anemia", "redcells_anemia", "hypovolemia", "poison", "badpoison", "paralyzepoison", "tetanus", "darkness", "common_cold", "flu", "blind", "deaf", "foodpoison", "smoke", "shakes", "blisters", "dermatik", "bloodworms", "paincysts", "tapeworm", "redcells_anemia", "hypovolemia", "infected", "frostbite", "visuals", "taint", "nausea", "dazed", "stunned" ]
  },
{
    "type": "effect_type",
    "id": "poison_immune",
    "name": [ "Protection from Poison" ],
    "desc": [ "A magical barrier shields thineself from poisions." ],
    "apply_message": "Your liver has been fortified!",
    "remove_message": "The magic dispels.",
    "rating": "good",
    "removes_effects": [ "poison", "badpoison", "paralyzepoison", "foodpoison", "drunk" ],
    "blocks_effects": [ "poison", "badpoison", "paralyzepoison", "foodpoison", "drunk" ]
  },
{
    "type": "effect_type",
    "id": "bio_weave",
    "name": [ "Holy Mending" ],
    "desc": [ "Immunity to bleeding and bites, increased stamina regeneration, and increased hunger and thirst gain." ],
    "remove_message": "The tension running through your flesh fades.",
    "blocks_effects": [ "bleed", "bite" ],
    "rating": "good",
    "max_duration": "5 m",
    "base_mods": {
      "hunger_min": [ 1 ],
      "hunger_chance": [ 12 ],
      "thirst_min": [ 1 ],
      "thirst_chance": [ 12 ],
      "health_min": [ 1 ],
      "health_chance": [ 4 ],
      "stamina_min": [ 40 ],
      "stamina_chance": [ 2 ]
    }
  },
{
    "id": "ench_replenishment",
    "type": "enchantment",
    "has": "WORN",
    "condition": "ALWAYS",
    "mutations": [ "REGEN" ]
  },
{
    "type": "effect_type",
    "id": "weakness",
    "name": [ "Weakened" ],
    "desc": [ "You are drained of bodily energy." ],
    "apply_message": "You feel sluggish.",
    "remove_message": "Your strength returns!",
    "rating": "bad",
    "base_mods": { "dex_mod": [ -4, -1 ], "str_mod": [ -6, -1 ], "speed_mod": [ -20, -80 ] }
  },
{
    "type": "effect_type",
    "id": "feeblemind",
    "name": [ "Feeblemind" ],
    "desc": [ "You are drained of mental energy." ],
    "apply_message": "You feel sluggish.",
    "remove_message": "Your strength returns!",
    "rating": "bad",
    "base_mods": { "per_mod": [ -4, -1 ], "int_mod": [ -6, -1 ], "speed_mod": [ -20, -80 ] }
  },
{
    "type": "effect_type",
    "id": "withering",
    "name": [ "Wasting" ],
    "desc": [ "You're wasting away!" ],
    "apply_message": "Your flesh begins to rot",
    "rating": "bad",
    "max_intensity": 50,
    "base_mods": { "hurt_min": [ 1 ], "hurt_chance": [ 1 ], "hurt_chance_bot": [ 15 ] },
    "scaling_mods": { "hurt_chance": [ 1 ] },
    "show_in_info": true
  },
{
    "type": "effect_type",
    "id": "curse_immune",
    "name": [ "Curse Removal" ],
    "desc": [ "A magical barrier shields yourself from arcane curses." ],
    "apply_message": "You feel a shielding effect wash over you.",
    "remove_message": "The magic dispels.",
    "rating": "good",
    "removes_effects": [ "weakness", "feeblemind", "withering" ],
    "blocks_effects": [ "weakness", "feeblemind", "withering" ]
  },
{
    "type": "effect_type",
    "id": "mu_effect_rm_divine_favor",
    "name": [ "Blessed" ],
    "desc": [ "Your body is filled with positive energy, giving you a good boost." ],
    "apply_message": "Your body is filled with positive energy!",
    "remove_message": "The positive energy wanes and you return to normal.",
    "removes_effects": [ "mu_effect_add_divine_favor" ]
  },
  {
    "type": "effect_type",
    "id": "mu_effect_add_divine_favor",
    "name": [ "Divine Favor" ],
    "desc": [ "You feel the rush of stimulants in your body!" ],
    "apply_message": "You feel a rush as the chemicals flow through your body!",
    "decay_messages": [ [ "Your divine favor has ended.", "bad" ] ],
    "rating": "good",
	"int_add_val": 1,
    "max_intensity": 3,
    "removes_effects": [ "bite", "bleed", "winded" ],
    "base_mods": { "str_mod": [ 2 ], "dex_mod": [ 2 ] },
    "scaling_mods": { "str_mod": [ 1 ], "dex_mod": [ 1 ] }
  },
{
    "type": "effect_type",
    "id": "mu_nightsight_eff",
    "name": [ "Nightsight" ],
    "desc": [ "You magically shift your vision to see the world through the lens of magic." ],
    "apply_message": "Your sight adjusts.",
    "remove_message": "Your vision returns to normal.",
    "rating": "good",
	"base_mods": { "per_mod": [ 2 ] },
    "flags": [ "EFFECT_NIGHT_VISION" ]
  },
{
    "type": "effect_type",
    "id": "mu_nightsight_eff",
    "name": [ "Predator Sight" ],
    "desc": [ "You magically shift your vision to see the world through the lens of magic." ],
    "apply_message": "Your sight adjusts.",
    "remove_message": "Your vision returns to normal.",
    "rating": "good",
	"base_mods": { "per_mod": [ 2 ] },
    "flags": [ "EFFECT_NIGHT_VISION" ]
  },
{
    "type": "effect_type",
    "id": "entangled",
    "name": [ "Entangled" ],
    "desc": [ "The very plants themselves reach up from underground and grab your foes." ],
    "max_intensity": 1,
    "int_add_val": 1,
    "apply_message": "Roots and vines entangle your foes to slow them!",
    "remove_message": "The roots and vines wither up and die.",
    "base_mods": { "speed_mod": [ -60 ] },
    "scaling_mods": { "speed_mod": [ -10 ] }
  },
{
    "type": "effect_type",
    "//": "Even Speedwagon is afraid!",
    "id": "fear",
    "name": [ "Afraid" ],
    "desc": [ "Your hands tremble as you gaze upon some frightening thing." ],
    "apply_message": "Your heartbeat increases as fear overtakes you!",
    "decay_messages": [ [ "You calm down.", "good" ] ],
    "rating": "bad",
	"int_add_val": 1,
    "max_intensity": 6,
    "base_mods": { "str_mod": [ -2 ], "dex_mod": [ -2 ] },
    "scaling_mods": { "str_mod": [ -1 ], "dex_mod": [ -1 ] }
  },
{
    "type": "effect_type",
    "id": "strength",
    "name": [ "Strength" ],
    "desc": [ "Your muscles have grown in size, giving you a boost to physical strength!" ],
    "apply_message": "You muscles swell!",
    "remove_message": "Your ability fades.",
    "rating": "good",
    "base_mods": { "str_mod": [ 2 ] }
  },
{
    "type": "effect_type",
    "id": "smarts",
    "name": [ "Intellect" ],
    "desc": [ "Your muscles have grown in size, giving you a boost to physical strength!" ],
    "apply_message": "You muscles swell!",
    "remove_message": "Your ability fades.",
    "rating": "good",
    "base_mods": { "int_mod": [ 2 ] }
  },
{
    "type": "effect_type",
    "id": "speed",
    "name": [ "Haste" ],
    "desc": [ "Your muscles have grown in size, giving you a boost to speed!" ],
    "apply_message": "You muscles swell!",
    "remove_message": "Your ability fades.",
    "rating": "good",
    "base_mods": { "speed_mod": [ 20 ] }
  },
{
    "type": "effect_type",
    "id": "sight",
    "//": "Normal sight, excludes night vision",
    "name": [ "Sight" ],
    "desc": [ "Your retnas have contracted, allowing for increased perception!" ],
    "apply_message": "You eyes morph...",
    "remove_message": "Your ability fades.",
    "rating": "good",
    "base_mods": { "per_mod": [ 2 ] }
  },
{
    "type": "effect_type",
    "id": "cleansing",
    "name": [ "Cleansing" ],
    "desc": [ "Massive health boost, at the cost of stamina." ],
    "remove_message": "Your bodily cleansing ends.",
    "rating": "good",
    "max_duration": "8 h",
    "base_mods": {
      "health_min": [ 3 ],
      "health_chance": [ 12 ],
      "stamina_min": [ -40 ],
      "stamina_chance": [ -8 ]
    }
  },
{
    "type": "effect_type",
    "id": "muscle_cool",
    "name": [ "Muscular Regulation" ],
    "desc": [ "Grants a boost to stamina, at the cost of speed." ],
    "remove_message": "Your bodily cleansing ends.",
    "rating": "good",
    "max_duration": "8 h",
    "base_mods": {
      "stamina_min": [ 20 ],
      "stamina_chance": [ 16 ],
      "speed_mod": [ -20 ]
    }
  },
{
    "type": "effect_type",
    "id": "para_immune",
    "name": [ "Anti-Paralysis" ],
    "desc": [ "You are immune to paralysis" ],
    "apply_message": "Your liver has been fortified!",
    "remove_message": "The magic dispels.",
    "rating": "good",
    "removes_effects": [ "paralyzepoison" ],
    "blocks_effects": [ "paralyzepoison" ]
  },
{
    "type": "effect_type",
    "id": "eff_mtc_eldritch_buff",
    "name": [ "Infused" ],
    "show_in_info": true,
    "int_add_val": 1,
    "int_dur_factor": "60 seconds",
    "max_intensity": 3,
    "base_mods": { "bash_mod": [ 0.5 ], "cut_mod": [ 0.5 ], "hit_mod": [ 0.2 ], "speed_mod": [ 1.25 ] },
    "scaling_mods": { "bash_mod": [ 0.5 ], "cut_mod": [ 0.5 ], "hit_mod": [ 0.2 ], "speed_mod": [ 1.25 ] }
  }
]