[
	{
		"id": "min_water_item_stun",
		"type": "SPELL",
		"name": "Magical mineral water stun",
		"description": "Magical mineral water puts you in a state of trance!",
		"flags": [ "SILENT" ],
		"valid_targets": [ "self" ],
		"effect": "attack",
                "shape": "blast",
		"effect_str": "min_water_stun",
		"min_duration": 6375,
		"max_duration": 6375
    },
	{
		"id": "min_water_item_rejuv",
		"type": "SPELL",
		"name": "Magical mineral water slight healing",
		"description": "Very slight healing thanks to the Magical mineral water",
		"message": "You consume the magical mineral water and you feel a slight rejuvenation!",
		"valid_targets": [ "self" ],
		"flags": [ "SILENT", "NO_HANDS", "NO_LEGS" ],
		"min_damage": -2,
		"max_damage": -2,
		"effect": "attack",
                "shape": "blast",
		"extra_effects": [ { "id": "min_water_item_stun", "hit_self": true } ],
		"min_duration": 1,
		"max_duration": 1
    },
    {
    "id": "mu_spell_cantrip",
    "type": "SPELL",
    "name": "Cantrip",
    "description": "This is the first spell any mage learns, designed to teach them to manipulate mana to accomplish many minor tasks with a minimum of effort.  Eventually this becomes reflexive and you can simply do things at will with no spell casting required, just using background mana.",
    "valid_targets": [ "self" ],
    "effect": "spawn_item",
    "shape": "blast",
    "effect_str": "cantrip_item",
    "flags": [ "SILENT", "NO_HANDS", "VERBAL", "NO_LEGS" ],
    "energy_source": "MANA",
    "base_casting_time": 200,
    "casting_time_increment": -10,
    "final_casting_time": 80,
    "base_energy_cost": 25,
    "energy_increment": -1,
    "final_energy_cost": 5,
    "difficulty": 0,
    "max_level": 20,
    "min_damage": 1,
    "max_damage": 1,
    "min_duration": 36000,
    "max_duration": 36000
  }
]