[
{
    "type": "TOOL",
    "id": "divine_longsword",
    "copy-from": "longsword",
    "looks_like": "longsword",
    "name": "divine longsword",
    "extend": { "flags": [ "MAGIC_FOCUS" ] },
    "charges_per_use": 1,
    "pocket_data": [ { "pocket_type": "MAGAZINE", "ammo_restriction": { "crystallized_mana": 5 }, "rigid": true } ],
    "use_action": { "type": "cast_spell", "spell_id": "smite", "no_fail": false, "level": 1, "need_wielding": true }
  },
{
    "type": "TOOL",
    "id": "divine_wood_sword",
    "copy-from": "sword_wood",
    "looks_like": "sword_wood",
    "name": "divine wooden sword",
    "extend": { "flags": [ "MAGIC_FOCUS" ] },
    "charges_per_use": 1,
    "pocket_data": [ { "pocket_type": "MAGAZINE", "ammo_restriction": { "crystallized_mana": 5 }, "rigid": true } ],
    "use_action": { "type": "cast_spell", "spell_id": "smite", "no_fail": false, "level": 1, "need_wielding": true }
  },
  {
    "type": "TOOL",
    "id": "divine_makeshift_knife",
    "copy-from": "makeshift_knife",
    "looks_like": "makeshift_knife",
    "name": "divine makeshift knife",
    "extend": { "flags": [ "MAGIC_FOCUS" ] },
    "charges_per_use": 1,
    "pocket_data": [ { "pocket_type": "MAGAZINE", "ammo_restriction": { "crystallized_mana": 5 }, "rigid": true } ],
    "use_action": { "type": "cast_spell", "spell_id": "smite", "no_fail": false, "level": 1, "need_wielding": true }
  },
  {
    "type": "TOOL",
    "id": "divine_knife_baselard",
    "copy-from": "knife_baselard",
    "looks_like": "knife_baselard",
    "name": "divine baselard",
    "extend": { "flags": [ "MAGIC_FOCUS" ] },
    "charges_per_use": 1,
    "pocket_data": [ { "pocket_type": "MAGAZINE", "ammo_restriction": { "crystallized_mana": 5 }, "rigid": true } ],
    "use_action": { "type": "cast_spell", "spell_id": "smite", "no_fail": false, "level": 1, "need_wielding": true }
  },
  {
    "type": "TOOL",
    "id": "divine_machete",
    "copy-from": "machete",
    "looks_like": "machete",
    "name": "divine machete",
    "extend": { "flags": [ "MAGIC_FOCUS" ] },
    "charges_per_use": 1,
    "pocket_data": [ { "pocket_type": "MAGAZINE", "ammo_restriction": { "crystallized_mana": 5 }, "rigid": true } ],
    "use_action": { "type": "cast_spell", "spell_id": "smite", "no_fail": false, "level": 1, "need_wielding": true } 
  },
  {
    "type": "TOOL",
    "id": "divine_cavalry_sabre",
    "copy-from": "cavalry_sabre",
    "looks_like": "cavalry_sabre",
    "name": "divine cavalry sabre",
    "extend": { "flags": [ "MAGIC_FOCUS" ] },
    "charges_per_use": 1,
    "pocket_data": [ { "pocket_type": "MAGAZINE", "ammo_restriction": { "crystallized_mana": 5 }, "rigid": true } ],
    "use_action": { "type": "cast_spell", "spell_id": "smite", "no_fail": false, "level": 1, "need_wielding": true } 
  },
  {
    "type": "TOOL",
    "id": "divine_kris",
    "copy-from": "kris",
    "looks_like": "kris",
    "name": "divine kirs",
    "extend": { "flags": [ "MAGIC_FOCUS" ] },
    "charges_per_use": 1,
    "pocket_data": [ { "pocket_type": "MAGAZINE", "ammo_restriction": { "crystallized_mana": 5 }, "rigid": true } ],
    "use_action": { "type": "cast_spell", "spell_id": "smite", "no_fail": false, "level": 1, "need_wielding": true }  
  },
  {
    "type": "TOOL",
    "id": "divine_kukri",
    "copy-from": "kukri",
    "looks_like": "kukri",
    "name": "divine kukri",
    "extend": { "flags": [ "MAGIC_FOCUS" ] },
    "charges_per_use": 1,
    "pocket_data": [ { "pocket_type": "MAGAZINE", "ammo_restriction": { "crystallized_mana": 5 }, "rigid": true } ],
    "use_action": { "type": "cast_spell", "spell_id": "smite", "no_fail": false, "level": 1, "need_wielding": true }  
  },
  {
    "type": "TOOL",
    "id": "divine_jian",
    "copy-from": "jian",
    "looks_like": "jian",
    "name": "jian",
    "extend": { "flags": [ "MAGIC_FOCUS" ] },
    "charges_per_use": 1,
    "pocket_data": [ { "pocket_type": "MAGAZINE", "ammo_restriction": { "crystallized_mana": 5 }, "rigid": true } ],
    "use_action": { "type": "cast_spell", "spell_id": "smite", "no_fail": false, "level": 1, "need_wielding": true } 
  },
  {
    "type": "TOOL",
    "id": "divine_scimitar",
    "copy-from": "scimitar",
    "looks_like": "scimitar",
    "name": "divine scimitar",
    "extend": { "flags": [ "MAGIC_FOCUS" ] },
    "charges_per_use": 1,
    "pocket_data": [ { "pocket_type": "MAGAZINE", "ammo_restriction": { "crystallized_mana": 5 }, "rigid": true } ],
    "use_action": { "type": "cast_spell", "spell_id": "smite", "no_fail": false, "level": 1, "need_wielding": true }  
  },
  {
    "type": "TOOL",
    "id": "divine_estoc",
    "copy-from": "estoc",
    "looks_like": "estoc",
    "name": "divine estoc",
    "extend": { "flags": [ "MAGIC_FOCUS" ] },
    "charges_per_use": 1,
    "pocket_data": [ { "pocket_type": "MAGAZINE", "ammo_restriction": { "crystallized_mana": 5 }, "rigid": true } ],
    "use_action": { "type": "cast_spell", "spell_id": "smite", "no_fail": false, "level": 1, "need_wielding": true } 
  },
  {
    "type": "TOOL",
    "id": "divine_arming_sword",
    "copy-from": "arming_sword",
    "looks_like": "arming_sword",
    "name": "divine arming sword",
    "extend": { "flags": [ "MAGIC_FOCUS" ] },
    "charges_per_use": 1,
    "pocket_data": [ { "pocket_type": "MAGAZINE", "ammo_restriction": { "crystallized_mana": 5 }, "rigid": true } ],
    "use_action": { "type": "cast_spell", "spell_id": "smite", "no_fail": false, "level": 1, "need_wielding": true }  
  },
  {
    "type": "TOOL",
    "id": "divine_tanto",
    "copy-from": "tanto",
    "looks_like": "tanto",
    "name": "divine tanto",
    "extend": { "flags": [ "MAGIC_FOCUS" ] },
    "charges_per_use": 1,
    "pocket_data": [ { "pocket_type": "MAGAZINE", "ammo_restriction": { "crystallized_mana": 5 }, "rigid": true } ],
    "use_action": { "type": "cast_spell", "spell_id": "smite", "no_fail": false, "level": 1, "need_wielding": true } 
  },
  {
    "type": "TOOL",
    "id": "divine_wakizashi",
    "copy-from": "wakizashi",
    "looks_like": "wakizashi",
    "name": "divine wakizashi",
    "extend": { "flags": [ "MAGIC_FOCUS" ] },
    "charges_per_use": 1,
    "pocket_data": [ { "pocket_type": "MAGAZINE", "ammo_restriction": { "crystallized_mana": 5 }, "rigid": true } ],
    "use_action": { "type": "cast_spell", "spell_id": "smite", "no_fail": false, "level": 1, "need_wielding": true } 
  },
  {
    "type": "TOOL",
    "id": "divine_zweihander",
    "copy-from": "zweihander",
    "looks_like": "zweihander",
    "name": "divine zweihander",
    "extend": { "flags": [ "MAGIC_FOCUS" ] },
    "charges_per_use": 1,
    "pocket_data": [ { "pocket_type": "MAGAZINE", "ammo_restriction": { "crystallized_mana": 5 }, "rigid": true } ],
    "use_action": { "type": "cast_spell", "spell_id": "smite", "no_fail": false, "level": 1, "need_wielding": true }  
  },
  {
    "type": "TOOL",
    "id": "divine_nodachi",
    "copy-from": "nodachi",
    "looks_like": "nodachi",
    "name": "divine nodachi",
    "extend": { "flags": [ "MAGIC_FOCUS" ] },
    "charges_per_use": 1,
    "pocket_data": [ { "pocket_type": "MAGAZINE", "ammo_restriction": { "crystallized_mana": 5 }, "rigid": true } ],
    "use_action": { "type": "cast_spell", "spell_id": "smite", "no_fail": false, "level": 1, "need_wielding": true } 
  },
  {
    "type": "TOOL",
    "id": "divine_broadsword",
    "copy-from": "broadsword",
    "looks_like": "broadsword",
    "name": "divine broadsword",
    "extend": { "flags": [ "MAGIC_FOCUS" ] },
    "charges_per_use": 1,
    "pocket_data": [ { "pocket_type": "MAGAZINE", "ammo_restriction": { "crystallized_mana": 5 }, "rigid": true } ],
    "use_action": { "type": "cast_spell", "spell_id": "smite", "no_fail": false, "level": 1, "need_wielding": true }  
  },
  {
    "type": "TOOL",
    "id": "divine_rapier",
    "copy-from": "rapier",
    "looks_like": "rapier",
    "name": "divine rapier",
    "extend": { "flags": [ "MAGIC_FOCUS" ] },
    "charges_per_use": 1,
    "pocket_data": [ { "pocket_type": "MAGAZINE", "ammo_restriction": { "crystallized_mana": 5 }, "rigid": true } ],
    "use_action": { "type": "cast_spell", "spell_id": "smite", "no_fail": false, "level": 1, "need_wielding": true }  
  },
  {
    "type": "TOOL",
    "id": "divine_katana",
    "copy-from": "katana",
    "looks_like": "katana",
    "name": "divine katana",
    "extend": { "flags": [ "MAGIC_FOCUS" ] },
    "charges_per_use": 1,
    "pocket_data": [ { "pocket_type": "MAGAZINE", "ammo_restriction": { "crystallized_mana": 5 }, "rigid": true } ],
    "use_action": { "type": "cast_spell", "spell_id": "smite", "no_fail": false, "level": 1, "need_wielding": true }  
  },
  {
    "type": "TOOL",
    "id": "divine_butterfly_swords",
    "copy-from": "butterfly_swords",
    "looks_like": "butterfly_swords",
    "name": "divine butterfly swords",
    "extend": { "flags": [ "MAGIC_FOCUS" ] },
    "charges_per_use": 1,
    "pocket_data": [ { "pocket_type": "MAGAZINE", "ammo_restriction": { "crystallized_mana": 5 }, "rigid": true } ],
    "use_action": { "type": "cast_spell", "spell_id": "smite", "no_fail": false, "level": 1, "need_wielding": true } 
  },
  {
    "type": "TOOL",
    "id": "divine_cutlass",
    "copy-from": "cutlass",
    "looks_like": "cutlass",
    "name": "divine cutlass",
    "extend": { "flags": [ "MAGIC_FOCUS" ] },
    "charges_per_use": 1,
    "pocket_data": [ { "pocket_type": "MAGAZINE", "ammo_restriction": { "crystallized_mana": 5 }, "rigid": true } ],
    "use_action": { "type": "cast_spell", "spell_id": "smite", "no_fail": false, "level": 1, "need_wielding": true } 
  },
  {
    "type": "TOOL",
    "id": "divine_lajatang",
    "copy-from": "lajatang",
    "looks_like": "lajatang",
    "name": "divine lajatang",
    "extend": { "flags": [ "MAGIC_FOCUS" ] },
    "charges_per_use": 1,
    "pocket_data": [ { "pocket_type": "MAGAZINE", "ammo_restriction": { "crystallized_mana": 5 }, "rigid": true } ],
    "use_action": { "type": "cast_spell", "spell_id": "smite", "no_fail": false, "level": 1, "need_wielding": true }
  },
  {
    "type": "TOOL",
    "id": "divine_war_flail",
    "copy-from": "2h_flail_steel",
    "looks_like": "2h_flail_steel",
    "name": "divine war flail","extend": { "flags": [ "MAGIC_FOCUS" ] },
    "charges_per_use": 1,
    "pocket_data": [ { "pocket_type": "MAGAZINE", "ammo_restriction": { "crystallized_mana": 5 }, "rigid": true } ],
    "use_action": { "type": "cast_spell", "spell_id": "smite", "no_fail": false, "level": 1, "need_wielding": true }
  },
  {
    "type": "TOOL",
    "id": "divine_peasant_flail",
    "copy-from": "2h_flail_wood",
    "looks_like": "2h_flail_wood",
    "name": "divine peasant flail",
    "extend": { "flags": [ "MAGIC_FOCUS" ] },
    "charges_per_use": 1,
    "pocket_data": [ { "pocket_type": "MAGAZINE", "ammo_restriction": { "crystallized_mana": 5 }, "rigid": true } ],
    "use_action": { "type": "cast_spell", "spell_id": "smite", "no_fail": false, "level": 1, "need_wielding": true }  
  },
  {
    "type": "TOOL",
    "id": "divine_battleaxe",
    "copy-from": "battleaxe",
    "looks_like": "battleaxe",
    "name": "divine battleaxe",
    "extend": { "flags": [ "MAGIC_FOCUS" ] },
    "charges_per_use": 1,
    "pocket_data": [ { "pocket_type": "MAGAZINE", "ammo_restriction": { "crystallized_mana": 5 }, "rigid": true } ],
    "use_action": { "type": "cast_spell", "spell_id": "smite", "no_fail": false, "level": 1, "need_wielding": true } 
  },
  {
    "type": "TOOL",
    "id": "divine_bokken",
    "copy-from": "bokken",
    "looks_like": "bokken",
    "name": "divine bokken",
    "extend": { "flags": [ "MAGIC_FOCUS" ] },
    "charges_per_use": 1,
    "pocket_data": [ { "pocket_type": "MAGAZINE", "ammo_restriction": { "crystallized_mana": 5 }, "rigid": true } ],
    "use_action": { "type": "cast_spell", "spell_id": "smite", "no_fail": false, "level": 1, "need_wielding": true }  
  },
  {
    "type": "TOOL",
    "id": "divine_cudgel",
    "copy-from": "cudgel",
    "looks_like": "cudgel",
    "name": "divine cudgel",
    "extend": { "flags": [ "MAGIC_FOCUS" ] },
    "charges_per_use": 1,
    "pocket_data": [ { "pocket_type": "MAGAZINE", "ammo_restriction": { "crystallized_mana": 5 }, "rigid": true } ],
    "use_action": { "type": "cast_spell", "spell_id": "smite", "no_fail": false, "level": 1, "need_wielding": true } 
  },
  {
    "type": "TOOL",
    "id": "divine_hammer_sledge",
    "copy-from": "hammer_sledge",
    "looks_like": "hammer_sledge",
    "name": "divine sledge hammer",
    "extend": { "flags": [ "MAGIC_FOCUS" ] },
    "charges_per_use": 1,
    "pocket_data": [ { "pocket_type": "MAGAZINE", "ammo_restriction": { "crystallized_mana": 5 }, "rigid": true } ],
    "use_action": { "type": "cast_spell", "spell_id": "smite", "no_fail": false, "level": 1, "need_wielding": true }  
  },
  {
    "type": "TOOL",
    "id": "divine_lucern_hammer",
    "copy-from": "lucern_hammer",
    "looks_like": "lucern_hammer",
    "name": "divine lucern hammer",
    "extend": { "flags": [ "MAGIC_FOCUS" ] },
    "charges_per_use": 1,
    "pocket_data": [ { "pocket_type": "MAGAZINE", "ammo_restriction": { "crystallized_mana": 5 }, "rigid": true } ],
    "use_action": { "type": "cast_spell", "spell_id": "smite", "no_fail": false, "level": 1, "need_wielding": true }  
  },
  {
    "type": "TOOL",
    "id": "divine_mace",
    "copy-from": "mace",
    "looks_like": "mace",
    "name": "divine mace",
    "extend": { "flags": [ "MAGIC_FOCUS" ] },
    "charges_per_use": 1,
    "pocket_data": [ { "pocket_type": "MAGAZINE", "ammo_restriction": { "crystallized_mana": 5 }, "rigid": true } ],
    "use_action": { "type": "cast_spell", "spell_id": "smite", "no_fail": false, "level": 1, "need_wielding": true } 
  },
  {
    "type": "TOOL",
    "id": "divine_morningstar",
    "copy-from": "morningstar",
    "looks_like": "morningstar",
    "name": "divine morningstar",
    "extend": { "flags": [ "MAGIC_FOCUS" ] },
    "charges_per_use": 1,
    "pocket_data": [ { "pocket_type": "MAGAZINE", "ammo_restriction": { "crystallized_mana": 5 }, "rigid": true } ],
    "use_action": { "type": "cast_spell", "spell_id": "smite", "no_fail": false, "level": 1, "need_wielding": true } 
  },
  {
    "type": "TOOL",
    "id": "divine_q_staff",
    "copy-from": "q_staff",
    "looks_like": "q_staff",
    "name": "divine quarterstaff",
    "extend": { "flags": [ "MAGIC_FOCUS" ] },
    "charges_per_use": 1,
    "pocket_data": [ { "pocket_type": "MAGAZINE", "ammo_restriction": { "crystallized_mana": 5 }, "rigid": true } ],
    "use_action": { "type": "cast_spell", "spell_id": "smite", "no_fail": false, "level": 1, "need_wielding": true } 
  },
  {
    "type": "TOOL",
    "id": "divine_shillelagh",
    "copy-from": "shillelagh",
    "looks_like": "shillelagh",
    "name": "divine shillelagh",
    "extend": { "flags": [ "MAGIC_FOCUS" ] },
    "charges_per_use": 1,
    "pocket_data": [ { "pocket_type": "MAGAZINE", "ammo_restriction": { "crystallized_mana": 5 }, "rigid": true } ],
    "use_action": { "type": "cast_spell", "spell_id": "smite", "no_fail": false, "level": 1, "need_wielding": true } 
  },
  {
    "type": "TOOL",
    "id": "divine_tonfa_wood",
    "copy-from": "tonfa_wood",
    "looks_like": "tonfa_wood",
    "name": "divine tonfa",
    "extend": { "flags": [ "MAGIC_FOCUS" ] },
    "charges_per_use": 1,
    "pocket_data": [ { "pocket_type": "MAGAZINE", "ammo_restriction": { "crystallized_mana": 5 }, "rigid": true } ],
    "use_action": { "type": "cast_spell", "spell_id": "smite", "no_fail": false, "level": 1, "need_wielding": true } 
  },
  {
    "type": "TOOL",
    "id": "divine_warhammer",
    "copy-from": "warhammer",
    "looks_like": "warhammer",
    "name": "divine war hammer",
    "extend": { "flags": [ "MAGIC_FOCUS" ] },
    "charges_per_use": 1,
    "pocket_data": [ { "pocket_type": "MAGAZINE", "ammo_restriction": { "crystallized_mana": 5 }, "rigid": true } ],
    "use_action": { "type": "cast_spell", "spell_id": "smite", "no_fail": false, "level": 1, "need_wielding": true } 
  },
  {
    "type": "TOOL",
    "id": "divine_pitchfork",
    "copy-from": "pitchfork",
    "looks_like": "pitchfork",
    "name": "divine pitchfork",
    "extend": { "flags": [ "MAGIC_FOCUS" ] },
    "charges_per_use": 1,
    "pocket_data": [ { "pocket_type": "MAGAZINE", "ammo_restriction": { "crystallized_mana": 5 }, "rigid": true } ],
    "use_action": { "type": "cast_spell", "spell_id": "smite", "no_fail": false, "level": 1, "need_wielding": true } 
  },
  {
    "type": "TOOL",
    "id": "divine_spear_steel",
    "copy-from": "spear_steel",
    "looks_like": "spear_steel",
    "name": "divine spear",
    "extend": { "flags": [ "MAGIC_FOCUS" ] },
    "charges_per_use": 1,
    "pocket_data": [ { "pocket_type": "MAGAZINE", "ammo_restriction": { "crystallized_mana": 5 }, "rigid": true } ],
    "use_action": { "type": "cast_spell", "spell_id": "smite", "no_fail": false, "level": 1, "need_wielding": true } 
  },
  {
    "type": "TOOL",
    "id": "divine_qiang",
    "copy-from": "qiang",
    "looks_like": "qiang",
    "name": "divine qiang",
    "extend": { "flags": [ "MAGIC_FOCUS" ] },
    "charges_per_use": 1,
    "pocket_data": [ { "pocket_type": "MAGAZINE", "ammo_restriction": { "crystallized_mana": 5 }, "rigid": true } ],
    "use_action": { "type": "cast_spell", "spell_id": "smite", "no_fail": false, "level": 1, "need_wielding": true } 
  },
  {
    "type": "TOOL",
    "id": "divine_halberd",
    "copy-from": "halberd",
    "looks_like": "halberd",
    "name": "divine halberd",
    "extend": { "flags": [ "MAGIC_FOCUS" ] },
    "charges_per_use": 1,
    "pocket_data": [ { "pocket_type": "MAGAZINE", "ammo_restriction": { "crystallized_mana": 5 }, "rigid": true } ],
    "use_action": { "type": "cast_spell", "spell_id": "smite", "no_fail": false, "level": 1, "need_wielding": true } 
  },
  {
    "type": "TOOL",
    "id": "divine_glaive",
    "copy-from": "glaive",
    "looks_like": "glaive",
    "name": "divine glave",
    "extend": { "flags": [ "MAGIC_FOCUS" ] },
    "charges_per_use": 1,
    "pocket_data": [ { "pocket_type": "MAGAZINE", "ammo_restriction": { "crystallized_mana": 5 }, "rigid": true } ],
    "use_action": { "type": "cast_spell", "spell_id": "smite", "no_fail": false, "level": 1, "need_wielding": true } 
  },
  {
    "type": "TOOL",
    "id": "divine_naginata",
    "copy-from": "naginata",
    "looks_like": "naginata",
    "name": "divine naginata",
    "extend": { "flags": [ "MAGIC_FOCUS" ] },
    "charges_per_use": 1,
    "pocket_data": [ { "pocket_type": "MAGAZINE", "ammo_restriction": { "crystallized_mana": 5 }, "rigid": true } ],
    "use_action": { "type": "cast_spell", "spell_id": "smite", "no_fail": false, "level": 1, "need_wielding": true } 
  },
  {
    "type": "TOOL",
    "id": "divine_pike",
    "copy-from": "pike",
    "looks_like": "pike",
    "name": "divine pike",
    "extend": { "flags": [ "MAGIC_FOCUS" ] },
    "charges_per_use": 1,
    "pocket_data": [ { "pocket_type": "MAGAZINE", "ammo_restriction": { "crystallized_mana": 5 }, "rigid": true } ],
    "use_action": { "type": "cast_spell", "spell_id": "smite", "no_fail": false, "level": 1, "need_wielding": true } 
  },
  {
    "type": "TOOL",
    "id": "divine_bagh_nakha",
    "copy-from": "bagh_nakha",
    "looks_like": "bagh_nakha",
    "name": "divine tiger claws",
    "extend": { "flags": [ "MAGIC_FOCUS" ] },
    "charges_per_use": 1,
    "pocket_data": [ { "pocket_type": "MAGAZINE", "ammo_restriction": { "crystallized_mana": 5 }, "rigid": true } ],
    "use_action": { "type": "cast_spell", "spell_id": "smite", "no_fail": false, "level": 1, "need_wielding": true } 
  },
  {
    "type": "TOOL",
    "id": "divine_cestus",
    "copy-from": "cestus",
    "looks_like": "cestus",
    "name": { "str": "divine cestus", "str_pl": "divine cestuses" },
    "extend": { "flags": [ "MAGIC_FOCUS" ] },
    "charges_per_use": 1,
    "pocket_data": [ { "pocket_type": "MAGAZINE", "ammo_restriction": { "crystallized_mana": 5 }, "rigid": true } ],
    "use_action": { "type": "cast_spell", "spell_id": "smite", "no_fail": false, "level": 1, "need_wielding": true } 
  },
  {
    "type": "TOOL",
    "id": "divine_knuckle_brass",
    "copy-from": "knuckle_brass",
    "looks_like": "knuckle_brass",
    "name": { "str": "pair of divine brass knuckles", "str_pl": "pairs of divine brass knuckles" },
    "extend": { "flags": [ "MAGIC_FOCUS" ] },
    "charges_per_use": 1,
    "pocket_data": [ { "pocket_type": "MAGAZINE", "ammo_restriction": { "crystallized_mana": 5 }, "rigid": true } ],
    "use_action": { "type": "cast_spell", "spell_id": "smite", "no_fail": false, "level": 1, "need_wielding": true } 
  },
  {
    "type": "TOOL",
    "id": "divine_punch_dagger",
    "copy-from": "punch_dagger",
    "looks_like": "punch_dagger",
    "name": "divine punch dagger",
    "extend": { "flags": [ "MAGIC_FOCUS" ] },
    "charges_per_use": 1,
    "pocket_data": [ { "pocket_type": "MAGAZINE", "ammo_restriction": { "crystallized_mana": 5 }, "rigid": true } ],
    "use_action": { "type": "cast_spell", "spell_id": "smite", "no_fail": false, "level": 1, "need_wielding": true } 
  }  
]