[
{    
    "//": "From here, generic cleric amulets are defined.",
    "type": "TOOL_ARMOR",
    "id": "holy_symbol_medicine",
    "name": { "str": "holy symbol of medicine", "str_pl": "holy symbols of medicine" },
    "description": "A small symbol, representing a faith of some sort. When used, it can help heal minor wounds.",
    "copy-from": "holy_symbol_wood",    
    "price": 5000,
    "charges_per_use": 1,
    "flags": [ "ONLY_ONE", "NO_UNLOAD", "NO_RELOAD" ],
    "use_action": { "type": "cast_spell", "spell_id": "mu_spell_tend_wound", "no_fail": true, "level": 1, "need_worn": true },
    "relic_data": { "charge_info": { "recharge_type": "periodic", "time": "24 h", "regenerate_ammo": true } },
    "pocket_data": [ { "pocket_type": "MAGAZINE", "holster": true, "ammo_restriction": { "crystallized_mana": 5 } } ]
  },  
{
    "type": "TOOL_ARMOR",
    "id": "holy_symbol_bless",
    "name": { "str": "holy symbol of blessings", "str_pl": "holy symbols of blessings" },
    "description": "A small symbol, representing a faith of some sort. When used, it can invoke minor divine blessings.",
    "copy-from": "holy_symbol_wood",   
    "price": 5000,
    "charges_per_use": 1,
    "flags": [ "ONLY_ONE", "NO_UNLOAD", "NO_RELOAD" ],
    "use_action": { "type": "cast_spell", "spell_id": "mu_spell_bless", "no_fail": true, "level": 1, "need_worn": true },
    "relic_data": { "charge_info": { "recharge_type": "periodic", "time": "24 h", "regenerate_ammo": true } },
    "pocket_data": [ { "pocket_type": "MAGAZINE", "holster": true, "ammo_restriction": { "crystallized_mana": 3 } } ]
  },
{
    "type": "TOOL_ARMOR",
    "id": "holy_symbol_guardians",
    "name": { "str": "holy symbol of guardians", "str_pl": "holy symbols of guardians" },
    "description": "A small symbol, representing a faith of some sort. When used, it can summon a guardian spirit.",
    "copy-from": "holy_symbol_wood",   
    "price": 5000,
    "charges_per_use": 1,
    "flags": [ "ONLY_ONE", "NO_UNLOAD", "NO_RELOAD" ],
    "use_action": { "type": "cast_spell", "spell_id": "guardians", "no_fail": true, "level": 1, "need_worn": true },
    "relic_data": { "charge_info": { "recharge_type": "periodic", "time": "24 h", "regenerate_ammo": true } },
    "pocket_data": [ { "pocket_type": "MAGAZINE", "holster": true, "ammo_restriction": { "crystallized_mana": 3 } } ]
  },
{
    "type": "TOOL_ARMOR",
    "id": "holy_symbol_force",
    "name": { "str": "holy symbol of repulsion", "str_pl": "holy symbols of repulsion" },
    "description": "A small symbol, representing a faith of some sort. When used, it creates a minor shockwave, pushing back objects and creatures.",
    "copy-from": "holy_symbol_wood",   
    "price": 5000,
    "charges_per_use": 1,
    "flags": [ "ONLY_ONE", "NO_UNLOAD", "NO_RELOAD" ],
    "use_action": { "type": "cast_spell", "spell_id": "force", "no_fail": true, "level": 1, "need_worn": true },
    "relic_data": { "charge_info": { "recharge_type": "periodic", "time": "24 h", "regenerate_ammo": true } },
    "pocket_data": [ { "pocket_type": "MAGAZINE", "holster": true, "ammo_restriction": { "crystallized_mana": 3 } } ]
  },
{
    "type": "TOOL_ARMOR",
    "id": "holy_symbol_protection",
    "name": { "str": "holy symbol of protection", "str_pl": "holy symbols of protection" },
    "description": "A small symbol, representing a faith of some sort. When used, it creates a protective aura around you.",
    "copy-from": "holy_symbol_wood",   
    "price": 5000,
    "charges_per_use": 1,
    "flags": [ "ONLY_ONE", "NO_UNLOAD", "NO_RELOAD" ],
    "use_action": { "type": "cast_spell", "spell_id": "mu_spell_shield_faith", "no_fail": true, "level": 1, "need_worn": true },
    "relic_data": { "charge_info": { "recharge_type": "periodic", "time": "24 h", "regenerate_ammo": true } },
    "pocket_data": [ { "pocket_type": "MAGAZINE", "holster": true, "ammo_restriction": { "crystallized_mana": 5 } } ]
  },


{
    "//": "From here, life domain amulets are defined.",
    "type": "TOOL_ARMOR",
    "id": "holy_symbol_spare_dying",
    "name": { "str": "holy symbol of mercy", "str_pl": "holy symbols of mercy" },
    "description": "A small symbol, engraved with an effigy of the goddess Vernon. When used, a healing wave emits from you to your allies.",
    "copy-from": "holy_symbol_wood",   
    "price": 5000,
    "charges_per_use": 1,
    "flags": [ "ONLY_ONE", "NO_UNLOAD", "NO_RELOAD" ],
    "use_action": { "type": "cast_spell", "spell_id": "spare_dying", "no_fail": true, "level": 1, "need_worn": true },
    "relic_data": { "charge_info": { "recharge_type": "periodic", "time": "24 h", "regenerate_ammo": true } },
    "pocket_data": [ { "pocket_type": "MAGAZINE", "holster": true, "ammo_restriction": { "crystallized_mana": 10 } } ]
  },
{
    "type": "TOOL_ARMOR",
    "id": "holy_symbol_poison_protect",
    "name": { "str": "holy symbol of anti-toxicity", "str_pl": "holy symbols of anti-toxicity" },
    "description": "A small symbol, engraved with an effigy of the goddess Vernon. When used, the wearer is protected against poison for a time.",
    "copy-from": "holy_symbol_wood",   
    "price": 5000,
    "charges_per_use": 1,
    "flags": [ "ONLY_ONE", "NO_UNLOAD", "NO_RELOAD" ],
    "use_action": { "type": "cast_spell", "spell_id": "mu_spell_shield_faith", "no_fail": true, "level": 1, "need_worn": true },
    "relic_data": { "charge_info": { "recharge_type": "periodic", "time": "24 h", "regenerate_ammo": true } },
    "pocket_data": [ { "pocket_type": "MAGAZINE", "holster": true, "ammo_restriction": { "crystallized_mana": 5 } } ]
  },  
{
    "type": "TOOL_ARMOR",
    "id": "holy_symbol_ease_discomfort",
    "name": { "str": "holy symbol of comfort", "str_pl": "holy symbols of comfort" },
    "description": "A small symbol, engraved with an effigy of the goddess Vernon. When used, pain seems to fade away.",
    "copy-from": "holy_symbol_wood",   
    "price": 5000,
    "charges_per_use": 1,
    "flags": [ "ONLY_ONE", "NO_UNLOAD", "NO_RELOAD" ],
    "use_action": { "type": "cast_spell", "spell_id": "ease_discomfort", "no_fail": true, "level": 1, "need_worn": true },
    "relic_data": { "charge_info": { "recharge_type": "periodic", "time": "24 h", "regenerate_ammo": true } },
    "pocket_data": [ { "pocket_type": "MAGAZINE", "holster": true, "ammo_restriction": { "crystallized_mana": 5 } } ]
  },  


{
    "//": "From here, war domain amulets are defined.",
    "type": "TOOL_ARMOR",
    "id": "holy_symbol_enlarged",
    "name": { "str": "holy symbol of strength", "str_pl": "holy symbols of strength" },
    "description": "A small symbol, engraved with an effigy of the god Ajax. When used, the wearer grows in size and strength.",
    "copy-from": "holy_symbol_wood",   
    "price": 5000,
    "charges_per_use": 1,
    "flags": [ "ONLY_ONE", "NO_UNLOAD", "NO_RELOAD" ],
    "use_action": { "type": "cast_spell", "spell_id": "enlarged", "no_fail": true, "level": 1, "need_worn": true },
    "relic_data": { "charge_info": { "recharge_type": "periodic", "time": "24 h", "regenerate_ammo": true } },
    "pocket_data": [ { "pocket_type": "MAGAZINE", "holster": true, "ammo_restriction": { "crystallized_mana": 1 } } ]
  },  
{
    "type": "TOOL_ARMOR",
    "id": "holy_symbol_force_greater",
    "name": { "str": "holy symbol of greater repulsion", "str_pl": "holy symbols of greater repulsion" },
    "description": "A small symbol, engraved with an effigy of the god Ajax. When used, a large shockwave is emmitted, pushing back all objects and creatures.",
    "copy-from": "holy_symbol_wood",   
    "price": 5000,
    "charges_per_use": 1,
    "flags": [ "ONLY_ONE", "NO_UNLOAD", "NO_RELOAD" ],
    "use_action": { "type": "cast_spell", "spell_id": "force_greater_war", "no_fail": true, "level": 1, "need_worn": true },
    "relic_data": { "charge_info": { "recharge_type": "periodic", "time": "24 h", "regenerate_ammo": true } },
    "pocket_data": [ { "pocket_type": "MAGAZINE", "holster": true, "ammo_restriction": { "crystallized_mana": 5 } } ]
  },
{
    "type": "TOOL_ARMOR",
    "id": "holy_symbol_cleave",
    "name": { "str": "holy symbol of cleaving", "str_pl": "holy symbols of cleaving" },
    "description": "A small symbol, engraved with an effigy of the god Ajax. When used, the target in front of the wearer is cut wildly.",
    "copy-from": "holy_symbol_wood",   
    "price": 5000,
    "charges_per_use": 1,
    "flags": [ "ONLY_ONE", "NO_UNLOAD", "NO_RELOAD" ],
    "use_action": { "type": "cast_spell", "spell_id": "cleave", "no_fail": true, "level": 1, "need_worn": true },
    "relic_data": { "charge_info": { "recharge_type": "periodic", "time": "24 h", "regenerate_ammo": true } },
    "pocket_data": [ { "pocket_type": "MAGAZINE", "holster": true, "ammo_restriction": { "crystallized_mana": 3 } } ]
  },  


{
    "//": "From here, light domain amulets are defined",
    "type": "TOOL_ARMOR",
    "id": "holy_symbol_sacred_flame",
    "name": { "str": "holy symbol of flame", "str_pl": "holy symbols of flame" },
    "description": "A small symbol, engraved with an effigy of the goddess Cassandra. When used, a bolt of fire is flung from the wearer.",
    "copy-from": "holy_symbol_wood",   
    "price": 5000,
    "charges_per_use": 1,
    "flags": [ "ONLY_ONE", "NO_UNLOAD", "NO_RELOAD" ],
    "use_action": { "type": "cast_spell", "spell_id": "sacred_flame", "no_fail": true, "level": 1, "need_worn": true },
    "relic_data": { "charge_info": { "recharge_type": "periodic", "time": "24 h", "regenerate_ammo": true } },
    "pocket_data": [ { "pocket_type": "MAGAZINE", "holster": true, "ammo_restriction": { "crystallized_mana": 5 } } ]
  },
{
    "type": "TOOL_ARMOR",
    "id": "holy_symbol_firesphere",
    "name": { "str": "holy symbol of flaming sphere", "str_pl": "holy symbols of flaming spheret" },
    "description": "A small symbol, engraved with an effigy of the goddess Cassandra. When used, the area around the wearer is set ablaze.",
    "copy-from": "holy_symbol_wood",   
    "price": 5000,
    "charges_per_use": 1,
    "flags": [ "ONLY_ONE", "NO_UNLOAD", "NO_RELOAD" ],
    "use_action": { "type": "cast_spell", "spell_id": "firesphere", "no_fail": true, "level": 1, "need_worn": true },
    "relic_data": { "charge_info": { "recharge_type": "periodic", "time": "24 h", "regenerate_ammo": true } },
    "pocket_data": [ { "pocket_type": "MAGAZINE", "holster": true, "ammo_restriction": { "crystallized_mana": 5 } } ]
  },
{
    "type": "TOOL_ARMOR",
    "id": "holy_symbol_light",
    "name": { "str": "holy symbol of light", "str_pl": "holy symbols of light" },
    "description": "A small symbol, engraved with an effigy of the goddess Cassandra. When used, a sphere of light appears around the wearer's head.",
    "copy-from": "holy_symbol_wood",   
    "price": 5000,
    "charges_per_use": 1,
    "flags": [ "ONLY_ONE", "NO_UNLOAD", "NO_RELOAD" ],
    "use_action": { "type": "cast_spell", "spell_id": "c_light", "no_fail": true, "level": 1, "need_worn": true },
    "relic_data": { "charge_info": { "recharge_type": "periodic", "time": "24 h", "regenerate_ammo": true } },
    "pocket_data": [ { "pocket_type": "MAGAZINE", "holster": true, "ammo_restriction": { "crystallized_mana": 10 } } ]
  },


{
    "//": "From here, twilight domain amulets are defined.",
    "type": "TOOL_ARMOR",
    "id": "holy_symbol_star_beam",
    "name": { "str": "holy symbol of starlight", "str_pl": "holy symbols of starlight" },
    "description": "A small symbol, engraved with an effigy of the god Nero. When used, a bolt of light fires from the wearer.",
    "copy-from": "holy_symbol_wood",   
    "price": 5000,
    "charges_per_use": 1,
    "flags": [ "ONLY_ONE", "NO_UNLOAD", "NO_RELOAD" ],
    "use_action": { "type": "cast_spell", "spell_id": "star_beam", "no_fail": true, "level": 1, "need_worn": true },
    "relic_data": { "charge_info": { "recharge_type": "periodic", "time": "24 h", "regenerate_ammo": true } },
    "pocket_data": [ { "pocket_type": "MAGAZINE", "holster": true, "ammo_restriction": { "crystallized_mana": 10 } } ]
  }
]