[
{
    "method": "json",
    "om_terrain": "mushroom_cave_blank",
    "//": "Blank pallette for a mushroom forest.",
    "type": "mapgen",
    "weight": 100,
    "object": {
      "fill_ter": "t_rock_floor",
      "rows": [
            "                        ",
            "                        ",
            "                        ",
            "                        ",
            "                        ",
            "                        ",
            "                        ",
            "                        ",
            "                        ",
            "                        ",
            "                        ",
            "                        ",
            "                        ",
            "                        ",
            "                        ",
            "                        ",
            "                        ",
            "                        ",
            "                        ",
            "                        ",
            "                        ",
            "                        ",
            "                        ",
            "                        "
      ],
      "palettes": [ "mushroom_caves" ],
      "place_nested": [
        { "chunks": [ "mcave_nested" ], "x": 8, "y": 8 },
        { "chunks": [ "mcave_nested" ], "x": 16, "y": 8 },
        { "chunks": [ "mcave_nested" ], "x": 8, "y": 17 },
        { "chunks": [ "mcave_nested" ], "x": 16, "y": 17 }
      ]
    }
  } 
]