[
{
    "//": "Nested group for mushroom forests. Different nests for terrain changes.",
    "type": "mapgen",
    "method": "json",
    "nested_mapgen_id": "mcave_nested",
    "object": {
      "mapgensize": [ 8, 8 ],
      "place_nested": [
        { "chunks": [ [ "pillar", 75 ], [ "giant_mushrooms", 95 ], [ "m_underground_pond", 45 ], [ "m_bats", 20 ], [ "m_rats", 20 ], [ "snails", 20 ], [ "m_goblin_camp", 10 ] ], "x": 0, "y": 0 }
      ]
    }
  },
{
    "type": "mapgen",
    "method": "json",
    "nested_mapgen_id": "m_underground_pond",
    "object": {
      "mapgensize": [ 8, 8 ],
      "rows": [
        " ~~~~~~ ",
        "~~~~~~~~",
        "~~~~~~~~",
        "~~~~~~~~",
        "~~~~~~~~",
        "~~~~~~~~",
        " ~~~~~~ ",
        "        "
      ],
      "palettes": [ "mushroom_caves" ]
    }
    },
{
    "type": "mapgen",
    "method": "json",
    "nested_mapgen_id": "m_underground_pond",
    "//": "With deep water",
    "object": {
      "mapgensize": [ 8, 8 ],
      "rows": [
        " ~~~~~~ ",
        "~~////~~",
        "~//////~",
        "~//////~",
        "~//////~",
        "~~////~~",
        " ~~~~~~ ",
        "        "
      ],
      "palettes": [ "mushroom_caves" ],
      "terrain": { "/": "t_water_dp_underground" },
      "place_monsters": [
        { "monster": "GROUP_POND_FISH", "x": [ 4 ], "y": [ 4 ], "repeat": 3 }
      ]
    }
    },
{
    "type": "mapgen",
    "method": "json",
    "nested_mapgen_id": "m_bats",
    "object": {
      "mapgensize": [ 8, 8 ],
      "rows": [
        "   x    ",
        "        ",
        "    x   ",
        " x      ",
        "     x  ",
        "   x    ",
        "     x  ",
        "        "
      ],
      "palettes": [ "mushroom_caves" ],
      "monster": { "x": { "monster": "mon_bat", "chance": 85 } }
    }
    },
{
    "type": "mapgen",
    "method": "json",
    "nested_mapgen_id": "m_rats",
    "object": {
      "mapgensize": [ 8, 8 ],
      "rows": [
        "   x    ",
        "        ",
        "    x   ",
        " x      ",
        "     x  ",
        "   x    ",
        "     x  ",
        "        "
      ],
      "palettes": [ "mushroom_caves" ],
      "monster": { "x": { "monster": "mon_black_rat", "chance": 85 } }
    }
    },
{
    "type": "mapgen",
    "method": "json",
    "nested_mapgen_id": "m_goblin_camp",
    "object": {
      "mapgensize": [ 8, 8 ],
      "rows": [
        "        ",
        "   x    ",
        "        ",
        " x 0    ",
        "    x   ",
        "        ",
        "        ",
        "        "
      ],
      "palettes": [ "mushroom_caves" ],
      "furniture": { "0": "f_firering", "x": "f_logstool" },
      "monster": { "x": { "monster": "mon_mtc_goblin", "chance": 70 } },
      "items": {
      "0": { "item": "oven", "chance": 100, "repeat": [ 3, 5 ] }
    }
    }
    },
{
    "type": "mapgen",
    "method": "json",
    "nested_mapgen_id": "m_goblin_camp",
    "//": "With hobgoblins",
    "object": {
      "mapgensize": [ 8, 8 ],
      "rows": [
        "        ",
        "   x    ",
        "        ",
        " x 0    ",
        "    x   ",
        "        ",
        "        ",
        "        "
      ],
      "palettes": [ "mushroom_caves" ],
      "furniture": { "0": "f_firering", "x": "f_logstool" },
      "monster": { "x": { "monster": "mon_mtc_hobgoblin", "chance": 70 } },
      "items": {
      "0": { "item": "oven", "chance": 100, "repeat": [ 3, 5 ] }
    }
    }
    },
{
    "type": "mapgen",
    "method": "json",
    "nested_mapgen_id": "m_goblin_camp",
    "//": "vacant",
    "object": {
      "mapgensize": [ 8, 8 ],
      "rows": [
        "        ",
        "   x    ",
        "        ",
        " x 0    ",
        "    x   ",
        "        ",
        "        ",
        "        "
      ],
      "palettes": [ "mushroom_caves" ],
      "furniture": { "0": "f_firering", "x": "f_logstool" },
      "items": {
      "0": { "item": "oven", "chance": 20, "repeat": [ 1, 2 ] }
    }
    }
    } 
]