[
  {
    "type": "palette",
    "id": "city_building_palette",
    "//": "A palette for buildings and their furniture in a medieval city.",
    "furniture": {
      "A": "f_fireplace",
      "b": "f_bed",
	  "c": "f_cupboard",
	  "*": "f_chest_o",
	  "t": "f_table",
	  "j": "f_table",
	  "h": "f_chair",
	  "H": "f_armchair",
	  "D": "f_dresser",
	  "B": "f_bookcase",
	  "T": "f_desk",
	  "Y": "f_rack_coat",
	  "O": "f_woodstove",
	  "F": "f_forge",
	  "V": "f_bellows",
	  "K": "f_kiln_empty",
	  "╦": "f_counter",
	  "W": "f_counter",
	  "g": "f_sofa",
	  "M": "f_bigmirror",
	  "q": "f_crate_o",
	  "?": "f_hanging_lantern",
	  "0": [ [ "f_barrel_o", 2 ], [ "f_barrel_c", 10 ] ],
	  "C": [ [ "f_crate_o", 2 ], [ "f_crate_c", 10 ] ]
    },
    "terrain": {
      "d": [ [ "t_door_c", 5 ], [ "t_door_o", 5 ] ],
      "l": [ [ "t_door_locked_peep", 2 ], [ "t_door_locked", 10 ] ],
	  "i": "t_door_locked_interior",
      "w": "t_wall_wood",
	  "A": "t_rock_floor_no_roof",
	  "f": "t_floor",
	  "Q": "t_carpet_red",
	  "c": "t_floor",
	  "b": "t_floor",
	  "D": "t_floor",
	  "B": "t_floor",
	  "H": "t_floor",
	  "t": "t_floor",
	  "h": "t_floor",
	  "T": "t_floor",
	  "Y": "t_floor",
	  "O": "t_floor",
	  "u": "t_floor",
	  "g": "t_floor",
	  "0": "t_floor",
	  "C": "t_floor",
	  "j": "t_floor",
	  "W": "t_floor",
	  "M": "t_floor",
	  "q": "t_floor",
	  "?": "t_floor",
      "s": "t_rock_wall",
	  "r": "t_rock_floor",
	  "F": "t_rock_floor",
	  "x": "t_rock_floor",
	  "V": "t_rock_floor",
	  "K": "t_rock_floor",
	  "╦": "t_rock_floor",
	  "▄": "t_rock_floor",
	  "a": "t_rock_floor",
	  "*": "t_rock_floor",
	  ",": "t_rock_floor_no_roof",
	  "/": [ [ "t_region_tree", 1 ], [ "t_region_groundcover_urban", 10 ] ],
      ".": [ [ "t_dirt", 1 ], [ "t_grass", 5 ] ],
      "o": [
        [ "t_window_domestic", 10 ],
        "t_window_open",
        [ "t_curtains", 5 ]
      ],
      "<": "t_wood_stairs_up",
      ">": "t_wood_stairs_down"
    },
    "liquids": { "~": { "liquid": "water_clean", "amount": [ 0, 100 ] } },
	"traps": { "x": "tr_firewood_source" },
    "items": {
      "x": { "item": "stash_wood", "chance": 100, "repeat": [ 2, 5 ] },
	  "O": { "item": "oven", "chance": 100, "repeat": [ 2, 5 ] },
	  "c": { "item": "kitchen_counters", "chance": 100, "repeat": [ 2, 5 ] },
	  "t": { "item": "dishes_dining", "chance": 100, "repeat": [ 2, 5 ] },
	  "q": { "item": "farming_tools", "chance": 30, "repeat": [ 1, 5 ] },
	  "u": { "item": "bucket", "chance": 100 },
	  "A": { "item": "stash_wood", "chance": 30, "repeat": [ 2, 5 ] },
	  "0": [
			{ "item": "barrel_food_loot", "chance": 20, "repeat": [ 2, 5 ] },
			{ "item": "barrel_food_loot2", "chance": 20, "repeat": [ 2, 5 ] },
			{ "item": "barrel_food_loot3", "chance": 20, "repeat": [ 2, 5 ] },
			{ "item": "barrel_food_loot4", "chance": 20, "repeat": [ 2, 5 ] },
			{ "item": "barrel_food_loot5", "chance": 20, "repeat": [ 2, 5 ] },
			{ "item": "barrel_food_loot6", "chance": 20, "repeat": [ 1, 3 ] }
		],
	  "C": [
			{ "item": "stash_wood", "chance": 60, "repeat": [ 2, 5 ] },
			{ "item": "charcoal", "chance": 60, "repeat": [ 20, 50 ] }
		],
	  "B": { "item": "textbooks_school", "chance": 80, "repeat": [ 2, 5 ] },
	  "T": { "item": "camping", "chance": 100, "repeat": [ 2, 5 ] },
	  "╦": [
			{ "item": "blacksmith", "chance": 100, "repeat": [ 1, 3] },
			{ "item": "BLACKSMITH_SHOP", "chance": 100 }
		],
	  "*": { "item": "silver_coinage", "chance": 100, "repeat": [ 10, 25] },
	  "▄": { "item": "charcoal", "chance": 100, "repeat": [ 100, 150 ] },
	  "a": { "item": "anvil", "chance": 100 },
      "D": [
			{ "item": "SUS_dresser_mens", "chance": 50, "repeat": [ 1, 2 ] },
			{ "item": "SUS_dresser_womens", "chance": 50, "repeat": [ 1, 2 ] }
		],
	  "b": [
			{ "item": "bed", "x": [ 10, 8 ], "y": [ 10, 9 ], "chance": 100 }
		]
    }
  },
  {
    "type": "palette",
    "id": "city_building_roof_palette",
    "//": "A palette for the roofs of buildings in a medieval city and the tops of their chimneys. Can also be used by the roofs of towers and castles.",
    "terrain": {
      " ": "t_open_air",
	  "u": "t_shingle_flat_roof",
      "w": "t_wall_wood",
	  "f": "t_floor",
      "s": "t_rock_wall",
	  "r": "t_rock_floor",
	  "<": "t_wood_stairs_up",
      ">": "t_wood_stairs_down"
    }
  },
{
    "type": "palette",
    "id": "city_building_home",
    "//": "A palette for homes and their furniture in a medieval city.",
    "furniture": {
      "A": "f_fireplace",
      "b": "f_bed",
	  "K": "f_cupboard",
	  "*": "f_cupboard",
	  "t": "f_table",
	  "h": "f_chair",
	  "H": "f_armchair",
	  "D": "f_dresser",
	  "B": "f_bookcase",
	  "T": "f_desk",
	  "Y": "f_rack_coat",
	  "O": "f_woodstove",
	  "F": "f_forge",
	  "V": "f_bellows",
	  "╦": "f_counter"
    },
    "terrain": {
      "d": [ [ "t_door_c", 5 ], [ "t_door_o", 5 ] ],
      "l": [ [ "t_door_locked_peep", 2 ], [ "t_door_locked", 10 ] ],
	  "i": "t_door_locked_interior",
      "w": "t_wall_wood",
	  "A": "t_rock_floor_no_roof",
	  "f": "t_dirt",
	  "c": "t_floor",
	  "b": "t_floor",
	  "D": "t_floor",
	  "B": "t_floor",
	  "H": "t_floor",
	  "t": "t_floor",
	  "h": "t_floor",
	  "T": "t_floor",
	  "Y": "t_floor",
	  "O": "t_floor",
	  "u": "t_floor",
      "s": "t_rock_wall",
	  "r": "t_rock_floor",
	  "F": "t_rock_floor",
	  "x": "t_rock_floor",
	  "V": "t_rock_floor",
	  "K": "t_rock_floor",
	  "╦": "t_rock_floor",
	  "▄": "t_rock_floor",
	  "a": "t_rock_floor",
	  "*": "t_rock_floor",
      " ": [ [ "t_dirt", 1 ], [ "t_grass", 5 ] ],
      "o": [
        [ "t_window_domestic", 10 ],
        "t_window_open",
        [ "t_curtains", 5 ]
      ],
      "<": "t_wood_stairs_up",
      ">": "t_wood_stairs_down"
    },
    "liquids": { "g": { "liquid": "water_clean", "amount": [ 0, 100 ] } },
	"traps": { "x": "tr_firewood_source" },
    "items": {
      "x": { "item": "stash_wood", "chance": 100, "repeat": [ 2, 5 ] },
	  "O": { "item": "oven", "chance": 100, "repeat": [ 2, 5 ] },
	  "K": { "item": "kitchen_counters", "chance": 100, "repeat": [ 2, 5 ] },
	  "t": { "item": "dishes_dining", "chance": 100, "repeat": [ 2, 5 ] },
	  "u": { "item": "bucket", "chance": 100 },
	  "A": { "item": "stash_wood", "chance": 30, "repeat": [ 2, 5 ] },
	  "B": { "item": "textbooks_school", "chance": 80, "repeat": [ 2, 5 ] },
	  "T": { "item": "camping", "chance": 100, "repeat": [ 2, 5 ] },
	  "╦": [ { "item": "blacksmith", "chance": 100, "repeat": [ 1, 3] }, { "item": "BLACKSMITH_SHOP", "chance": 100 } ],
	  "*": { "item": "silver_coinage", "chance": 100, "repeat": [ 10, 25] },
	  "▄": { "item": "charcoal", "chance": 100, "repeat": [ 100, 150 ] },
	  "a": { "item": "anvil", "chance": 100 },
      "D": [
			{ "item": "SUS_dresser_mens", "chance": 50, "repeat": [ 1, 2 ] },
			{ "item": "SUS_dresser_womens", "chance": 50, "repeat": [ 1, 2 ] }
		],
	  "b": [
			{ "item": "bed", "x": [ 10, 8 ], "y": [ 10, 9 ], "chance": 100 }
		]
    }
  },
{
    "type": "palette",
    "id": "city_building_store",
    "//": "A palette for industrial structures and their furniture in a medieval city.",
    "furniture": {
      "A": "f_fireplace",
      "b": "f_bed",
	  "K": "f_cupboard",
	  "*": "f_cupboard",
	  "t": "f_table",
	  "h": "f_chair",
	  "H": "f_armchair",
	  "D": "f_dresser",
	  "B": "f_bookcase",
	  "T": "f_desk",
	  "Y": "f_rack",
          "X": "f_rack",
	  "O": "f_woodstove",
	  "F": "f_forge",
	  "V": "f_bellows",
	  "╦": "f_counter"
    },
    "terrain": {
      "d": [ [ "t_door_c", 5 ], [ "t_door_o", 5 ] ],
      "l": [ [ "t_door_locked_peep", 2 ], [ "t_door_locked", 10 ] ],
	  "i": "t_door_locked_interior",
      "w": "t_wall_wood",
	  "A": "t_rock_floor_no_roof",
	  "f": "t_dirt",
	  "c": "t_floor",
	  "b": "t_floor",
	  "D": "t_floor",
	  "B": "t_floor",
	  "H": "t_floor",
	  "t": "t_floor",
	  "h": "t_floor",
	  "T": "t_floor",
	  "Y": "t_floor",
	  "O": "t_floor",
	  "u": "t_floor",
      "s": "t_rock_wall",
	  "r": "t_rock_floor",
	  "F": "t_rock_floor",
	  "x": "t_rock_floor",
	  "V": "t_rock_floor",
	  "K": "t_rock_floor",
	  "╦": "t_rock_floor",
	  "▄": "t_rock_floor",
	  "a": "t_rock_floor",
	  "*": "t_rock_floor",
      " ": [ [ "t_dirt", 1 ], [ "t_grass", 5 ] ],
      "o": [
        [ "t_window_domestic", 10 ],
        "t_window_open",
        [ "t_curtains", 5 ]
      ],
      "<": "t_wood_stairs_up",
      ">": "t_wood_stairs_down"
    }
},
{
    "type": "palette",
    "id": "city_building_alchemist",
    "//": "A palette for industrial structures and their furniture in a medieval city.",
    "furniture": {
      "A": "f_fireplace",
      "b": "f_bed",
	  "K": "f_cupboard",
	  "*": "f_cupboard",
	  "t": "f_table",
	  "h": "f_chair",
	  "H": "f_armchair",
	  "D": "f_dresser",
	  "B": "f_bookcase",
	  "T": "f_desk",
	  "Y": "f_rack",
          "X": "f_rack",
	  "O": "f_woodstove",
	  "F": "f_barrel_o",
	  "V": "f_still",
	  "╦": "f_counter"
    },
    "terrain": {
      "d": [ [ "t_door_c", 5 ], [ "t_door_o", 5 ] ],
      "l": [ [ "t_door_locked_peep", 2 ], [ "t_door_locked", 10 ] ],
	  "i": "t_door_locked_interior",
      "w": "t_wall_wood",
	  "A": "t_rock_floor_no_roof",
	  "f": "t_dirt",
	  "c": "t_floor",
	  "b": "t_floor",
	  "D": "t_floor",
	  "B": "t_floor",
	  "H": "t_floor",
	  "t": "t_floor",
	  "h": "t_floor",
	  "T": "t_floor",
	  "Y": "t_floor",
	  "O": "t_floor",
	  "u": "t_floor",
      "s": "t_rock_wall",
	  "r": "t_rock_floor",
	  "F": "t_rock_floor",
	  "x": "t_rock_floor",
	  "V": "t_rock_floor",
	  "K": "t_rock_floor",
	  "╦": "t_rock_floor",
	  "▄": "t_rock_floor",
	  "a": "t_rock_floor",
	  "*": "t_rock_floor",
      " ": [ [ "t_dirt", 1 ], [ "t_grass", 5 ] ],
      "o": [
        [ "t_window_domestic", 10 ],
        "t_window_open",
        [ "t_curtains", 5 ]
      ],
      "<": "t_wood_stairs_up",
      ">": "t_wood_stairs_down"
    }
},
{
    "type": "palette",
    "id": "city_building_pottery_store",
    "//": "A palette for industrial structures and their furniture in a medieval city.",
    "furniture": {
      "A": "f_fireplace",
      "b": "f_bed",
	  "K": "f_cupboard",
	  "*": "f_cupboard",
	  "t": "f_table",
	  "h": "f_chair",
	  "H": "f_armchair",
	  "D": "f_dresser",
	  "B": "f_bookcase",
	  "T": "f_desk",
	  "Y": "f_rack",
          "X": "f_rack",
	  "O": "f_woodstove",
	  "F": "f_kiln_empty",
	  "q": "f_hanging_lantern",
	  "╦": "f_counter"
    },
    "terrain": {
      "d": [ [ "t_door_c", 5 ], [ "t_door_o", 5 ] ],
      "l": [ [ "t_door_locked_peep", 2 ], [ "t_door_locked", 10 ] ],
	  "i": "t_door_locked_interior",
      "w": "t_wall_wood",
	  "A": "t_rock_floor_no_roof",
	  "f": "t_dirt",
	  "c": "t_floor",
	  "b": "t_floor",
	  "D": "t_floor",
	  "B": "t_floor",
	  "H": "t_floor",
	  "t": "t_floor",
	  "h": "t_floor",
	  "T": "t_floor",
	  "Y": "t_floor",
	  "O": "t_floor",
	  "u": "t_floor",
      "s": "t_rock_wall",
	  "r": "t_rock_floor",
	  "F": "t_rock_floor",
	  "x": "t_rock_floor",
	  "V": "t_rock_floor",
	  "K": "t_rock_floor",
	  "╦": "t_rock_floor",
	  "▄": "t_rock_floor",
	  "a": "t_rock_floor",
	  "*": "t_rock_floor",
      " ": [ [ "t_dirt", 1 ], [ "t_grass", 5 ] ],
      "o": [
        [ "t_window_domestic", 10 ],
        "t_window_open",
        [ "t_curtains", 5 ]
      ],
      "<": "t_wood_stairs_up",
      ">": "t_wood_stairs_down"
    }
},
{
    "type": "palette",
    "id": "city_building_bakery",
    "//": "A palette for industrial structures and their furniture in a medieval city.",
    "furniture": {
      "A": "f_fireplace",
      "b": "f_bed",
	  "K": "f_cupboard",
	  "*": "f_cupboard",
	  "t": "f_table",
	  "h": "f_chair",
	  "T": "f_desk",
	  "Y": "f_rack",
          "X": "f_rack",
	  "O": "f_woodstove",
	  "F": "f_kiln_empty",
	  "q": "f_hanging_lantern",
	  "╦": "f_counter"
    },
    "terrain": {
      "d": [ [ "t_door_c", 5 ], [ "t_door_o", 5 ] ],
      "l": [ [ "t_door_locked_peep", 2 ], [ "t_door_locked", 10 ] ],
	  "i": "t_door_locked_interior",
      "w": "t_wall_wood",
	  "A": "t_rock_floor_no_roof",
	  "f": "t_dirt",
	  "c": "t_floor",
	  "b": "t_floor",
	  "D": "t_floor",
	  "B": "t_floor",
	  "H": "t_floor",
	  "t": "t_floor",
	  "h": "t_floor",
	  "T": "t_floor",
	  "Y": "t_floor",
	  "O": "t_floor",
	  "u": "t_floor",
      "s": "t_rock_wall",
	  "r": "t_rock_floor",
	  "F": "t_rock_floor",
	  "x": "t_rock_floor",
	  "V": "t_rock_floor",
	  "K": "t_rock_floor",
	  "╦": "t_rock_floor",
	  "▄": "t_rock_floor",
	  "a": "t_rock_floor",
	  "*": "t_rock_floor",
      " ": [ [ "t_dirt", 1 ], [ "t_grass", 5 ] ],
      "o": [
        [ "t_window_domestic", 10 ],
        "t_window_open",
        [ "t_curtains", 5 ]
      ],
      "<": "t_wood_stairs_up",
      ">": "t_wood_stairs_down"
    }
},
{
    "type": "palette",
    "id": "mtc_church",
    "terrain": {
      "d": "t_door_c",
      "w": "t_wall_w",
      ".": "t_floor",
      " ": [ [ "t_dirt", 1 ], [ "t_grass", 5 ] ],
      "f": "t_dirt",
      "o": "t_window_domestic"
    },
    "furniture": {
      "#": "f_bench",
      "c": "f_counter",
      "1": "f_bench",
      "U": "f_statue", 
      "H": "f_table",
      "g": [ [ "f_slab", 10 ], [ "f_grave_head", 10 ], [ "f_grave_stone", 10 ], [ "f_grave_stone_old", 10 ], [ "f_grave_monument", 2 ] ]
    }
},
{
    "type": "palette",
    "id": "mtc_stables",
    "terrain": {
      "f": "t_fencegate_c",
      "d": "t_dirt",
      "s": "t_splitrail_fence",
      "w": "t_wall_w",
      ".": "t_floor"
    },
    "furniture": {
      "#": "f_chair",
      "t": "f_table"
    }
  },
{
    "type": "palette",
    "id": "mtc_cemetary",
    "terrain": {
      "f": "t_fencegate_c",
      "d": "t_dirt",
      "s": "t_splitrail_fence",
      "w": "t_wall_w",
      ".": "t_floor",
      "D": "t_door_c"
    },
    "furniture": {
      "#": "f_chair",
      "g": [ [ "f_slab", 10 ], [ "f_grave_head", 10 ], [ "f_grave_stone", 10 ], [ "f_grave_stone_old", 10 ], [ "f_grave_monument", 2 ] ],
      "t": "f_table",
      "?": "f_hanging_lantern"
    }
  },
{
    "type": "palette",
    "id": "mtc_wharf",
    "terrain": {
      "~": "t_water_sh",
      "D": "t_dock_deep",
      ".": "t_dock",
      " ": [ [ "t_dirt", 1 ], [ "t_grass", 5 ] ],
      "f": "t_water_dp"
    },
    "furniture": {
      "T": "f_pole_lantern"
    }
}
]
