[
	{
    "type": "city_building",
    "id": "blacksmith_city_lone",
    "locations": [ "land" ],
    "overmaps": [
      { "point": [ 0, 0, 0 ], "overmap": "blacksmith_city1_north", "locations": [ "land" ] },
	  { "point": [ 0, 0, 1 ], "overmap": "blacksmith_city1_roof_north", "locations": [ "land" ] },
	  { "point": [ 0, 0, 2 ], "overmap": "blacksmith_city1_chimney_north", "locations": [ "land" ] }
    ]
	},
	{
    "type": "overmap_special",
    "id": "walled_city_small",
    "locations": [ "land", "forest", "wilderness", "swamp", "field" ],
	"occurrences": [ 1, 1 ],
	"city_distance": [ 11, 12 ],
    "city_sizes": [ 2, 20 ],
	"flags": [ "WILDERNESS" ],
    "overmaps": [
	  { "point": [ 1, 3, 0 ], "overmap": "solid_wall_north" },
	  { "point": [ 2, 3, 0 ], "overmap": "solid_wall_north" },
	  { "point": [ 2, 2, 0 ], "overmap": "solid_wall_north" },
	  { "point": [ 3, 2, 0 ], "overmap": "solid_wall_north" },
	  { "point": [ 3, 1, 0 ], "overmap": "solid_wall_north" },
	  { "point": [ 3, 0, 0 ], "overmap": "solid_wall_north" },
	  { "point": [ 3, -1, 0 ], "overmap": "solid_wall_north" },
	  { "point": [ 3, -2, 0 ], "overmap": "solid_wall_north" },
	  { "point": [ 2, -2, 0 ], "overmap": "solid_wall_north" },
	  { "point": [ 2, -3, 0 ], "overmap": "solid_wall_north" },
	  { "point": [ 1, -3, 0 ], "overmap": "solid_wall_north" },
	  { "point": [ 0, -3, 0 ], "overmap": "solid_wall_north" },
	  { "point": [ -1, -3, 0 ], "overmap": "solid_wall_north" },
	  { "point": [ -2, -3, 0 ], "overmap": "solid_wall_north" },
	  { "point": [ -2, -2, 0 ], "overmap": "solid_wall_north" },
	  { "point": [ -3, -2, 0 ], "overmap": "solid_wall_north" },
	  { "point": [ -3, -1, 0 ], "overmap": "solid_wall_north" },
	  { "point": [ -3, 0, 0 ], "overmap": "solid_wall_north" },
	  { "point": [ -3, 1, 0 ], "overmap": "solid_wall_north" },
	  { "point": [ -3, 2, 0 ], "overmap": "solid_wall_north" },
	  { "point": [ -2, 2, 0 ], "overmap": "solid_wall_north" },
	  { "point": [ -2, 3, 0 ], "overmap": "solid_wall_north" },
	  { "point": [ -1, 3, 0 ], "overmap": "solid_wall_north" },
	  { "point": [ -10, 1, 0 ], "overmap": "solid_wall_north" },
	  { "point": [ -10, 2, 0 ], "overmap": "solid_wall_north" },
	  { "point": [ -10, 3, 0 ], "overmap": "solid_wall_north" },
	  { "point": [ -9, 3, 0 ], "overmap": "solid_wall_north" },
	  { "point": [ -9, 4, 0 ], "overmap": "solid_wall_north" },
	  { "point": [ -9, 5, 0 ], "overmap": "solid_wall_north" },
	  { "point": [ -8, 5, 0 ], "overmap": "solid_wall_north" },
	  { "point": [ -8, 6, 0 ], "overmap": "solid_wall_north" },
	  { "point": [ -7, 6, 0 ], "overmap": "solid_wall_north" },
	  { "point": [ -7, 7, 0 ], "overmap": "solid_wall_north" },
	  { "point": [ -6, 7, 0 ], "overmap": "solid_wall_north" },
	  { "point": [ -6, 8, 0 ], "overmap": "solid_wall_north" },
	  { "point": [ -5, 8, 0 ], "overmap": "solid_wall_north" },
	  { "point": [ -5, 9, 0 ], "overmap": "solid_wall_north" },
	  { "point": [ -4, 9, 0 ], "overmap": "solid_wall_north" },
	  { "point": [ -3, 9, 0 ], "overmap": "solid_wall_north" },
	  { "point": [ -3, 10, 0 ], "overmap": "solid_wall_north" },
	  { "point": [ -2, 10, 0 ], "overmap": "solid_wall_north" },
	  { "point": [ -1, 10, 0 ], "overmap": "solid_wall_north" },
	  { "point": [ 10, 1, 0 ], "overmap": "solid_wall_north" },
	  { "point": [ 10, 2, 0 ], "overmap": "solid_wall_north" },
	  { "point": [ 10, 3, 0 ], "overmap": "solid_wall_north" },
	  { "point": [ 9, 3, 0 ], "overmap": "solid_wall_north" },
	  { "point": [ 9, 4, 0 ], "overmap": "solid_wall_north" },
	  { "point": [ 9, 5, 0 ], "overmap": "solid_wall_north" },
	  { "point": [ 8, 5, 0 ], "overmap": "solid_wall_north" },
	  { "point": [ 8, 6, 0 ], "overmap": "solid_wall_north" },
	  { "point": [ 7, 6, 0 ], "overmap": "solid_wall_north" },
	  { "point": [ 7, 7, 0 ], "overmap": "solid_wall_north" },
	  { "point": [ 6, 7, 0 ], "overmap": "solid_wall_north" },
	  { "point": [ 6, 8, 0 ], "overmap": "solid_wall_north" },
	  { "point": [ 5, 8, 0 ], "overmap": "solid_wall_north" },
	  { "point": [ 5, 9, 0 ], "overmap": "solid_wall_north" },
	  { "point": [ 4, 9, 0 ], "overmap": "solid_wall_north" },
	  { "point": [ 3, 9, 0 ], "overmap": "solid_wall_north" },
	  { "point": [ 3, 10, 0 ], "overmap": "solid_wall_north" },
	  { "point": [ 2, 10, 0 ], "overmap": "solid_wall_north" },
	  { "point": [ 1, 10, 0 ], "overmap": "solid_wall_north" },
	  { "point": [ -10, -1, 0 ], "overmap": "solid_wall_north" },
	  { "point": [ -10, -2, 0 ], "overmap": "solid_wall_north" },
	  { "point": [ -10, -3, 0 ], "overmap": "solid_wall_north" },
	  { "point": [ -9, -3, 0 ], "overmap": "solid_wall_north" },
	  { "point": [ -9, -4, 0 ], "overmap": "solid_wall_north" },
	  { "point": [ -9, -5, 0 ], "overmap": "solid_wall_north" },
	  { "point": [ -8, -5, 0 ], "overmap": "solid_wall_north" },
	  { "point": [ -8, -6, 0 ], "overmap": "solid_wall_north" },
	  { "point": [ -7, -6, 0 ], "overmap": "solid_wall_north" },
	  { "point": [ -7, -7, 0 ], "overmap": "solid_wall_north" },
	  { "point": [ -6, -7, 0 ], "overmap": "solid_wall_north" },
	  { "point": [ -6, -8, 0 ], "overmap": "solid_wall_north" },
	  { "point": [ -5, -8, 0 ], "overmap": "solid_wall_north" },
	  { "point": [ -5, -9, 0 ], "overmap": "solid_wall_north" },
	  { "point": [ -4, -9, 0 ], "overmap": "solid_wall_north" },
	  { "point": [ -3, -9, 0 ], "overmap": "solid_wall_north" },
	  { "point": [ -3, -10, 0 ], "overmap": "solid_wall_north" },
	  { "point": [ -2, -10, 0 ], "overmap": "solid_wall_north" },
	  { "point": [ -1, -10, 0 ], "overmap": "solid_wall_north" },
	  { "point": [ 10, -1, 0 ], "overmap": "solid_wall_north" },
	  { "point": [ 10, -2, 0 ], "overmap": "solid_wall_north" },
	  { "point": [ 10, -3, 0 ], "overmap": "solid_wall_north" },
	  { "point": [ 9, -3, 0 ], "overmap": "solid_wall_north" },
	  { "point": [ 9, -4, 0 ], "overmap": "solid_wall_north" },
	  { "point": [ 9, -5, 0 ], "overmap": "solid_wall_north" },
	  { "point": [ 8, -5, 0 ], "overmap": "solid_wall_north" },
	  { "point": [ 8, -6, 0 ], "overmap": "solid_wall_north" },
	  { "point": [ 7, -6, 0 ], "overmap": "solid_wall_north" },
	  { "point": [ 7, -7, 0 ], "overmap": "solid_wall_north" },
	  { "point": [ 6, -7, 0 ], "overmap": "solid_wall_north" },
	  { "point": [ 6, -8, 0 ], "overmap": "solid_wall_north" },
	  { "point": [ 5, -8, 0 ], "overmap": "solid_wall_north" },
	  { "point": [ 5, -9, 0 ], "overmap": "solid_wall_north" },
	  { "point": [ 4, -9, 0 ], "overmap": "solid_wall_north" },
	  { "point": [ 3, -9, 0 ], "overmap": "solid_wall_north" },
	  { "point": [ 3, -10, 0 ], "overmap": "solid_wall_north" },
	  { "point": [ 2, -10, 0 ], "overmap": "solid_wall_north" },
	  { "point": [ 1, -10, 0 ], "overmap": "solid_wall_north" },
	  { "point": [ 0, 10, 0 ], "overmap": "gatehouse_city_wall_south" },
	  { "point": [ 0, -10, 0 ], "overmap": "gatehouse_city_wall_north" },
	  { "point": [ 10, 0, 0 ], "overmap": "gatehouse_city_wall_east" },
	  { "point": [ -10, 0, 0 ], "overmap": "gatehouse_city_wall_west" },
	  { "point": [ 0, 3, 0 ], "overmap": "gatehouse_city_wall_south" },
	  { "point": [ -1, 4, 0 ], "overmap": "walled_in_building_west" },
	  { "point": [ -1, 5, 0 ], "overmap": "walled_in_building_west" },
	  { "point": [ -1, 6, 0 ], "overmap": "walled_in_building_west" },
	  { "point": [ -1, 7, 0 ], "overmap": "walled_in_building_west" },
	  { "point": [ -1, 8, 0 ], "overmap": "walled_in_building_west" },
	  { "point": [ -1, 9, 0 ], "overmap": "walled_in_building_west" },
	  { "point": [ 1, 4, 0 ], "overmap": "walled_in_building_east" },
	  { "point": [ 1, 5, 0 ], "overmap": "walled_in_building_east" },
	  { "point": [ 1, 6, 0 ], "overmap": "walled_in_building_east" },
	  { "point": [ 1, 7, 0 ], "overmap": "walled_in_building_east" },
	  { "point": [ 1, 8, 0 ], "overmap": "walled_in_building_east" },
	  { "point": [ 1, 9, 0 ], "overmap": "walled_in_building_east" },
	  { "point": [ 0, 4, 0 ], "overmap": "straight_dirt_city_road_north" },
	  { "point": [ 0, 5, 0 ], "overmap": "straight_dirt_city_road_north" },
	  { "point": [ 0, 6, 0 ], "overmap": "straight_dirt_city_road_north" },
	  { "point": [ 0, 7, 0 ], "overmap": "straight_dirt_city_road_north" },
	  { "point": [ 0, 8, 0 ], "overmap": "straight_dirt_city_road_north" },
	  { "point": [ 0, 9, 0 ], "overmap": "straight_dirt_city_road_north" }
    ],
	"connections": [
      { "point": [ 0, 11, 0 ], "terrain": "road", "connection": "local_road", "from": [ 0, 10, 0 ] },
	  { "point": [ 0, -11, 0 ], "terrain": "road", "connection": "local_road", "from": [ 0, -10, 0 ] },
	  { "point": [ 11, 0, 0 ], "terrain": "road", "connection": "local_road", "from": [ 10, 0, 0 ] },
	  { "point": [ -11, 0, 0 ], "terrain": "road", "connection": "local_road", "from": [ -10, 0, 0 ] }
    ]
	},
{
    "type": "overmap_special",
    "id": "walled_island_city_small",
    "//": "To be modified when regular walled cities are finished.",
    "locations": [ "lake_surface" ],
	"occurrences": [ 1, 1 ],
	"city_distance": [ 11, 12 ],
    "city_sizes": [ 2, 20 ],
	"flags": [ "LAKE" ],
    "overmaps": [
	  { "point": [ -1, 4, 0 ], "overmap": "walled_in_building_west" },
	  { "point": [ -1, 5, 0 ], "overmap": "walled_in_building_west" },
	  { "point": [ -1, 6, 0 ], "overmap": "walled_in_building_west" },
	  { "point": [ -1, 7, 0 ], "overmap": "walled_in_building_west" },
	  { "point": [ -1, 8, 0 ], "overmap": "walled_in_building_west" },
	  { "point": [ -1, 9, 0 ], "overmap": "walled_in_building_west" },
	  { "point": [ 1, 4, 0 ], "overmap": "walled_in_building_east" },
	  { "point": [ 1, 5, 0 ], "overmap": "walled_in_building_east" },
	  { "point": [ 1, 6, 0 ], "overmap": "walled_in_building_east" },
	  { "point": [ 1, 7, 0 ], "overmap": "walled_in_building_east" },
	  { "point": [ 1, 8, 0 ], "overmap": "walled_in_building_east" },
	  { "point": [ 1, 9, 0 ], "overmap": "walled_in_building_east" },

          { "point": [ -2, 4, 0 ], "overmap": "walled_in_building_east" },
	  { "point": [ -2, 5, 0 ], "overmap": "walled_in_building_east" },
	  { "point": [ -2, 6, 0 ], "overmap": "walled_in_building_east" },
	  { "point": [ -2, 7, 0 ], "overmap": "walled_in_building_east" },
	  { "point": [ -2, 8, 0 ], "overmap": "walled_in_building_east" },
	  { "point": [ -2, 9, 0 ], "overmap": "walled_in_building_east" },
	  { "point": [ 2, 4, 0 ], "overmap": "walled_in_building_west" },
	  { "point": [ 2, 5, 0 ], "overmap": "walled_in_building_west" },
	  { "point": [ 2, 6, 0 ], "overmap": "walled_in_building_west" },
	  { "point": [ 2, 7, 0 ], "overmap": "walled_in_building_west" },
	  { "point": [ 2, 8, 0 ], "overmap": "walled_in_building_west" },
	  { "point": [ 2, 9, 0 ], "overmap": "walled_in_building_west" },

          { "point": [ -4, 4, 0 ], "overmap": "walled_in_building_west" },
	  { "point": [ -4, 5, 0 ], "overmap": "walled_in_building_west" },
	  { "point": [ -4, 6, 0 ], "overmap": "walled_in_building_west" },
	  { "point": [ -4, 7, 0 ], "overmap": "walled_in_building_west" },
	  { "point": [ -4, 8, 0 ], "overmap": "walled_in_building_west" },
	  { "point": [ -4, 9, 0 ], "overmap": "walled_in_building_west" },
	  { "point": [ 4, 4, 0 ], "overmap": "walled_in_building_east" },
	  { "point": [ 4, 5, 0 ], "overmap": "walled_in_building_east" },
	  { "point": [ 4, 6, 0 ], "overmap": "walled_in_building_east" },
	  { "point": [ 4, 7, 0 ], "overmap": "walled_in_building_east" },
	  { "point": [ 4, 8, 0 ], "overmap": "walled_in_building_east" },
	  { "point": [ 4, 9, 0 ], "overmap": "walled_in_building_east" },

          { "point": [ -5, 4, 0 ], "overmap": "walled_in_building_east" },
	  { "point": [ -5, 5, 0 ], "overmap": "walled_in_building_east" },
	  { "point": [ -5, 6, 0 ], "overmap": "walled_in_building_east" },
	  { "point": [ -5, 7, 0 ], "overmap": "walled_in_building_east" },
	  { "point": [ -5, 8, 0 ], "overmap": "walled_in_building_east" },
	  { "point": [ -5, 9, 0 ], "overmap": "walled_in_building_east" },
	  { "point": [ 5, 4, 0 ], "overmap": "walled_in_building_west" },
	  { "point": [ 5, 5, 0 ], "overmap": "walled_in_building_west" },
	  { "point": [ 5, 6, 0 ], "overmap": "walled_in_building_west" },
	  { "point": [ 5, 7, 0 ], "overmap": "walled_in_building_west" },
	  { "point": [ 5, 8, 0 ], "overmap": "walled_in_building_west" },
	  { "point": [ 5, 9, 0 ], "overmap": "walled_in_building_west" },

          { "point": [ 0, 3, 0 ], "overmap": "straight_dirt_city_road_north" },
	  { "point": [ 0, 4, 0 ], "overmap": "straight_dirt_city_road_north" },
	  { "point": [ 0, 5, 0 ], "overmap": "straight_dirt_city_road_north" },
	  { "point": [ 0, 6, 0 ], "overmap": "straight_dirt_city_road_north" },
	  { "point": [ 0, 7, 0 ], "overmap": "straight_dirt_city_road_north" },
	  { "point": [ 0, 8, 0 ], "overmap": "straight_dirt_city_road_north" },
	  { "point": [ 0, 9, 0 ], "overmap": "straight_dirt_city_road_north" },
	  { "point": [ 0, 10, 0 ], "overmap": "straight_dirt_city_road_north" },

          { "point": [ 3, 4, 0 ], "overmap": "straight_dirt_city_road_north" },
	  { "point": [ 3, 5, 0 ], "overmap": "straight_dirt_city_road_north" },
	  { "point": [ 3, 6, 0 ], "overmap": "straight_dirt_city_road_north" },
	  { "point": [ 3, 7, 0 ], "overmap": "straight_dirt_city_road_north" },
	  { "point": [ 3, 8, 0 ], "overmap": "straight_dirt_city_road_north" },
	  { "point": [ 3, 9, 0 ], "overmap": "straight_dirt_city_road_north" },

          { "point": [ -3, 4, 0 ], "overmap": "straight_dirt_city_road_north" },
	  { "point": [ -3, 5, 0 ], "overmap": "straight_dirt_city_road_north" },
	  { "point": [ -3, 6, 0 ], "overmap": "straight_dirt_city_road_north" },
	  { "point": [ -3, 7, 0 ], "overmap": "straight_dirt_city_road_north" },
	  { "point": [ -3, 8, 0 ], "overmap": "straight_dirt_city_road_north" },
	  { "point": [ -3, 9, 0 ], "overmap": "straight_dirt_city_road_north" },

          { "point": [ 6, 4, 0 ], "overmap": "straight_dirt_city_road_north" },
	  { "point": [ 6, 5, 0 ], "overmap": "straight_dirt_city_road_north" },
	  { "point": [ 6, 6, 0 ], "overmap": "straight_dirt_city_road_north" },
	  { "point": [ 6, 7, 0 ], "overmap": "straight_dirt_city_road_north" },
	  { "point": [ 6, 8, 0 ], "overmap": "straight_dirt_city_road_north" },
	  { "point": [ 6, 9, 0 ], "overmap": "straight_dirt_city_road_north" },

          { "point": [ -6, 4, 0 ], "overmap": "straight_dirt_city_road_north" },
	  { "point": [ -6, 5, 0 ], "overmap": "straight_dirt_city_road_north" },
	  { "point": [ -6, 6, 0 ], "overmap": "straight_dirt_city_road_north" },
	  { "point": [ -6, 7, 0 ], "overmap": "straight_dirt_city_road_north" },
	  { "point": [ -6, 8, 0 ], "overmap": "straight_dirt_city_road_north" },
	  { "point": [ -6, 9, 0 ], "overmap": "straight_dirt_city_road_north" },

	  { "point": [ 1, 10, 0 ], "overmap": "straight_dirt_city_road_west" },
	  { "point": [ 2, 10, 0 ], "overmap": "straight_dirt_city_road_west" },
	  { "point": [ 3, 10, 0 ], "overmap": "straight_dirt_city_road_west" },
	  { "point": [ 4, 10, 0 ], "overmap": "straight_dirt_city_road_west" },
	  { "point": [ 5, 10, 0 ], "overmap": "straight_dirt_city_road_west" },
	  { "point": [ 6, 10, 0 ], "overmap": "straight_dirt_city_road_west" },

	  { "point": [ -1, 10, 0 ], "overmap": "straight_dirt_city_road_west" },
	  { "point": [ -2, 10, 0 ], "overmap": "straight_dirt_city_road_west" },
	  { "point": [ -3, 10, 0 ], "overmap": "straight_dirt_city_road_west" },
	  { "point": [ -4, 10, 0 ], "overmap": "straight_dirt_city_road_west" },
	  { "point": [ -5, 10, 0 ], "overmap": "straight_dirt_city_road_west" },
	  { "point": [ -6, 10, 0 ], "overmap": "straight_dirt_city_road_west" },

          { "point": [ 1, 3, 0 ], "overmap": "straight_dirt_city_road_west" },
	  { "point": [ 2, 3, 0 ], "overmap": "straight_dirt_city_road_west" },
	  { "point": [ 3, 3, 0 ], "overmap": "straight_dirt_city_road_west" },
	  { "point": [ 4, 3, 0 ], "overmap": "straight_dirt_city_road_west" },
	  { "point": [ 5, 3, 0 ], "overmap": "straight_dirt_city_road_west" },
	  { "point": [ 6, 3, 0 ], "overmap": "straight_dirt_city_road_west" },

	  { "point": [ -1, 3, 0 ], "overmap": "straight_dirt_city_road_west" },
	  { "point": [ -2, 3, 0 ], "overmap": "straight_dirt_city_road_west" },
	  { "point": [ -3, 3, 0 ], "overmap": "straight_dirt_city_road_west" },
	  { "point": [ -4, 3, 0 ], "overmap": "straight_dirt_city_road_west" },
	  { "point": [ -5, 3, 0 ], "overmap": "straight_dirt_city_road_west" },
	  { "point": [ -6, 3, 0 ], "overmap": "straight_dirt_city_road_west" },

	  { "point": [ 0, 2, 0 ], "overmap": "wharf_mtc_south" },
          { "point": [ 0, 11, 0 ], "overmap": "wharf_mtc_north" }
    ]
	},
{
    "type": "overmap_special",
    "id": "dry_docks",
    "locations": [ "lake_shore" ],
	"occurrences": [ 0, 4 ],
	"city_distance": [ 4, 12 ],
    "city_sizes": [ 1, 20 ],
	"flags": [ "LAKE" ],
    "overmaps": [
	  { "point": [ 0, 0, 0 ], "overmap": "dry_dock_north" },
          { "point": [ 0, 1, 0 ], "overmap": "wharf_forefront_mtc_north" }
    ],
   "connections": [
      { "point": [ 0, -1, 0 ], "terrain": "road", "connection": "local_road", "from": [ 0, 0, 0 ] }
    ]
	},
{
    "type": "overmap_special",
    "id": "lumber_yard_mtc",
    "locations": [ "forest" ],
	"occurrences": [ 1, 6 ],
	"city_distance": [ 4, 12 ],
    "city_sizes": [ 1, 20 ],
    "overmaps": [
	  { "point": [ 0, 0, 0 ], "overmap": "lumber_yard_mtc_north" }
    ],
   "connections": [
      { "point": [ 0, 1, 0 ], "terrain": "road", "connection": "local_road", "from": [ 0, 0, 0 ] }
    ]
	},
{
    "type": "city_building",
    "id": "home",
    "locations": [ "land" ],
    "overmaps": [
      { "point": [ 0, 0, 0 ], "overmap": "home_north", "locations": [ "land" ] },
	  { "point": [ 0, 0, 1 ], "overmap": "home_roof_north", "locations": [ "land" ] }
    ]
	},
 {
    "type": "city_building",
    "id": "home2",
    "locations": [ "land" ],
    "overmaps": [
      { "point": [ 0, 0, 0 ], "overmap": "home2_north", "locations": [ "land" ] },
	  { "point": [ 0, 0, 1 ], "overmap": "home2_roof_north", "locations": [ "land" ] }
    ]
	},
{
    "type": "city_building",
    "id": "generalstore",
    "locations": [ "land" ],
    "overmaps": [
      { "point": [ 0, 0, 0 ], "overmap": "generalstore_north", "locations": [ "land" ] },
	  { "point": [ 0, 0, 1 ], "overmap": "generalstore_roof_north", "locations": [ "land" ] }
    ]
	},
{
    "type": "city_building",
    "id": "infirmary",
    "locations": [ "land" ],
    "overmaps": [
      { "point": [ 0, 0, 0 ], "overmap": "infirmary_north", "locations": [ "land" ] },
	  { "point": [ 0, 0, 1 ], "overmap": "infirmary_roof_north", "locations": [ "land" ] }
    ]
	},
{
    "type": "city_building",
    "id": "stables",
    "locations": [ "land" ],
    "overmaps": [
      { "point": [ 0, 0, 0 ], "overmap": "stables_north", "locations": [ "land" ] }
    ]
	},
{
    "type": "city_building",
    "id": "church_mtc",
    "locations": [ "land" ],
    "overmaps": [
      { "point": [ 0, 0, 0 ], "overmap": "church_mtc_north", "locations": [ "land" ] },
	  { "point": [ 0, 0, 1 ], "overmap": "church_roof_north", "locations": [ "land" ] }
    ]
	},
{
    "type": "city_building",
    "id": "carpentry_workshop",
    "locations": [ "land" ],
    "overmaps": [
      { "point": [ 0, 0, 0 ], "overmap": "carpentry_workshop_north", "locations": [ "land" ] },
	  { "point": [ 0, 0, 1 ], "overmap": "generalstore_roof_north", "locations": [ "land" ] }
    ]
	},
{
    "type": "city_building",
    "id": "alchemists_store",
    "locations": [ "land" ],
    "overmaps": [
      { "point": [ 0, 0, 0 ], "overmap": "alchemists_shop_north", "locations": [ "land" ] },
	  { "point": [ 0, 0, 1 ], "overmap": "alchemists_shop_roof_north", "locations": [ "land" ] }
    ]
	},
{
    "type": "city_building",
    "id": "pottery_store",
    "locations": [ "land" ],
    "overmaps": [
      { "point": [ 0, 0, 0 ], "overmap": "pottery_shop_north", "locations": [ "land" ] },
	  { "point": [ 0, 0, 1 ], "overmap": "pottery_shop_roof_north", "locations": [ "land" ] }
    ]
	},
{
    "type": "city_building",
    "id": "carriage_workshop",
    "locations": [ "land" ],
    "overmaps": [
      { "point": [ 0, 0, 0 ], "overmap": "carriage_works_north", "locations": [ "land" ] },
	  { "point": [ 0, 0, 1 ], "overmap": "carriage_works_roof_north", "locations": [ "land" ] }
    ]
	},
{
    "type": "city_building",
    "id": "bakery_mtc",
    "locations": [ "land" ],
    "overmaps": [
      { "point": [ 0, 0, 0 ], "overmap": "bakery_mtc_north", "locations": [ "land" ] },
	  { "point": [ 0, 0, 1 ], "overmap": "bakery_roof_mtc_north", "locations": [ "land" ] }
    ]
	},
{
    "type": "city_building",
    "id": "brewery_mtc",
    "locations": [ "land" ],
    "overmaps": [
      { "point": [ 0, 0, 0 ], "overmap": "brewery_mtc_north", "locations": [ "land" ] },
	  { "point": [ 0, 0, 1 ], "overmap": "brewery_roof_mtc_north", "locations": [ "land" ] }
    ]
	},
{
    "type": "city_building",
    "id": "cemetary_mtc",
    "locations": [ "land" ],
    "overmaps": [
      { "point": [ 0, 0, 0 ], "overmap": "cemetary_mtc_north", "locations": [ "land" ] },
	  { "point": [ 0, 0, 1 ], "overmap": "cemetary_roof_north", "locations": [ "land" ] }
    ]
	},
{
    "type": "city_building",
    "id": "city_market",
    "locations": [ "land" ],
    "overmaps": [
      { "point": [ 0, 0, 0 ], "overmap": "city_market_north", "locations": [ "land" ] },
      { "point": [ 0, 1, 0 ], "overmap": "city_market_north", "locations": [ "land" ] },
      { "point": [ 1, 0, 0 ], "overmap": "city_market_north", "locations": [ "land" ] },
      { "point": [ 1, 1, 0 ], "overmap": "city_market_north", "locations": [ "land" ] }
    ]
	},
{
    "type": "city_building",
    "id": "city_gaurd_barracks",
    "locations": [ "land" ],
    "overmaps": [
      { "point": [ 0, 0, 0 ], "overmap": "barracks_north", "locations": [ "land" ] },
	  { "point": [ 0, 0, 1 ], "overmap": "barracks_roof_north", "locations": [ "land" ] }
    ]
	},
{
    "type": "city_building",
    "id": "city_council_hall",
    "locations": [ "land" ],
    "overmaps": [
      { "point": [ 0, 0, 0 ], "overmap": "council_hall_north", "locations": [ "land" ] },
	  { "point": [ 0, 0, 1 ], "overmap": "council_hall_roof_north", "locations": [ "land" ] }
    ]
	},
{
    "type": "city_building",
    "id": "city_exchange_office",
    "locations": [ "land" ],
    "overmaps": [
      { "point": [ 0, 0, 0 ], "overmap": "bank_mtc_north", "locations": [ "land" ] },
	  { "point": [ 0, 0, 1 ], "overmap": "bank_roof_mtc_north", "locations": [ "land" ] }
    ]
	},
{
    "type": "city_building",
    "id": "leatherworks",
    "locations": [ "land" ],
    "overmaps": [
      { "point": [ 0, 0, 0 ], "overmap": "leatherworks_north", "locations": [ "land" ] },
	  { "point": [ 0, 0, 1 ], "overmap": "leatherworks_roof_north", "locations": [ "land" ] }
    ]
	},
{
    "type": "city_building",
    "id": "city_lumber_yard",
    "locations": [ "forest" ],
    "overmaps": [
      { "point": [ 0, 0, 0 ], "overmap": "lumber_yard_mtc_north", "locations": [ "forest" ] }
    ]
	},
{
    "type": "city_building",
    "id": "fishery",
    "locations": [ "water", "lake_shore" ],
    "overmaps": [
      { "point": [ 0, 0, 0 ], "overmap": "fishery_north", "locations": [ "water" ] },
	  { "point": [ 0, 0, 1 ], "overmap": "fishery_roof_north", "locations": [ "water" ] }
    ]
	},
{
    "type": "city_building",
    "id": "wharf_mtc",
    "locations": [ "lake_shore" ],
    "overmaps": [
      { "point": [ 0, 0, 0 ], "overmap": "wharf_mtc_north", "locations": [ "lake_shore" ] },
      { "point": [ 0, 1, 0 ], "overmap": "wharf_forefront_mtc_north", "locations": [ "lake_shore" ] }
    ]
	}
] 
