[
{
    "type": "mapgen",
    "method": "json",
    "om_terrain": [ "barracks" ],
    "weight": 100,
    "object": {
      "fill_ter": "t_dirt",
	  "faction_owner": [
		{ "id": "kingdom", "x": [ 0, 23 ], "y": [ 0, 23 ] }				
      ],
      "rows": [
            "........................",
            "........................",
            "........................",
            "ssssssssssssssssssssssss",
            "sbwbwf1wbwcbw.9.9.9.9.9s",
            "sf?ffffff?ffw.........1s",
            "sfffffffffffw..........s",
            "sbwbwffwbwcbw..1.......s",
            "swwwwddwwwwww..........s",
            "s......................s",
            "swwwwddwwwwww..........s",
            "sbwbwff?wbwbw..........s",
            "sffffffffff1w........19s",
            "sbwbwfwbwbwbw..........s",
            "swwwwwwwwwwww.........9s",
            "s...................1..s",
            "swwwwwwww.............9s",
            "s?hhhh10w..........wwwws",
            "sfttttffd..........dff?s",
            "s?hhhhf0w..........w2hUs",
            "sssssssssss...ssssssssss",
            "..........1...1.........",
            "........................",
            "........................"
      ],
      "palettes": [ "city_building_palette" ],
      "furniture": { "U": "f_table", "9": "f_straw_dummy" },
	  "npcs": {
		"1": { "class": "city_guard" },
                "2": { "class": "city_guard_captain" }
		}
    }
  },
{
    "type": "mapgen",
    "method": "json",
    "om_terrain": [ "council_hall" ],
    "weight": 100,
    "object": {
      "fill_ter": "t_floor",
	  "faction_owner": [
		{ "id": "kingdom", "x": [ 0, 23 ], "y": [ 0, 23 ] }				
      ],
      "rows": [
            "........................",
            "........................",
            "........................",
            "....sssssssssssssssss...",
            "....sfffffffffffffffs...",
            "....sffffhhhhhhhffffs...",
            "....sfff?UUUUUUU?fffs...",
            "....offfffffffffffffo...",
            "....offfffffffffffffo...",
            "....offhhhhhhhhhhhffo...",
            "....offfffffffffffffo...",
            "....offhhhhhhhhhhhffo...",
            "....offfffffffffffffo...",
            "....offhhhhhhhhhhhffo...",
            "....offfffffffffffffo...",
            "....offhhhhhhhhhhhffo...",
            "....offfffffffffffffo...",
            "....sssdsssffffsssdss...",
            "....sBfffUsffffsUffBs...",
            "....s?fffhsffffshff?s...",
            "....ssssssssddsssssss...",
            "........................",
            "........................",
            "........................"
      ],
      "palettes": [ "city_building_palette" ],
      "furniture": { "U": "f_table" },
	  "npcs": {
		"1": { "class": "city_guard" }
		}
    }
  },
{
    "type": "mapgen",
    "method": "json",
    "om_terrain": [ "bank_mtc" ],
    "weight": 100,
    "object": {
      "fill_ter": "t_floor",
	  "faction_owner": [
		{ "id": "kingdom", "x": [ 0, 23 ], "y": [ 0, 23 ] }				
      ],
      "rows": [
            "........................",
            "........................",
            "........................",
            "....sssssssssssssssss...",
            "....sUUUf?fUUUf?fUUUs...",
            "....sfhfffffhfffffhfs...",
            "....sffffssssssssfffs...",
            "....sffffs!!!!!!sfffs...",
            "....sffffs!ffff!sfffs...",
            "....s?fffs!ffff!sff?s...",
            "....sffffsss##sssfffs...",
            "....sffff?f1ff1f?fffs...",
            "....sfffffffffffffffs...",
            "....sfffffffffffffffd...",
            "....sf?fffff?fffff?fs...",
            "....sfsfs2sfs2sfsfs2s...",
            "....sxsxsxsxsxsxsxsxs...",
            "....sf?fffff?fffff?fs...",
            "....sfffffffffffffffs...",
            "....sfffffffffffffffs...",
            "....ssssssssddsssssss...",
            "........................",
            "........................",
            "........................"
      ],
      "palettes": [ "city_building_palette" ],
      "furniture": { "!": "f_table", "U": "f_table", "1": "f_chair", "2": "f_chair" },
      "terrain": { "#": "t_door_bar_locked", "x": "t_bars" },
      "items": {
                 "!": { "item": "coinage", "chance": 100, "repeat": [ 4, 7 ] }
               },
	  "npcs": {
		"1": { "class": "city_guard" },
                "2": { "class": "generic_teller" }
		}
    }
  },
{
    "type": "mapgen",
    "method": "json",
    "om_terrain": [ "barracks_roof" ],
    "weight": 100,
    "object": {
      "fill_ter": "t_floor",
	  "faction_owner": [
		{ "id": "kingdom", "x": [ 0, 23 ], "y": [ 0, 23 ] }				
      ],
      "rows": [
            "                        ",
            "                        ",
            "                        ",
            "                        ",
            " uuuuuuuuuuuu           ",
            " uuuuuuuuuuuu           ",
            " uuuuuuuuuuuu           ",
            " uuuuuuuuuuuu           ",
            " uuuuuuuuuuuu           ",
            "                        ",
            " uuuuuuuuuuuu           ",
            " uuuuuuuuuuuu           ",
            " uuuuuuuuuuuu           ",
            " uuuuuuuuuuuu           ",
            " uuuuuuuuuuuu           ",
            "                        ",
            " uuuuuuuu               ",
            " uuuuuuuu          uuuu ",
            " uuuuuuuu          uuuu ",
            " uuuuuuuu          uuuu ",
            "                        ",
            "                        ",
            "                        ",
            "                        "
      ],
      "palettes": [ "city_building_roof_palette" ]
    }
  },
{
    "type": "mapgen",
    "method": "json",
    "om_terrain": [ "council_hall_roof" ],
    "weight": 100,
    "object": {
      "fill_ter": "t_floor",
	  "faction_owner": [
		{ "id": "kingdom", "x": [ 0, 23 ], "y": [ 0, 23 ] }				
      ],
      "rows": [
            "                        ",
            "                        ",
            "                        ",
            "    uuuuuuuuuuuuuuuuu   ",
            "    uuuuuuuuuuuuuuuuu   ",
            "    uuuuuuuuuuuuuuuuu   ",
            "    uuuuuuuuuuuuuuuuu   ",
            "    uuuuuuuuuuuuuuuuu   ",
            "    uuuuuuuuuuuuuuuuu   ",
            "    uuuuuuuuuuuuuuuuu   ",
            "    uuuuuuuuuuuuuuuuu   ",
            "    uuuuuuuuuuuuuuuuu   ",
            "    uuuuuuuuuuuuuuuuu   ",
            "    uuuuuuuuuuuuuuuuu   ",
            "    uuuuuuuuuuuuuuuuu   ",
            "    uuuuuuuuuuuuuuuuu   ",
            "    uuuuuuuuuuuuuuuuu   ",
            "    uuuuuuuuuuuuuuuuu   ",
            "    uuuuuuuuuuuuuuuuu   ",
            "    uuuuuuuuuuuuuuuuu   ",
            "    uuuuuuuuuuuuuuuuu   ",
            "                        ",
            "                        ",
            "                        "
      ],
      "palettes": [ "city_building_roof_palette" ]
    }
  },
{
    "type": "mapgen",
    "method": "json",
    "om_terrain": [ "bank_roof_mtc" ],
    "weight": 100,
    "object": {
      "fill_ter": "t_floor",
	  "faction_owner": [
		{ "id": "kingdom", "x": [ 0, 23 ], "y": [ 0, 23 ] }				
      ],
      "rows": [
            "                        ",
            "                        ",
            "                        ",
            "    uuuuuuuuuuuuuuuuu   ",
            "    uuuuuuuuuuuuuuuuu   ",
            "    uuuuuuuuuuuuuuuuu   ",
            "    uuuuuuuuuuuuuuuuu   ",
            "    uuuuuuuuuuuuuuuuu   ",
            "    uuuuuuuuuuuuuuuuu   ",
            "    uuuuuuuuuuuuuuuuu   ",
            "    uuuuuuuuuuuuuuuuu   ",
            "    uuuuuuuuuuuuuuuuu   ",
            "    uuuuuuuuuuuuuuuuu   ",
            "    uuuuuuuuuuuuuuuuu   ",
            "    uuuuuuuuuuuuuuuuu   ",
            "    uuuuuuuuuuuuuuuuu   ",
            "    uuuuuuuuuuuuuuuuu   ",
            "    uuuuuuuuuuuuuuuuu   ",
            "    uuuuuuuuuuuuuuuuu   ",
            "    uuuuuuuuuuuuuuuuu   ",
            "    uuuuuuuuuuuuuuuuu   ",
            "                        ",
            "                        ",
            "                        "
      ],
      "palettes": [ "city_building_roof_palette" ]
    }
  } 
]