[
 {
    "type": "mapgen",
    "method": "json",
    "om_terrain": [ "generalstore" ],
    "weight": 100,
    "object": {
      "fill_ter": "t_floor",
	  "faction_owner": [
		{ "id": "kingdom", "x": [ 0, 23 ], "y": [ 0, 23 ] }				
      ],
      "rows": [
        "                        ",
        "                        ",
        "                        ",
        "                        ",
        "                        ",
        "                        ",
        "   wwwwwwowwwowwwwwww   ",
        "   wxxrOOrccccccXXXXw   ",
        "   oxcrrrrcccc╦cc!cXw   ",
        "   wcYcYcYcYcc╦╦╦╦╦╦o   ",
        "   wcYcYcYcYccccccccw   ",
        "   wcYcYcYcYcYcYcYcYw   ",
        "   ocYcYcYcYcYcYcYcco   ",
        "   wcYcYcYcYcYcYcYcYw   ",
        "   wccccccccccccccccw   ",
        "   wwwwowwwddwwwowwww   ",
        "           ff           ",
        "           ff           ",
        "           ff           ",
        "           ff           ",
        "           ff           ",
        "           ff           ",
        "           ff           ",
        "           ff           "
      ],
      "palettes": [ "city_building_store" ],
    "place_zones": [
        { "type": "NPC_NO_INVESTIGATE", "faction": "kingdom", "x": [ 1, 23 ], "y": [ 1, 23 ] }
      ],
    "npcs": {
		"!": { "class": "shopkeeper_general" }
	},
	"items": {
      "x": { "item": "stash_wood", "chance": 100, "repeat": [ 2, 5 ] },
      "X": { "item": "NPC_SHOPKEEPER_carry", "chance": 100, "repeat": [ 2, 5 ] }
	  
    }
    }
 },
 {
    "type": "mapgen",
    "method": "json",
    "om_terrain": [ "infirmary" ],
    "weight": 100,
    "object": {
      "fill_ter": "t_floor",
	  "faction_owner": [
		{ "id": "kingdom", "x": [ 0, 23 ], "y": [ 0, 23 ] }				
      ],
      "rows": [
        "                        ",
        "                        ",
        " wwowwwowwwwowwwowwwwoww",
        " wuuuucccrOOrxccc_cuuuuw",
        " wuccccc!rrrrccccccccc!w",
        " oc!cccccccccccccccccccw",
        " wcwwwwwwowwwowwwwwwwwcw",
        " wcwbbwbbw1bwbbwbbwbbwcw",
        " ocwccwccwccwccwccwccwcw",
        " wcwdwwdwwdwwdwwdwwwdwcw",
        " wcccccccccccccccccccccw",
        " wwwwdwwdwcccwwdwwdwwdww",
        "   occwccwc!cwccwccwccw ",
        "   wc1wcbwcccwc1wcbwc1w ",
        "   wcbwcbwcccwcbwcbwcbw ",
        "   wwwwowwwddwwwowwwwww ",
        "           ff           ",
        "           fff   www    ",
        "           ffffffduw    ",
        "           fff   www    ",
        "           ff           ",
        "           ff           ",
        "           ff           ",
        "           ff           "
      ],
      "palettes": [ "city_building_home" ],
    "place_zones": [
        { "type": "NPC_NO_INVESTIGATE", "faction": "kingdom", "x": [ 1, 23 ], "y": [ 1, 23 ] }
      ],
    "furniture": { "1": "f_bed" },
    "npcs": {
		"1": [ { "class": "generic_male_citizen" }, { "class": "generic_female_citizen" } ],
		"!": { "class": "medic" },
		"_": { "class": "medic_head" }
	},
	"items": {
      "x": { "item": "stash_wood", "chance": 100, "repeat": [ 2, 5 ] },
      "u": [ { "item": "bucket", "chance": 100 } ],
      "O": [ { "item": "oven", "chance": 100, "repeat": [ 2, 5 ] }, { "item": "bandages", "chance": 100, "repeat": [ 4, 10 ] } ]
      
    }
    }
  },
{
    "type": "mapgen",
    "method": "json",
    "om_terrain": [ "church_mtc" ],
    "weight": 100,
    "object": {
      "fill_ter": "t_floor",
	  "faction_owner": [
		{ "id": "kingdom", "x": [ 0, 23 ], "y": [ 0, 23 ] }				
      ],
      "rows": [
        "                        ",
        "                        ",
        "                        ",
        "                        ",
        "                        ",
        "                        ",
        "   wwwwwwoowwoowwwwww   ",
        "   w.......UU...2...w   ",
        "   w......cHHc......w   ",
        "   w................w   ",
        "   w.###1#...#####1.w   ",
        "   o................o   ",
        "   o.#1###...####1#.o   ",
        "   o................o   ",
        "   w.1####...###1##.w   ",
        "   w................w   ",
        "   ww....#1###.....ww   ",
        "    w..............w    ",
        "    o..............o    ",
        "    wH............Hw    ",
        "    ww............ww    ",
        "     wwwowwddwwowww     ",
        "           ff           ",
        "           ff           "
      ],
      "palettes": [ "mtc_church" ],
    "place_zones": [
        { "type": "NPC_NO_INVESTIGATE", "faction": "kingdom", "x": [ 1, 23 ], "y": [ 1, 23 ] }
      ],
    "npcs": {
		"1": { "class": "generic_worshiper" },
                "2": { "class": "priest" }
	},
	"items": {
      "c": { "item": "candle", "chance": 100, "repeat": [ 2, 5 ] }	  
    }
    }
 },
 {
    "type": "mapgen",
    "method": "json",
    "om_terrain": [ "carpentry_workshop" ],
    "weight": 100,
    "object": {
      "fill_ter": "t_floor",
	  "faction_owner": [
		{ "id": "kingdom", "x": [ 0, 23 ], "y": [ 0, 23 ] }				
      ],
      "rows": [
        "........................",
        "........................",
        "........................",
        "........................",
        "........................",
        "........................",
        "...wwwwwwwooowwwwwsss...",
        "...wxxxxffffffffffrOs...",
        "...wxffxffffffffffrrs...",
        "...wxfffftttttffffffw...",
        "...offffffff~fffffffo...",
        "...offfttttttttttfffo...",
        "...wffffffffffffffffw...",
        "...wffftttttttttfjfjw...",
        "...wff~ffffffff~fjf!w...",
        "...wwwwowwwddwwwowoow...",
        "........................",
        "........................",
        "........................",
        "........................",
        "........................",
        "........................",
        "........................",
        "........................"
      ],
      "palettes": [ "city_building_palette" ],
    "place_zones": [
        { "type": "NPC_NO_INVESTIGATE", "faction": "kingdom", "x": [ 1, 23 ], "y": [ 1, 23 ] }
      ],
    "npcs": {
		"!": { "class": "carpenter" },
                "~": [ { "class": "generic_male_citizen" }, { "class": "generic_female_citizen" } ]
	},
	"items": { 
      "x": { "item": "stash_wood", "chance": 100, "repeat": [ 9, 15 ] },
      "j": { "item": "NPC_CARPENTER_carry", "chance": 50 },
      "t": [ { "item": "stash_wood", "chance": 100, "repeat": [ 7, 10 ] }, { "item": "tools_general", "chance": 70, "repeat": [ 2, 5 ] } ],
      "O": { "item": "stash_wood", "chance": 100, "repeat": [ 2, 5 ] }
	  
    }
    }
 },
{
    "type": "mapgen",
    "method": "json",
    "om_terrain": [ "church_mtc" ],
    "//": "Church with cemetary",
    "weight": 100,
    "object": {
      "fill_ter": "t_floor",
	  "faction_owner": [
		{ "id": "kingdom", "x": [ 0, 23 ], "y": [ 0, 23 ] }				
      ],
      "rows": [
        "                        ",
        "       g           g    ",
        "   g         g          ",
        "                        ",
        "      g    g   g   g    ",
        "                        ",
        "   wwwwwwoowwoowwwwww   ",
        "   w.......UU....2..w   ",
        "   w......cHHc......w   ",
        "   w................w   ",
        "   w.###1#...#####1.w   ",
        "   o................o   ",
        "   o.#1###...####1#.o   ",
        "   o................o   ",
        "   w.1####...###1##.w   ",
        "   w................w   ",
        "   ww....#1###.....ww   ",
        "    w..............w    ",
        "    o..............o    ",
        "    wH............Hw    ",
        "    ww............ww    ",
        "     wwwowwddwwowww     ",
        "           ff           ",
        "           ff           "
      ],
      "palettes": [ "mtc_church" ],
    "place_zones": [
        { "type": "NPC_NO_INVESTIGATE", "faction": "kingdom", "x": [ 1, 23 ], "y": [ 1, 23 ] }
      ],
    "npcs": {
		"1": { "class": "generic_worshiper" },
                "2": { "class": "priest" }
	},
	"items": {
      "c": { "item": "candle", "chance": 100, "repeat": [ 2, 5 ] }	  
    }
    }
 },
{
    "type": "mapgen",
    "method": "json",
    "om_terrain": [ "cemetary_mtc" ],
    "weight": 100,
    "object": {
      "fill_ter": "t_dirt",
	  "faction_owner": [
		{ "id": "kingdom", "x": [ 0, 23 ], "y": [ 0, 23 ] }				
      ],
      "rows": [
            "                        ",
            "ssssssssssssssssssssssss",
            "s g   g       g   g    s",
            "s                      s",
            "s g   g       g   g    s",
            "s                      s",
            "s g   g       g   g    s",
            "s                      s",
            "s g   g       g   g    s",
            "s                      s",
            "s g   g       g   g    s",
            "s                      s",
            "s g   g                s",
            "s                      s",
            "s g   g                s",
            "s                1wDww s",
            "s g   g           w.?w s",
            "s                 w..w s",
            "s g   g           w#tw s",
            "s                 wwww s",
            "s g   g                s",
            "s                      s",
            "sssssssssssffsssssssssss",
            "                        "
      ],
      "palettes": [ "mtc_cemetary" ],
    "place_zones": [
        { "type": "NPC_NO_INVESTIGATE", "faction": "kingdom", "x": [ 1, 23 ], "y": [ 1, 23 ] }
      ],
    "npcs": {
		"1": { "class": "generic_worshiper" }
	},
	"items": {
      "t": { "item": "candle", "chance": 100, "repeat": [ 2, 5 ] }	  
    }
    }
 },
 {
    "type": "mapgen",
    "method": "json",
    "om_terrain": [ "alchemists_shop" ],
    "weight": 100,
    "object": {
      "fill_ter": "t_floor",
	  "faction_owner": [
		{ "id": "kingdom", "x": [ 0, 23 ], "y": [ 0, 23 ] }				
      ],
      "rows": [
        "                        ",
        "                        ",
        "                        ",
        "                        ",
        "                        ",
        "                        ",
        "   wwwwwwowwwowwwwwww   ",
        "   wxxrOOrFFFcccXXXXw   ",
        "   oxcrrrrcccc╦cc!cXw   ",
        "   wcccccccccc╦╦╦╦╦╦o   ",
        "   wcccVccccccccccccw   ",
        "   wccccccccccccccccw   ",
        "   occccccccctctctcco   ",
        "   wccccccccchchchccw   ",
        "   wcchhhcccccccccccw   ",
        "   wwwwowwwddwwwowwww   ",
        "           ff           ",
        "           ff           ",
        "           ff           ",
        "           ff           ",
        "           ff           ",
        "           ff           ",
        "           ff           ",
        "           ff           "
      ],
      "palettes": [ "city_building_alchemist" ],
    "place_zones": [
        { "type": "NPC_NO_INVESTIGATE", "faction": "kingdom", "x": [ 1, 23 ], "y": [ 1, 23 ] }
      ],
    "npcs": {
		"!": { "class": "shopkeeper_alchemist" }
	},
	"items": {
      "x": { "item": "stash_wood", "chance": 100, "repeat": [ 2, 5 ] },
      "F": { "item": "NPC_ALCHEMIST_shopkeep", "chance": 100, "repeat": [ 2, 5 ] },
      "X": { "item": "NPC_ALCHEMIST_shopkeep", "chance": 100, "repeat": [ 5, 7 ] }
	  
    }
    }
 },
 {
    "type": "mapgen",
    "method": "json",
    "om_terrain": [ "pottery_shop" ],
    "weight": 100,
    "object": {
      "fill_ter": "t_floor",
	  "faction_owner": [
		{ "id": "kingdom", "x": [ 0, 23 ], "y": [ 0, 23 ] }				
      ],
      "rows": [
            "                        ",
            "                        ",
            "                        ",
            "                        ",
            "   wwwwwwwwwwwww        ",
            "   wqcccccccccqw        ",
            "   wcchhhcccxccw        ",
            "   wccctccccxxcw        ",
            "   wqcc!cXXXcccw        ",
            "   www╦╦╦wwwwwdw        ",
            "          FFF f         ",
            "              f         ",
            "              f         ",
            "              f         ",
            "              f         ",
            "                        ",
            "                        ",
            "                        ",
            "                        ",
            "                        ",
            "                        ",
            "                        ",
            "                        ",
            "                        "
      ],
      "palettes": [ "city_building_pottery_store" ],
    "place_zones": [
        { "type": "NPC_NO_INVESTIGATE", "faction": "kingdom", "x": [ 1, 23 ], "y": [ 1, 23 ] }
      ],
    "npcs": {
		"!": { "class": "shopkeeper_potter" }
	},
	"items": {
      "x": { "item": "stash_wood", "chance": 100, "repeat": [ 2, 5 ] },
      "X": { "item": "NPC_POTTER_shopkeep", "chance": 100, "repeat": [ 2, 5 ] }
	  
    }
    }
 },
{
    "type": "mapgen",
    "method": "json",
    "om_terrain": [ "leatherworks" ],
    "weight": 100,
    "object": {
      "fill_ter": "t_floor",
	  "faction_owner": [
		{ "id": "kingdom", "x": [ 0, 23 ], "y": [ 0, 23 ] }				
      ],
      "rows": [
        "                        ",
        "                        ",
        "                        ",
        "                        ",
        "                        ",
        "                        ",
        "                        ",
        "     wwwwooowwwww       ",
        "     wYYYccccXXXw       ",
        "     wYcccc╦cc!cw       ",
        "     oYcccc╦╦╦╦╦o       ",
        "     occcccccccco       ",
        "     occcccccccco       ",
        "     wccccccccccw       ",
        "     wccccccccccw       ",
        "     wwwooowwdwww       ",
        "             f          ",
        "             f          ",
        "             f          ",
        "             f          ",
        "             f          ",
        "                        ",
        "                        ",
        "                        "
      ],
      "palettes": [ "city_building_store" ],
    "place_zones": [
        { "type": "NPC_NO_INVESTIGATE", "faction": "kingdom", "x": [ 1, 23 ], "y": [ 1, 23 ] }
      ],
    "npcs": {
		"!": { "class": "shopkeeper_leatherworker" }
	},
	"items": {
      "X": { "item": "NPC_LEATHERWORKER_shopkeep", "chance": 100, "repeat": [ 2, 5 ] },
      "Y": { "item": "NPC_LEATHERWORKER_shopkeep", "chance": 60, "repeat": [ 2, 5 ] }
	  
    }
    }
 },
{
    "type": "mapgen",
    "method": "json",
    "om_terrain": [ "fishery" ],
    "weight": 100,
    "object": {
      "fill_ter": "t_floor",
	  "faction_owner": [
		{ "id": "kingdom", "x": [ 0, 23 ], "y": [ 0, 23 ] }				
      ],
      "rows": [
        "                        ",
        "                        ",
        "                        ",
        "                        ",
        "             f          ",
        "            ff          ",
        "            ff          ",
        "            ff          ",
        "        wwwwddwww       ",
        "        wcccccccw       ",
        "        occccccco       ",
        "        occc╦╦╦╦o       ",
        "        occccc!co       ",
        "        wccccccUw       ",
        "        wccccUUUw       ",
        "        wwwwwwwww       ",
        "                        ",
        "                        ",
        "                        ",
        "                        ",
        "                        ",
        "                        ",
        "                        ",
        "                        "
      ],
      "palettes": [ "city_building_store" ],
      "furniture": { "U": "f_barrel_o" },
    "place_zones": [
        { "type": "NPC_NO_INVESTIGATE", "faction": "kingdom", "x": [ 1, 23 ], "y": [ 1, 23 ] }
      ],
    "npcs": {
		"!": { "class": "shopkeeper_fisher" }
	},
	"items": {
      "U": { "item": "NPC_FISHER_shopkeep", "chance": 100, "repeat": [ 3, 7 ] }
	  
    }
    }
 },
 {
    "type": "mapgen",
    "method": "json",
    "om_terrain": [ "carriage_works" ],
    "weight": 100,
    "object": {
      "fill_ter": "t_floor",
	  "faction_owner": [
		{ "id": "kingdom", "x": [ 0, 23 ], "y": [ 0, 23 ] }				
      ],
      "rows": [
            "                        ",
            "                        ",
            "                        ",
            "   wwwwwwwwwww          ",
            "   wXXccqccXXw          ",
            "   wXcccccccXw          ",
            "   wcccccccc!w          ",
            "   w!ccccccccw          ",
            "   wccccccccYw          ",
            "   wccccccc!Yw          ",
            "   wccccccccYw          ",
            "   wcccccccccw          ",
            "   wqcccccccqw          ",
            "   wwcccccccww          ",
            "            1           ",
            "                        ",
            "                        ",
            "                        ",
            "                        ",
            "                        ",
            "                        ",
            "                        ",
            "                        ",
            "                        "
      ],
      "palettes": [ "city_building_store" ],     
      "npcs": {
                "!": [ { "class": "generic_male_citizen" }, { "class": "generic_female_citizen" } ],
                "1": { "class": "carriage_maker" }
	},     
      "furniture": { "q": "f_hanging_lantern" },
      "place_zones": [
        { "type": "NPC_NO_INVESTIGATE", "faction": "kingdom", "x": [ 1, 23 ], "y": [ 1, 23 ] }
      ],
      "items": { 
      "X": { "item": "stash_wood", "chance": 100, "repeat": [ 9, 15 ] },
      "Y": { "item": "tools_general", "chance": 70, "repeat": [ 2, 5 ] }  
    }
    }
 },
{
    "type": "mapgen",
    "method": "json",
    "om_terrain": [ "bakery_mtc" ],
    "weight": 100,
    "object": {
      "fill_ter": "t_floor",
	  "faction_owner": [
		{ "id": "kingdom", "x": [ 0, 23 ], "y": [ 0, 23 ] }				
      ],
      "rows": [
            "                        ",
            "                        ",
            "                        ",
            "                        ",
            "           f            ",
            "           f            ",
            "           f            ",
            "      ssossdssoss       ",
            "      sqcccccccqs       ",
            "      occccccccco       ",
            "      occccccccco       ",
            "      occccccccco       ",
            "      scccccccccs       ",
            "      s╦╦╦╦csdsss       ",
            "      scchccsrrrs       ",
            "      sqccccsrAAs       ",
            "      sssssosssss       ",
            "                        ",
            "                        ",
            "                        ",
            "                        ",
            "                        ",
            "                        ",
            "                        "
      ],
      "palettes": [ "city_building_bakery" ],
      "place_zones": [
        { "type": "NPC_NO_INVESTIGATE", "faction": "kingdom", "x": [ 1, 23 ], "y": [ 1, 23 ] }
      ],
    "npcs": {
		"h": { "class": "shopkeeper_baker" }
	},
	"items": {
      "╦": { "item": "NPC_BAKER_shopkeep", "chance": 100, "repeat": [ 1, 3 ] }
	  
    }
    }
 },
 {
    "type": "mapgen",
    "method": "json",
    "om_terrain": [ "brewery_mtc" ],
    "weight": 100,
    "object": {
      "fill_ter": "t_floor",
	  "faction_owner": [
		{ "id": "kingdom", "x": [ 0, 23 ], "y": [ 0, 23 ] }				
      ],
      "rows": [
            "                        ",
            "                        ",
            "                        ",
            "                        ",
            "     wwwwwwwwwwwwwwww   ",
            "     wccqWWWWWWWqccEw   ",
            "     wcccccccccccccEw   ",
            "     wqcccchchchcccqw   ",
            "     wQcccctctctccccw   ",
            "     wQcccccccccccccw   ",
            "     wQcccccccccc╦cXw   ",
            "     wQcccccccccc╦!Xw   ",
            "     wQccccqccqcc╦XXw   ",
            "     wwwwowwddwwowwww   ",
            "                        ",
            "                        ",
            "                        ",
            "                        ",
            "                        ",
            "                        ",
            "                        ",
            "                        ",
            "                        ",
            "                        "
      ],
      "palettes": [ "city_building_store" ],
      "furniture": { "q": "f_hanging_lantern", "Q": "f_wood_keg", "W": "f_wood_keg", "E": "f_still" },
      "place_zones": [
        { "type": "NPC_NO_INVESTIGATE", "faction": "kingdom", "x": [ 1, 23 ], "y": [ 1, 23 ] }
      ],
      "npcs": {
		"!": { "class": "shopkeeper_brewer" }
	},
     "liquids": {
                  "Q": { "liquid": "beer", "amount": [ 375, 500 ] },
                  "W": { "liquid": "brew_hb_beer", "amount": [ 375, 500 ] }
	  },
     "items": {
      "X": { "item": "NPC_BREWER_shopkeep", "chance": 80, "repeat": [ 1, 3 ] }	  
    }
   }
  },
 {
    "type": "mapgen",
    "method": "json",
    "om_terrain": [ "church_roof" ],
    "weight": 100,
    "object": {
      "fill_ter": "t_floor",
      "rows": [
        "                        ",
        "                        ",
        "                        ",
        "                        ",
        "                        ",
        "                        ",
        "   uuuuuuuuuuuuuuuuuu   ",
        "   uuuuuuuuuuuuuuuuuu   ",
        "   uuuuuuuuuuuuuuuuuu   ",
        "   uuuuuuuuuuuuuuuuuu   ",
        "   uuuuuuuuuuuuuuuuuu   ",
        "   uuuuuuuuuuuuuuuuuu   ",
        "   uuuuuuuuuuuuuuuuuu   ",
        "   uuuuuuuuuuuuuuuuuu   ",
        "   uuuuuuuuuuuuuuuuuu   ",
        "   uuuuuuuuuuuuuuuuuu   ",
        "   uuuuuuuuuuuuuuuuuu   ",
        "    uuuuuuuuuuuuuuuu    ",
        "    uuuuuuuuuuuuuuuu    ",
        "    uuuuuuuuuuuuuuuu    ",
        "    uuuuuuuuuuuuuuuu    ",
        "     uuuuuuuuuuuuuu     ",
        "                        ",
        "                        "
      ],
      "palettes": [ "city_building_roof_palette" ]
    }
 },
 {
    "type": "mapgen",
    "method": "json",
    "om_terrain": [ "generalstore_roof" ],
    "weight": 100,
    "object": {
      "fill_ter": "t_floor",
	  "faction_owner": [
		{ "id": "kingdom", "x": [ 0, 23 ], "y": [ 0, 23 ] }				
      ],
      "rows": [
        "                        ",
        "                        ",
        "                        ",
        "                        ",
        "                        ",
        "                        ",
        "   uuuuuuuuuuuuuuuuuu   ",
        "   uuuuuuuuuuuuuuuuuu   ",
        "   uuuuuuuuuuuuuuuuuu   ",
        "   uuuuuuuuuuuuuuuuuu   ",
        "   uuuuuuuuuuuuuuuuuu   ",
        "   uuuuuuuuuuuuuuuuuu   ",
        "   uuuuuuuuuuuuuuuuuu   ",
        "   uuuuuuuuuuuuuuuuuu   ",
        "   uuuuuuuuuuuuuuuuuu   ",
        "   uuuuuuuuuuuuuuuuuu   ",
        "                        ",
        "                        ",
        "                        ",
        "                        ",
        "                        ",
        "                        ",
        "                        ",
        "                        "
      ],
      "palettes": [ "city_building_roof_palette" ]
  }
},
{
    "type": "mapgen",
    "method": "json",
    "om_terrain": [ "alchemists_shop_roof" ],
    "weight": 100,
    "object": {
      "fill_ter": "t_floor",
	  "faction_owner": [
		{ "id": "kingdom", "x": [ 0, 23 ], "y": [ 0, 23 ] }				
      ],
      "rows": [
        "                        ",
        "                        ",
        "                        ",
        "                        ",
        "                        ",
        "                        ",
        "   uuuuuuuuuuuuuuuuuu   ",
        "   uuuuuuuuuuuuuuuuuu   ",
        "   uuuuuuuuuuuuuuuuuu   ",
        "   uuuuuuuuuuuuuuuuuu   ",
        "   uuuuuuuuuuuuuuuuuu   ",
        "   uuuuuuuuuuuuuuuuuu   ",
        "   uuuuuuuuuuuuuuuuuu   ",
        "   uuuuuuuuuuuuuuuuuu   ",
        "   uuuuuuuuuuuuuuuuuu   ",
        "   uuuuuuuuuuuuuuuuuu   ",
        "                        ",
        "                        ",
        "                        ",
        "                        ",
        "                        ",
        "                        ",
        "                        ",
        "                        "
      ],
      "palettes": [ "city_building_roof_palette" ]
  }
},
{
    "type": "mapgen",
    "method": "json",
    "om_terrain": [ "pottery_shop_roof" ],
    "weight": 100,
    "object": {
      "fill_ter": "t_floor",
      "rows": [
            "                        ",
            "                        ",
            "                        ",
            "                        ",
            "   uuuuuuuuuuuuu        ",
            "   uuuuuuuuuuuuu        ",
            "   uuuuuuuuuuuuu        ",
            "   uuuuuuuuuuuuu        ",
            "   uuuuuuuuuuuuu        ",
            "   uuuuuuuuuuuuu        ",
            "                        ",
            "                        ",
            "                        ",
            "                        ",
            "                        ",
            "                        ",
            "                        ",
            "                        ",
            "                        ",
            "                        ",
            "                        ",
            "                        ",
            "                        ",
            "                        "
      ],
      "palettes": [ "city_building_roof_palette" ]	  
    }
 },
{
    "type": "mapgen",
    "method": "json",
    "om_terrain": [ "infirmary_roof" ],
    "weight": 100,
    "object": {
      "fill_ter": "t_floor",
	  "faction_owner": [
		{ "id": "kingdom", "x": [ 0, 23 ], "y": [ 0, 23 ] }				
      ],
      "rows": [
        "                        ",
        "                        ",
        " uuuuuuuuuuuuuuuuuuuuuuu",
        " uuuuuuuuuuuuuuuuuuuuuuu",
        " uuuuuuuuuuuuuuuuuuuuuuu",
        " uuuuuuuuuuuuuuuuuuuuuuu",
        " uuuuuuuuuuuuuuuuuuuuuuu",
        " uuuuuuuuuuuuuuuuuuuuuuu",
        " uuuuuuuuuuuuuuuuuuuuuuu",
        " uuuuuuuuuuuuuuuuuuuuuuu",
        " uuuuuuuuuuuuuuuuuuuuuuu",
        " uuuuuuuuuuuuuuuuuuuuuuu",
        "   uuuuuuuuuuuuuuuuuuuu ",
        "   uuuuuuuuuuuuuuuuuuuu ",
        "   uuuuuuuuuuuuuuuuuuuu ",
        "   uuuuuuuuuuuuuuuuuuuu ",
        "                        ",
        "                 uuu    ",
        "                 uuu    ",
        "                 uuu    ",
        "                        ",
        "                        ",
        "                        ",
        "                        "
      ],
      "palettes": [ "city_building_roof_palette" ]
    }
},
{
    "type": "mapgen",
    "method": "json",
    "om_terrain": [ "cemetary_roof" ],
    "weight": 100,
    "object": {
      "fill_ter": "t_open_air",
      "rows": [
            "                        ",
            "                        ",
            "                        ",
            "                        ",
            "                        ",
            "                        ",
            "                        ",
            "                        ",
            "                        ",
            "                        ",
            "                        ",
            "                        ",
            "                        ",
            "                        ",
            "                        ",
            "                  uuuu  ",
            "                  uuuu  ",
            "                  uuuu  ",
            "                  uuuu  ",
            "                  uuuu  ",
            "                        ",
            "                        ",
            "                        ",
            "                        "
      ],
      "palettes": [ "city_building_roof_palette" ]
    }
 },
{
    "type": "mapgen",
    "method": "json",
    "om_terrain": [ "leatherworks_roof" ],
    "weight": 100,
    "object": {
      "fill_ter": "t_floor",
	  "faction_owner": [
		{ "id": "kingdom", "x": [ 0, 23 ], "y": [ 0, 23 ] }				
      ],
      "rows": [
        "                        ",
        "                        ",
        "                        ",
        "                        ",
        "                        ",
        "                        ",
        "                        ",
        "     uuuuuuuuuuuu       ",
        "     uuuuuuuuuuuu       ",
        "     uuuuuuuuuuuu       ",
        "     uuuuuuuuuuuu       ",
        "     uuuuuuuuuuuu       ",
        "     uuuuuuuuuuuu       ",
        "     uuuuuuuuuuuu       ",
        "     uuuuuuuuuuuu       ",
        "     uuuuuuuuuuuu       ",
        "                        ",
        "                        ",
        "                        ",
        "                        ",
        "                        ",
        "                        ",
        "                        ",
        "                        "
      ],
      "palettes": [ "city_building_roof_palette" ]
    }
 },
{
    "type": "mapgen",
    "method": "json",
    "om_terrain": [ "fishery_roof" ],
    "weight": 100,
    "object": {
      "fill_ter": "t_floor",
	  "faction_owner": [
		{ "id": "kingdom", "x": [ 0, 23 ], "y": [ 0, 23 ] }				
      ],
      "rows": [
        "                        ",
        "                        ",
        "                        ",
        "                        ",
        "                        ",
        "                        ",
        "                        ",
        "                        ",
        "        uuuuuuuuu       ",
        "        uuuuuuuuu       ",
        "        uuuuuuuuu       ",
        "        uuuuuuuuu       ",
        "        uuuuuuuuu       ",
        "        uuuuuuuuu       ",
        "        uuuuuuuuu       ",
        "        uuuuuuuuu       ",
        "                        ",
        "                        ",
        "                        ",
        "                        ",
        "                        ",
        "                        ",
        "                        ",
        "                        "
      ],
      "palettes": [ "city_building_roof_palette" ]
    }
 },
{
    "type": "mapgen",
    "method": "json",
    "om_terrain": [ "carriage_works_roof" ],
    "weight": 100,
    "object": {
      "fill_ter": "t_floor",
      "rows": [
            "                        ",
            "                        ",
            "                        ",
            "   uuuuuuuuuuu          ",
            "   uuuuuuuuuuu          ",
            "   uuuuuuuuuuu          ",
            "   uuuuuuuuuuu          ",
            "   uuuuuuuuuuu          ",
            "   uuuuuuuuuuu          ",
            "   uuuuuuuuuuu          ",
            "   uuuuuuuuuuu          ",
            "   uuuuuuuuuuu          ",
            "   uuuuuuuuuuu          ",
            "   uuuuuuuuuuu          ",
            "                        ",
            "                        ",
            "                        ",
            "                        ",
            "                        ",
            "                        ",
            "                        ",
            "                        ",
            "                        ",
            "                        "
      ],
      "palettes": [ "city_building_roof_palette" ]
    }
 },
{
    "type": "mapgen",
    "method": "json",
    "om_terrain": [ "bakery_roof_mtc" ],
    "weight": 100,
    "object": {
      "fill_ter": "t_floor",
      "rows": [
            "                        ",
            "                        ",
            "                        ",
            "                        ",
            "                        ",
            "                        ",
            "                        ",
            "      uuuuuuuuuuu       ",
            "      uuuuuuuuuuu       ",
            "      uuuuuuuuuuu       ",
            "      uuuuuuuuuuu       ",
            "      uuuuuuuuuuu       ",
            "      uuuuuuuuuuu       ",
            "      uuuuuuuuuuu       ",
            "      uuuuuuurrrr       ",
            "      uuuuuuur  r       ",
            "      uuuuuuurrrr       ",
            "                        ",
            "                        ",
            "                        ",
            "                        ",
            "                        ",
            "                        ",
            "                        "
      ],
      "palettes": [ "city_building_roof_palette" ]
    }
 },
{
    "type": "mapgen",
    "method": "json",
    "om_terrain": [ "brewery_roof_mtc" ],
    "weight": 100,
    "object": {
      "fill_ter": "t_floor",
      "rows": [
            "                        ",
            "                        ",
            "                        ",
            "                        ",
            "     uuuuuuuuuuuuuuuu   ",
            "     uuuuuuuuuuuuuuuu   ",
            "     uuuuuuuuuuuuuuuu   ",
            "     uuuuuuuuuuuuuuuu   ",
            "     uuuuuuuuuuuuuuuu   ",
            "     uuuuuuuuuuuuuuuu   ",
            "     uuuuuuuuuuuuuuuu   ",
            "     uuuuuuuuuuuuuuuu   ",
            "     uuuuuuuuuuuuuuuu   ",
            "     uuuuuuuuuuuuuuuu   ",
            "                        ",
            "                        ",
            "                        ",
            "                        ",
            "                        ",
            "                        ",
            "                        ",
            "                        ",
            "                        ",
            "                        "
      ],
      "palettes": [ "city_building_roof_palette" ]
    }
 },
{
    "type": "mapgen",
    "method": "json",
    "om_terrain": [ "stables" ],
    "weight": 100,
    "object": {
      "fill_ter": "t_dirt",
	  "faction_owner": [
		{ "id": "kingdom", "x": [ 0, 23 ], "y": [ 0, 23 ] }				
      ],
      "rows": [
        "                        ",
        "                        ",
        "                        ",
        "                        ",
        "                        ",
        "   wssssssssssssssssw   ",
        "   s      O         s   ",
        "   s  O      O  O   s   ",
        "   s    O       O   s   ",
        "   s                s   ",
        "   s  O     O   O   s   ",
        "   s O           O  s   ",
        "   s O   O  O    O  s   ",
        "   s           O    s   ",
        "   sO    O O O O  O s   ",
        "   sOO         O    s   ",
        "   wsssssssffsssssssw   ",
        "           dd t#        ",
        "           dd           ",
        "           dd           ",
        "           dd           ",
        "           dd           ",
        "           dd           ",
        "           dd           "
      ],
      "palettes": [ "mtc_stables" ],
      "place_zones": [
        { "type": "NPC_INVESTIGATE_ONLY", "faction": "kingdom", "x": [ 1, 23 ], "y": [ 1, 23 ] }
      ],
      "monster": { "O": { "monster": "mon_horse", "chance": 70 } },
    "npcs": {
		"#": { "class": "stablemaster" }
	}
    }
 },
{
    "type": "mapgen",
    "method": "json",
    "om_terrain": [ "lumber_yard_mtc" ],
    "weight": 100,
    "object": {
      "fill_ter": "t_floor",
	  "faction_owner": [
		{ "id": "kingdom", "x": [ 0, 23 ], "y": [ 0, 23 ] }				
      ],
      "rows": [
            "                        ",
            " 7  7  7  7  7  7  7  7 ",
            "                        ",
            " 7  7  7  7  7  7  7  7 ",
            "                        ",
            " 7  7  7  7  7  7  7  7 ",
            "                        ",
            " 7  7  7  7     $ $ $   ",
            "                $ $ $   ",
            " 7  7  7        $ $ $   ",
            "                $ $     ",
            " 7  7                   ",
            "                        ",
            "                        ",
            "                        ",
            "           1            ",
            "                        ",
            "  $                     ",
            "  $    !                ",
            "  $                     ",
            "   !                    ",
            "        !               ",
            "                        ",
            "                        "
      ],
      "palettes": [ "city_building_store" ],     
      "npcs": {
                "!": [ { "class": "generic_male_citizen" }, { "class": "generic_female_citizen" } ],
                "1": { "class": "logger_mtc" }
	},     
      "furniture": { "q": "f_hanging_lantern" },
      "terrain": { "7": "t_tree", "$": "t_trunk" },
      "place_zones": [
        { "type": "NPC_NO_INVESTIGATE", "faction": "kingdom", "x": [ 1, 23 ], "y": [ 1, 23 ] }
      ],
      "place_vehicles": [
        { "vehicle": "uncovered_wagon", "x": 15, "y": 12, "chance": 70, "rotation": 270, "status": 0 }
      ]
    }
    }
]