[
	{
    "type": "item_group",
	"subtype": "collection",
    "id": "coinage",
    "entries": [
      { "item": "copper_coin", "prob": 90, "count": [ 1, 10 ] },
	  { "item": "silver_coin", "prob": 70, "count": [ 1, 10 ] },
	  { "item": "gold_coin", "prob": 50, "count": [ 1, 10 ] },
	  { "item": "platinum_coin", "prob": 10, "count": [ 1, 10 ] }
    ]
	},
	{
    "type": "item_group",
	"subtype": "collection",
    "id": "copper_coinage",
    "entries": [
      { "item": "copper_coin", "prob": 100, "count": [ 1, 10 ] }
    ]
	},
	{
    "type": "item_group",
	"subtype": "collection",
    "id": "silver_coinage",
    "entries": [
	  { "item": "silver_coin", "prob": 100, "count": [ 1, 10 ] }
    ]
	},
	{
    "type": "item_group",
	"subtype": "collection",
    "id": "gold_coinage",
    "entries": [
	  { "item": "gold_coin", "prob": 100, "count": [ 1, 10 ] }
    ]
	},
	{
    "type": "item_group",
	"subtype": "collection",
    "id": "platinum_coinage",
    "entries": [
	  { "item": "platinum_coin", "prob": 100, "count": [ 1, 10 ] }
    ]
	},
	{
    "type": "item_group",
    "id": "bucket",
    "items": [
      [ "bucket", 100 ]
    ]
	},
	{
    "type": "item_group",
    "id": "charcoal",
    "items": [
      [ "charcoal", 100 ]
    ]
	},
	{
    "type": "item_group",
    "id": "anvil",
    "items": [
      [ "anvil", 100 ]
    ]
	},
	{
    "type": "item_group",
    "id": "blacksmith",
    "items": [
      [ "hammer", 100 ],
	  [ "crucible_clay", 100 ],
	  [ "swage", 100 ],
	  [ "chisel", 100 ],
	  [ "tongs", 100 ]
    ]
	},
	{
    "type": "item_group",
    "id": "barrel_food_loot",
	"subtype": "collection",
    "entries": [
	  { "item": "dry_fish", "prob": 50, "count": [ 10, 100 ] },
	  { "item": "dry_meat", "prob": 50, "count": [ 10, 100 ] },
	  { "item": "dry_veggy", "prob": 50, "count": [ 10, 100 ] }
    ]
	},
	{
    "type": "item_group",
    "id": "barrel_food_loot2",
	"subtype": "collection",
    "entries": [
	  { "item": "tallow", "prob": 50, "count": [ 10, 30 ] },
	  { "item": "lard", "prob": 50, "count": [ 10, 30 ] },
	  { "item": "fat", "prob": 50, "count": [ 10, 30 ] }
    ]
	},
	{
    "type": "item_group",
    "id": "barrel_food_loot3",
	"subtype": "collection",
    "entries": [
	  { "item": "butter", "prob": 50, "count": [ 10, 30 ] },
	  { "item": "raw_butter", "prob": 50, "count": [ 10, 30 ] }
    ]
	},
	{
    "type": "item_group",
    "id": "barrel_food_loot4",
	"subtype": "collection",
    "entries": [
	  { "item": "cooking_oil", "prob": 50, "count": [ 10, 100 ] },
	  { "item": "cooking_oil2", "prob": 50, "count": [ 10, 100 ] }
    ]
	},
	{
    "type": "item_group",
    "id": "barrel_food_loot5",
	"subtype": "collection",
    "entries": [
	  { "item": "flour", "prob": 50, "count": [ 10, 100 ] }
    ]
	},
	{
    "type": "item_group",
    "id": "barrel_food_loot6",
	"subtype": "collection",
    "entries": [
	  { "item": "egg_bird", "prob": 70, "count": [ 5, 15 ] },
	  { "item": "egg_chicken", "prob": 70, "count": [ 5, 15 ] },
	  { "item": "egg_bird_unfert", "prob": 90, "count": [ 5, 15 ] }
    ]
	},
	{
    "type": "item_group",
    "id": "alcohol_loot",
	"subtype": "collection",
    "entries": [
	  { "item": "mead", "prob": 50, "count": [ 0, 1 ] },
	  { "item": "rum", "prob": 50, "count": [ 0, 1 ] },
	  { "item": "fruit_wine", "prob": 50, "count": [ 0, 1 ] }
    ]
	},
    {
    "id": "gambling_den",
    "type": "item_group",
	"subtype": "collection",
    "items": [
      { "group": "bar_table", "prob": 40 },
      { "group": "bar_alcohol", "prob": 20 },
      { "item": "deck_of_cards", "prob": 100 },
      { "group": "silver_coinage", "prob": 100 }
    ]
    },
	{
    "type": "item_group",
    "id": "male_citizen_clothing",
	"subtype": "collection",
    "entries": [
	  { "item": "tunic", "prob": 70 },
	  { "item": "gambeson", "prob": 40 },
          { "item": "bigpack_mtc", "prob": 40 }
    ]
	},
	{
    "type": "item_group",
    "id": "female_citizen_clothing",
	"subtype": "collection",
    "entries": [
	  { "item": "dress", "prob": 90 },
	  { "item": "gambeson", "prob": 30 },
	  { "item": "sundress", "prob": 30 },
          { "item": "bigpack_mtc", "prob": 40 }
    ]
	},
	{
    "type": "item_group",
    "id": "kitchenstaff_wield",
	"subtype": "collection",
    "entries": [
	  { "item": "knife_butcher", "prob": 50 },
	  { "item": "knife_steak", "prob": 50 },
	  { "item": "knife_paring", "prob": 50 },
	  { "item": "knife_chef", "prob": 50 },
	  { "item": "rolling_pin", "prob": 50 },
	  { "item": "whisk", "prob": 50 }
    ]
	},
	{
    "type": "item_group",
    "id": "rogue_weapons",
	"subtype": "collection",
    "entries": [
	  { "item": "knife_baselard", "prob": 35 },
	  { "item": "cutlass", "prob": 35 },
	  { "item": "knife_combat", "prob": 35 },
	  { "item": "knife_hunting", "prob": 35 },
	  { "item": "knife_rambo", "prob": 35 },
	  { "item": "knife_trench", "prob": 35 }
    ]
	},
	{
    "type": "item_group",
    "id": "warrior_weapons",
	"subtype": "collection",
    "entries": [
	  { "item": "longsword", "prob": 35 },
	  { "item": "arming_sword", "prob": 35 },
	  { "item": "mace", "prob": 35 },
	  { "item": "morningstar", "prob": 35 },
	  { "item": "zweihander", "prob": 35 },
	  { "item": "lucern_hammer", "prob": 35 },
	  { "item": "spear_steel", "prob": 35 }
    ]
	},
{
    "type": "item_group",
    "id": "mtc_pantry_liquids",
    "ammo": 75,
    "magazine": 100,
    "subtype": "distribution",
    "entries": [
      { "item": "syrup", "prob": 20 },
      { "item": "molasses", "prob": 15 },
      { "item": "cooking_oil", "prob": 20 },
      { "item": "cooking_oil2", "prob": 20 },
      { "item": "jar_glass_sealed", "prob": 20 },
      { "item": "jar_3l_glass_sealed", "prob": 30 },
      { "item": "vinegar", "prob": 15 }
    ]
  }
]
