[
{
    "type": "mapgen",
    "method": "json",
    "nested_mapgen_id": "hand_cart_spawn",
    "object": {
      "mapgensize": [ 8, 8 ],
      "faction_owner": [
        { "id": "your_followers", "x": [ 0, 8 ], "y": [ 0, 8 ] }
      ],
      "place_vehicles": [
        { "vehicle": "hand_cart", "x": 4, "y": 4, "chance": 100, "status": 0 }
      ]
    }
  },
{
    "type": "mapgen",
    "method": "json",
    "nested_mapgen_id": "uncovered_wagon_spawn",
    "object": {
      "mapgensize": [ 8, 8 ],
      "faction_owner": [
        { "id": "your_followers", "x": [ 0, 8 ], "y": [ 0, 8 ] }
      ],
      "place_vehicles": [
        { "vehicle": "uncovered_wagon", "x": 4, "y": 4, "chance": 100, "status": 0 }
      ]
    }
  },
{
    "type": "mapgen",
    "method": "json",
    "nested_mapgen_id": "covered_wagon_spawn",
    "object": {
      "mapgensize": [ 8, 8 ],
      "faction_owner": [
        { "id": "your_followers", "x": [ 0, 8 ], "y": [ 0, 8 ] }
      ],
      "place_vehicles": [
        { "vehicle": "covered_wagon", "x": 4, "y": 4, "chance": 100, "status": 0 }
      ]
    }
  },
{
    "type": "mapgen",
    "method": "json",
    "nested_mapgen_id": "skiff_spawn",
    "object": {
      "mapgensize": [ 8, 8 ],
      "faction_owner": [
        { "id": "your_followers", "x": [ 0, 8 ], "y": [ 0, 8 ] }
      ],
      "place_vehicles": [
        { "vehicle": "skiff", "x": 4, "y": 4, "chance": 100, "rotation": 270, "status": 0 }
      ]
    }
  },
{
    "//": "Nested group for inn spawns.",
    "type": "mapgen",
    "method": "json",
    "nested_mapgen_id": "inn_cultist_nested",
    "object": {
      "mapgensize": [ 8, 8 ],
      "place_nested": [
        { "chunks": [ [ "inn_no_spawn", 95 ], [ "inn_elder_cultist_spawn", 45 ], [ "inn_fiend_cultist_spawn", 45 ] ], "x": 0, "y": 0 }
      ]
    }
  },
{
    "type": "mapgen",
    "method": "json",
    "nested_mapgen_id": "inn_no_spawn",
    "object": {
      "mapgensize": [ 8, 8 ]
    }
  },
{
    "type": "mapgen",
    "method": "json",
    "nested_mapgen_id": "inn_elder_cultist_spawn",
    "object": {
      "mapgensize": [ 8, 8 ],
      "place_npcs": [
        { "class": "cult_recruiter", "x": 0, "y": 0 }
	  ]
    }
  },
{
    "type": "mapgen",
    "method": "json",
    "nested_mapgen_id": "inn_fiend_cultist_spawn",
    "object": {
      "mapgensize": [ 8, 8 ],
      "place_npcs": [
        { "class": "cult_fiend_recruiter", "x": 0, "y": 0 }
	  ]
    }
  }
]