[
 {
    "id": "cleric",
    "type": "GENERIC",
    "name": "Pantheons",
    "description": "A small tome, containing basic incantations of divine origins.",
    "weight": 800,
    "volume": 1,
    "price": 300,
    "material": [ "paper" ],
    "symbol": "?",
    "color": "magenta",
    "use_action": { "type": "learn_spell", "spells": [ "smite", "healing", "guardians", "force", "homeward" ] }
  },
  {
    "abstract": "spell_scroll",
    "name": { "str": "Spell Scroll" },
    "type": "BOOK",
    "weight": "475 g",
    "volume": "500 ml",
    "price": 4000,
    "material": [ "paper" ],
    "symbol": "?",
    "color": "white"
  },
  {
    "id": "hexbound",
    "type": "GENERIC",
    "name": "Hexbinding",
    "description": "Ye shall need these, basic incantations of our mistress.",
    "weight": 800,
    "volume": 1,
    "price": 300,
    "symbol": "?",
    "material": [ "paper" ],
    "color": "black",
    "use_action": { "type": "learn_spell", "spells": [ "truestrike", "smokescreen", "hex_c" ] }
  },
  {
    "id": "hexbound2",
    "type": "GENERIC",
    "name": "Blade of Shadow",
    "description": "Bound by shadow, black as night, the mistress wills us to fight.",
    "weight": 800,
    "volume": 1,
    "price": 300,
    "symbol": "?",
    "material": [ "paper" ],
    "color": "black",
    "use_action": { "type": "learn_spell", "spells": [ "shadowmorph_c", "shadowarmor", "cause_fear" ] }
  },
  {
    "id": "hexbound3",
    "type": "GENERIC",
    "name": "Twin Hexes",
    "description": "A tome of advanced magics, given by Qliphoth to the best of her servants.",
    "weight": 800,
    "volume": 1,
    "price": 300,
    "symbol": "?",
    "material": [ "paper" ],
    "color": "black",
    "use_action": { "type": "learn_spell", "spells": [ "masking", "shadow_arrow" ] }
  },
  {
    "id": "fiend1",
    "type": "GENERIC",
    "name": "On Daemons",
    "description": "A broad list upon various types of demons, with their spells intermixed.",
    "weight": 800,
    "volume": 1,
    "price": 300,
    "symbol": "?",
    "material": [ "paper" ],
    "color": "red",
    "use_action": { "type": "learn_spell", "spells": [ "hellbolt", "toxic_cloud", "hellswipe" ] }
  },
  {
    "id": "fiend2",
    "type": "GENERIC",
    "name": "Pacts and Rites",
    "description": "To whoever reads this, inside is a spell upon summoning demons, gifted to us by the Dark One. Use wisely.",
    "weight": 800,
    "volume": 1,
    "price": 300,
    "symbol": "?",
    "material": [ "paper" ],
    "color": "red",
    "use_action": { "type": "learn_spell", "spells": [ "hellish_rebuke", "sense_lesser_demons" ] }
  },
  {
    "id": "wizard_basic",
    "type": "GENERIC",
    "name": "Basic Magical Practice",
    "description": "A leather-bound spellbook, containing rudementry magic for novice spellcasters.",
    "weight": 800,
    "volume": 1,
    "price": 2000,
    "symbol": "?",
    "material": [ "paper" ],
    "color": "blue",
    "use_action": { "type": "learn_spell", "spells": [ "mu_spell_armor", 
							"mu_spell_cantrip", 
                                                        "mu_spell_light", 
						        "firebolt",
							"lightning_bolt",
							"magic_stone_mage"
                                                       ] }
  }
]