[
{
    "id": "health_totem_fiber",
    "type": "ARMOR",
    "name": { "str": "fiber totem of health" },
    "copy-from": "runed_totem_fiber",
    "description": "A small totem, made of twisted fiber. Magical runes have been painted onto its surface. Faint red lines occaisonally pass along its surface."
  }, 
{
    "id": "poison_totem_fiber",
    "type": "ARMOR",
    "name": { "str": "fiber totem of poison" },
    "copy-from": "runed_totem_fiber",
    "description": "A small totem, made of twisted fiber. Magical runes have been painted onto its surface. Faint green lines occaisonally pass along its surface."
  },
{
    "id": "mana_totem_fiber",
    "type": "ARMOR",
    "name": { "str": "fiber totem of mana" },
    "copy-from": "runed_totem_fiber",
    "description": "A small totem, made of twisted fiber. Magical runes have been painted onto its surface, which now radiate with a blue aura."
  },
{
    "id": "light_runed_totem",
    "type": "ARMOR",
    "name": { "str": "wooden totem of dawn" },
    "copy-from": "totem_small",
    "description": "A small totem of whittled wood. Magical runes have been carved into its surface, which now radiate with a yellow aura."
  },
{
    "id": "dark_runed_totem",
    "type": "ARMOR",
    "name": { "str": "wooden totem of dusk" },
    "copy-from": "totem_small",
    "description": "A small totem of whittled wood. Magical runes have been carved into its surface, which now have an inky pitch."
  },
{
    "id": "mountian_runed_totem",
    "type": "ARMOR",
    "name": { "str": "wooden totem of earth" },
    "copy-from": "totem_small",
    "description": "A small totem of whittled wood. Magical runes have been carved into its surface, which now radiate with a gray aura."
  },
{
    "id": "ocean_runed_totem",
    "type": "ARMOR",
    "name": { "str": "wooden totem of water" },
    "copy-from": "totem_small",
    "description": "A small totem of whittled wood. Magical runes have been carved into its surface, which now radiate with an aquamarine aura."
  },
{
    "id": "forest_runed_totem",
    "type": "ARMOR",
    "name": { "str": "wooden totem of nature" },
    "copy-from": "totem_small",
    "description": "A small totem of whittled wood. Magical runes have been carved into its surface, which now radiate with a dark green aura."
  },
{
    "id": "fire_totem_metal",
    "type": "ARMOR",
    "name": { "str": "metallic totem of heat" },
    "copy-from": "totem_small_metal",
    "description": "A small totem, forged of metal. Magical runes have been inlaid onto its surface. It feels warm to the touch."
  },
{
    "id": "channel_totem_metal",
    "type": "ARMOR",
    "name": { "str": "metallic totem of channeling" },
    "copy-from": "totem_small_metal",
    "extend": { "flags": [ "MAGIC_FOCUS" ] },
    "description": "A small totem, forged of metal. Magical runes have been inlaid onto its surface, which are now charged."
  },
{
    "id": "ice_totem_metal",
    "type": "ARMOR",
    "name": { "str": "metallic totem of frost" },
    "copy-from": "totem_small_metal",
    "description": "A small totem, forged of metal. Magical runes have been inlaid onto its surface. It feels cold to the touch."
  },
{
    "id": "defense_totem_metal",
    "type": "ARMOR",
    "name": { "str": "metallic totem of resistance" },
    "copy-from": "totem_small_metal",
    "description": "A small totem, forged of metal. Magical runes have been inlaid onto its surface. It feels heavier than it should."
  }
]