[
{
    "id": "totem_small",
    "name": "small totem",
    "//": "Unenchanted trinkets here, magic stuff in seperate file.",
	"type": "GENERIC",
	"symbol": "t",
	"weight": "100 g",
    "volume": "250 ml",
    "description": "A small totem of whittled wood.",
    "material": "wood", 
    "color": "brown",
    "flags": [ "NO_SALVAGE" ],
    "price": 200
	},
{
    "id": "totem_small_metal",
    "name": "small metallic totem",
	"type": "GENERIC",
	"symbol": "t",
	"weight": "100 g",
    "volume": "250 ml",
    "description": "A small totem, forged of metal.",
    "material": "steel", 
    "color": "dark_gray",
    "flags": [ "NO_SALVAGE" ],
    "price": 500
	},
{
    "id": "bone_charm",
    "name": "bone charm",
	"type": "GENERIC",
	"symbol": "t",
	"weight": "100 g",
    "volume": "250 ml",
    "description": "A small totem, whittled from bone.",
    "material": "bone", 
    "color": "white",
    "flags": [ "NO_SALVAGE" ],
    "price": 200
	},
{
    "id": "totem_small_fiber",
    "name": "fiber totem",
	"type": "GENERIC",
	"symbol": "t",
	"weight": "100 g",
    "volume": "100 ml",
    "description": "A small totem, made of twisted fiber.",
    "material": "dry_plant", 
    "color": "brown",
    "flags": [ "NO_SALVAGE" ],
    "price": 200
	},
{
    "id": "runed_totem",
    "type": "ARMOR",
    "name": { "str": "runed wooden totem" },
    "copy-from": "totem_small",
    "description": "A small totem of whittled wood. Magical runes have been carved into its surface."
  },
{
    "id": "runed_totem_metal",
    "type": "ARMOR",
    "name": { "str": "runed metallic totem" },
    "copy-from": "totem_small_metal",
    "description": "A small totem, forged of metal. Magical runes have been inlaid onto its surface."
  },
{
    "id": "runed_bone_charm",
    "type": "ARMOR",
    "name": { "str": "runed bone charm" },
    "copy-from": "bone_charm",
    "description": "A small totem, whittled from bone. Magical runes have been carved into its surface."
  },
{
    "id": "runed_totem_fiber",
    "type": "ARMOR",
    "name": { "str": "runed fiber totem" },
    "copy-from": "totem_small_fiber",
    "description": "A small totem, made of twisted fiber. Magical runes have been painted onto its surface."
  },
{
    "id": "runed_holy_symbol",
    "type": "ARMOR",
    "name": { "str": "runed holy symbol" },
    "copy-from": "holy_symbol_wood",
    "description": "A small symbol, representing a faith of some sort. Magical runes have been carved onto its surface."
  }
]