[
{
    "id": "candle_eternal",
    "type": "TOOL",
    "name": { "str": "eternal candle" },
    "description": "This is a thick candle.  It doesn't provide very much light, but it can burn for quite a long time. The flame never seems to go out.",
    "weight": "225 g",
    "volume": "250 ml",
    "price": 6000,
    "to_hit": -2,
    "material": [ "beeswax" ],
    "symbol": ",",
    "color": "white",
    "use_action": { "type": "firestarter", "moves": 100 },
    "flags": [ "LIGHT_8", "FIRESTARTER" ]
  },
{
    "id": "candle_teleport",
    "type": "TOOL",
    "name": { "str": "candle of invocation", "str_pl": "candles of invocation" },
    "description": "This is a thick candle, covered in runes.  It doesn't provide very much light, but it can burn for quite a long time.  You'll need a lighter or matches to light it. It can also teleport it's user, at the cost of some wick.",
    "weight": "225 g",
    "volume": "250 ml",
    "price": 4000,
    "to_hit": -2,
    "material": [ "beeswax" ],
    "symbol": ",",
    "color": "white",
    "charges_per_use": 1,
    "pocket_data": [ { "pocket_type": "MAGAZINE", "ammo_restriction": { "candle_wax": 100 }, "rigid": true } ],
    "use_action": [ {
      "target": "candle_lit",
      "msg": "You light the candle.",
      "active": true,
      "need_fire": 1,
      "menu_text": "Light",
      "type": "transform"
    }, 
    { "type": "cast_spell", "spell_id": "minor_teleport", "no_fail": true, "level": 1, "need_wielding": true } ],
    "flags": [ "BURNOUT", "NO_RELOAD", "NO_UNLOAD" ]
  },
{
    "id": "candle_fire",
    "type": "TOOL",
    "name": { "str": "candle of pyromancy", "str_pl": "candles of pyromancy" },
    "description": "This is a thick candle, covered in runes.  It doesn't provide very much light, but it can burn for quite a long time.  You'll need a lighter or matches to light it. It can also hurl a ball of fire, at the cost of some wick.",
    "weight": "225 g",
    "volume": "250 ml",
    "price": 4500,
    "to_hit": -2,
    "material": [ "beeswax" ],
    "symbol": ",",
    "color": "white",
    "charges_per_use": 1,
    "pocket_data": [ { "pocket_type": "MAGAZINE", "ammo_restriction": { "candle_wax": 100 }, "rigid": true } ],
    "use_action": [ {
      "target": "candle_lit",
      "msg": "You light the candle.",
      "active": true,
      "need_fire": 1,
      "menu_text": "Light",
      "type": "transform"
    }, 
    { "type": "cast_spell", "spell_id": "firebolt", "no_fail": true, "level": 1, "need_wielding": true } ],
    "flags": [ "BURNOUT", "NO_RELOAD", "NO_UNLOAD" ]
  },
{
    "id": "orb_cleaning",
    "type": "TOOL",
    "name": { "str": "cleansing orb" },
    "description": "This is a stone sphere with strange etchings covering it. When activated, it can remove dirt and grime from an object.",
    "weight": "311 g",
    "volume": "750 ml",
    "price": 6000,
    "bashing": 6,
    "material": [ "stone" ],
    "use_action": [ "WASH_ALL_ITEMS" ],
    "flags": [ "NO_RELOAD", "NO_UNLOAD" ],
    "symbol": "o",
    "color": "white",
    "charges_per_use": 1,
    "pocket_data": [ { "pocket_type": "MAGAZINE", "ammo_restriction": { "crystallized_mana": 15 }, "rigid": true } ],
    "relic_data": { "charge_info": { "recharge_type": "periodic", "time": "24 h", "regenerate_ammo": true } }
  },
{
    "id": "orb_shielding",
    "type": "TOOL",
    "name": { "str": "shielding orb" },
    "description": "This is a stone sphere with strange etchings covering it. When held, it protects the holder against harm. Additionally, it can be used as a channel for spellcasting.",
    "weight": "311 g",
    "volume": "750 ml",
    "price": 4000,
    "bashing": 6,
    "material": [ "stone" ],
    "flags": [ "MAGIC_FOCUS" ],
    "symbol": "o",
    "color": "white",
    "relic_data": {
      "passive_effects": [ { "has": "WORN", "condition": "ALWAYS", "values": [ { "value": "ARMOR_CUT", "add": -6 }, { "value": "ARMOR_BASH", "add": -6 }, { "value": "ARMOR_STAB", "add": -6 } ] } ]
    }
  },
{
    "id": "orb_time",
    "type": "TOOL",
    "name": { "str": "orb of time" },
    "description": "This is a stone sphere with strange etchings covering it. When held, it gives a measurement of time. Additionally, it can be used as a channel for spellcasting.",
    "weight": "311 g",
    "volume": "750 ml",
    "price": 4000,
    "bashing": 6,
    "material": [ "stone" ],
    "flags": [ "MAGIC_FOCUS", "WATCH" ],
    "symbol": "o",
    "color": "white"
  },
{
    "id": "chalice_water_elemental",
    "type": "TOOL",
    "copy-from": "bowl_clay",
    "material": [ "iron" ],
    "name": { "str": "chalice of the sea", "str_pl": "chalices of the sea" },
    "price_postapoc": 8000,
    "charges_per_use": 1,
    "description": "This is a small metal chalice, decorated with depictions of the ocean. It holds a misty, water-like liquid in it, which occaisionally rises in the form of gas.",
    "use_action": [ { "type": "cast_spell", "spell_id": "spawn_water_elementals", "no_fail": true, "level": 1, "need_wielding": true } ],
    "pocket_data": [ { "pocket_type": "MAGAZINE", "ammo_restriction": { "crystallized_mana": 3 }, "rigid": true } ],
    "relic_data": { "charge_info": { "recharge_type": "periodic", "time": "24 h", "regenerate_ammo": true } },
    "flags": [ "MAGIC_FOCUS", "NO_RELOAD", "NO_UNLOAD" ]
  },
{
    "id": "chalice_fire_elemental",
    "type": "TOOL",
    "copy-from": "bowl_clay",
    "material": [ "iron" ],
    "name": { "str": "volcanic chalice", "str_pl": "volcanic chalices" },
    "price_postapoc": 8000,
    "charges_per_use": 1,
    "description": "This is a small metal chalice, decorated with depictions of fire. A small flame burns within.",
    "use_action": [ { "type": "cast_spell", "spell_id": "spawn_fire_elementals", "no_fail": true, "level": 1, "need_wielding": true } ],
    "pocket_data": [ { "pocket_type": "MAGAZINE", "ammo_restriction": { "crystallized_mana": 3 }, "rigid": true } ],
    "relic_data": { "charge_info": { "recharge_type": "periodic", "time": "24 h", "regenerate_ammo": true } },
    "flags": [ "MAGIC_FOCUS", "NO_RELOAD", "NO_UNLOAD" ]
  },
{
    "id": "chalice_earth_elemental",
    "type": "TOOL",
    "copy-from": "bowl_clay",
    "material": [ "clay" ],
    "name": { "str": "chalice of the land", "str_pl": "chalices of the land" },
    "price_postapoc": 8000,
    "charges_per_use": 1,
    "description": "This is a small clay chalice, with frescoes of landscapes coating it. Three pebbles sit inside, rolling with it's movement in set channels.",
    "use_action": [ { "type": "cast_spell", "spell_id": "spawn_earth_elementals", "no_fail": true, "level": 1, "need_wielding": true } ],
    "pocket_data": [ { "pocket_type": "MAGAZINE", "ammo_restriction": { "crystallized_mana": 3 }, "rigid": true } ],
    "relic_data": { "charge_info": { "recharge_type": "periodic", "time": "24 h", "regenerate_ammo": true } },
    "flags": [ "MAGIC_FOCUS", "NO_RELOAD", "NO_UNLOAD" ]
  },
{
    "id": "chalice_air_elemental",
    "type": "TOOL",
    "copy-from": "bowl_clay",
    "material": [ "clay" ],
    "name": { "str": "chalice of the sky", "str_pl": "chalices of the sky" },
    "price_postapoc": 8000,
    "charges_per_use": 1,
    "description": "This is a small clay chalice, with frescoes of the sky coating it. The interior is empty.",
    "use_action": [ { "type": "cast_spell", "spell_id": "spawn_air_elementals", "no_fail": true, "level": 1, "need_wielding": true } ],
    "pocket_data": [ { "pocket_type": "MAGAZINE", "ammo_restriction": { "crystallized_mana": 3 }, "rigid": true } ],
    "relic_data": { "charge_info": { "recharge_type": "periodic", "time": "24 h", "regenerate_ammo": true } },
    "flags": [ "MAGIC_FOCUS", "NO_RELOAD", "NO_UNLOAD" ]
  },
{
    "id": "jug_holding",
    "type": "GENERIC",
    "category": "container",
    "name": { "str": "jug of holding", "str_pl": "jugs of holding" },
    "looks_like": "bowl_clay",
    "description": "A bulky and heavy clay pot with a stopper atop it. The space inside is larger than implied on outside appearance, and it is watertight.",
    "weight": "4887 g",
    "volume": "44250 ml",
    "price": 50000,
    "to_hit": -2,
    "material": [ "clay" ],
    "flags": [ "TARDIS" ],
    "symbol": ")",
    "color": "brown",
    "pocket_data": [
      {
        "pocket_type": "CONTAINER",
        "rigid": true,
        "watertight": true,
        "max_contains_volume": "20 L",
        "max_contains_weight": "70 kg"
      }
    ],
    "qualities": [ [ "BOIL", 2 ], [ "CONTAIN", 1 ] ]
  },
{
    "id": "water_flask_endless",
    "type": "TOOL",
    "name": { "str": "flask of endless water", "str_pl": "flasks of endless water" },
    "looks_like": "bottle_glass",
    "description": "A small flask covered in runes, with a stopper atop. There is a small amount of water inside it, which seems to continually fill.",
    "weight": "400 g",
    "volume": "400 ml",
    "price": 50000,
    "to_hit": -2,
    "material": [ "clay" ],
    "flags": [ "NO_RELOAD", "NO_UNLOAD" ],
    "symbol": ")",
    "color": "blue",
    "charges_per_use": 1,
    "use_action": [ { "type": "cast_spell", "spell_id": "water_summon", "no_fail": true, "level": 6, "need_wielding": true } ],
    "pocket_data": [ { "pocket_type": "MAGAZINE", "ammo_restriction": { "crystallized_mana": 6 }, "rigid": true } ],
    "relic_data": { "charge_info": { "recharge_type": "periodic", "time": "12 h", "regenerate_ammo": true } }
  },
{
    "id": "smoke_flask_endless",
    "type": "TOOL",
    "name": { "str": "eversmoking flask", "str_pl": "eversmoking flasks" },
    "looks_like": "bottle_glass",
    "description": "A small flask covered in runes, with a stopper atop. The interior is pitch-black with smoke.",
    "weight": "400 g",
    "volume": "400 ml",
    "price": 50000,
    "to_hit": -2,
    "material": [ "clay" ],
    "flags": [ "NO_UNLOAD", "NO_RELOAD" ],
    "symbol": ")",
    "color": "light_gray",
    "charges_per_use": 1,
    "use_action": [ { "type": "cast_spell", "spell_id": "smokescreen", "no_fail": true, "level": 1, "need_wielding": true } ],
    "pocket_data": [ { "pocket_type": "MAGAZINE", "ammo_restriction": { "crystallized_mana": 6 }, "rigid": true } ],
    "relic_data": { "charge_info": { "recharge_type": "periodic", "time": "12 h", "regenerate_ammo": true } }
  },
{
    "type": "COMESTIBLE",
    "id": "magic_seed_fruit",
    "copy-from": "seed",
    "name": { "str": "virtuitous seed" },
    "description": "The seeds of some strange plant. Already, they seem to sprout and bear fruit.",
    "use_action": { "type": "cast_spell", "spell_id": "fruit_summon", "no_fail": true, "level": 1 },
    "flags": [ "NO_INGEST", "EATEN_COLD", "NPC_SAFE", "NUTRIENT_OVERRIDE" ]
  },
{
    "type": "COMESTIBLE",
    "comestible_type": "FOOD",
    "id": "bead_force",
    "copy-from": "garnet",
    "name": { "str": "bead of force", "str_pl": "beads of force" },
    "material": [ "wood" ],
    "price": 3000,
    "description": "This is a small wooden bead, engraved with runes. When activated, it dissolves; releasing a stream of magic.",
    "use_action": { "type": "cast_spell", "spell_id": "arcane_bolt_projectile", "no_fail": true, "level": 2, "need_wielding": true },
    "flags": [ "NO_INGEST", "EATEN_COLD", "NPC_SAFE", "NUTRIENT_OVERRIDE" ]
  },
{
    "type": "COMESTIBLE",
    "comestible_type": "FOOD",
    "id": "druid_shard",
    "copy-from": "garnet",
    "color": "green",
    "name": { "str": "shard of nature", "str_pl": "shards of nature" },
    "price": 4500,
    "description": "This is a small green gem, which seems to invoke some faint emotion Some gaseous substance swirls about in the center.",
    "use_action": { "type": "cast_spell", "spell_id": "mu_spell_druid_eye_predator", "no_fail": true, "level": 1, "need_wielding": true },
    "flags": [ "NO_INGEST", "EATEN_COLD", "NPC_SAFE", "NUTRIENT_OVERRIDE" ]
  },
{   
    "type": "TOOL",
    "id": "broom_flying",
    "copy-from": "mop",
    "name": { "str": "broom of levitation", "str_pl": "brooms of levitation" },
    "price_postapoc": 6000,
    "description": "This is a long wooden broom, engraved with several runes. When gripped and mounted, it can hover above the ground and travel at a quick pace.",
    "relic_data": { "passive_effects": [ { "has": "WIELD", "condition": "ALWAYS", "values": [ { "value": "MOVE_COST", "add": -20 }, { "value": "SPEED", "add": 20 } ] } ] }
  },
{
    "type": "COMESTIBLE",
    "comestible_type": "FOOD",
    "id": "rod_open",
    "copy-from": "nail",
    "material": [ "wood" ],
    "name": { "str": "rod of passage", "str_pl": "rods of passage" },
    "price": 6000,
    "description": "This is a small wooden rod, engraved with runes. When used, it can open locks, though dissolves in the process.",
    "use_action": { "type": "cast_spell", "spell_id": "rite_passage", "no_fail": true, "level": 1, "need_wielding": true },
    "flags": [ "NO_INGEST", "EATEN_COLD", "NPC_SAFE", "NUTRIENT_OVERRIDE" ]
  },
{
    "type": "COMESTIBLE",
    "comestible_type": "FOOD",
    "id": "rod_fire",
    "copy-from": "nail",
    "material": [ "wood" ],
    "name": { "str": "rod of flame", "str_pl": "rods of flame" },
    "price": 6000,
    "description": "This is a small wooden rod, engraved with runes. When used, it releases a cone of fire, though burns up in the process.",
    "use_action": { "type": "cast_spell", "spell_id": "mage_burning_hands", "no_fail": true, "level": 3, "need_wielding": true },
    "flags": [ "NO_INGEST", "EATEN_COLD", "NPC_SAFE", "NUTRIENT_OVERRIDE" ]
  },
{
    "type": "COMESTIBLE",
    "comestible_type": "FOOD",
    "id": "sigil_shield",
    "copy-from": "nail",
    "material": [ "wood" ],
    "name": { "str": "sigil of protection", "str_pl": "sigils of protection" },
    "price": 6000,
    "description": "This is a small wooden brooch, engraved with an image of a shield. It can be used to summon a set of ethereal armor, but dissolves in the process.",
    "use_action": { "type": "cast_spell", "spell_id": "mu_spell_armor", "no_fail": true, "level": 1, "need_wielding": true },
    "flags": [ "NO_INGEST", "EATEN_COLD", "NPC_SAFE", "NUTRIENT_OVERRIDE" ]
  }
]