[
{
    "//": "Nested group for goblin camps",
    "type": "mapgen",
    "method": "json",
    "nested_mapgen_id": "goblin_nested",
    "object": {
      "mapgensize": [ 8, 8 ],
      "place_nested": [
        { "chunks": [ [ "hut", 25 ], [ "firepit", 25 ], [ "food", 25 ], [ "dining", 25 ], [ "worg_pen", 20 ], [ "fight_pit", 20 ], [ "latrine", 20 ], [ "library", 10 ], [ "planning_room", 10 ], [ "alchemy_lab", 10 ] ], "x": 0, "y": 0 }
      ]
    }
  },
{
    "type": "mapgen",
    "method": "json",
    "nested_mapgen_id": "hut",
    "object": {
      "mapgensize": [ 8, 8 ],
      "rows": [
        "qqqqqqqq",
        "qb....bq",
        "q......q",
        "qL....@q",
        "h.....tq",
        "q.....@q",
        "qb....bq",
        "qqqqqqqq"
      ],
      "palettes": [ "goblin_camp" ]
    }
    },
{
    "type": "mapgen",
    "method": "json",
    "nested_mapgen_id": "hut",
    "object": {
      "mapgensize": [ 8, 8 ],
      "rows": [
        "qqqqqqqq",
        "qb..L.bq",
        "q......q",
        "qb....bq",
        "h......q",
        "q......q",
        "qb....bq",
        "qqqqqqqq"
      ],
      "palettes": [ "goblin_camp" ]
    }
    },
{
    "type": "mapgen",
    "method": "json",
    "nested_mapgen_id": "hut",
    "object": {
      "mapgensize": [ 8, 8 ],
      "rows": [
        "qqqqqqqq",
        "qb..L.bq",
        "q......q",
        "qb....bq",
        "h......q",
        "q......q",
        "qb..@.bq",
        "qqqqqqqq"
      ],
      "palettes": [ "goblin_camp" ]
    }
    },
{
    "type": "mapgen",
    "method": "json",
    "nested_mapgen_id": "hut",
    "object": {
      "mapgensize": [ 8, 8 ],
      "rows": [
        "qqqqqqqq",
        "qb.t@.bq",
        "q......q",
        "qb....bq",
        "h...L..q",
        "q......q",
        "qb.t@.bq",
        "qqqqqqqq"
      ],
      "palettes": [ "goblin_camp" ]
    }
    },
{
    "type": "mapgen",
    "method": "json",
    "nested_mapgen_id": "hut",
    "object": {
      "mapgensize": [ 8, 8 ],
      "rows": [
        "qqqqqqqq",
        "qb.L..bq",
        "q......q",
        "q.@t@..q",
        "h.@t@..q",
        "q..... q",
        "qb.@@.bq",
        "qqqqqqqq"
      ],
      "palettes": [ "goblin_camp" ]
    }
    },
{
    "type": "mapgen",
    "method": "json",
    "nested_mapgen_id": "hut",
    "object": {
      "mapgensize": [ 8, 8 ],
      "rows": [
        "qqqqqqqq",
        "qb.L..bq",
        "q......q",
        "q@...t@q",
        "h....t@q",
        "q......q",
        "qb.@@.bq",
        "qqqqqqqq"
      ],
      "palettes": [ "goblin_camp" ]
    }
    },
{
    "type": "mapgen",
    "method": "json",
    "nested_mapgen_id": "firepit",
    "object": {
      "mapgensize": [ 8, 8 ],
      "rows": [
        "q  x   q",
        "   xx   ",
        " @....@ ",
        " ..cc.. ",
        " ..cc.. ",
        " @....@ ",
        "   ..   ",
        "q      q"
      ],
      "palettes": [ "goblin_camp" ]
    }
    },
{
    "type": "mapgen",
    "method": "json",
    "nested_mapgen_id": "roof",
    "object": {
      "mapgensize": [ 8, 8 ],
      "rows": [
        "uuuuuuuu",
        "uuuuuuuu",
        "uuuuuuuu",
        "uuuuuuuu",
        "uuuuuuuu",
        "uuuuuuuu",
        "uuuuuuuu",
        "uuuuuuuu"
      ],
      "palettes": [ "goblin_camp_roof" ]
    }
    },
{
    "type": "mapgen",
    "method": "json",
    "nested_mapgen_id": "food",
    "object": {
      "mapgensize": [ 8, 8 ],
      "rows": [
        "qqqqqqqq",
        "q000000q",
        "q0....0q",
        "h..00.0q",
        "q0.00.0q",
        "q0....0q",
        "q000000q",
        "qqqqqqqq"
      ],
      "palettes": [ "goblin_camp" ],
      "items": {
      "0": [
			{ "item": "barrel_food_loot", "chance": 80, "repeat": [ 2, 5 ] },
			{ "item": "barrel_food_loot2", "chance": 80, "repeat": [ 2, 5 ] },
			{ "item": "barrel_food_loot3", "chance": 80, "repeat": [ 2, 5 ] },
			{ "item": "barrel_food_loot4", "chance": 80, "repeat": [ 2, 5 ] },
			{ "item": "barrel_food_loot5", "chance": 80, "repeat": [ 2, 5 ] },
			{ "item": "barrel_food_loot6", "chance": 80, "repeat": [ 1, 3 ] }
		]
    }
    }
    },
{
    "type": "mapgen",
    "method": "json",
    "nested_mapgen_id": "dining",
    "object": {
      "mapgensize": [ 8, 8 ],
      "rows": [
        "qqqqqqqq",
        "q......q",
        "q.@tt@.q",
        "h.@tt@.q",
        "q.@tt@.q",
        "q.@tt@.q",
        "q.....Lq",
        "qqqqqqqq"
      ],
      "palettes": [ "goblin_camp" ],
      "items": {
      "t": { "item": "dishes_dining", "chance": 70, "repeat": [ 2, 5 ] }
    }
    }
    },
{
    "type": "mapgen",
    "method": "json",
    "nested_mapgen_id": "worg_pen",
    "object": {
      "mapgensize": [ 8, 8 ],
      "rows": [
        "q//////q",
        "/..1.../",
        "/.....1/",
        "f..1...f",
        "f....1.f",
        "/1...1./",
        "/.1..../",
        "q//////q"
      ],
      "palettes": [ "goblin_camp" ],
      "terrain": { "/": "t_splitrail_fence", "f": "t_fencegate_c"  },
      "monster": { "1": { "monster": "mon_mtc_worg", "chance": 80 } }
    }
    },
{
    "type": "mapgen",
    "method": "json",
    "nested_mapgen_id": "fight_pit",
    "object": {
      "mapgensize": [ 8, 8 ],
      "rows": [
        "q//////q",
        "/....../",
        "/..1.../",
        "f......f",
        "f....1.f",
        "/..1.../",
        "/.....0/",
        "q//////q"
      ],
      "palettes": [ "goblin_camp" ],
      "terrain": { "/": "t_splitrail_fence", "f": "t_fencegate_c"  },
      "monster": { "1": { "monster": "mon_mtc_goblin", "chance": 80 } },
      "items": {
      "0": { "item": "training_weapons", "chance": 70, "repeat": [ 2, 5 ] }
    }
    }
    },
{
    "type": "mapgen",
    "method": "json",
    "nested_mapgen_id": "latrine",
    "object": {
      "mapgensize": [ 8, 8 ],
      "rows": [
        "qqq..qqq",
        "quq..huq",
        "q.h..qqq",
        "qqq..huq",
        "quh..qqq",
        "qqq..h.q",
        "quh..quq",
        "qqq..qqq"
      ],
      "palettes": [ "goblin_camp" ],
      "terrain": { "u": "t_dirtfloor"  },
      "items": {
      "u": { "item": "bucket", "chance": 100 }
    }
    }
    },
{
    "type": "mapgen",
    "method": "json",
    "nested_mapgen_id": "library",
    "object": {
      "mapgensize": [ 8, 8 ],
      "rows": [
        "qqqqqqqq",
        "q2.BBBBq",
        "q....1Bq",
        "qB1.L.Bq",
        "qB...1Bq",
        "qB..1.Bq",
        "qBB..BBq",
        "qqqhhqqq"
      ],
      "palettes": [ "goblin_camp" ],
      "terrain": { "B": "t_dirtfloor", "2": "t_dirtfloor"  },
      "furniture": { "B": "f_bookcase", "2": "f_infusion_bench"  },
      "monster": { "1": { "monster": "mon_mtc_goblin_mage", "chance": 80 } },
      "items": {
      "B": { "item": "manuals", "chance": 70, "repeat": [ 2, 4 ] }
    }
    }
    },
{
    "type": "mapgen",
    "method": "json",
    "nested_mapgen_id": "library",
    "object": {
      "mapgensize": [ 8, 8 ],
      "rows": [
        "qqqqqqqq",
        "q2.BBBBq",
        "q....1Bq",
        "qB1.L.Bq",
        "qB...1Bq",
        "qB..1.Bq",
        "qBB..BBq",
        "qqqhhqqq"
      ],
      "palettes": [ "goblin_camp" ],
      "terrain": { "B": "t_dirtfloor", "2": "t_dirtfloor"  },
      "furniture": { "B": "f_bookcase", "2": "f_infusion_bench"  },
      "monster": { "1": { "monster": "mon_mtc_goblin_shaman", "chance": 80 } },
      "items": {
      "B": { "item": "manuals", "chance": 70, "repeat": [ 2, 4 ] }
    }
    }
    },
{
    "type": "mapgen",
    "method": "json",
    "nested_mapgen_id": "library",
    "object": {
      "mapgensize": [ 8, 8 ],
      "rows": [
        "qqqqqqqq",
        "q2.BBBBq",
        "q....1Bq",
        "qB1.L.Bq",
        "qB...1Bq",
        "qB..1.Bq",
        "qBB..BBq",
        "qqqhhqqq"
      ],
      "palettes": [ "goblin_camp" ],
      "terrain": { "B": "t_dirtfloor", "2": "t_dirtfloor"  },
      "furniture": { "B": "f_bookcase", "2": "f_infusion_bench"  },
      "monster": { "1": { "monster": "mon_mtc_goblin_necromancer", "chance": 80 } },
      "items": {
      "B": { "item": "manuals", "chance": 70, "repeat": [ 2, 4 ] }
    }
    }
    },
{
    "type": "mapgen",
    "method": "json",
    "nested_mapgen_id": "planning_room",
    "object": {
      "mapgensize": [ 8, 8 ],
      "rows": [
        "qqqqqqqq",
        "q2.LL.2q",
        "q..11..q",
        "q1tttt1q",
        "q.tttt.q",
        "q......q",
        "q22..22q",
        "qqqhhqqq"
      ],
      "palettes": [ "goblin_camp" ],
      "monster": { "1": { "monster": "mon_mtc_goblin_warbanner", "chance": 80 }, "2": { "monster": "mon_mtc_goblin_spearsman", "chance": 80 } }
    }
    },
{
    "type": "mapgen",
    "method": "json",
    "nested_mapgen_id": "alchemy_lab",
    "object": {
      "mapgensize": [ 8, 8 ],
      "rows": [
        "qqqqqqqq",
        "qx..B.Lq",
        "qx.c..0q",
        "h.....0q",
        "q0.00.0q",
        "q0....0q",
        "q000000q",
        "qqqqqqqq"
      ],
      "palettes": [ "goblin_camp" ],
      "terrain": { "B": "t_dirtfloor"  },
      "furniture": { "B": "f_still"  },
      "items": {
      "0": [
			{ "item": "ingredients_all", "chance": 80, "repeat": [ 4, 7 ] },
                        { "item": "potions_lesser", "chance": 50 }
		]
    }
    }
    }
]