[
{
    "type": "TOOL",
    "id": "wand_fire",
    "copy-from": "wand_template",
    "looks_like": "wand_template",
    "name": "wand of fire",
    "description": "This is a short wand, engraved with various red runes. It is capable of sending forth a blast of fire.",
    "use_action": { "type": "cast_spell", "spell_id": "firebolt", "no_fail": true, "level": 2, "need_wielding": true }
 },
{
    "type": "TOOL",
    "id": "wand_ice",
    "copy-from": "wand_template",
    "looks_like": "wand_template",
    "name": "wand of ice",
    "description": "This is a short wand, engraved with various blue runes. It is capable of sending forth a whirlwind of frost.",
    "use_action": { "type": "cast_spell", "spell_id": "cone_of_cold", "no_fail": true, "level": 2, "need_wielding": true }
 }, 
{
    "type": "TOOL",
    "id": "wand_electric",
    "copy-from": "wand_template",
    "looks_like": "wand_template",
    "name": "wand of thunder",
    "description": "This is a short wand, engraved with various light blue runes. It is capable of sending forth a bolt of lightning.",
    "use_action": { "type": "cast_spell", "spell_id": "lightning_bolt", "no_fail": true, "level": 2, "need_wielding": true }
 }, 
{
    "type": "TOOL",
    "id": "wand_necromancy",
    "copy-from": "wand_template",
    "looks_like": "wand_template",
    "name": "wand of necromancy",
    "description": "The skull of a small animal has been placed upon the tip of this wand, and is engraved with errie sigils. Using it can raise the dead, but be careful with it.",
    "use_action": { "type": "cast_spell", "spell_id": "raise_dead", "no_fail": true, "level": 1, "need_wielding": true }
 },  
{
    "type": "TOOL",
    "id": "wand_charm",
    "copy-from": "wand_template",
    "looks_like": "wand_template",
    "name": "wand of charm",
    "description": "This wand has been carefully decorated with several feather and shiny objects. Using it can charm monsters and beasts alike.",
    "use_action": { "type": "cast_spell", "spell_id": "mage_charm_beast", "no_fail": true, "level": 1, "need_wielding": true }
 } 
]