[
{
    "type": "talk_topic",
    "id": "TALK_NPC_DRUID_MASTER",
    "dynamic_line": [ "Greetings. What brings you all the way out here?" ],
    "responses": [
      { 
         "text": "Nothing", 
         "topic": "TALK_DONE"	  
      },
      { 
         "text": "Who are you?", 
         "topic": "TALK_NPC_DRUID_MASTER_WHO"	  
      }
    ]
  },
{
    "type": "talk_topic",
    "id": "TALK_NPC_DRUID_MASTER_WHO",
    "dynamic_line": [ "I'm simply a druid, and these are my associates. I'm part of a circle, you see. We are considered masters of druidism and its practices." ],
    "responses": [
      { 
         "text": "Amazing.", 
         "topic": "TALK_DONE"	  
      },
      { 
         "text": "Why are you sitting in the middle of nowhere?", 
         "topic": "TALK_NPC_DRUID_MASTER_CIRCLE"	  
      },
      { 
         "text": "Is there anything I can do for you?", 
         "topic": "TALK_CULT_JOBS"	  
      }
    ]
  },
{
    "type": "talk_topic",
    "id": "TALK_NPC_DRUID_MASTER_CIRCLE",
    "dynamic_line": [ "Our practice revolves around our connection to nature, and I have found that being around nature helps that." ],
    "responses": [
      { 
         "text": "Hmm.", 
         "topic": "TALK_DONE"	  
      }
    ]
  }  
]