[
  {
    "type": "npc",
    "id": "city_guard",
    "name_suffix": "guard",
    "class": "NPC_GUARD",
    "attitude": 0,
    "mission": 3,
    "chat": "TALK_NPC_CITY_GUARD",
    "faction": "kingdom"
  },
{
    "type": "npc",
    "id": "city_guard_captain",
    "name_suffix": "guard",
    "class": "NPC_GUARD",
    "attitude": 0,
    "mission": 3,
    "chat": "TALK_NPC_GUARD_CAPTIAN",
    "faction": "kingdom",
    "mission_offered": [ "MISSION_SLAY_SLIMES_ON_ROAD_RECURRING", "MISSION_SLAY_GOBLINS_IN_FOREST_RECURRING" ]
  }
]
