[
{
    "id": "MISSION_GUARD_TEST",
    "//": "Objective may change later, currently a placeholder.",
    "type": "mission_definition",
    "name": "Test of Metal",
    "description": "Get some wood (15 logs).",
    "goal": "MGOAL_FIND_ITEM",
	"item": "log",
	"count": 15,
    "difficulty": 1,
    "value": 1,
    "deadline_low": 3,
    "deadline_high": 3,
	"origins": [ "ORIGIN_OPENER_NPC" ],
        "start": { "effect": [
		{ "u_spawn_item": "ax" }
		] },
	"end": { "effect": [
		{ "npc_add_var": "u_hired", "type": "general", "context": "mission", "value": "yes" },
                { "u_sell_item": "ax" }
		] },
	"has_generic_rewards": false,
	"dialogue": {
      "describe": "Go get some logs.",
	  "offer": "This'll see if you've got the stuff for me. Take this axe, and go chop me 15 logs. You've got three days to do it.",
	  "advice": "Don't lose that axe.",
      "accepted": "Good.",
      "rejected": "Guess you don't got the stuff, eh?",
      "inquire": "Where's it?",
      "success": "Good job. Welcome to the team. I'll need my ax back, by the way.",
      "success_lie": "",
      "failure": "I guess you couldn't do it. Better luck next time."
    }
  },
{
    "id": "MISSION_SLAY_SLIMES_ON_ROAD_RECURRING",
    "type": "mission_definition",
    "name": "Slime roadkill",
    "description": "Go splatter some slimes that've been causing trouble on one of the roads, and bring back enough slime to prove you did it.",
    "goal": "MGOAL_FIND_ITEM",
	"item": "slime_scrap",
	"count": 6,
    "difficulty": 1,
    "value": 1,
	"origins": [ "ORIGIN_OPENER_NPC" ],              
    "followup": "MISSION_SLAY_SLIMES_ON_ROAD_RECURRING",
    "start": {
       "assign_mission_target": { "om_terrain": "road", "reveal_radius": 3, "random": true, "search_range": 15, "min_distance": 10 },
	   "update_mapgen": { "place_monster": [ { "monster": "mon_blob", "pack_size": [ 6, 6 ], "x": 8, "y": 8, "target": true } ] }
    },
	"end": { "effect": [
		{ "u_spawn_item": "silver_coin", "count": 20 }
		] },
	"has_generic_rewards": false,
	"dialogue": {
      "describe": "",
	  "offer": "There are some slimes that have been troubling people on one of the roads, and the townspeople are concered for their safety. I want you to go kill them.",
	  "advice": "While they can be cut, it is generally better to splatter them with something large and heavy.",
      "accepted": "Great! I'll be here when you return.",
      "rejected": "Someone's going to do it anyway.",
      "inquire": "Are those slimes dead yet?",
      "success": "Nice. I'll just take those off your hands, they're good for greasing the hinges around here.",
      "success_lie": "You don't look nearly as sticky as you're supposed to. Get back to it.",
      "failure": "Did they give you the slip? Can't imagine the situation being sticky enough to give you that much trouble."
    }
  },
{
    "id": "MISSION_SLAY_GOBLINS_IN_FOREST_RECURRING",
    "type": "mission_definition",
    "name": "Goblin slaying",
    "description": "Go kill some goblins that've been causing trouble and bring back their ears as proof of the deed.",
    "goal": "MGOAL_FIND_ITEM",
	"item": "goblin_ears",
	"count": 6,
    "difficulty": 1,
    "value": 1,
	"origins": [ "ORIGIN_OPENER_NPC" ],        
    "followup": "MISSION_SLAY_GOBLINS_IN_FOREST_RECURRING",
    "start": {
       "assign_mission_target": { "om_terrain": "forest", "reveal_radius": 3, "random": true, "search_range": 15, "min_distance": 10 },
	   "update_mapgen": { "place_monster": [ { "monster": "mon_mtc_goblin", "pack_size": [ 6, 6 ], "x": 8, "y": 8, "target": true } ] }
    },
	"end": { "effect": [
		{ "u_spawn_item": "silver_coin", "count": 30 }
		] },
	"has_generic_rewards": false,
	"dialogue": {
      "describe": "",
	  "offer": "Some goblins have become a troublesome bunch. They've been raiding the farms and the farmers can't afford any more sheep getting stolen. This bag of 30 silver is up for grabs to anyone that can deal with the problem and prove they've done it.",
	  "advice": "A spear is usually good to deal with them. Watch out for their group tactics.",
      "accepted": "Good. They'll be happy to hear someone's out on the hunt.",
      "rejected": "Someone has to do it, if you don't want to.",
      "inquire": "Are the goblins dead yet?",
      "success": "Good. I'll present these to the farmers as proof and then they can burn them or whatever.",
      "success_lie": "You don't smell like you've been near them. Hop to it.",
      "failure": "I guess I'll just pass it off to this guy in armour then."
    }
  }
]