[
  {
    "type": "talk_topic",
    "id": "TALK_NPC_DRUNK_GUARD",
    "dynamic_line": [ "Thereshh thish, hic, thing going on wit the monstersh we're wetchin' oot for. Hic, some gai inna roob wit a flag sheemsh ta be callin' tha shotsh. Vary shup-shushpicious. Shh, don't teal anyone I toldya. Shupposhed ta be secret.", "Wha-... wot're yoo lookin' at?", "Dun't bahther meh whin ahm drinkin'.", "Yoo peasants dun't know how gud ya got it. No one's gon'ta send ye off to sum cave in the middle of bleedin' heck nowhere tah tahngle wit sum orcs.", "Hrmrmhmm... hic.", "Moar, hic, mead!", "Damn gohblin just whouldn't, hic, stop screaming intah maah helment.", "Hunghnnn... my, hic, head." ],
    "responses": [
      {
		"text": "...",
		"topic": "TALK_DONE"
	  }
    ]
  }
]
