[
	{
    "id": "MISSION_SLAY_YOUNG_DRAGON",
    "type": "mission_definition",
    "name": "Apprentice dragon slayer",
    "description": "Go kill a young dragon and bring back it scale to prove your worth as a future dragon slayer.",
    "goal": "MGOAL_FIND_ITEM",
	"item": "trophy_dragon_fang",
	"count": 2,
    "difficulty": 1,
    "value": 1,
	"origins": [ "ORIGIN_OPENER_NPC" ],
    "start": {
       "assign_mission_target": { "om_terrain": "forest", "reveal_radius": 3, "random": true, "search_range": 15, "min_distance": 10 },
	   "update_mapgen": { "place_monster": [ { "monster": "mon_mtc_dragon_fire_young", "pack_size": [ 1, 1 ], "x": 8, "y": 8, "target": true } ] }
    },
	"end": { "effect": [
		{ "u_spawn_item": "silver_coin", "count": 50 },
		{ "u_spawn_item": "dragonslayer_recommendation", "count": 1 },
		{ "u_add_var": "DRAGON_SLAY_1", "type": "general", "context": "mission", "value": "yes" }
		] },
	"has_generic_rewards": false,
	"dialogue": {
      "describe": "",
	  "offer": "It's not too difficult, but I'm not sending you on a picnic either so you'd best be prepared. I'll even make it worth your while if you lighten the workload for the guild. Say... 50 silver?",
	  "advice": "Dragons aren't easy prey, even the young ones. I recommend a spear and a horse. Or magic if you're capable of that.",
      "accepted": "Don't get yourself killed. It'd be a shame if we lost a potential new recruit.",
      "rejected": "Alright. I can understand not wanting to possibly die.",
      "inquire": "Do you have the fangs yet?",
      "success": "Hahaaa! That's good. You'll be a proper dragonslayer yet. I've even taken the time to write a letter of recommendation for you should you want to persue the career. Seek out one of the guild's lodges if you want to sign up.",
      "success_lie": "",
      "failure": ""
    }
  }
]