[
  {
    "type": "talk_topic",
    "id": "TALK_NPC_RETIRED_DRAGONSLAYER",
    "dynamic_line": [ "Back when I was younger I used to hunt dragons for sport. Now it seems the art has turned into one of necessity.", "Heh, there was this one that didn't breathe fire but roared like bellowing thunder and made lightning come from its mouth. I still twitch sometimes from that.", "I'm just glad the dragons on the rise now aren't a bunch of elders. We'd be doomed if that were the case.", "They say if you hatched your own dragon it will be your friend. I know there's a reason why the dragonriders exist but the tales tell of them taming already grown ones.", "It's nice to be able to relax my old bones after all these years. It helps that my job made sure I'd be quite well-off, haha!", "Using a horse in the hunt isn't necessary but it can mean the difference between life and death if you aren't that experienced." ],
    "responses": [
      {
		"text": "Do you think I could get into the dragonslaying business?",
		"topic": "TALK_NPC_RETIRED_DRAGONSLAYER_QUESTION",
		"condition": { "and": [
			{ "not": { "u_has_var": "DRAGON_SLAY_1", "type": "general", "context": "mission" } },
			{ "not": "has_assigned_mission" }
			] }
	  },
	  {
		"text": "Okay.",
		"topic": "TALK_DONE"
	  }
    ]
  },
  {
    "type": "talk_topic",
    "id": "TALK_NPC_RETIRED_DRAGONSLAYER_QUESTION",
    "dynamic_line": [ "Perhaps. I'll mark a location on your map where I spotted a young feral one not too long ago. If it's still there and is hostile, meaning that it'll be trouble later on, slay it and bring back its fangs to prove your worth." ],
    "responses": [
      {
		"text": "Hmm...",
		"topic": "TALK_MISSION_OFFER"
	  },
	  {
		"text": "I'll think about it.",
		"topic": "TALK_DONE"
	  }
    ]
  }
]
