[
  {
    "type": "npc",
    "id": "generic_tavernkeep",
    "name_suffix": "tavernkeep",
    "class": "NPC_TAVERNKEEP",
    "attitude": 0,
    "mission": 3,
    "chat": "TALK_NPC_GENERIC_TAVERNKEEP",
    "faction": "kingdom",
	"mission_offered": [ "MISSION_SLAY_RATS_IN_BASEMENT", "MISSION_SLAY_SLIMES_ON_ROAD", "MISSION_SLAY_GOBLINS_IN_FOREST" ]
  },
  {
    "type": "npc",
    "id": "generic_academy_tavernkeep",
    "name_suffix": "tavernkeep",
    "class": "NPC_TAVERNKEEP",
    "attitude": 0,
    "mission": 3,
    "chat": "TALK_NPC_GENERIC_TAVERNKEEP",
    "faction": "kingdom"
  }
]
