[
	{
    "id": "MISSION_SLAY_RATS_IN_BASEMENT",
    "type": "mission_definition",
    "name": "Basement rat slaying",
    "description": "Go kill some rats in the tavern's basement and bring back their tails as proof.",
    "goal": "MGOAL_FIND_ITEM",
	"item": "rat_tail",
	"count": 6,
    "difficulty": 1,
    "value": 1,
	"origins": [ "ORIGIN_OPENER_NPC" ],
    "start": {
       "assign_mission_target": { "om_terrain": "mtc_seaside_down_downright_inn1", "reveal_radius": 1 },
	   "update_mapgen": { "place_monster": [ { "monster": "mon_black_rat", "pack_size": [ 6, 6 ], "x": 8, "y": 8, "target": true } ] }
		},
	"end": { "effect": [
		{ "u_spawn_item": "silver_coin", "count": 10 },
		{ "u_add_var": "RAT_SLAY_1", "type": "general", "context": "mission", "value": "yes" }
		] },
	"has_generic_rewards": false,
	"dialogue": {
      "describe": "",
	  "offer": "I've got a few rats in the basement that I need taken care of. I'd do it meself but I'm a little busy at the moment. The job's open if you want it, it'll be worth 10 silver to me if you did away with them.",
	  "advice": "Try to be as nimble as possible. Them rats can be hard to hit.",
      "accepted": "Good. The stairs are that way.",
      "rejected": "It's fine, I can probably find someone else to do it.",
      "inquire": "Ya done wit those rats yet? I'll need their tails as proof.",
      "success": "Glad ta know that won't be a problem anymore. I wonder why they've been on the rise though.",
      "success_lie": "I can still hear squeeking, get to work.",
      "failure": "Ah well, I guess rats were too much for ye."
    }
  },
  {
    "id": "MISSION_SLAY_SLIMES_ON_ROAD",
    "type": "mission_definition",
    "name": "Slime roadkill",
    "description": "Go splatter some slimes that've been causing trouble on one of the roads, and bring back enough slime to prove you did it.",
    "goal": "MGOAL_FIND_ITEM",
	"item": "slime_scrap",
	"count": 6,
    "difficulty": 1,
    "value": 1,
	"origins": [ "ORIGIN_OPENER_NPC" ],
    "start": {
       "assign_mission_target": { "om_terrain": "road", "reveal_radius": 3, "random": true, "search_range": 15, "min_distance": 10 },
	   "update_mapgen": { "place_monster": [ { "monster": "mon_blob", "pack_size": [ 6, 6 ], "x": 8, "y": 8, "target": true } ] }
    },
	"end": { "effect": [
		{ "u_spawn_item": "silver_coin", "count": 20 },
		{ "u_add_var": "SLIME_SLAY_1", "type": "general", "context": "mission", "value": "yes" }
		] },
	"has_generic_rewards": false,
	"dialogue": {
      "describe": "",
	  "offer": "There are some slimes that have been troubling people on one of the roads. It would benefit me if the roads to this place were trouble free so I'm willing to give 20 silver to the first bloke who brings me proof that they've killed some slimes.",
	  "advice": "While they can be cut, it is generally better to splatter them with something large and heavy.",
      "accepted": "Great! I'll be here when you return.",
      "rejected": "Someone's going to do it anyway, plenty of folks needing some quick coin.",
      "inquire": "Are those slimes dead yet?",
      "success": "Nice. I'll just take those off your hands, they're good for greasing the hinges around here.",
      "success_lie": "You don't look nearly as sticky as you're supposed to. Get back to it.",
      "failure": "Did they give you the slip? Can't imagine the situation being sticky enough to give you that much trouble."
    }
  },
  {
    "id": "MISSION_SLAY_GOBLINS_IN_FOREST",
    "type": "mission_definition",
    "name": "Goblin slaying",
    "description": "Go kill some goblins that've been causing trouble and bring back their ears as proof of the deed.",
    "goal": "MGOAL_FIND_ITEM",
	"item": "goblin_ears",
	"count": 6,
    "difficulty": 1,
    "value": 1,
	"origins": [ "ORIGIN_OPENER_NPC" ],
    "start": {
       "assign_mission_target": { "om_terrain": "forest", "reveal_radius": 3, "random": true, "search_range": 15, "min_distance": 10 },
	   "update_mapgen": { "place_monster": [ { "monster": "mon_mtc_goblin", "pack_size": [ 6, 6 ], "x": 8, "y": 8, "target": true } ] }
    },
	"end": { "effect": [
		{ "u_spawn_item": "silver_coin", "count": 30 },
		{ "u_add_var": "GOBLINS_SLAY_1", "type": "general", "context": "mission", "value": "yes" }
		] },
	"has_generic_rewards": false,
	"dialogue": {
      "describe": "",
	  "offer": "Some goblins have become a troublesome bunch. They've been raiding the farms and the farmers can't afford any more sheep getting stolen. This bag of 30 silver is up for grabs to anyone that can deal with the problem and prove they've done it.",
	  "advice": "A spear is usually good to deal with them. Watch out for their group tactics.",
      "accepted": "Good. They'll be happy to hear someone's out on the hunt.",
      "rejected": "It's fine if you don't want to. Some other guy usually comes in here for the goblin jobs anyway. Never seen his face though.",
      "inquire": "Are the goblins dead yet?",
      "success": "Good. I'll present these to the farmers as proof and then they can burn them or whatever.",
      "success_lie": "You don't smell like you've been near them. Hop to it.",
      "failure": "I guess I'll just pass it off to this guy in armour then."
    }
  }
]
