[
{
    "type": "mapgen",
    "om_terrain": "demon_ruins_blank",
    "method": "json",
    "object": {
      "fill_ter": "t_rock_floor_no_roof",
      "rows": [
        "                        ",
        "                        ",
        "                        ",
        "                        ",
        "                        ",
        "                        ",
        "                        ",
        "                        ",
        "                        ",
        "                        ",
        "                        ",
        "                        ",
        "                        ",
        "                        ",
        "                        ",
        "                        ",
        "                        ",
        "                        ",
        "                        ",
        "                        ",
        "                        ",
        "                        ",
        "                        ",
        "                        "
      ],
      "palettes": [ "caves" ],
      "place_nested": [
        { "chunks": [ "demon_ruins_nested" ], "x": 0, "y": 0 },
        { "chunks": [ "demon_ruins_nested" ], "x": 8, "y": 0 },
        { "chunks": [ "demon_ruins_nested" ], "x": 16, "y": 0 },
        { "chunks": [ "demon_ruins_nested" ], "x": 0, "y": 15 },
        { "chunks": [ "demon_ruins_nested" ], "x": 8, "y": 15 },
        { "chunks": [ "demon_ruins_nested" ], "x": 16, "y": 15 }
      ]
    }
  },
{
    "method": "json",
    "om_terrain": "demon_citadel",
    "type": "mapgen",
    "weight": 100,
    "object": {
      "fill_ter": "t_rock_floor",
      "rows": [
            "////////////////////////",
            "/wwwwwwwwwwhhwwwwwwwwww/",
            "/w/0//0/0/w//wBBBBBBBBw/",
            "/w0//////0w//wB///////w/",
            "/w/0//0/0/w//wB//////?w/",
            "/wwwwhwwwww//wwwwwhwwww/",
            "/w////////////////////w/",
            "/w////////?///////////w/",
            "/wwwwhwwwww//wwwwwhwwww/",
            "/wBB?/BBBBw//wBBBB//BBw/",
            "/wB//////Bw//wB///?//Bw/",
            "/wB//////Bw//wB//////Bw/",
            "/wBBB/?BBBw//wBBBB//BBw/",
            "/wwwwhwwwww//wwwwwhwwww/",
            "/w////////////////////w/",
            "/w///////////?////////w/",
            "/wwwwhwwwww//wwwwwhwwww/",
            "/w////////w//w////////w/",
            "/wB//////Bw//wB//////Bw/",
            "/wB//?///Bw//wB///?//Bw/",
            "/wB//////Bw//wB//////Bw/",
            "/wBBBBBBBBw//wBBBBBBBBw/",
            "/wwwwwwwwwwhhwwwwwwwwww/",
            "////////////////////////"
      ],      
      "furniture": { "0": "f_straw_dummy", "B": "f_bookcase", "o": "f_counter", "?": "f_hanging_lantern" },
      "terrain": { "/": "t_rock_floor", "@": "t_rock_floor", "!": "t_rock_floor", "w": "t_rock_wall", "h": "t_door_metal_c" },
      "place_nested": [
        { "chunks": [ "demon_citadel_spawn" ], "x": 8, "y": 8 }
      ],
      "items": {
	  "B": { "item": "NPC_CULT_MAGICIAN_FIEND_SELL", "chance": 90, "repeat": [ 2, 5 ] } 
    }
    }
  },
{
    "method": "json",
    "om_terrain": "lava_river",
    "type": "mapgen",
    "weight": 100,
    "object": {
      "fill_ter": "t_rock_floor",
      "rows": [
            "////////////////////////",
            "////////////////////////",
            "////////////////////////",
            "////////////////////////",
            "////////////////////////",
            "////////////////////////",
            "////////////////////////",
            "////////////////////////",
            "////////////////////////",
            "////////////////////////",
            "////////////////////////",
            "////////////////////////",
            "////////////////////////",
            "////////////////////////",
            "////////////////////////",
            "////////////////////////",
            "////////////////////////",
            "////////////////////////",
            "////////////////////////",
            "////////////////////////",
            "////////////////////////",
            "////////////////////////",
            "////////////////////////",
            "////////////////////////"
      ],
      "terrain": { "/": "t_lava" }
    }
  },
{
    "method": "json",
    "om_terrain": "lava_river_bridge",
    "type": "mapgen",
    "weight": 100,
    "object": {
      "fill_ter": "t_rock_floor",
      "rows": [
            "///////w.........w//////",
            "///////w.........w//////",
            "///////w.........w//////",
            "///////w.........w//////",
            "///////w.........w//////",
            "///////w.........w//////",
            "///////w.........w//////",
            "///////w.........w//////",
            "///////w.........w//////",
            "///////w.........w//////",
            "///////w.........w//////",
            "///////w.........w//////",
            "///////w.........w//////",
            "///////w.........w//////",
            "///////w.........w//////",
            "///////w.........w//////",
            "///////w.........w//////",
            "///////w.........w//////",
            "///////w.........w//////",
            "///////w.........w//////",
            "///////w.........w//////",
            "///////w.........w//////",
            "///////w.........w//////",
            "///////w.........w//////"
      ],
      "terrain": { ".": "t_rock_floor_no_roof", "w": "t_rock_wall_half", "/": "t_lava" }
    }
  }  
]