[
{
    "//": "Nested group for demon ruins.",
    "type": "mapgen",
    "method": "json",
    "nested_mapgen_id": "demon_ruins_nested",
    "object": {
      "mapgensize": [ 8, 8 ],
      "place_nested": [
        { "chunks": [ [ "demon_ruins_house", 75 ], [ "demon_ruins_house2", 55 ], [ "demon_ruins_hellhound_pen", 55 ], [ "demon_ruins_forge", 55 ], [ "demon_ruins_barracks", 35 ] ], "x": 0, "y": 0 }
      ]
    }
  },
{
    "type": "mapgen",
    "method": "json",
    "nested_mapgen_id": "demon_ruins_house",
    "object": {
      "mapgensize": [ 8, 8 ],
      "rows": [
        "........",
        ".wwwwww.",
        ".wt00tw.",
        ".wttttw.",
        ".wtqttw.",
        ".w?ttbw.",
        ".wwhhww.",
        "........"
      ],
      "palettes": [ "caves" ],
      "furniture": { "0": "f_fireplace", "b": "f_bed", "?": "f_hanging_lantern" },
      "terrain": { ".": "t_rock_floor_no_roof", "w": "t_rock_wall", "h": "t_door_metal_c", "t": "t_rock_floor", "b": "t_rock_floor", "q": "t_rock_floor", "0": "t_rock_floor" },
      "monster": { "q": { "monster": "mon_mtc_imp", "chance": 70 } },
      "items": {
      "0": { "item": "oven", "chance": 100, "repeat": [ 3, 5 ] },
      "b": { "item": "bed", "chance": 100, "repeat": [ 1, 2 ] }
    }
    }
    }, 
{
    "type": "mapgen",
    "method": "json",
    "nested_mapgen_id": "demon_ruins_house2",
    "object": {
      "mapgensize": [ 8, 8 ],
      "rows": [
        "........",
        ".wwwwww.",
        ".wt00tw.",
        ".wttttw.",
        ".wtqttw.",
        ".w?ttbw.",
        ".wwhhww.",
        "........"
      ],
      "palettes": [ "caves" ],
      "furniture": { "0": "f_fireplace", "b": "f_bed", "?": "f_hanging_lantern" },
      "terrain": { ".": "t_rock_floor_no_roof", "w": "t_rock_wall", "h": "t_door_metal_c", "t": "t_rock_floor", "b": "t_rock_floor", "q": "t_rock_floor", "0": "t_rock_floor" },
      "monster": { "q": { "monster": "mon_mtc_fyllirbam", "chance": 70 } },
      "items": {
      "0": { "item": "oven", "chance": 100, "repeat": [ 3, 5 ] },
      "b": { "item": "bed", "chance": 100, "repeat": [ 1, 2 ] }
    }
    }
    }, 
{
    "type": "mapgen",
    "method": "json",
    "nested_mapgen_id": "demon_ruins_barracks",
    "object": {
      "mapgensize": [ 8, 8 ],
      "rows": [
        "........",
        ".wwwwww.",
        ".wt00tw.",
        ".wtqqtw.",
        ".w0qq0w.",
        ".wttttw.",
        ".wwttww.",
        "........"
      ],
      "palettes": [ "caves" ],
      "furniture": { "0": "f_straw_dummy", "b": "f_bed" },
      "terrain": { ".": "t_rock_floor_no_roof", "w": "t_rock_wall", "h": "t_door_o", "t": "t_rock_floor", "b": "t_rock_floor", "q": "t_rock_floor", "0": "t_rock_floor" },
      "monster": { "q": { "monster": "mon_mtc_imp_spearsman", "chance": 70 } },
      "items": {
      "b": { "item": "bed", "chance": 100, "repeat": [ 1, 2 ] }
    }
    }
    }, 
{
    "type": "mapgen",
    "method": "json",
    "nested_mapgen_id": "demon_ruins_barracks",
    "object": {
      "mapgensize": [ 8, 8 ],
      "rows": [
        "........",
        ".wwwwww.",
        ".wt00tw.",
        ".wtqqtw.",
        ".w0qq0w.",
        ".wttttw.",
        ".wwttww.",
        "........"
      ],
      "palettes": [ "caves" ],
      "furniture": { "0": "f_straw_dummy", "b": "f_bed" },
      "terrain": { ".": "t_rock_floor_no_roof", "w": "t_rock_wall", "h": "t_door_o", "t": "t_rock_floor", "b": "t_rock_floor", "q": "t_rock_floor", "0": "t_rock_floor" },
      "monster": { "q": { "monster": "mon_mtc_imp_swordsman", "chance": 70 } },
      "items": {
      "b": { "item": "bed", "chance": 100, "repeat": [ 1, 2 ] }
    }
    }
    }, 
{
    "type": "mapgen",
    "method": "json",
    "nested_mapgen_id": "demon_ruins_barracks",
    "object": {
      "mapgensize": [ 8, 8 ],
      "rows": [
        "........",
        ".wwwwww.",
        ".wt00tw.",
        ".wtqqtw.",
        ".w0qq0w.",
        ".wttttw.",
        ".wwttww.",
        "........"
      ],
      "palettes": [ "caves" ],
      "furniture": { "0": "f_straw_dummy", "b": "f_bed" },
      "terrain": { ".": "t_rock_floor_no_roof", "w": "t_rock_wall", "h": "t_door_o", "t": "t_rock_floor", "b": "t_rock_floor", "q": "t_rock_floor", "0": "t_rock_floor" },
      "monster": { "q": { "monster": "mon_mtc_demon_warrior", "chance": 70 } },
      "items": {
      "b": { "item": "bed", "chance": 100, "repeat": [ 1, 2 ] }
    }
    }
    },
{
    "type": "mapgen",
    "method": "json",
    "nested_mapgen_id": "demon_ruins_hellhound_pen",
    "object": {
      "mapgensize": [ 8, 8 ],
      "rows": [
        "........",
        ".wwwwww.",
        ".wq...w.",
        ".w...qw.",
        ".w..q.w.",
        ".w....w.",
        ".wwhhww.",
        "........"
      ],
      "palettes": [ "caves" ],
      "furniture": { "0": "f_fireplace", "b": "f_bed" },
      "terrain": { ".": "t_rock_floor_no_roof", "w": "t_splitrail_fence", "h": "t_fencegate_c", "t": "t_rock_floor", "b": "t_rock_floor", "q": "t_rock_floor", "0": "t_rock_floor" },
      "monster": { "q": { "monster": "mon_mtc_hellhound", "chance": 70 } },
      "items": {
      "0": { "item": "oven", "chance": 100, "repeat": [ 3, 5 ] },
      "b": { "item": "bed", "chance": 100, "repeat": [ 1, 2 ] }
    }
    }
    },  
{
    "type": "mapgen",
    "method": "json",
    "nested_mapgen_id": "demon_ruins_forge",
    "object": {
      "mapgensize": [ 8, 8 ],
      "rows": [
        "........",
        ".wwwwww.",
        ".w?ot0w.",
        ".wttqtw.",
        ".wtbbbw.",
        ".wttttw.",
        ".wwhhww.",
        "........"
      ],
      "palettes": [ "caves" ],
      "furniture": { "0": "f_forge", "b": "f_counter", "?": "f_hanging_lantern" },
      "terrain": { ".": "t_rock_floor_no_roof", "w": "t_rock_wall", "h": "t_door_metal_c", "t": "t_rock_floor", "b": "t_rock_floor", "o": "t_rock_floor", "q": "t_rock_floor", "0": "t_rock_floor" },
      "monster": { "q": { "monster": "mon_mtc_imp", "chance": 100 } },
      "items": {
      "0": { "item": "charcoal", "chance": 100, "repeat": [ 3, 5 ] },
      "b": { "item": "BLACKSMITH_SHOP", "chance": 100 },
      "o": [ { "item": "anvil", "chance": 100 }, { "item": "mine_sell_mtc", "chance": 70, "repeat": [ 2, 6 ] } ]
    }
    }
    },
{
    "type": "mapgen",
    "method": "json",
    "nested_mapgen_id": "demon_citadel_spawn",
    "object": {
      "mapgensize": [ 8, 8 ],
      "place_monster": [
        { "monster": "mon_mtc_demon_mage", "x": [ 0, 8 ], "y": [ 0, 8 ], "chance": 75, "repeat": [ 2, 3 ] },
        { "monster": "mon_mtc_imp_pyro", "x": [ 0, 8 ], "y": [ 0, 8 ], "chance": 95, "repeat": [ 4, 5 ] }
      ]
    }
  } 
]