[
 {
    "type": "mutation",
    "id": "STR1",
    "name": "Runic Strength",
    "points": 2,
    "description": "Strength +1",
    "player_display": false,
    "passive_mods": { "str_mod": 1 }
  },
{
    "type": "mutation",
    "id": "STR2",
    "name": "Runic Strength +2",
    "points": 2,
    "description": "Strength +2",
	"player_display": false,
    "passive_mods": { "str_mod": 2 }
  },
{
    "type": "mutation",
    "id": "STR3",
    "name": "Runic Strength +3",
    "points": 2,
    "description": "Strength +3",
    "player_display": false,
    "passive_mods": { "str_mod": 3 }
  },
{
    "type": "mutation",
    "id": "INT1",
    "name": "Runic Mind",
    "points": 2,
    "description": "Intelligence +1",
    "player_display": false,
    "passive_mods": { "int_mod": 1 }
  },
{
    "type": "mutation",
    "id": "INT2",
    "name": "Runic Mind +2",
    "points": 2,
    "description": "Intelligence +2",
	"player_display": false,
    "passive_mods": { "int_mod": 2 }
  },
{
    "type": "mutation",
    "id": "INT3",
    "name": "Runic Mind +3",
    "points": 2,
    "description": "Intelligence +3",
	"player_display": false,
    "passive_mods": { "int_mod": 3 }
  },
{
    "type": "mutation",
    "id": "DEX1",
    "name": "Runic Flexibility",
    "points": 2,
    "description": "Dexterity +1",
	"player_display": false,
    "passive_mods": { "dex_mod": 1 }
  },
{
    "type": "mutation",
    "id": "DEX2",
    "name": "Runic Flexibility +2",
    "points": 2,
    "description": "Dexterity +2",
	"player_display": false,
    "passive_mods": { "dex_mod": 2 }
  },
{
    "type": "mutation",
    "id": "DEX3",
    "name": "Runic Flexibility +3",
    "points": 2,
    "description": "Dexterity +3",
	"player_display": false,
    "passive_mods": { "dex_mod": 3 }
  },
{
    "type": "mutation",
    "id": "PER1",
    "name": "Fake Mutation",
    "points": 2,
    "description": "Perception +1",
	"player_display": false,
    "passive_mods": { "per_mod": 1 }
  },
{
    "type": "mutation",
    "id": "PER2",
    "name": "Fake Mutation",
    "points": 2,
    "description": "Perception +2",
	"player_display": false,
    "passive_mods": { "per_mod": 2 }
  },
{
    "type": "mutation",
    "id": "PER3",
    "name": "Fake Mutation",
    "points": 2,
    "description": "Perception +3",
	"player_display": false,
    "passive_mods": { "per_mod": 3 }
  },
{
    "type": "mutation",
    "id": "INTIMIDATE",
    "name": "Fake Mutation",
    "points": 2,
    "description": "Intimidation +10",
	"player_display": false,
    "social_modifiers": { "intimidate": 10 }
  },
{
    "type": "mutation",
    "id": "PERSUASION",
    "name": "Fake Mutation",
    "points": 2,
    "description": "Persuasion +10",
	"player_display": false,
    "social_modifiers": { "persuade": 10 }
  },
{
    "type": "mutation",
    "id": "LIE",
    "name": "Fake Mutation",
    "points": 2,
    "description": "Deception +10",
	"player_display": false,
    "social_modifiers": { "lie": 10 }
  },
{
    "type": "mutation",
    "id": "COTB_max_bloodshot",
    "name": "Otherworldly Magics",
    "points": 2,
    "description": "An extraterrestrial power haunts these robes.",
    "flags": [ "NON_THRESH" ],
    "spells_learned": [ [ "bloodshot", 15 ] ]
  },
{
    "type": "mutation",
    "id": "majora_spells",
    "name": "Masks Callings",
    "points": 2,
    "description": "An extraterrestrial power haunts this mask.",
    "flags": [ "NON_THRESH" ],
    "spells_learned": [ [ "shadowmorph", 15 ], [ "hex", 20 ], [ "multi_bloodshot", 7 ] ]
  },
{
    "type": "mutation",
    "id": "HIDE_GOBLINOID",
    "name": { "str": "Hide from Goblins" },
    "points": 1,
    "description": "Disguised by photomancy to appear nondescript, you are harder to notice at a distance.",
    "starting_trait": false,
    "stealth_modifier": 60,
	"anger_relations": [ [ "GOBLINOID", -100 ] ]
  },
{
    "type": "mutation",
    "id": "MU_MUT_HIDE_UNDEAD",
    "name": { "str": "Hide from Undead" },
    "points": 1,
    "description": "Disguised by photomancy to appear nondescript, you are harder to notice at a distance.",
    "starting_trait": false,
    "stealth_modifier": 60,
	"anger_relations": [ [ "UNDEAD", -100 ] ]
  },
{
    "type": "mutation",
    "id": "MUT_HIDE_DEMONS",
    "name": { "str": "Hide from Demons" },
    "points": 1,
    "description": "Disguised by photomancy to appear nondescript, you are harder to notice at a distance.",
    "starting_trait": false,
    "stealth_modifier": 60,
	"anger_relations": [ [ "DEMON", -100 ] ]
  },
{
    "type": "mutation",
    "id": "MUT_HIDE_ELDRITCH",
    "name": { "str": "Hide from Far Beings" },
    "points": 1,
    "description": "Disguised by photomancy to appear nondescript, you are harder to notice at a distance.",
    "starting_trait": false,
    "stealth_modifier": 60,
	"anger_relations": [ [ "ELDRITCH", -100 ] ]
  }
]