[
 {
    "type": "COMESTIBLE",
    "id": "the_blood",
    "name": { "str_sp": "The Blood" },
    "weight": "265 g",
    "color": "red",
    "container": "flask_glass",
    "comestible_type": "DRINK",
    "symbol": "~",
    "quench": 0,
    "healthy": 80,
    "price_postapoc": 200,
    "calories": 0,
    "addiction_potential": 50,    
    "addiction_type": "the_blood",
    "description": "Blood, seemingly nutritious and potent. Gazing upon it fills you with longing.",
    "price": 200,
    "material": "hflesh",
    "volume": "250 ml",
    "phase": "solid",
    "charges": 1,
    "use_action": [ { "type": "cast_spell", "spell_id": "blood_heal", "no_fail": true, "level": 1 } ],
    "fun": 10
  }
]