[
 {
    "type": "mutation",
    "id": "LEG_TENTACLES",
    "copy-from": "LEG_TENTACLES",
    "extend": { "category": [ "BLOOD" ] }
  },
  {
    "type": "mutation",
    "id": "ARM_TENTACLES",
    "copy-from": "ARM_TENTACLES",
    "extend": { "category": [ "BLOOD" ] }
  },
  {
    "type": "mutation",
    "id": "ARM_TENTACLES_4",
    "copy-from": "ARM_TENTACLES_4",
    "extend": { "category": [ "BLOOD" ] }
  },
  {
    "type": "mutation",
    "id": "ARM_TENTACLES_8",
    "copy-from": "ARM_TENTACLES_8",
    "extend": { "category": [ "BLOOD" ] }
  },
{
    "type": "mutation",
    "id": "SHOUT1",
    "copy-from": "SHOUT1",
    "extend": { "category": [ "BLOOD" ] }
  },
  {
    "type": "mutation",
    "id": "SHOUT2",
    "copy-from": "SHOUT2",
    "extend": { "category": [ "BLOOD" ] }
  },
  {
    "type": "mutation",
    "id": "SHOUT3",
    "copy-from": "SHOUT3",
    "extend": { "category": [ "BLOOD" ] }
  },
  {
    "type": "mutation",
    "id": "GROWL",
    "copy-from": "GROWL",
    "extend": { "category": [ "BLOOD" ] }
  },
  {
    "type": "mutation",
    "id": "HISS",
    "copy-from": "HISS",
    "extend": { "category": [ "BLOOD" ] }
  },
  {
    "type": "mutation",
    "id": "CARNIVORE",
    "copy-from": "CARNIVORE",
    "extend": { "category": [ "BLOOD" ] }
  },
  {
    "type": "mutation",
    "id": "PONDEROUS1",
    "copy-from": "PONDEROUS1",
    "extend": { "category": [ "BLOOD" ] }
  },
  {
    "type": "mutation",
    "id": "PONDEROUS2",
    "copy-from": "PONDEROUS2",
    "extend": { "category": [ "BLOOD" ] }
  },
  {
    "type": "mutation",
    "id": "PONDEROUS3",
    "copy-from": "PONDEROUS3",
    "extend": { "category": [ "BLOOD" ] }
  },
  {
    "type": "mutation",
    "id": "BIOLUM0",
    "copy-from": "BIOLUM0",
    "extend": { "category": [ "BLOOD" ] }
  },
  {
    "type": "mutation",
    "id": "BIOLUM0_active",
    "copy-from": "BIOLUM0_active",
    "extend": { "category": [ "BLOOD" ] }
  },
  {
    "type": "mutation",
    "id": "BIOLUM1",
    "copy-from": "BIOLUM1",
    "extend": { "category": [ "BLOOD" ] }
  },
  {
    "type": "mutation",
    "id": "BIOLUM1_active",
    "copy-from": "BIOLUM1_active",
    "extend": { "category": [ "BLOOD" ] }
  },
  {
    "type": "mutation",
    "id": "BIOLUM2",
    "copy-from": "BIOLUM2",
    "extend": { "category": [ "BLOOD" ] }
  },
  {
    "type": "mutation",
    "id": "PAINRESIST",
    "copy-from": "PAINRESIST",
    "extend": { "category": [ "BLOOD" ] }
  },
  {
    "type": "mutation",
    "id": "NIGHTVISION",
    "copy-from": "NIGHTVISION",
    "extend": { "category": [ "BLOOD" ] }
  },
  {
    "type": "mutation",
    "id": "POISRESIST",
    "copy-from": "POISRESIST",
    "extend": { "category": [ "BLOOD" ] }
  },
  {
    "type": "mutation",
    "id": "SKIN_ROUGH",
    "copy-from": "SKIN_ROUGH",
    "extend": { "category": [ "BLOOD" ] }
  },
  {
    "type": "mutation",
    "id": "SCALES",
    "copy-from": "SCALES",
    "extend": { "category": [ "BLOOD" ] }
  },
  {
    "type": "mutation",
    "id": "THICK_SCALES",
    "copy-from": "THICK_SCALES",
    "extend": { "category": [ "BLOOD" ] }
  },
  {
    "type": "mutation",
    "id": "SLEEK_SCALES",
    "copy-from": "SLEEK_SCALES",
    "extend": { "category": [ "BLOOD" ] }
  },
  {
    "type": "mutation",
    "id": "LIGHT_BONES",
    "copy-from": "LIGHT_BONES",
    "extend": { "category": [ "BLOOD" ] }
  },
  {
    "type": "mutation",
    "id": "FEATHERS",
    "copy-from": "FEATHERS",
    "extend": { "category": [ "BLOOD" ] }
  },
  {
    "type": "mutation",
    "id": "LIGHTFUR",
    "copy-from": "LIGHTFUR",
    "extend": { "category": [ "BLOOD" ] }
  },
  {
    "type": "mutation",
    "id": "FUR",
    "copy-from": "FUR",
    "extend": { "category": [ "BLOOD" ] }
  },
  {
    "type": "mutation",
    "id": "URSINE_FUR",
    "copy-from": "URSINE_FUR",
    "extend": { "category": [ "BLOOD" ] }
  },
  {
    "type": "mutation",
    "id": "LUPINE_FUR",
    "copy-from": "LUPINE_FUR",
    "extend": { "category": [ "BLOOD" ] }
  },
  {
    "type": "mutation",
    "id": "FELINE_FUR",
    "copy-from": "FELINE_FUR",
    "extend": { "category": [ "BLOOD" ] }
  },
  {
    "type": "mutation",
    "id": "LYNX_FUR",
    "copy-from": "LYNX_FUR",
    "extend": { "category": [ "BLOOD" ] }
  },
  {
    "type": "mutation",
    "id": "CHITIN",
    "copy-from": "CHITIN",
    "extend": { "category": [ "BLOOD" ] }
  },
{
    "type": "mutation",
    "id": "ENLARGE_HUGE",
    "copy-from": "ENLARGE_HUGE",
    "extend": { "category": [ "BLOOD" ] }
  },
{
    "type": "mutation",
    "id": "BARKSKIN",
    "copy-from": "BARKSKIN",
    "extend": { "category": [ "BLOOD" ] }
  }
]