[
{
    "type": "BOOK",
    "copy-from": "spell_scroll",
    "id": "spell_scroll_mu_spell_armor",
    "name": { "str": "Scroll of Mage Armor", "str_pl": "Scrolls of Mage Armor" },
    "description": "One is always prepared for defense.",
    "use_action": { "type": "learn_spell", "spells": [ "mu_spell_armor" ] }
  },
{
    "type": "BOOK",
    "copy-from": "spell_scroll",
    "id": "spell_scroll_mu_spell_quicken_step",
    "name": { "str": "Scroll of Quicken Step", "str_pl": "Scrolls of Quicken Step" },
    "description": "I gotta go fast.",
    "use_action": { "type": "learn_spell", "spells": [ "mu_spell_quicken_step" ] }
  },
{
    "type": "BOOK",
    "copy-from": "spell_scroll",
    "id": "spell_scroll_mu_spell_nightsight",
    "name": { "str": "Scroll of Nightsight", "str_pl": "Scrolls of Nightsight" },
    "description": "Carefully...",
    "use_action": { "type": "learn_spell", "spells": [ "mu_spell_nightsight" ] }
  },
{
    "type": "BOOK",
    "copy-from": "spell_scroll",
    "id": "spell_scroll_mu_spell_light",
    "name": { "str": "Scroll of Light", "str_pl": "Scrolls of Light" },
    "description": "Finally, I can see.",
    "use_action": { "type": "learn_spell", "spells": [ "mu_spell_light" ] }
  },
{
    "type": "BOOK",
    "copy-from": "spell_scroll",
    "id": "spell_scroll_mu_spell_darkness",
    "name": { "str": "Scroll of Darkness", "str_pl": "Scrolls of Darkness" },
    "description": "Who blew out the candle?",
    "use_action": { "type": "learn_spell", "spells": [ "mu_spell_darkness" ] }
  },
{
    "type": "BOOK",
    "copy-from": "spell_scroll",
    "id": "spell_scroll_mu_spell_hold",
    "name": { "str": "Scroll of Hold", "str_pl": "Scrolls of Hold" },
    "description": "You hold this scroll of Hold. It seems cold. Is that mold?",
    "use_action": { "type": "learn_spell", "spells": [ "mu_spell_hold" ] }
  },
{
    "type": "BOOK",
    "copy-from": "spell_scroll",
    "id": "spell_scroll_mu_spell_blur",
    "name": { "str": "Scroll of Blur", "str_pl": "Scrolls of Blur" },
    "description": "For whatever reason, the words upon this scroll seem blurred.",
    "use_action": { "type": "learn_spell", "spells": [ "mu_spell_blur" ] }
  },
{
    "type": "BOOK",
    "copy-from": "spell_scroll",
    "id": "spell_scroll_mu_spell_armor_elemental",
    "name": { "str": "Scroll of Elemenatal Armor", "str_pl": "Scrolls of Elemenatal Armor" },
    "description": "One is always prepared for defense.",
    "use_action": { "type": "learn_spell", "spells": [ "mu_spell_armor_elemental" ] }
  },
{
    "type": "BOOK",
    "copy-from": "spell_scroll",
    "id": "spell_scroll_mage_burning_hands",
    "name": { "str": "Scroll of Burning Hands", "str_pl": "Scrolls of Burning Hands" },
    "description": "Oko Namo Kana.",
    "use_action": { "type": "learn_spell", "spells": [ "mage_burning_hands" ] }
  },
{
    "type": "BOOK",
    "copy-from": "spell_scroll",
    "id": "spell_scroll_arcane_bolt",
    "name": { "str": "Scroll of Arcane Bolt", "str_pl": "Scrolls of Arcane Bolt" },
    "description": "Pew.",
    "use_action": { "type": "learn_spell", "spells": [ "arcane_bolt" ] }
  },
{
    "type": "BOOK",
    "copy-from": "spell_scroll",
    "id": "spell_scroll_firebolt",
    "name": { "str": "Scroll of Firebolt", "str_pl": "Scrolls of Firebolt" },
    "description": "What a hot shot.",
    "use_action": { "type": "learn_spell", "spells": [ "firebolt" ] }
  },
{
    "type": "BOOK",
    "copy-from": "spell_scroll",
    "id": "spell_scroll_magic_stone_mage",
    "name": { "str": "Scroll of Magic Stone", "str_pl": "Scrolls of Magic Stone" },
    "description": "Pew.",
    "use_action": { "type": "learn_spell", "spells": [ "magic_stone_mage" ] }
  },
{
    "type": "BOOK",
    "copy-from": "spell_scroll",
    "id": "spell_scroll_freeze",
    "name": { "str": "Scroll of Freeze", "str_pl": "Scrolls of Freeze" },
    "description": "White Album!",
    "use_action": { "type": "learn_spell", "spells": [ "freeze" ] }
  },
{
    "type": "BOOK",
    "copy-from": "spell_scroll",
    "id": "spell_scroll_raise_dead",
    "name": { "str": "Scroll of Raise Dead", "str_pl": "Scrolls of Raise Dead" },
    "description": "We're the end of the world.",
    "use_action": { "type": "learn_spell", "spells": [ "raise_dead" ] }
  },
{
    "type": "BOOK",
    "copy-from": "spell_scroll",
    "id": "spell_scroll_shield",
    "name": { "str": "Scroll of Magic Shield", "str_pl": "Scrolls of Magic Shield" },
    "description": "One is always prepared for defense.",
    "use_action": { "type": "learn_spell", "spells": [ "shield" ] }
  },
{
    "type": "BOOK",
    "copy-from": "spell_scroll",
    "id": "spell_scroll_magic_sword",
    "name": { "str": "Scroll of Magic Sword", "str_pl": "Scrolls of Magic Sword" },
    "description": "Some warriors learn wizardry just for this spell.",
    "use_action": { "type": "learn_spell", "spells": [ "magic_sword" ] }
  },
{
    "type": "BOOK",
    "copy-from": "spell_scroll",
    "id": "spell_scroll_lightning_bolt",
    "name": { "str": "Scroll of Lightning Bolt", "str_pl": "Scrolls of Lightning Bolt" },
    "description": "Zap.",
    "use_action": { "type": "learn_spell", "spells": [ "lightning_bolt" ] }
  },
{
    "type": "BOOK",
    "copy-from": "spell_scroll",
    "id": "spell_scroll_lightning_bolt_greater",
    "name": { "str": "Scroll of Greater Lightning Bolt", "str_pl": "Scrolls of Greater Lightning Bolt" },
    "description": "ZAP!",
    "use_action": { "type": "learn_spell", "spells": [ "lightning_bolt_greater" ] }
  },
{
    "type": "BOOK",
    "copy-from": "spell_scroll",
    "id": "spell_scroll_firesphere_mage",
    "name": { "str": "Scroll of Flame Sphere", "str_pl": "Scrolls of Flame Sphere" },
    "description": "Burn!",
    "use_action": { "type": "learn_spell", "spells": [ "firesphere_mage" ] }
  },
{
    "type": "BOOK",
    "copy-from": "spell_scroll",
    "id": "spell_scroll_mage_charm_beast",
    "name": { "str": "Scroll of Charm Beast", "str_pl": "Scrolls of Charm Beast" },
    "description": "There, there.",
    "use_action": { "type": "learn_spell", "spells": [ "mage_charm_beast" ] }
  },
{
    "type": "BOOK",
    "copy-from": "spell_scroll",
    "id": "spell_scroll_aniweapon_mage",
    "name": { "str": "Scroll of Animate Weapons", "str_pl": "Scrolls of Animate Weapons" },
    "description": "I need you to kill that for me.",
    "use_action": { "type": "learn_spell", "spells": [ "aniweapon_mage" ] }
  },
{
    "type": "BOOK",
    "copy-from": "spell_scroll",
    "id": "spell_scroll_toxic_cloud_mage",
    "name": { "str": "Scroll of Toxic Mist", "str_pl": "Scrolls of Toxic Mist" },
    "description": "Pshhhhh.",
    "use_action": { "type": "learn_spell", "spells": [ "toxic_cloud_mage" ] }
  },
{
    "type": "BOOK",
    "copy-from": "spell_scroll",
    "id": "spell_scroll_thunderstorm",
    "name": { "str": "Scroll of Thunderstorm", "str_pl": "Scrolls of Thunderstorm" },
    "description": "How shocking.",
    "use_action": { "type": "learn_spell", "spells": [ "thunderstorm" ] }
  },
{
    "type": "BOOK",
    "copy-from": "spell_scroll",
    "id": "spell_scroll_cone_of_cold",
    "name": { "str": "Scroll of Cone of Cold", "str_pl": "Scrolls of Cone of Cold" },
    "description": "How chilling.",
    "use_action": { "type": "learn_spell", "spells": [ "cone_of_cold" ] }
  },

{
    "type": "BOOK",
    "copy-from": "spell_scroll",
    "id": "spell_scroll_minor_teleport",
    "name": { "str": "Scroll of Minor Teleportation", "str_pl": "Scrolls of Minor Teleportation" },
    "description": "Where'd they go?",
    "use_action": { "type": "learn_spell", "spells": [ "minor_teleport" ] }
  },
{
    "type": "BOOK",
    "copy-from": "spell_scroll",
    "id": "spell_scroll_sear_ball",
    "name": { "str": "Scroll of Searing Orb", "str_pl": "Scrolls of Searing Orb" },
    "description": "Is that the sun?",
    "use_action": { "type": "learn_spell", "spells": [ "sear_ball" ] }
  },
{
    "type": "BOOK",
    "copy-from": "spell_scroll",
    "id": "spell_scroll_sleep",
    "name": { "str": "Scroll of Dreamer", "str_pl": "Scrolls of Dreamer" },
    "description": "I feel tired.",
    "use_action": { "type": "learn_spell", "spells": [ "sleep" ] }
  },
{
    "type": "BOOK",
    "copy-from": "spell_scroll",
    "id": "spell_scroll_summon_minor_elemental",
    "name": { "str": "Scroll of Conjure Minor Elementals", "str_pl": "Scrolls of Conjure Minor Elementals" },
    "description": "Reactive.",
    "use_action": { "type": "learn_spell", "spells": [ "summon_minor_elemental" ] }
  },
{
    "type": "BOOK",
    "copy-from": "spell_scroll",
    "id": "spell_scroll_faithful_hound",
    "name": { "str": "Scroll of Faithful Hound", "str_pl": "Scrolls of Faithful Hound" },
    "description": "BARK",
    "use_action": { "type": "learn_spell", "spells": [ "faithful_hound" ] }
  },
{
    "type": "BOOK",
    "copy-from": "spell_scroll",
    "id": "spell_scroll_ice_storm",
    "name": { "str": "Scroll of Ice Storm", "str_pl": "Scrolls of Ice Storm" },
    "description": "Oh my goodness its raining rocks!",
    "use_action": { "type": "learn_spell", "spells": [ "ice_storm" ] }
  },
{
    "type": "BOOK",
    "copy-from": "spell_scroll",
    "id": "spell_scroll_polymorph",
    "name": { "str": "Scroll of Polymorph", "str_pl": "Scrolls of Polymorph" },
    "description": "Reminds me of a certain witch.",
    "use_action": { "type": "learn_spell", "spells": [ "polymorph" ] }
  },
{
    "type": "BOOK",
    "copy-from": "spell_scroll",
    "id": "spell_scroll_mage_clairvoyance",
    "name": { "str": "Scroll of Clairvoyance", "str_pl": "Scrolls of Clairvoyance" },
    "description": "Surrender your secrets.",
    "use_action": { "type": "learn_spell", "spells": [ "mage_clairvoyance" ] }
  },
{
    "type": "BOOK",
    "copy-from": "spell_scroll",
    "id": "spell_scroll_major_image",
    "name": { "str": "Scroll of Major Image", "str_pl": "Scrolls of Major Image" },
    "description": "Hey, it's me!",
    "use_action": { "type": "learn_spell", "spells": [ "major_image" ] }
  },
{
    "type": "BOOK",
    "copy-from": "spell_scroll",
    "id": "spell_scroll_break_curse",
    "name": { "str": "Scroll of Remove Curse", "str_pl": "Scrolls of Remove Curse" },
    "description": "That gypsy witch was wrong.",
    "use_action": { "type": "learn_spell", "spells": [ "break_curse" ] }
  },
{
    "type": "BOOK",
    "copy-from": "spell_scroll",
    "id": "spell_scroll_rite_passage",
    "name": { "str": "Scroll of Rite of Passage", "str_pl": "Scrolls of Rite of Passage" },
    "description": "Open sesamie!",
    "use_action": { "type": "learn_spell", "spells": [ "rite_passage" ] }
  }
]