[
  {
    "type": "SPELL",
    "id": "imp_spear_effect",
    "name": "summon imps",
    "description": "summons imps for Sense Lesser Demons",
    "valid_targets": [ "ground" ],
    "min_damage": 2,
    "max_damage": 4,
    "damage_increment": 0.14,
    "min_range": 3,
    "max_range": 6,
    "range_increment": 0.2,
    "min_aoe": 1,
    "max_aoe": 4,
    "aoe_increment": 0.2,
    "base_casting_time": 0,
    "difficulty": 0,
    "max_level": 15,
    "base_energy_cost": 0,
    "energy_source": "MANA",
    "shape": "blast",
    "effect": "summon",
    "effect_str": "mon_mtc_imp_spearsman",
    "min_duration": 3000,
    "max_duration": 15000,
    "duration_increment": 400
  },
  {
    "type": "SPELL",
    "id": "imp_sword_effect",
    "name": "summon imps",
    "description": "summons imps for Sense Lesser Demons",
    "valid_targets": [ "ground" ],
    "min_damage": 2,
    "max_damage": 4,
    "damage_increment": 0.14,
    "min_range": 3,
    "max_range": 6,
    "range_increment": 0.2,
    "min_aoe": 1,
    "max_aoe": 4,
    "aoe_increment": 0.2,
    "base_casting_time": 0,
    "difficulty": 0,
    "max_level": 15,
    "base_energy_cost": 0,
    "energy_source": "MANA",
    "shape": "blast",
    "effect": "summon",
    "effect_str": "mon_mtc_imp_swordsman",
    "min_duration": 3000,
    "max_duration": 15000,
    "duration_increment": 400
  },
  {
    "type": "SPELL",
    "id": "imp_pyro_effect",
    "name": "summon imp pyromancers",
    "description": "summons imp pyromancers for Sense Lesser Demons",
    "valid_targets": [ "ground" ],
    "min_damage": 1,
    "max_damage": 3,
    "damage_increment": 0.14,
    "min_range": 3,
    "max_range": 6,
    "range_increment": 0.2,
    "min_aoe": 1,
    "max_aoe": 4,
    "aoe_increment": 0.2,
    "base_casting_time": 0,
    "difficulty": 0,
    "max_level": 15,
    "base_energy_cost": 0,
    "energy_source": "MANA",
    "shape": "blast",
    "effect": "summon",
    "effect_str": "mon_mtc_imp_pyro",
    "min_duration": 3000,
    "max_duration": 15000,
    "duration_increment": 400
  }
]