[
{ 
    "result": "magic_ink",
    "type": "recipe",
    "category": "CC_ARCANE",
    "subcategory": "CSC_ARCANE_OTHER",
    "skill_used": "spellcraft",
    "skills_required": [ "spellcraft", 2 ],
    "difficulty": 2,
    "time": "15 m",
    "book_learn": [ [ "infusion_basic", 1 ] ],
    "qualities": [ { "id": "INFUSION", "level": 1 } ],
    "components": [ [ [ "crystallized_mana", 100 ] ], [ [ "ink", 1 ] ] ],
    "proficiencies": [
      { "proficiency": "prof_infusion", "required": false } 
                     ]   
  } 
]