[
 { 
    "result": "crystallized_mana",
    "type": "recipe",
    "category": "CC_ARCANE",
    "subcategory": "CSC_ARCANE_OTHER",
    "skill_used": "spellcraft",
    "difficulty": 1,
    "time": "10 m",
    "charges": 10,
    "//": "The crafter, essentally, channels their raw magic into crystalized form for the recipie, hence the lack of materials. 500 mana in 8h 30m, with proficiency.",  
    "qualities": [ { "id": "INFUSION", "level": 1 } ],
    "proficiencies": [
      { "proficiency": "prof_infusion", "required": false } 
                     ]
  }
]