[
{ 
    "result": "claygolem_inactive",
    "type": "recipe",
    "category": "CC_ARCANE",
    "subcategory": "CSC_ARCANE_OTHER",
    "skill_used": "spellcraft",
    "skills_required": [ "spellcraft", 4 ],
    "difficulty": 5,
    "time": "24 h",
    "book_learn": [ [ "book_of_golems", 1 ] ],
    "qualities": [ { "id": "INFUSION", "level": 1 } ],
    "//": "Yes, you both learn from and need a Book of Golems to make this. The book is used a reference material.",
    "tools": [ [ [ "feather_quill", -1 ] ], [ [ "channel_totem_metal", -1 ] ], [ [ "book_of_golems", -1 ] ] ],
    "components": [ [ [ "crystallized_mana", 1000 ] ], [ [ "clay_lump", 231 ] ], [ [ "mountian_runed_totem", 1 ] ], [ [ "ink", 7 ] ] ],
    "proficiencies": [
      { "proficiency": "prof_infusion", "required": true } 
                     ]   
  },
{ 
    "result": "stonegolem_inactive",
    "type": "recipe",
    "category": "CC_ARCANE",
    "subcategory": "CSC_ARCANE_OTHER",
    "skill_used": "spellcraft",
    "skills_required": [ "spellcraft", 4 ],
    "difficulty": 5,
    "time": "24 h",
    "book_learn": [ [ "book_of_golems", 1 ] ],
    "qualities": [ { "id": "INFUSION", "level": 1 } ],
    "tools": [ [ [ "feather_quill", -1 ] ], [ [ "channel_totem_metal", -1 ] ], [ [ "book_of_golems", -1 ] ] ],
    "components": [ [ [ "crystallized_mana", 1000 ] ], [ [ "rock", 231 ] ], [ [ "mountian_runed_totem", 1 ] ], [ [ "ink", 7 ] ] ],
    "proficiencies": [
      { "proficiency": "prof_infusion", "required": true } 
                     ]   
  },
{ 
    "result": "irongolem_inactive",
    "type": "recipe",
    "category": "CC_ARCANE",
    "subcategory": "CSC_ARCANE_OTHER",
    "skill_used": "spellcraft",
    "skills_required": [ "spellcraft", 4 ],
    "difficulty": 5,
    "time": "24 h",
    "book_learn": [ [ "book_of_golems", 1 ] ],
    "qualities": [ { "id": "INFUSION", "level": 1 } ],
    "tools": [ [ [ "feather_quill", -1 ] ], [ [ "channel_totem_metal", -1 ] ], [ [ "book_of_golems", -1 ] ] ],
    "components": [ [ [ "crystallized_mana", 1000 ] ], [ [ "steel_lump", 231 ], [ "steel_chunk", 462 ] ], [ [ "mountian_runed_totem", 1 ] ], [ [ "ink", 7 ] ] ],
    "proficiencies": [
      { "proficiency": "prof_infusion", "required": true }
                     ]   
  }    
]