[
{ 
    "result": "fire_sigil",
    "type": "recipe",
    "category": "CC_ARCANE",
    "subcategory": "CSC_ARCANE_TOOLS",
    "skill_used": "spellcraft",
    "skills_required": [ "spellcraft", 2 ],
    "difficulty": 2,
    "time": "1 h",
    "book_learn": [ [ "basic_tatoo", 1 ] ],
    "qualities": [ { "id": "INFUSION", "level": 1 } ],
    "tools": [ [ [ "magic_feather_quill", -1 ] ], [ [ "channel_totem_metal", -1 ] ] ],
    "components": [ [ [ "crystallized_mana", 100 ] ], [ [ "magic_ink", 4 ] ], [ [ "paper", 2 ] ] ],
    "proficiencies": [
      { "proficiency": "prof_infusion", "required": true } 
                     ]   
  },  
{ 
    "result": "frost_sigil",
    "type": "recipe",
    "category": "CC_ARCANE",
    "subcategory": "CSC_ARCANE_TOOLS",
    "skill_used": "spellcraft",
    "skills_required": [ "spellcraft", 2 ],
    "difficulty": 2,
    "time": "1 h",
    "book_learn": [ [ "basic_tatoo", 1 ] ],
    "qualities": [ { "id": "INFUSION", "level": 1 } ],
    "tools": [ [ [ "magic_feather_quill", -1 ] ], [ [ "channel_totem_metal", -1 ] ] ],
    "components": [ [ [ "crystallized_mana", 100 ] ], [ [ "magic_ink", 4 ] ], [ [ "paper", 2 ] ] ],
    "proficiencies": [
      { "proficiency": "prof_infusion", "required": true } 
                     ]   
  },  
{ 
    "result": "electric_sigil",
    "type": "recipe",
    "category": "CC_ARCANE",
    "subcategory": "CSC_ARCANE_TOOLS",
    "skill_used": "spellcraft",
    "skills_required": [ "spellcraft", 2 ],
    "difficulty": 2,
    "time": "1 h",
    "book_learn": [ [ "basic_tatoo", 1 ] ],
    "qualities": [ { "id": "INFUSION", "level": 1 } ],
    "tools": [ [ [ "magic_feather_quill", -1 ] ], [ [ "channel_totem_metal", -1 ] ] ],
    "components": [ [ [ "crystallized_mana", 100 ] ], [ [ "magic_ink", 4 ] ], [ [ "paper", 2 ] ] ],
    "proficiencies": [
      { "proficiency": "prof_infusion", "required": true } 
                     ]   
  },
{ 
    "result": "smoke_sigil",
    "type": "recipe",
    "category": "CC_ARCANE",
    "subcategory": "CSC_ARCANE_TOOLS",
    "skill_used": "spellcraft",
    "skills_required": [ "spellcraft", 2 ],
    "difficulty": 2,
    "time": "1 h",
    "book_learn": [ [ "basic_tatoo", 1 ] ],
    "qualities": [ { "id": "INFUSION", "level": 1 } ],
    "tools": [ [ [ "magic_feather_quill", -1 ] ], [ [ "channel_totem_metal", -1 ] ] ],
    "components": [ [ [ "crystallized_mana", 100 ] ], [ [ "magic_ink", 4 ] ], [ [ "paper", 2 ] ] ],
    "proficiencies": [
      { "proficiency": "prof_infusion", "required": true } 
                     ]   
  },
{ 
    "result": "gas_sigil",
    "type": "recipe",
    "category": "CC_ARCANE",
    "subcategory": "CSC_ARCANE_TOOLS",
    "skill_used": "spellcraft",
    "skills_required": [ "spellcraft", 2 ],
    "difficulty": 2,
    "time": "1 h",
    "book_learn": [ [ "basic_tatoo", 1 ] ],
    "qualities": [ { "id": "INFUSION", "level": 1 } ],
    "tools": [ [ [ "magic_feather_quill", -1 ] ], [ [ "channel_totem_metal", -1 ] ] ],
    "components": [ [ [ "crystallized_mana", 100 ] ], [ [ "magic_ink", 4 ] ], [ [ "paper", 2 ] ] ],
    "proficiencies": [
      { "proficiency": "prof_infusion", "required": true } 
                     ]   
  },
{ 
    "result": "acid_sigil",
    "type": "recipe",
    "category": "CC_ARCANE",
    "subcategory": "CSC_ARCANE_TOOLS",
    "skill_used": "spellcraft",
    "skills_required": [ "spellcraft", 2 ],
    "difficulty": 2,
    "time": "1 h",
    "book_learn": [ [ "basic_tatoo", 1 ] ],
    "qualities": [ { "id": "INFUSION", "level": 1 } ],
    "tools": [ [ [ "magic_feather_quill", -1 ] ], [ [ "channel_totem_metal", -1 ] ] ],
    "components": [ [ [ "crystallized_mana", 100 ] ], [ [ "magic_ink", 4 ] ], [ [ "paper", 2 ] ] ],
    "proficiencies": [
      { "proficiency": "prof_infusion", "required": true } 
                     ]   
  },
{ 
    "result": "bile_sigil",
    "type": "recipe",
    "category": "CC_ARCANE",
    "subcategory": "CSC_ARCANE_TOOLS",
    "skill_used": "spellcraft",
    "skills_required": [ "spellcraft", 2 ],
    "difficulty": 2,
    "time": "1 h",
    "book_learn": [ [ "basic_tatoo", 1 ] ],
    "qualities": [ { "id": "INFUSION", "level": 1 } ],
    "tools": [ [ [ "magic_feather_quill", -1 ] ], [ [ "channel_totem_metal", -1 ] ] ],
    "components": [ [ [ "crystallized_mana", 100 ] ], [ [ "magic_ink", 4 ] ], [ [ "paper", 2 ] ] ],
    "proficiencies": [
      { "proficiency": "prof_infusion", "required": true } 
                     ]   
  },
{ 
    "result": "web_sigil",
    "type": "recipe",
    "category": "CC_ARCANE",
    "subcategory": "CSC_ARCANE_TOOLS",
    "skill_used": "spellcraft",
    "skills_required": [ "spellcraft", 2 ],
    "difficulty": 2,
    "time": "1 h",
    "book_learn": [ [ "basic_tatoo", 1 ] ],
    "qualities": [ { "id": "INFUSION", "level": 1 } ],
    "tools": [ [ [ "magic_feather_quill", -1 ] ], [ [ "channel_totem_metal", -1 ] ] ],
    "components": [ [ [ "crystallized_mana", 100 ] ], [ [ "magic_ink", 4 ] ], [ [ "paper", 2 ] ] ],
    "proficiencies": [
      { "proficiency": "prof_infusion", "required": true } 
                     ]   
  }      
]