[
{ 
    "result": "magic_focus_staff",
    "type": "recipe",
    "category": "CC_ARCANE",
    "subcategory": "CSC_ARCANE_WEAPONRY",
    "skill_used": "spellcraft",
    "skills_required": [ "spellcraft", 3 ],
    "difficulty": 3,
    "time": "15 m",
    "book_learn": [ [ "infusion_basic", 1 ] ],
    "qualities": [ { "id": "INFUSION", "level": 1 }, { "id": "CUT", "level": 1 } ],
    "components": [ [ [ "crystallized_mana", 250 ] ], [ [ "q_staff", 1 ] ] ],
    "proficiencies": [
      { "proficiency": "prof_infusion", "required": false } 
                     ]   
  },
{ 
    "result": "magic_focus_staff+2",
    "type": "recipe",
    "category": "CC_ARCANE",
    "subcategory": "CSC_ARCANE_WEAPONRY",
    "skill_used": "spellcraft",
    "skills_required": [ "spellcraft", 5 ],
    "difficulty": 5,
    "time": "30 m",
    "book_learn": [ [ "infusion_mid", 1 ] ],
    "qualities": [ { "id": "INFUSION", "level": 1 }, { "id": "CUT", "level": 1 } ],
    "components": [ [ [ "crystallized_mana", 500 ] ], [ [ "q_staff", 1 ] ] ],
    "proficiencies": [
      { "proficiency": "prof_infusion", "required": true } 
                     ]   
  },
{ 
    "result": "magic_focus_staff+3",
    "type": "recipe",
    "category": "CC_ARCANE",
    "subcategory": "CSC_ARCANE_WEAPONRY",
    "skill_used": "spellcraft",
    "skills_required": [ "spellcraft", 7 ],
    "difficulty": 7,
    "time": "45 m",
    "book_learn": [ [ "infusion_basic", 1 ] ],
    "qualities": [ { "id": "INFUSION", "level": 1 }, { "id": "CUT", "level": 1 } ],
    "components": [ [ [ "crystallized_mana", 1000 ] ], [ [ "q_staff", 1 ] ] ],
    "proficiencies": [
      { "proficiency": "prof_infusion", "required": true } 
                     ]   
  },
{ 
    "result": "cleric_focus_staff",
    "type": "recipe",
    "category": "CC_ARCANE",
    "subcategory": "CSC_ARCANE_OTHER",
    "skill_used": "faith",
    "skills_required": [ "faith", 3 ],
    "difficulty": 3,
    "time": "1 h",
    "book_learn": [ [ "divinity_general", 1 ] ],
    "tools": [ [ [ "t_daltar", -1 ] ] ],
    "components": [ [ [ "crystallized_mana", 150 ] ], [ [ "q_staff", 1 ] ] ],
    "proficiencies": [
      { "proficiency": "prof_infusion", "required": false } 
                     ]   
  }   
]