[
{ 
    "result": "longsword_ice+2",
    "type": "recipe",
    "category": "CC_ARCANE",
    "subcategory": "CSC_ARCANE_WEAPONRY",
    "skill_used": "spellcraft",
    "skills_required": [ "spellcraft", 5 ],
    "difficulty": 5,
    "time": "20 m",
    "book_learn": [ [ "infusion_ice_mid", 1 ] ],
    "qualities": [ { "id": "INFUSION", "level": 1 } ],
    "components": [ [ [ "crystallized_mana", 175 ] ], [ [ "longsword+2", 1 ] ] ],
    "proficiencies": [
      { "proficiency": "prof_infusion", "required": false } 
                     ]   
  },
{ 
    "result": "wood_sword_ice+2",
    "type": "recipe",
    "category": "CC_ARCANE",
    "subcategory": "CSC_ARCANE_WEAPONRY",
    "skill_used": "spellcraft",
    "skills_required": [ "spellcraft", 5 ],
    "difficulty": 5,
    "time": "20 m",
    "book_learn": [ [ "infusion_ice_mid", 1 ] ],
    "qualities": [ { "id": "INFUSION", "level": 1 } ],
    "components": [ [ [ "crystallized_mana", 175 ] ], [ [ "wood_sword+2", 1 ] ] ],
    "proficiencies": [
      { "proficiency": "prof_infusion", "required": false } 
                     ]   
  },
{ 
    "result": "makeshift_knife_ice+2",
    "type": "recipe",
    "category": "CC_ARCANE",
    "subcategory": "CSC_ARCANE_WEAPONRY",
    "skill_used": "spellcraft",
    "skills_required": [ "spellcraft", 5 ],
    "difficulty": 5,
    "time": "20 m",
    "book_learn": [ [ "infusion_ice_mid", 1 ] ],
    "qualities": [ { "id": "INFUSION", "level": 1 } ],
    "components": [ [ [ "crystallized_mana", 175 ] ], [ [ "makeshift_knife+2", 1 ] ] ],
    "proficiencies": [
      { "proficiency": "prof_infusion", "required": false } 
                     ]   
  },
{ 
    "result": "knife_baselard_ice+2",
    "type": "recipe",
    "category": "CC_ARCANE",
    "subcategory": "CSC_ARCANE_WEAPONRY",
    "skill_used": "spellcraft",
    "skills_required": [ "spellcraft", 5 ],
    "difficulty": 5,
    "time": "20 m",
    "book_learn": [ [ "infusion_ice_mid", 1 ] ],
    "qualities": [ { "id": "INFUSION", "level": 1 } ],
    "components": [ [ [ "crystallized_mana", 175 ] ], [ [ "knife_baselard+2", 1 ] ] ],
    "proficiencies": [
      { "proficiency": "prof_infusion", "required": false } 
                     ]   
  },
{ 
    "result": "machete_ice+2",
    "type": "recipe",
    "category": "CC_ARCANE",
    "subcategory": "CSC_ARCANE_WEAPONRY",
    "skill_used": "spellcraft",
    "skills_required": [ "spellcraft", 5 ],
    "difficulty": 5,
    "time": "20 m",
    "book_learn": [ [ "infusion_ice_mid", 1 ] ],
    "qualities": [ { "id": "INFUSION", "level": 1 } ],
    "components": [ [ [ "crystallized_mana", 175 ] ], [ [ "machete+2", 1 ] ] ],
    "proficiencies": [
      { "proficiency": "prof_infusion", "required": false } 
                     ]   
  },
{ 
    "result": "cavalry_sabre_ice+2",
    "type": "recipe",
    "category": "CC_ARCANE",
    "subcategory": "CSC_ARCANE_WEAPONRY",
    "skill_used": "spellcraft",
    "skills_required": [ "spellcraft", 5 ],
    "difficulty": 5,
    "time": "20 m",
    "book_learn": [ [ "infusion_ice_mid", 1 ] ],
    "qualities": [ { "id": "INFUSION", "level": 1 } ],
    "components": [ [ [ "crystallized_mana", 175 ] ], [ [ "cavalry_sabre+2", 1 ] ] ],
    "proficiencies": [
      { "proficiency": "prof_infusion", "required": false } 
                     ]   
  },
{ 
    "result": "kris_ice+2",
    "type": "recipe",
    "category": "CC_ARCANE",
    "subcategory": "CSC_ARCANE_WEAPONRY",
    "skill_used": "spellcraft",
    "skills_required": [ "spellcraft", 5 ],
    "difficulty": 5,
    "time": "20 m",
    "book_learn": [ [ "infusion_ice_mid", 1 ] ],
    "qualities": [ { "id": "INFUSION", "level": 1 } ],
    "components": [ [ [ "crystallized_mana", 175 ] ], [ [ "kris+2", 1 ] ] ],
    "proficiencies": [
      { "proficiency": "prof_infusion", "required": false } 
                     ]   
  },
{ 
    "result": "kukri_ice+2",
    "type": "recipe",
    "category": "CC_ARCANE",
    "subcategory": "CSC_ARCANE_WEAPONRY",
    "skill_used": "spellcraft",
    "skills_required": [ "spellcraft", 5 ],
    "difficulty": 5,
    "time": "20 m",
    "book_learn": [ [ "infusion_ice_mid", 1 ] ],
    "qualities": [ { "id": "INFUSION", "level": 1 } ],
    "components": [ [ [ "crystallized_mana", 175 ] ], [ [ "kukri+2", 1 ] ] ],
    "proficiencies": [
      { "proficiency": "prof_infusion", "required": false } 
                     ]   
  },
{ 
    "result": "jian_ice+2",
    "type": "recipe",
    "category": "CC_ARCANE",
    "subcategory": "CSC_ARCANE_WEAPONRY",
    "skill_used": "spellcraft",
    "skills_required": [ "spellcraft", 5 ],
    "difficulty": 5,
    "time": "20 m",
    "book_learn": [ [ "infusion_ice_mid", 1 ] ],
    "qualities": [ { "id": "INFUSION", "level": 1 } ],
    "components": [ [ [ "crystallized_mana", 175 ] ], [ [ "jian+2", 1 ] ] ],
    "proficiencies": [
      { "proficiency": "prof_infusion", "required": false } 
                     ]   
  },
{ 
    "result": "scimitar_ice+2",
    "type": "recipe",
    "category": "CC_ARCANE",
    "subcategory": "CSC_ARCANE_WEAPONRY",
    "skill_used": "spellcraft",
    "skills_required": [ "spellcraft", 5 ],
    "difficulty": 5,
    "time": "20 m",
    "book_learn": [ [ "infusion_ice_mid", 1 ] ],
    "qualities": [ { "id": "INFUSION", "level": 1 } ],
    "components": [ [ [ "crystallized_mana", 175 ] ], [ [ "scimitar+2", 1 ] ] ],
    "proficiencies": [
      { "proficiency": "prof_infusion", "required": false } 
                     ]   
  },
{ 
    "result": "estoc_ice+2",
    "type": "recipe",
    "category": "CC_ARCANE",
    "subcategory": "CSC_ARCANE_WEAPONRY",
    "skill_used": "spellcraft",
    "skills_required": [ "spellcraft", 5 ],
    "difficulty": 5,
    "time": "20 m",
    "book_learn": [ [ "infusion_ice_mid", 1 ] ],
    "qualities": [ { "id": "INFUSION", "level": 1 } ],
    "components": [ [ [ "crystallized_mana", 175 ] ], [ [ "estoc+2", 1 ] ] ],
    "proficiencies": [
      { "proficiency": "prof_infusion", "required": false } 
                     ]   
  },
{ 
    "result": "arming_sword_ice+2",
    "type": "recipe",
    "category": "CC_ARCANE",
    "subcategory": "CSC_ARCANE_WEAPONRY",
    "skill_used": "spellcraft",
    "skills_required": [ "spellcraft", 5 ],
    "difficulty": 5,
    "time": "20 m",
    "book_learn": [ [ "infusion_ice_mid", 1 ] ],
    "qualities": [ { "id": "INFUSION", "level": 1 } ],
    "components": [ [ [ "crystallized_mana", 175 ] ], [ [ "arming_sword+2", 1 ] ] ],
    "proficiencies": [
      { "proficiency": "prof_infusion", "required": false } 
                     ]   
  },
{ 
    "result": "tanto_ice+2",
    "type": "recipe",
    "category": "CC_ARCANE",
    "subcategory": "CSC_ARCANE_WEAPONRY",
    "skill_used": "spellcraft",
    "skills_required": [ "spellcraft", 5 ],
    "difficulty": 5,
    "time": "20 m",
    "book_learn": [ [ "infusion_ice_mid", 1 ] ],
    "qualities": [ { "id": "INFUSION", "level": 1 } ],
    "components": [ [ [ "crystallized_mana", 175 ] ], [ [ "tanto+2", 1 ] ] ],
    "proficiencies": [
      { "proficiency": "prof_infusion", "required": false } 
                     ]   
  },
{ 
    "result": "wakizashi_ice+2",
    "type": "recipe",
    "category": "CC_ARCANE",
    "subcategory": "CSC_ARCANE_WEAPONRY",
    "skill_used": "spellcraft",
    "skills_required": [ "spellcraft", 5 ],
    "difficulty": 5,
    "time": "20 m",
    "book_learn": [ [ "infusion_ice_mid", 1 ] ],
    "qualities": [ { "id": "INFUSION", "level": 1 } ],
    "components": [ [ [ "crystallized_mana", 175 ] ], [ [ "wakizashi+2", 1 ] ] ],
    "proficiencies": [
      { "proficiency": "prof_infusion", "required": false } 
                     ]   
  },
{ 
    "result": "zweihander_ice+2",
    "type": "recipe",
    "category": "CC_ARCANE",
    "subcategory": "CSC_ARCANE_WEAPONRY",
    "skill_used": "spellcraft",
    "skills_required": [ "spellcraft", 5 ],
    "difficulty": 5,
    "time": "20 m",
    "book_learn": [ [ "infusion_ice_mid", 1 ] ],
    "qualities": [ { "id": "INFUSION", "level": 1 } ],
    "components": [ [ [ "crystallized_mana", 175 ] ], [ [ "zweihander+2", 1 ] ] ],
    "proficiencies": [
      { "proficiency": "prof_infusion", "required": false } 
                     ]   
  },
{ 
    "result": "nodachi_ice+2",
    "type": "recipe",
    "category": "CC_ARCANE",
    "subcategory": "CSC_ARCANE_WEAPONRY",
    "skill_used": "spellcraft",
    "skills_required": [ "spellcraft", 5 ],
    "difficulty": 5,
    "time": "20 m",
    "book_learn": [ [ "infusion_ice_mid", 1 ] ],
    "qualities": [ { "id": "INFUSION", "level": 1 } ],
    "components": [ [ [ "crystallized_mana", 175 ] ], [ [ "nodachi+2", 1 ] ] ],
    "proficiencies": [
      { "proficiency": "prof_infusion", "required": false } 
                     ]   
  },
{ 
    "result": "broadsword_ice+2",
    "type": "recipe",
    "category": "CC_ARCANE",
    "subcategory": "CSC_ARCANE_WEAPONRY",
    "skill_used": "spellcraft",
    "skills_required": [ "spellcraft", 5 ],
    "difficulty": 5,
    "time": "20 m",
    "book_learn": [ [ "infusion_ice_mid", 1 ] ],
    "qualities": [ { "id": "INFUSION", "level": 1 } ],
    "components": [ [ [ "crystallized_mana", 175 ] ], [ [ "broadsword+2", 1 ] ] ],
    "proficiencies": [
      { "proficiency": "prof_infusion", "required": false } 
                     ]   
  },
{ 
    "result": "rapier_ice+2",
    "type": "recipe",
    "category": "CC_ARCANE",
    "subcategory": "CSC_ARCANE_WEAPONRY",
    "skill_used": "spellcraft",
    "skills_required": [ "spellcraft", 5 ],
    "difficulty": 5,
    "time": "20 m",
    "book_learn": [ [ "infusion_ice_mid", 1 ] ],
    "qualities": [ { "id": "INFUSION", "level": 1 } ],
    "components": [ [ [ "crystallized_mana", 175 ] ], [ [ "rapier+2", 1 ] ] ],
    "proficiencies": [
      { "proficiency": "prof_infusion", "required": false } 
                     ]   
  },
{ 
    "result": "katana_ice+2",
    "type": "recipe",
    "category": "CC_ARCANE",
    "subcategory": "CSC_ARCANE_WEAPONRY",
    "skill_used": "spellcraft",
    "skills_required": [ "spellcraft", 5 ],
    "difficulty": 5,
    "time": "20 m",
    "book_learn": [ [ "infusion_ice_mid", 1 ] ],
    "qualities": [ { "id": "INFUSION", "level": 1 } ],
    "components": [ [ [ "crystallized_mana", 175 ] ], [ [ "katana+2", 1 ] ] ],
    "proficiencies": [
      { "proficiency": "prof_infusion", "required": false } 
                     ]   
  },
{ 
    "result": "butterfly_swords_ice+2",
    "type": "recipe",
    "category": "CC_ARCANE",
    "subcategory": "CSC_ARCANE_WEAPONRY",
    "skill_used": "spellcraft",
    "skills_required": [ "spellcraft", 5 ],
    "difficulty": 5,
    "time": "20 m",
    "book_learn": [ [ "infusion_ice_mid", 1 ] ],
    "qualities": [ { "id": "INFUSION", "level": 1 } ],
    "components": [ [ [ "crystallized_mana", 175 ] ], [ [ "butterfly_swords+2", 1 ] ] ],
    "proficiencies": [
      { "proficiency": "prof_infusion", "required": false } 
                     ]   
  },
{ 
    "result": "cutlass_ice+2",
    "type": "recipe",
    "category": "CC_ARCANE",
    "subcategory": "CSC_ARCANE_WEAPONRY",
    "skill_used": "spellcraft",
    "skills_required": [ "spellcraft", 5 ],
    "difficulty": 5,
    "time": "20 m",
    "book_learn": [ [ "infusion_ice_mid", 1 ] ],
    "qualities": [ { "id": "INFUSION", "level": 1 } ],
    "components": [ [ [ "crystallized_mana", 175 ] ], [ [ "cutlass+2", 1 ] ] ],
    "proficiencies": [
      { "proficiency": "prof_infusion", "required": false } 
                     ]   
  },
{ 
    "result": "lajatang_ice+2",
    "type": "recipe",
    "category": "CC_ARCANE",
    "subcategory": "CSC_ARCANE_WEAPONRY",
    "skill_used": "spellcraft",
    "skills_required": [ "spellcraft", 5 ],
    "difficulty": 5,
    "time": "20 m",
    "book_learn": [ [ "infusion_ice_mid", 1 ] ],
    "qualities": [ { "id": "INFUSION", "level": 1 } ],
    "components": [ [ [ "crystallized_mana", 175 ] ], [ [ "lajatang+2", 1 ] ] ],
    "proficiencies": [
      { "proficiency": "prof_infusion", "required": false } 
                     ]   
  },
{ 
    "result": "war_flail_ice+2",
    "type": "recipe",
    "category": "CC_ARCANE",
    "subcategory": "CSC_ARCANE_WEAPONRY",
    "skill_used": "spellcraft",
    "skills_required": [ "spellcraft", 5 ],
    "difficulty": 5,
    "time": "20 m",
    "book_learn": [ [ "infusion_ice_mid", 1 ] ],
    "qualities": [ { "id": "INFUSION", "level": 1 } ],
    "components": [ [ [ "crystallized_mana", 175 ] ], [ [ "war_flail+2", 1 ] ] ],
    "proficiencies": [
      { "proficiency": "prof_infusion", "required": false } 
                     ]   
  },
{ 
    "result": "peasant_flail_ice+2",
    "type": "recipe",
    "category": "CC_ARCANE",
    "subcategory": "CSC_ARCANE_WEAPONRY",
    "skill_used": "spellcraft",
    "skills_required": [ "spellcraft", 5 ],
    "difficulty": 5,
    "time": "20 m",
    "book_learn": [ [ "infusion_ice_mid", 1 ] ],
    "qualities": [ { "id": "INFUSION", "level": 1 } ],
    "components": [ [ [ "crystallized_mana", 175 ] ], [ [ "peasant_flail+2", 1 ] ] ],
    "proficiencies": [
      { "proficiency": "prof_infusion", "required": false } 
                     ]   
  },
{ 
    "result": "battleaxe_ice+2",
    "type": "recipe",
    "category": "CC_ARCANE",
    "subcategory": "CSC_ARCANE_WEAPONRY",
    "skill_used": "spellcraft",
    "skills_required": [ "spellcraft", 5 ],
    "difficulty": 5,
    "time": "20 m",
    "book_learn": [ [ "infusion_ice_mid", 1 ] ],
    "qualities": [ { "id": "INFUSION", "level": 1 } ],
    "components": [ [ [ "crystallized_mana", 175 ] ], [ [ "battleaxe+2", 1 ] ] ],
    "proficiencies": [
      { "proficiency": "prof_infusion", "required": false } 
                     ]   
  },
{ 
    "result": "bokken_ice+2",
    "type": "recipe",
    "category": "CC_ARCANE",
    "subcategory": "CSC_ARCANE_WEAPONRY",
    "skill_used": "spellcraft",
    "skills_required": [ "spellcraft", 5 ],
    "difficulty": 5,
    "time": "20 m",
    "book_learn": [ [ "infusion_ice_mid", 1 ] ],
    "qualities": [ { "id": "INFUSION", "level": 1 } ],
    "components": [ [ [ "crystallized_mana", 175 ] ], [ [ "bokken+2", 1 ] ] ],
    "proficiencies": [
      { "proficiency": "prof_infusion", "required": false } 
                     ]   
  }, 
{ 
    "result": "cudgel_ice+2",
    "type": "recipe",
    "category": "CC_ARCANE",
    "subcategory": "CSC_ARCANE_WEAPONRY",
    "skill_used": "spellcraft",
    "skills_required": [ "spellcraft", 5 ],
    "difficulty": 5,
    "time": "20 m",
    "book_learn": [ [ "infusion_ice_mid", 1 ] ],
    "qualities": [ { "id": "INFUSION", "level": 1 } ],
    "components": [ [ [ "crystallized_mana", 175 ] ], [ [ "cudgel+2", 1 ] ] ],
    "proficiencies": [
      { "proficiency": "prof_infusion", "required": false } 
                     ]   
  },
{ 
    "result": "hammer_sledge_ice+2",
    "type": "recipe",
    "category": "CC_ARCANE",
    "subcategory": "CSC_ARCANE_WEAPONRY",
    "skill_used": "spellcraft",
    "skills_required": [ "spellcraft", 5 ],
    "difficulty": 5,
    "time": "20 m",
    "book_learn": [ [ "infusion_ice_mid", 1 ] ],
    "qualities": [ { "id": "INFUSION", "level": 1 } ],
    "components": [ [ [ "crystallized_mana", 175 ] ], [ [ "hammer_sledge+2", 1 ] ] ],
    "proficiencies": [
      { "proficiency": "prof_infusion", "required": false } 
                     ]   
  },
{ 
    "result": "lucern_hammer_ice+2",
    "type": "recipe",
    "category": "CC_ARCANE",
    "subcategory": "CSC_ARCANE_WEAPONRY",
    "skill_used": "spellcraft",
    "skills_required": [ "spellcraft", 5 ],
    "difficulty": 5,
    "time": "20 m",
    "book_learn": [ [ "infusion_ice_mid", 1 ] ],
    "qualities": [ { "id": "INFUSION", "level": 1 } ],
    "components": [ [ [ "crystallized_mana", 175 ] ], [ [ "lucern_hammer+2", 1 ] ] ],
    "proficiencies": [
      { "proficiency": "prof_infusion", "required": false } 
                     ]   
  },
{ 
    "result": "mace_ice+2",
    "type": "recipe",
    "category": "CC_ARCANE",
    "subcategory": "CSC_ARCANE_WEAPONRY",
    "skill_used": "spellcraft",
    "skills_required": [ "spellcraft", 5 ],
    "difficulty": 5,
    "time": "20 m",
    "book_learn": [ [ "infusion_ice_mid", 1 ] ],
    "qualities": [ { "id": "INFUSION", "level": 1 } ],
    "components": [ [ [ "crystallized_mana", 175 ] ], [ [ "mace+2", 1 ] ] ],
    "proficiencies": [
      { "proficiency": "prof_infusion", "required": false } 
                     ]   
  },
{ 
    "result": "morningstar_ice+2",
    "type": "recipe",
    "category": "CC_ARCANE",
    "subcategory": "CSC_ARCANE_WEAPONRY",
    "skill_used": "spellcraft",
    "skills_required": [ "spellcraft", 5 ],
    "difficulty": 5,
    "time": "20 m",
    "book_learn": [ [ "infusion_ice_mid", 1 ] ],
    "qualities": [ { "id": "INFUSION", "level": 1 } ],
    "components": [ [ [ "crystallized_mana", 175 ] ], [ [ "morningstar+2", 1 ] ] ],
    "proficiencies": [
      { "proficiency": "prof_infusion", "required": false } 
                     ]   
  },
{ 
    "result": "q_staff_ice+2",
    "type": "recipe",
    "category": "CC_ARCANE",
    "subcategory": "CSC_ARCANE_WEAPONRY",
    "skill_used": "spellcraft",
    "skills_required": [ "spellcraft", 5 ],
    "difficulty": 5,
    "time": "20 m",
    "book_learn": [ [ "infusion_ice_mid", 1 ] ],
    "qualities": [ { "id": "INFUSION", "level": 1 } ],
    "components": [ [ [ "crystallized_mana", 175 ] ], [ [ "q_staff+2", 1 ] ] ],
    "proficiencies": [
      { "proficiency": "prof_infusion", "required": false } 
                     ]   
  },
{ 
    "result": "shillelagh_ice+2",
    "type": "recipe",
    "category": "CC_ARCANE",
    "subcategory": "CSC_ARCANE_WEAPONRY",
    "skill_used": "spellcraft",
    "skills_required": [ "spellcraft", 5 ],
    "difficulty": 5,
    "time": "20 m",
    "book_learn": [ [ "infusion_ice_mid", 1 ] ],
    "qualities": [ { "id": "INFUSION", "level": 1 } ],
    "components": [ [ [ "crystallized_mana", 175 ] ], [ [ "shillelagh+2", 1 ] ] ],
    "proficiencies": [
      { "proficiency": "prof_infusion", "required": false } 
                     ]   
  },
{ 
    "result": "tonfa_wood_ice+2",
    "type": "recipe",
    "category": "CC_ARCANE",
    "subcategory": "CSC_ARCANE_WEAPONRY",
    "skill_used": "spellcraft",
    "skills_required": [ "spellcraft", 5 ],
    "difficulty": 5,
    "time": "20 m",
    "book_learn": [ [ "infusion_ice_mid", 1 ] ],
    "qualities": [ { "id": "INFUSION", "level": 1 } ],
    "components": [ [ [ "crystallized_mana", 175 ] ], [ [ "tonfa_wood+2", 1 ] ] ],
    "proficiencies": [
      { "proficiency": "prof_infusion", "required": false } 
                     ]   
  },
{ 
    "result": "warhammer_ice+2",
    "type": "recipe",
    "category": "CC_ARCANE",
    "subcategory": "CSC_ARCANE_WEAPONRY",
    "skill_used": "spellcraft",
    "skills_required": [ "spellcraft", 5 ],
    "difficulty": 5,
    "time": "20 m",
    "book_learn": [ [ "infusion_ice_mid", 1 ] ],
    "qualities": [ { "id": "INFUSION", "level": 1 } ],
    "components": [ [ [ "crystallized_mana", 175 ] ], [ [ "warhammer+2", 1 ] ] ],
    "proficiencies": [
      { "proficiency": "prof_infusion", "required": false } 
                     ]   
  },
{ 
    "result": "pitchfork_ice+2",
    "type": "recipe",
    "category": "CC_ARCANE",
    "subcategory": "CSC_ARCANE_WEAPONRY",
    "skill_used": "spellcraft",
    "skills_required": [ "spellcraft", 5 ],
    "difficulty": 5,
    "time": "20 m",
    "book_learn": [ [ "infusion_ice_mid", 1 ] ],
    "qualities": [ { "id": "INFUSION", "level": 1 } ],
    "components": [ [ [ "crystallized_mana", 175 ] ], [ [ "pitchfork+2", 1 ] ] ],
    "proficiencies": [
      { "proficiency": "prof_infusion", "required": false } 
                     ]   
  },
{ 
    "result": "spear_steel_ice+2",
    "type": "recipe",
    "category": "CC_ARCANE",
    "subcategory": "CSC_ARCANE_WEAPONRY",
    "skill_used": "spellcraft",
    "skills_required": [ "spellcraft", 5 ],
    "difficulty": 5,
    "time": "20 m",
    "book_learn": [ [ "infusion_ice_mid", 1 ] ],
    "qualities": [ { "id": "INFUSION", "level": 1 } ],
    "components": [ [ [ "crystallized_mana", 175 ] ], [ [ "spear_steel+2", 1 ] ] ],
    "proficiencies": [
      { "proficiency": "prof_infusion", "required": false } 
                     ]   
  },
{ 
    "result": "qiang_ice+2",
    "type": "recipe",
    "category": "CC_ARCANE",
    "subcategory": "CSC_ARCANE_WEAPONRY",
    "skill_used": "spellcraft",
    "skills_required": [ "spellcraft", 5 ],
    "difficulty": 5,
    "time": "20 m",
    "book_learn": [ [ "infusion_ice_mid", 1 ] ],
    "qualities": [ { "id": "INFUSION", "level": 1 } ],
    "components": [ [ [ "crystallized_mana", 175 ] ], [ [ "qiang+2", 1 ] ] ],
    "proficiencies": [
      { "proficiency": "prof_infusion", "required": false } 
                     ]   
  },
{ 
    "result": "halberd_ice+2",
    "type": "recipe",
    "category": "CC_ARCANE",
    "subcategory": "CSC_ARCANE_WEAPONRY",
    "skill_used": "spellcraft",
    "skills_required": [ "spellcraft", 5 ],
    "difficulty": 5,
    "time": "20 m",
    "book_learn": [ [ "infusion_ice_mid", 1 ] ],
    "qualities": [ { "id": "INFUSION", "level": 1 } ],
    "components": [ [ [ "crystallized_mana", 175 ] ], [ [ "halberd+2", 1 ] ] ],
    "proficiencies": [
      { "proficiency": "prof_infusion", "required": false } 
                     ]   
  },
{ 
    "result": "glaive_ice+2",
    "type": "recipe",
    "category": "CC_ARCANE",
    "subcategory": "CSC_ARCANE_WEAPONRY",
    "skill_used": "spellcraft",
    "skills_required": [ "spellcraft", 5 ],
    "difficulty": 5,
    "time": "20 m",
    "book_learn": [ [ "infusion_ice_mid", 1 ] ],
    "qualities": [ { "id": "INFUSION", "level": 1 } ],
    "components": [ [ [ "crystallized_mana", 175 ] ], [ [ "glaive+2", 1 ] ] ],
    "proficiencies": [
      { "proficiency": "prof_infusion", "required": false } 
                     ]   
  },
{ 
    "result": "naginata_ice+2",
    "type": "recipe",
    "category": "CC_ARCANE",
    "subcategory": "CSC_ARCANE_WEAPONRY",
    "skill_used": "spellcraft",
    "skills_required": [ "spellcraft", 5 ],
    "difficulty": 5,
    "time": "20 m",
    "book_learn": [ [ "infusion_ice_mid", 1 ] ],
    "qualities": [ { "id": "INFUSION", "level": 1 } ],
    "components": [ [ [ "crystallized_mana", 175 ] ], [ [ "naginata+2", 1 ] ] ],
    "proficiencies": [
      { "proficiency": "prof_infusion", "required": false } 
                     ]   
  },
{ 
    "result": "pike_ice+2",
    "type": "recipe",
    "category": "CC_ARCANE",
    "subcategory": "CSC_ARCANE_WEAPONRY",
    "skill_used": "spellcraft",
    "skills_required": [ "spellcraft", 5 ],
    "difficulty": 5,
    "time": "20 m",
    "book_learn": [ [ "infusion_ice_mid", 1 ] ],
    "qualities": [ { "id": "INFUSION", "level": 1 } ],
    "components": [ [ [ "crystallized_mana", 175 ] ], [ [ "pike+2", 1 ] ] ],
    "proficiencies": [
      { "proficiency": "prof_infusion", "required": false } 
                     ]   
  },
{ 
    "result": "bagh_nakha_ice+2",
    "type": "recipe",
    "category": "CC_ARCANE",
    "subcategory": "CSC_ARCANE_WEAPONRY",
    "skill_used": "spellcraft",
    "skills_required": [ "spellcraft", 5 ],
    "difficulty": 5,
    "time": "20 m",
    "book_learn": [ [ "infusion_ice_mid", 1 ] ],
    "qualities": [ { "id": "INFUSION", "level": 1 } ],
    "components": [ [ [ "crystallized_mana", 175 ] ], [ [ "bagh_nakha+2", 1 ] ] ],
    "proficiencies": [
      { "proficiency": "prof_infusion", "required": false } 
                     ]   
  },
{ 
    "result": "cestus_ice+2",
    "type": "recipe",
    "category": "CC_ARCANE",
    "subcategory": "CSC_ARCANE_WEAPONRY",
    "skill_used": "spellcraft",
    "skills_required": [ "spellcraft", 5 ],
    "difficulty": 5,
    "time": "20 m",
    "book_learn": [ [ "infusion_ice_mid", 1 ] ],
    "qualities": [ { "id": "INFUSION", "level": 1 } ],
    "components": [ [ [ "crystallized_mana", 175 ] ], [ [ "cestus+2", 1 ] ] ],
    "proficiencies": [
      { "proficiency": "prof_infusion", "required": false } 
                     ]   
  },
{ 
    "result": "knuckle_brass_ice+2",
    "type": "recipe",
    "category": "CC_ARCANE",
    "subcategory": "CSC_ARCANE_WEAPONRY",
    "skill_used": "spellcraft",
    "skills_required": [ "spellcraft", 5 ],
    "difficulty": 5,
    "time": "20 m",
    "book_learn": [ [ "infusion_ice_mid", 1 ] ],
    "qualities": [ { "id": "INFUSION", "level": 1 } ],
    "components": [ [ [ "crystallized_mana", 175 ] ], [ [ "knuckle_brass+2", 1 ] ] ],
    "proficiencies": [
      { "proficiency": "prof_infusion", "required": false } 
                     ]   
  },
{ 
    "result": "punch_dagger_ice+2",
    "type": "recipe",
    "category": "CC_ARCANE",
    "subcategory": "CSC_ARCANE_WEAPONRY",
    "skill_used": "spellcraft",
    "skills_required": [ "spellcraft", 5 ],
    "difficulty": 5,
    "time": "20 m",
    "book_learn": [ [ "infusion_ice_mid", 1 ] ],
    "qualities": [ { "id": "INFUSION", "level": 1 } ],
    "components": [ [ [ "crystallized_mana", 175 ] ], [ [ "punch_dagger+2", 1 ] ] ],
    "proficiencies": [
      { "proficiency": "prof_infusion", "required": false } 
                     ]   
  }
]