[
{ 
    "result": "longsword_ice",
    "type": "recipe",
    "category": "CC_ARCANE",
    "subcategory": "CSC_ARCANE_WEAPONRY",
    "skill_used": "spellcraft",
    "skills_required": [ "spellcraft", 3 ],
    "difficulty": 3,
    "time": "15 m",
    "book_learn": [ [ "infusion_ice", 1 ] ],
    "qualities": [ { "id": "INFUSION", "level": 1 } ],
    "components": [ [ [ "crystallized_mana", 150 ] ], [ [ "longsword", 1 ] ] ],
    "proficiencies": [
      { "proficiency": "prof_infusion", "required": false } 
                     ]   
  },
{ 
    "result": "wood_sword_ice",
    "type": "recipe",
    "category": "CC_ARCANE",
    "subcategory": "CSC_ARCANE_WEAPONRY",
    "skill_used": "spellcraft",
    "skills_required": [ "spellcraft", 3 ],
    "difficulty": 3,
    "time": "15 m",
    "book_learn": [ [ "infusion_ice", 1 ] ],
    "qualities": [ { "id": "INFUSION", "level": 1 } ],
    "components": [ [ [ "crystallized_mana", 150 ] ], [ [ "sword_wood", 1 ] ] ],
    "proficiencies": [
      { "proficiency": "prof_infusion", "required": false } 
                     ]   
  },
{ 
    "result": "makeshift_knife_ice",
    "type": "recipe",
    "category": "CC_ARCANE",
    "subcategory": "CSC_ARCANE_WEAPONRY",
    "skill_used": "spellcraft",
    "skills_required": [ "spellcraft", 3 ],
    "difficulty": 3,
    "time": "15 m",
    "book_learn": [ [ "infusion_ice", 1 ] ],
    "qualities": [ { "id": "INFUSION", "level": 1 } ],
    "components": [ [ [ "crystallized_mana", 150 ] ], [ [ "makeshift_knife", 1 ] ] ],
    "proficiencies": [
      { "proficiency": "prof_infusion", "required": false } 
                     ]   
  },
{ 
    "result": "knife_baselard_ice",
    "type": "recipe",
    "category": "CC_ARCANE",
    "subcategory": "CSC_ARCANE_WEAPONRY",
    "skill_used": "spellcraft",
    "skills_required": [ "spellcraft", 3 ],
    "difficulty": 3,
    "time": "15 m",
    "book_learn": [ [ "infusion_ice", 1 ] ],
    "qualities": [ { "id": "INFUSION", "level": 1 } ],
    "components": [ [ [ "crystallized_mana", 150 ] ], [ [ "knife_baselard", 1 ] ] ],
    "proficiencies": [
      { "proficiency": "prof_infusion", "required": false } 
                     ]   
  },
{ 
    "result": "machete_ice",
    "type": "recipe",
    "category": "CC_ARCANE",
    "subcategory": "CSC_ARCANE_WEAPONRY",
    "skill_used": "spellcraft",
    "skills_required": [ "spellcraft", 3 ],
    "difficulty": 3,
    "time": "15 m",
    "book_learn": [ [ "infusion_ice", 1 ] ],
    "qualities": [ { "id": "INFUSION", "level": 1 } ],
    "components": [ [ [ "crystallized_mana", 150 ] ], [ [ "machete", 1 ] ] ],
    "proficiencies": [
      { "proficiency": "prof_infusion", "required": false } 
                     ]   
  },
{ 
    "result": "cavalry_sabre_ice",
    "type": "recipe",
    "category": "CC_ARCANE",
    "subcategory": "CSC_ARCANE_WEAPONRY",
    "skill_used": "spellcraft",
    "skills_required": [ "spellcraft", 3 ],
    "difficulty": 3,
    "time": "15 m",
    "book_learn": [ [ "infusion_ice", 1 ] ],
    "qualities": [ { "id": "INFUSION", "level": 1 } ],
    "components": [ [ [ "crystallized_mana", 150 ] ], [ [ "cavalry_sabre", 1 ] ] ],
    "proficiencies": [
      { "proficiency": "prof_infusion", "required": false } 
                     ]   
  },
{ 
    "result": "kris_ice",
    "type": "recipe",
    "category": "CC_ARCANE",
    "subcategory": "CSC_ARCANE_WEAPONRY",
    "skill_used": "spellcraft",
    "skills_required": [ "spellcraft", 3 ],
    "difficulty": 3,
    "time": "15 m",
    "book_learn": [ [ "infusion_ice", 1 ] ],
    "qualities": [ { "id": "INFUSION", "level": 1 } ],
    "components": [ [ [ "crystallized_mana", 150 ] ], [ [ "kris", 1 ] ] ],
    "proficiencies": [
      { "proficiency": "prof_infusion", "required": false } 
                     ]   
  },
{ 
    "result": "kukri_ice",
    "type": "recipe",
    "category": "CC_ARCANE",
    "subcategory": "CSC_ARCANE_WEAPONRY",
    "skill_used": "spellcraft",
    "skills_required": [ "spellcraft", 3 ],
    "difficulty": 3,
    "time": "15 m",
    "book_learn": [ [ "infusion_ice", 1 ] ],
    "qualities": [ { "id": "INFUSION", "level": 1 } ],
    "components": [ [ [ "crystallized_mana", 150 ] ], [ [ "kukri", 1 ] ] ],
    "proficiencies": [
      { "proficiency": "prof_infusion", "required": false } 
                     ]   
  },
{ 
    "result": "jian_ice",
    "type": "recipe",
    "category": "CC_ARCANE",
    "subcategory": "CSC_ARCANE_WEAPONRY",
    "skill_used": "spellcraft",
    "skills_required": [ "spellcraft", 3 ],
    "difficulty": 3,
    "time": "15 m",
    "book_learn": [ [ "infusion_ice", 1 ] ],
    "qualities": [ { "id": "INFUSION", "level": 1 } ],
    "components": [ [ [ "crystallized_mana", 150 ] ], [ [ "jian", 1 ] ] ],
    "proficiencies": [
      { "proficiency": "prof_infusion", "required": false } 
                     ]   
  },
{ 
    "result": "scimitar_ice",
    "type": "recipe",
    "category": "CC_ARCANE",
    "subcategory": "CSC_ARCANE_WEAPONRY",
    "skill_used": "spellcraft",
    "skills_required": [ "spellcraft", 3 ],
    "difficulty": 3,
    "time": "15 m",
    "book_learn": [ [ "infusion_ice", 1 ] ],
    "qualities": [ { "id": "INFUSION", "level": 1 } ],
    "components": [ [ [ "crystallized_mana", 150 ] ], [ [ "scimitar", 1 ] ] ],
    "proficiencies": [
      { "proficiency": "prof_infusion", "required": false } 
                     ]   
  },
{ 
    "result": "estoc_ice",
    "type": "recipe",
    "category": "CC_ARCANE",
    "subcategory": "CSC_ARCANE_WEAPONRY",
    "skill_used": "spellcraft",
    "skills_required": [ "spellcraft", 3 ],
    "difficulty": 3,
    "time": "15 m",
    "book_learn": [ [ "infusion_ice", 1 ] ],
    "qualities": [ { "id": "INFUSION", "level": 1 } ],
    "components": [ [ [ "crystallized_mana", 150 ] ], [ [ "estoc", 1 ] ] ],
    "proficiencies": [
      { "proficiency": "prof_infusion", "required": false } 
                     ]   
  },
{ 
    "result": "arming_sword_ice",
    "type": "recipe",
    "category": "CC_ARCANE",
    "subcategory": "CSC_ARCANE_WEAPONRY",
    "skill_used": "spellcraft",
    "skills_required": [ "spellcraft", 3 ],
    "difficulty": 3,
    "time": "15 m",
    "book_learn": [ [ "infusion_ice", 1 ] ],
    "qualities": [ { "id": "INFUSION", "level": 1 } ],
    "components": [ [ [ "crystallized_mana", 150 ] ], [ [ "arming_sword", 1 ] ] ],
    "proficiencies": [
      { "proficiency": "prof_infusion", "required": false } 
                     ]   
  },
{ 
    "result": "tanto_ice",
    "type": "recipe",
    "category": "CC_ARCANE",
    "subcategory": "CSC_ARCANE_WEAPONRY",
    "skill_used": "spellcraft",
    "skills_required": [ "spellcraft", 3 ],
    "difficulty": 3,
    "time": "15 m",
    "book_learn": [ [ "infusion_ice", 1 ] ],
    "qualities": [ { "id": "INFUSION", "level": 1 } ],
    "components": [ [ [ "crystallized_mana", 150 ] ], [ [ "tanto", 1 ] ] ],
    "proficiencies": [
      { "proficiency": "prof_infusion", "required": false } 
                     ]   
  },
{ 
    "result": "wakizashi_ice",
    "type": "recipe",
    "category": "CC_ARCANE",
    "subcategory": "CSC_ARCANE_WEAPONRY",
    "skill_used": "spellcraft",
    "skills_required": [ "spellcraft", 3 ],
    "difficulty": 3,
    "time": "15 m",
    "book_learn": [ [ "infusion_ice", 1 ] ],
    "qualities": [ { "id": "INFUSION", "level": 1 } ],
    "components": [ [ [ "crystallized_mana", 150 ] ], [ [ "wakizashi", 1 ] ] ],
    "proficiencies": [
      { "proficiency": "prof_infusion", "required": false } 
                     ]   
  },
{ 
    "result": "zweihander_ice",
    "type": "recipe",
    "category": "CC_ARCANE",
    "subcategory": "CSC_ARCANE_WEAPONRY",
    "skill_used": "spellcraft",
    "skills_required": [ "spellcraft", 3 ],
    "difficulty": 3,
    "time": "15 m",
    "book_learn": [ [ "infusion_ice", 1 ] ],
    "qualities": [ { "id": "INFUSION", "level": 1 } ],
    "components": [ [ [ "crystallized_mana", 150 ] ], [ [ "zweihander", 1 ] ] ],
    "proficiencies": [
      { "proficiency": "prof_infusion", "required": false } 
                     ]   
  },
{ 
    "result": "nodachi_ice",
    "type": "recipe",
    "category": "CC_ARCANE",
    "subcategory": "CSC_ARCANE_WEAPONRY",
    "skill_used": "spellcraft",
    "skills_required": [ "spellcraft", 3 ],
    "difficulty": 3,
    "time": "15 m",
    "book_learn": [ [ "infusion_ice", 1 ] ],
    "qualities": [ { "id": "INFUSION", "level": 1 } ],
    "components": [ [ [ "crystallized_mana", 150 ] ], [ [ "nodachi", 1 ] ] ],
    "proficiencies": [
      { "proficiency": "prof_infusion", "required": false } 
                     ]   
  },
{ 
    "result": "broadsword_ice",
    "type": "recipe",
    "category": "CC_ARCANE",
    "subcategory": "CSC_ARCANE_WEAPONRY",
    "skill_used": "spellcraft",
    "skills_required": [ "spellcraft", 3 ],
    "difficulty": 3,
    "time": "15 m",
    "book_learn": [ [ "infusion_ice", 1 ] ],
    "qualities": [ { "id": "INFUSION", "level": 1 } ],
    "components": [ [ [ "crystallized_mana", 150 ] ], [ [ "broadsword", 1 ] ] ],
    "proficiencies": [
      { "proficiency": "prof_infusion", "required": false } 
                     ]   
  },
{ 
    "result": "rapier_ice",
    "type": "recipe",
    "category": "CC_ARCANE",
    "subcategory": "CSC_ARCANE_WEAPONRY",
    "skill_used": "spellcraft",
    "skills_required": [ "spellcraft", 3 ],
    "difficulty": 3,
    "time": "15 m",
    "book_learn": [ [ "infusion_ice", 1 ] ],
    "qualities": [ { "id": "INFUSION", "level": 1 } ],
    "components": [ [ [ "crystallized_mana", 150 ] ], [ [ "rapier", 1 ] ] ],
    "proficiencies": [
      { "proficiency": "prof_infusion", "required": false } 
                     ]   
  },
{ 
    "result": "katana_ice",
    "type": "recipe",
    "category": "CC_ARCANE",
    "subcategory": "CSC_ARCANE_WEAPONRY",
    "skill_used": "spellcraft",
    "skills_required": [ "spellcraft", 3 ],
    "difficulty": 3,
    "time": "15 m",
    "book_learn": [ [ "infusion_ice", 1 ] ],
    "qualities": [ { "id": "INFUSION", "level": 1 } ],
    "components": [ [ [ "crystallized_mana", 150 ] ], [ [ "katana", 1 ] ] ],
    "proficiencies": [
      { "proficiency": "prof_infusion", "required": false } 
                     ]   
  },
{ 
    "result": "butterfly_swords_ice",
    "type": "recipe",
    "category": "CC_ARCANE",
    "subcategory": "CSC_ARCANE_WEAPONRY",
    "skill_used": "spellcraft",
    "skills_required": [ "spellcraft", 3 ],
    "difficulty": 3,
    "time": "15 m",
    "book_learn": [ [ "infusion_ice", 1 ] ],
    "qualities": [ { "id": "INFUSION", "level": 1 } ],
    "components": [ [ [ "crystallized_mana", 150 ] ], [ [ "butterfly_swords", 1 ] ] ],
    "proficiencies": [
      { "proficiency": "prof_infusion", "required": false } 
                     ]   
  },
{ 
    "result": "cutlass_ice",
    "type": "recipe",
    "category": "CC_ARCANE",
    "subcategory": "CSC_ARCANE_WEAPONRY",
    "skill_used": "spellcraft",
    "skills_required": [ "spellcraft", 3 ],
    "difficulty": 3,
    "time": "15 m",
    "book_learn": [ [ "infusion_ice", 1 ] ],
    "qualities": [ { "id": "INFUSION", "level": 1 } ],
    "components": [ [ [ "crystallized_mana", 150 ] ], [ [ "cutlass", 1 ] ] ],
    "proficiencies": [
      { "proficiency": "prof_infusion", "required": false } 
                     ]   
  },
{ 
    "result": "lajatang_ice",
    "type": "recipe",
    "category": "CC_ARCANE",
    "subcategory": "CSC_ARCANE_WEAPONRY",
    "skill_used": "spellcraft",
    "skills_required": [ "spellcraft", 3 ],
    "difficulty": 3,
    "time": "15 m",
    "book_learn": [ [ "infusion_ice", 1 ] ],
    "qualities": [ { "id": "INFUSION", "level": 1 } ],
    "components": [ [ [ "crystallized_mana", 150 ] ], [ [ "lajatang", 1 ] ] ],
    "proficiencies": [
      { "proficiency": "prof_infusion", "required": false } 
                     ]   
  },
{ 
    "result": "war_flail_ice",
    "type": "recipe",
    "category": "CC_ARCANE",
    "subcategory": "CSC_ARCANE_WEAPONRY",
    "skill_used": "spellcraft",
    "skills_required": [ "spellcraft", 3 ],
    "difficulty": 3,
    "time": "15 m",
    "book_learn": [ [ "infusion_ice", 1 ] ],
    "qualities": [ { "id": "INFUSION", "level": 1 } ],
    "components": [ [ [ "crystallized_mana", 150 ] ], [ [ "2h_flail_steel", 1 ] ] ],
    "proficiencies": [
      { "proficiency": "prof_infusion", "required": false } 
                     ]   
  },
{ 
    "result": "peasant_flail_ice",
    "type": "recipe",
    "category": "CC_ARCANE",
    "subcategory": "CSC_ARCANE_WEAPONRY",
    "skill_used": "spellcraft",
    "skills_required": [ "spellcraft", 3 ],
    "difficulty": 3,
    "time": "15 m",
    "book_learn": [ [ "infusion_ice", 1 ] ],
    "qualities": [ { "id": "INFUSION", "level": 1 } ],
    "components": [ [ [ "crystallized_mana", 150 ] ], [ [ "2h_flail_wood", 1 ] ] ],
    "proficiencies": [
      { "proficiency": "prof_infusion", "required": false } 
                     ]   
  },
{ 
    "result": "battleaxe_ice",
    "type": "recipe",
    "category": "CC_ARCANE",
    "subcategory": "CSC_ARCANE_WEAPONRY",
    "skill_used": "spellcraft",
    "skills_required": [ "spellcraft", 3 ],
    "difficulty": 3,
    "time": "15 m",
    "book_learn": [ [ "infusion_ice", 1 ] ],
    "qualities": [ { "id": "INFUSION", "level": 1 } ],
    "components": [ [ [ "crystallized_mana", 150 ] ], [ [ "battleaxe", 1 ] ] ],
    "proficiencies": [
      { "proficiency": "prof_infusion", "required": false } 
                     ]   
  },
{ 
    "result": "bokken_ice",
    "type": "recipe",
    "category": "CC_ARCANE",
    "subcategory": "CSC_ARCANE_WEAPONRY",
    "skill_used": "spellcraft",
    "skills_required": [ "spellcraft", 3 ],
    "difficulty": 3,
    "time": "15 m",
    "book_learn": [ [ "infusion_ice", 1 ] ],
    "qualities": [ { "id": "INFUSION", "level": 1 } ],
    "components": [ [ [ "crystallized_mana", 150 ] ], [ [ "bokken", 1 ] ] ],
    "proficiencies": [
      { "proficiency": "prof_infusion", "required": false } 
                     ]   
  }, 
{ 
    "result": "cudgel_ice",
    "type": "recipe",
    "category": "CC_ARCANE",
    "subcategory": "CSC_ARCANE_WEAPONRY",
    "skill_used": "spellcraft",
    "skills_required": [ "spellcraft", 3 ],
    "difficulty": 3,
    "time": "15 m",
    "book_learn": [ [ "infusion_ice", 1 ] ],
    "qualities": [ { "id": "INFUSION", "level": 1 } ],
    "components": [ [ [ "crystallized_mana", 150 ] ], [ [ "cudgel", 1 ] ] ],
    "proficiencies": [
      { "proficiency": "prof_infusion", "required": false } 
                     ]   
  },
{ 
    "result": "hammer_sledge_ice",
    "type": "recipe",
    "category": "CC_ARCANE",
    "subcategory": "CSC_ARCANE_WEAPONRY",
    "skill_used": "spellcraft",
    "skills_required": [ "spellcraft", 3 ],
    "difficulty": 3,
    "time": "15 m",
    "book_learn": [ [ "infusion_ice", 1 ] ],
    "qualities": [ { "id": "INFUSION", "level": 1 } ],
    "components": [ [ [ "crystallized_mana", 150 ] ], [ [ "hammer_sledge", 1 ] ] ],
    "proficiencies": [
      { "proficiency": "prof_infusion", "required": false } 
                     ]   
  },
{ 
    "result": "lucern_hammer_ice",
    "type": "recipe",
    "category": "CC_ARCANE",
    "subcategory": "CSC_ARCANE_WEAPONRY",
    "skill_used": "spellcraft",
    "skills_required": [ "spellcraft", 3 ],
    "difficulty": 3,
    "time": "15 m",
    "book_learn": [ [ "infusion_ice", 1 ] ],
    "qualities": [ { "id": "INFUSION", "level": 1 } ],
    "components": [ [ [ "crystallized_mana", 150 ] ], [ [ "lucern_hammer", 1 ] ] ],
    "proficiencies": [
      { "proficiency": "prof_infusion", "required": false } 
                     ]   
  },
{ 
    "result": "mace_ice",
    "type": "recipe",
    "category": "CC_ARCANE",
    "subcategory": "CSC_ARCANE_WEAPONRY",
    "skill_used": "spellcraft",
    "skills_required": [ "spellcraft", 3 ],
    "difficulty": 3,
    "time": "15 m",
    "book_learn": [ [ "infusion_ice", 1 ] ],
    "qualities": [ { "id": "INFUSION", "level": 1 } ],
    "components": [ [ [ "crystallized_mana", 150 ] ], [ [ "mace", 1 ] ] ],
    "proficiencies": [
      { "proficiency": "prof_infusion", "required": false } 
                     ]   
  },
{ 
    "result": "morningstar_ice",
    "type": "recipe",
    "category": "CC_ARCANE",
    "subcategory": "CSC_ARCANE_WEAPONRY",
    "skill_used": "spellcraft",
    "skills_required": [ "spellcraft", 3 ],
    "difficulty": 3,
    "time": "15 m",
    "book_learn": [ [ "infusion_ice", 1 ] ],
    "qualities": [ { "id": "INFUSION", "level": 1 } ],
    "components": [ [ [ "crystallized_mana", 150 ] ], [ [ "morningstar", 1 ] ] ],
    "proficiencies": [
      { "proficiency": "prof_infusion", "required": false } 
                     ]   
  },
{ 
    "result": "q_staff_ice",
    "type": "recipe",
    "category": "CC_ARCANE",
    "subcategory": "CSC_ARCANE_WEAPONRY",
    "skill_used": "spellcraft",
    "skills_required": [ "spellcraft", 3 ],
    "difficulty": 3,
    "time": "15 m",
    "book_learn": [ [ "infusion_ice", 1 ] ],
    "qualities": [ { "id": "INFUSION", "level": 1 } ],
    "components": [ [ [ "crystallized_mana", 150 ] ], [ [ "q_staff", 1 ] ] ],
    "proficiencies": [
      { "proficiency": "prof_infusion", "required": false } 
                     ]   
  },
{ 
    "result": "shillelagh_ice",
    "type": "recipe",
    "category": "CC_ARCANE",
    "subcategory": "CSC_ARCANE_WEAPONRY",
    "skill_used": "spellcraft",
    "skills_required": [ "spellcraft", 3 ],
    "difficulty": 3,
    "time": "15 m",
    "book_learn": [ [ "infusion_ice", 1 ] ],
    "qualities": [ { "id": "INFUSION", "level": 1 } ],
    "components": [ [ [ "crystallized_mana", 150 ] ], [ [ "shillelagh", 1 ] ] ],
    "proficiencies": [
      { "proficiency": "prof_infusion", "required": false } 
                     ]   
  },
{ 
    "result": "tonfa_wood_ice",
    "type": "recipe",
    "category": "CC_ARCANE",
    "subcategory": "CSC_ARCANE_WEAPONRY",
    "skill_used": "spellcraft",
    "skills_required": [ "spellcraft", 3 ],
    "difficulty": 3,
    "time": "15 m",
    "book_learn": [ [ "infusion_ice", 1 ] ],
    "qualities": [ { "id": "INFUSION", "level": 1 } ],
    "components": [ [ [ "crystallized_mana", 150 ] ], [ [ "tonfa_wood", 1 ] ] ],
    "proficiencies": [
      { "proficiency": "prof_infusion", "required": false } 
                     ]   
  },
{ 
    "result": "warhammer_ice",
    "type": "recipe",
    "category": "CC_ARCANE",
    "subcategory": "CSC_ARCANE_WEAPONRY",
    "skill_used": "spellcraft",
    "skills_required": [ "spellcraft", 3 ],
    "difficulty": 3,
    "time": "15 m",
    "book_learn": [ [ "infusion_ice", 1 ] ],
    "qualities": [ { "id": "INFUSION", "level": 1 } ],
    "components": [ [ [ "crystallized_mana", 150 ] ], [ [ "warhammer", 1 ] ] ],
    "proficiencies": [
      { "proficiency": "prof_infusion", "required": false } 
                     ]   
  },
{ 
    "result": "pitchfork_ice",
    "type": "recipe",
    "category": "CC_ARCANE",
    "subcategory": "CSC_ARCANE_WEAPONRY",
    "skill_used": "spellcraft",
    "skills_required": [ "spellcraft", 3 ],
    "difficulty": 3,
    "time": "15 m",
    "book_learn": [ [ "infusion_ice", 1 ] ],
    "qualities": [ { "id": "INFUSION", "level": 1 } ],
    "components": [ [ [ "crystallized_mana", 150 ] ], [ [ "pitchfork", 1 ] ] ],
    "proficiencies": [
      { "proficiency": "prof_infusion", "required": false } 
                     ]   
  },
{ 
    "result": "spear_steel_ice",
    "type": "recipe",
    "category": "CC_ARCANE",
    "subcategory": "CSC_ARCANE_WEAPONRY",
    "skill_used": "spellcraft",
    "skills_required": [ "spellcraft", 3 ],
    "difficulty": 3,
    "time": "15 m",
    "book_learn": [ [ "infusion_ice", 1 ] ],
    "qualities": [ { "id": "INFUSION", "level": 1 } ],
    "components": [ [ [ "crystallized_mana", 150 ] ], [ [ "spear_steel", 1 ] ] ],
    "proficiencies": [
      { "proficiency": "prof_infusion", "required": false } 
                     ]   
  },
{ 
    "result": "qiang_ice",
    "type": "recipe",
    "category": "CC_ARCANE",
    "subcategory": "CSC_ARCANE_WEAPONRY",
    "skill_used": "spellcraft",
    "skills_required": [ "spellcraft", 3 ],
    "difficulty": 3,
    "time": "15 m",
    "book_learn": [ [ "infusion_ice", 1 ] ],
    "qualities": [ { "id": "INFUSION", "level": 1 } ],
    "components": [ [ [ "crystallized_mana", 150 ] ], [ [ "qiang", 1 ] ] ],
    "proficiencies": [
      { "proficiency": "prof_infusion", "required": false } 
                     ]   
  },
{ 
    "result": "halberd_ice",
    "type": "recipe",
    "category": "CC_ARCANE",
    "subcategory": "CSC_ARCANE_WEAPONRY",
    "skill_used": "spellcraft",
    "skills_required": [ "spellcraft", 3 ],
    "difficulty": 3,
    "time": "15 m",
    "book_learn": [ [ "infusion_ice", 1 ] ],
    "qualities": [ { "id": "INFUSION", "level": 1 } ],
    "components": [ [ [ "crystallized_mana", 150 ] ], [ [ "halberd", 1 ] ] ],
    "proficiencies": [
      { "proficiency": "prof_infusion", "required": false } 
                     ]   
  },
{ 
    "result": "glaive_ice",
    "type": "recipe",
    "category": "CC_ARCANE",
    "subcategory": "CSC_ARCANE_WEAPONRY",
    "skill_used": "spellcraft",
    "skills_required": [ "spellcraft", 3 ],
    "difficulty": 3,
    "time": "15 m",
    "book_learn": [ [ "infusion_ice", 1 ] ],
    "qualities": [ { "id": "INFUSION", "level": 1 } ],
    "components": [ [ [ "crystallized_mana", 150 ] ], [ [ "glaive", 1 ] ] ],
    "proficiencies": [
      { "proficiency": "prof_infusion", "required": false } 
                     ]   
  },
{ 
    "result": "naginata_ice",
    "type": "recipe",
    "category": "CC_ARCANE",
    "subcategory": "CSC_ARCANE_WEAPONRY",
    "skill_used": "spellcraft",
    "skills_required": [ "spellcraft", 3 ],
    "difficulty": 3,
    "time": "15 m",
    "book_learn": [ [ "infusion_ice", 1 ] ],
    "qualities": [ { "id": "INFUSION", "level": 1 } ],
    "components": [ [ [ "crystallized_mana", 150 ] ], [ [ "naginata", 1 ] ] ],
    "proficiencies": [
      { "proficiency": "prof_infusion", "required": false } 
                     ]   
  },
{ 
    "result": "pike_ice",
    "type": "recipe",
    "category": "CC_ARCANE",
    "subcategory": "CSC_ARCANE_WEAPONRY",
    "skill_used": "spellcraft",
    "skills_required": [ "spellcraft", 3 ],
    "difficulty": 3,
    "time": "15 m",
    "book_learn": [ [ "infusion_ice", 1 ] ],
    "qualities": [ { "id": "INFUSION", "level": 1 } ],
    "components": [ [ [ "crystallized_mana", 150 ] ], [ [ "pike", 1 ] ] ],
    "proficiencies": [
      { "proficiency": "prof_infusion", "required": false } 
                     ]   
  },
{ 
    "result": "bagh_nakha_ice",
    "type": "recipe",
    "category": "CC_ARCANE",
    "subcategory": "CSC_ARCANE_WEAPONRY",
    "skill_used": "spellcraft",
    "skills_required": [ "spellcraft", 3 ],
    "difficulty": 3,
    "time": "15 m",
    "book_learn": [ [ "infusion_ice", 1 ] ],
    "qualities": [ { "id": "INFUSION", "level": 1 } ],
    "components": [ [ [ "crystallized_mana", 150 ] ], [ [ "bagh_nakha", 1 ] ] ],
    "proficiencies": [
      { "proficiency": "prof_infusion", "required": false } 
                     ]   
  },
{ 
    "result": "cestus_ice",
    "type": "recipe",
    "category": "CC_ARCANE",
    "subcategory": "CSC_ARCANE_WEAPONRY",
    "skill_used": "spellcraft",
    "skills_required": [ "spellcraft", 3 ],
    "difficulty": 3,
    "time": "15 m",
    "book_learn": [ [ "infusion_ice", 1 ] ],
    "qualities": [ { "id": "INFUSION", "level": 1 } ],
    "components": [ [ [ "crystallized_mana", 150 ] ], [ [ "cestus", 1 ] ] ],
    "proficiencies": [
      { "proficiency": "prof_infusion", "required": false } 
                     ]   
  },
{ 
    "result": "knuckle_brass_ice",
    "type": "recipe",
    "category": "CC_ARCANE",
    "subcategory": "CSC_ARCANE_WEAPONRY",
    "skill_used": "spellcraft",
    "skills_required": [ "spellcraft", 3 ],
    "difficulty": 3,
    "time": "15 m",
    "book_learn": [ [ "infusion_ice", 1 ] ],
    "qualities": [ { "id": "INFUSION", "level": 1 } ],
    "components": [ [ [ "crystallized_mana", 150 ] ], [ [ "knuckle_brass", 1 ] ] ],
    "proficiencies": [
      { "proficiency": "prof_infusion", "required": false } 
                     ]   
  },
{ 
    "result": "punch_dagger_ice",
    "type": "recipe",
    "category": "CC_ARCANE",
    "subcategory": "CSC_ARCANE_WEAPONRY",
    "skill_used": "spellcraft",
    "skills_required": [ "spellcraft", 3 ],
    "difficulty": 3,
    "time": "15 m",
    "book_learn": [ [ "infusion_ice", 1 ] ],
    "qualities": [ { "id": "INFUSION", "level": 1 } ],
    "components": [ [ [ "crystallized_mana", 150 ] ], [ [ "punch_dagger", 1 ] ] ],
    "proficiencies": [
      { "proficiency": "prof_infusion", "required": false } 
                     ]   
  }
]