[
 {
    "id": "spare_dying",
    "type": "SPELL",
    "name": "Spare The Dying",
    "description": "Death need not arrive so soon.",
    "valid_targets": [ "self", "ally", "ground" ],
    "min_damage": -5,
    "max_damage": -10,
    "damage_increment": -1.0,
    "max_level": 5,
    "min_range": 0,
    "max_range": 0,
    "min_aoe": 3,
    "max_aoe": 6,
    "aoe_increment": 0.6,
    "effect": "attack",
    "shape": "blast",
    "base_casting_time": 100,
    "base_energy_cost": 50,
    "flags": [ "SOMATIC", "CONCENTRATE" ],
    "spell_class": "CLERIC_L",
	"skill": "faith",  
    "difficulty": 2,
    "energy_source": "MANA",
    "extra_effects": [ { "id": "sp_pain" }, { "id": "sp_effect" } ]
  },
  {
    "id": "sp_pain",
    "type": "SPELL",
    "name": "SP Pain Heal",
    "description": "Heals pain for Spare the Dying.",
    "valid_targets": [ "self", "ally" ],
    "min_damage": 5,
    "max_damage": 45,
    "damage_increment": 8.0,
    "max_level": 5,
    "spell_class": "CLERIC_L",
    "effect": "recover_energy",
    "shape": "blast",
    "effect_str": "PAIN",
    "energy_source": "STAMINA",
    "flags": [ "SOMATIC", "PAIN_NORESIST" ],
    "min_range": 0,
    "max_range": 0,
    "min_aoe": 3,
    "max_aoe": 6,
    "aoe_increment": 0.6
  },
{
    "id": "sp_effect",
    "type": "SPELL",
    "name": "SP Effect",
    "description": "Effect for Spare the Dying.",
    "valid_targets": [ "self", "ally" ],
    "min_damage": 1,
    "max_damage": 1,
    "damage_increment": 8.0,
    "max_level": 5,
    "spell_class": "CLERIC_L",
    "effect": "attack",
    "shape": "blast",
    "effect_str": "sp_remove",
    "energy_source": "MANA",
    "flags": [ "SOMATIC" ],
    "min_range": 0,
    "max_range": 0,
    "min_aoe": 3,
    "max_aoe": 6,
    "aoe_increment": 0.6
  },
{
    "id": "poison_protect",
    "type": "SPELL",
    "name": "Protection From Poison",
    "description": "You touch a creature, neutralizing toxins within, and fortifying their being against such.",
    "valid_targets": [ "self", "ally", "hostile" ],
    "effect": "attack",
    "shape": "blast",
    "effect_str": "poison_immune",
    "flags": [ "SOMATIC", "VERBAL" ],
    "energy_source": "MANA",
    "spell_class": "CLERIC_L",
	"skill": "faith",  
    "difficulty": 3,
    "min_range": 1,
    "max_range": 3,
    "range_increment": 0.1,
    "base_casting_time": 100,
    "base_energy_cost": 250,
    "max_level": 20,
    "min_duration": 8000,
    "max_duration": 30000,
    "duration_increment": 1100
  },
  {
    "id": "great_healing",
    "type": "SPELL",
    "name": "Greater Restoration",
    "description": "Heals a greater quantity of damage on the target, and lifts a grand slew of ailments.",
    "valid_targets": [ "self", "ally" ],
    "min_damage": -20,
    "max_damage": -40,
    "damage_increment": -1.0,
    "max_level": 20,
    "min_range": 0,
    "max_range": 4,
    "range_increment": 0.75,
    "effect": "attack",
    "shape": "blast",
    "base_casting_time": 300,
    "base_energy_cost": 800,
    "flags": [ "SOMATIC", "VERBAL" ],
    "spell_class": "CLERIC_L",
	"skill": "faith",  
    "difficulty": 6,
    "energy_source": "MANA",
    "extra_effects": [ { "id": "effect_great_healing" } ]
  },
  {
    "id": "effect_great_healing",
    "type": "SPELL",
    "name": "Greater Restoration Effect",
    "description": "The ailment lifting for Greater Restoration.",
    "valid_targets": [ "self", "ally" ],
    "min_damage": 1,
    "max_damage": 1,
    "damage_increment": 1.0,
    "max_level": 20,
    "min_range": 0,
    "max_range": 4,
    "range_increment": 0.75,
    "effect": "attack",
    "shape": "blast",
    "flags": [ "SOMATIC", "VERBAL" ],
    "spell_class": "CLERIC_L",
    "effect_str": "effect_great_healing",
    "energy_source": "MANA"
  },
  {
    "id": "purge_wounds",
    "type": "SPELL",
    "name": "Purge Wounds",
    "description": "Turns your restorative mastery inwards, medically enhancing your flesh.  Rather than strength of healing, it staves off blood loss and purges wounds before they can turn septic, at the cost of increased hunger and thirst.",
    "valid_targets": [ "self", "ally" ],
    "effect": "attack",
    "shape": "blast",
    "effect_str": "bio_weave",
    "flags": [ "SOMATIC", "VERBAL" ],
    "energy_source": "MANA",
    "spell_class": "CLERIC_L",
	"skill": "faith",  
    "difficulty": 5,
    "base_casting_time": 400,
    "base_energy_cost": 150,
    "max_level": 20,
    "min_duration": 6000,
    "max_duration": 12000,
    "duration_increment": 300
  },
  {
    "id": "ease_discomfort",
    "type": "SPELL",
    "name": "Ease Discomfort",
    "description": "With meditation, you ease a place physical pain at bay.",
    "valid_targets": [ "self", "ally" ],
    "min_damage": 10,
    "max_damage": 100,
    "damage_increment": 2.0,
    "max_level": 45,
    "spell_class": "CLERIC_L",
	"skill": "faith",  
    "effect": "recover_energy",
    "shape": "blast",
    "effect_str": "PAIN",
    "energy_source": "STAMINA",
    "base_casting_time": 300,
    "base_energy_cost": 5000,
    "energy_increment": 500.0,
    "flags": [ "SOMATIC", "PAIN_NORESIST" ],
    "final_energy_cost": 10000
  }
]