[
  {
  "method": "json",
  "object": {
    "fill_ter": "t_floor",
    "rows": [
      "................................................",
      "....................||++||.....|||..............",
      "...||:|||||||:|:|||||   3|||:|||r|||:|||||:||...",
      "...|BB  +  |dBB  |3       7  o   3 o    7   ||2.",
      "...:    |  |dBB o|   /CC/   oio o oio Oy  i r|..",
      "...|BB o|7 |   oi|  </0o/<  1o oio o  Oy3 i ||..",
      "...:  oi|  |+|||||  ||+|||      o3   1Oy    |...",
      "...||||||        7     + |             || | |...",
      "...| dd +              |>|1     7      |jj|u|...",
      "...:    |  ||||||||||||||||||||||||||  ||||||...",
      "...|B  B|  |Boi| BB|BB B| dd|B B|   | 7|d BB|...",
      "...|B  B| 7|B o|   |oo B|   |B B|BB |  +    :...",
      "...||||||  +  B| BB|oi d| BB|o d|   +  |d BB|...",
      "...|BB d|  |  B|   |  BB| BB|io |BB |  ||||||...",
      "...:   d|  |||||+|||+||||+|||||+|||||  |dBBd|...",
      "...|    |         7                 7  + BB :...",
      "...|BB  +                  7           |    |...",
      "...||||||  |+|||| |+||+|||+|| | ||+||  ||||||...",
      "...:  BB| 7|    | | |d B|d d| | |B  |  |B  B|...",
      "...|    |  |  BB|<| |B B|   | |<|B  | 7|B  B:...",
      "...:d BB|  |d BB||| |B  |B B| |||o B|  |d  d|...",
      "...|d   +  |d   + |v| BB|B B|  ||ioB|  +    |...",
      "...|||:|||||||:|||||||:|||:|||+|||:||||||:|||...",
      "................................................"
    ],
    "terrain": { ".": "t_region_groundcover", "2": "t_region_groundcover" },
    "nested": {
        "2": { "chunks": [
			[ "inn_cultist_nested", 100 ]
			]
			}		
      },
    "palettes": [ "mtc_generic_structure" ],
	"npcs": {
		"0": { "class": "generic_tavernkeep" },
		"1": { "class": "gambler" },
                "3": [ { "class": "generic_female_citizen" }, { "class": "generic_male_citizen" } ]
		}
  },
  "om_terrain": [
    [ "mtc_inn1_left", "mtc_inn1_right" ]
  ],
  "type": "mapgen"
  },
  {
    "method": "json",
    "object": {
      "fill_ter": "t_floor",
      "rows": [
        "................................................",
        "....................||||||.....|||..............",
        "...||||||||||||||||||    |||||||r||||||||||||...",
        "...|BB  +  |dBB  | 7      7  o1    o     7  ||..",
        "...|    |  |dBB o|   /CC/   oio o oio Oy  i r|..",
        "...|BB o|7 |   oi|   / o/<   o oio o  Oy3 i ||..",
        "...|  oi|  |+|||||  ||+|||      o     Oy    |...",
        "...||||||        7     + |3            || | |...",
        "...| dd +      1       |d|   3  7     3|jj|u|...",
        "...||||||||||||||||||||||||||||||||||||||||||...",
        "................................................",
        "................................................",
        "................................................",
        "................................................",
        "................................................",
        "................................................",
        "................................................",
        "................................................",
        "................................................",
        "................................................",
        "................................................",
        "................................................",
        "................................................",
        "................................................"
      ],
      "terrain": { ".": "t_rock" },
      "palettes": [ "mtc_generic_structure" ],
      "npcs": {
		"0": { "class": "generic_tavernkeep" },
		"1": { "class": "gambler" },
                "3": [ { "class": "generic_female_citizen" }, { "class": "generic_male_citizen" } ]
		}
    },
    "om_terrain": [
      [ "mtc_inn1_down_left", "mtc_inn1_down_right" ]
    ],
    "type": "mapgen"
  },
  {
    "method": "json",
    "object": {
      "fill_ter": "t_floor",
      "rows": [
        "................................................",
        "..........______....|:||:|...._______...........",
        "...||:|:||+|:||:||||| o o|||||:|||:|+|||||:||...",
        "...|io BB|   BB  |o  oii   o| B | B   |BB oi|_..",
        "...:o  BB|d  BB o|i // o// i| B | B  d|BB  o:_..",
        "...|    d|d    oi|o >/  /> o|   +    d|d    |_..",
        "...|+||||||+||||||          |||||||+|||||||+|...",
        "...|             7                        7 |...",
        "...|7                          7            |...",
        "...|||+||||||+|||||+|    |+|||||||+||||+|||||...",
        "...|BB |BddB| BB|   |   7|  d|BB | B B|  BB |...",
        "...|d  |B  B|d  |BBd|    |BB |d  | B B|d BB :...",
        "...|BB |    |d B|||||    |||||BB |    |d    |...",
        "...|d  |    |  B|BB |    |  d|d  |BB B|  ||||...",
        "...|BB |  BB|BB |d  |    | BB|BB |BB B|  +BB:...",
        "...|||+|+||||||||||+|    |+|||||+||||||+|||||...",
        "...|   7            7                7      |...",
        "...|         7             7                |...",
        "...|+|||||+||||||// ||+|||+|| //|||+|+|||||+|...",
        "...| oiod|    BB|>/ |  d|d  | />|BB | |B B  :...",
        "...:B   B|d o BB| / |BB |B B| / |d  | |B B o|...",
        "...|B   B| oio  |   |BB |B B|   |BB |v|d  oi|...",
        "...||:|:|||||:||||:|||:|||:|||||||:||||||:|||...",
        "................................................"
      ],
      "terrain": { ".": "t_open_air" },
      "palettes": [ "mtc_generic_structure" ]
    },
    "om_terrain": [
      [ "mtc_inn1_up_left", "mtc_inn1_up_right" ]
    ],
    "type": "mapgen"
  },
  {
    "method": "json",
    "object": {
      "fill_ter": "t_floor",
      "rows": [
        "................................................",
        "....................______......................",
        "...__________________________________________...",
        "...__________________________________________...",
        "...__________________________________________...",
        "...__________________________________________...",
        "...__________________________________________...",
        "...__________________________________________...",
        "...__________________________________________...",
        "...__________________________________________...",
        "...__________________________________________...",
        "...__________________________________________...",
        "...__________________________________________...",
        "...__________________________________________...",
        "...__________________________________________...",
        "...__________________________________________...",
        "...__________________________________________...",
        "...__________________________________________...",
        "...__________________________________________...",
        "...__________________________________________...",
        "...__________________________________________...",
        "...__________________________________________...",
        "...__________________________________________...",
        "................................................"
      ],
      "terrain": { ".": "t_open_air" },
      "palettes": [ "mtc_generic_structure" ]
    },
    "om_terrain": [
      [ "mtc_inn1_up_left2", "mtc_inn1_up_right2" ]
    ],
    "type": "mapgen"
  },
  {
    "method": "json",
    "object": {
      "fill_ter": "t_floor",
      "rows": [
            "..............!``~~~~~~~~~~~~~~~~~~~~~~~~~~~~~~~",
            "...............!``~~~~~~~~~~~~~~~~~~~~~~~~~~~~~~",
            "...............!``~~~~~~~~~~~~~~~~~~~~~~~~~~~~~~",
            "...............!``~~~~~~~~~~~~~~~~~~~~~~~~~~~~~~",
            "................!``~~~~~~~~~~~~~~~~~~~~~~~~~~~~~",
            "................!``~~~~~~~~~~~~~~~~~~~~~~~~~~~~~",
            "................!``~~~~~~~~~~~~~~~~~~~~~~~~~~~~~",
            "................!``~~~~~~~~~~~~~~~~~~~~~~~~~~~~~",
            ".................!``~~~~~~~~~~~~~~~~~~~~~~~~~~~~",
            ".................!``~~~~~~~~~~~~~~~~~~~~~~~~~~~~",
            ".................!``~~~~~~~~~~~~~~~~~~~~~~~~~~~~",
            "..................!``~~~~~~~~~~~~~~~~~~~~~~~~~~~",
            "...................!``~~~~~~~~~~~~~~~~~~~~~~~~~~",
            "...................!``~~~~~~~~~~~~~~~~~~~~~~~~~~",
            "....................!``~~~~~~~~~~~~~~~~~~~~~~~~~",
            ".....................!``~~~~~~~~~~~~~~~~~~~~~~~~",
            "......................!``~~~~~~~~~~~~~~~~~~~~~~~",
            "......................!``~~~~~~~~~~~~~~~~~~~~~~~",
            ".......................!``~~~~~~~~~~~~~~~~~~~~~~",
            "........................!``~~~~~~~~~~~~~~~~~~~~~",
            "........................!``~~~~~~~~~~~~~~~~~~~~~",
            ".........................!``~~~~~~~~~~~~~~~~~~~~",
            "..........................!``~~~~~~~~~~~~~~~~~~~",
            "..........................!``~~~~~~~~~~~~~~~~~~~",
            "...........................!``~~~~~~~~~~~~~~~~~~",
            "........................||||||aaa~~~~~~~~~~~~~~~",
            "........................|* [*|Baa~~~~~~~~~~~~~~~",
            "......................,,|* |||Baa~~~~~~~~~~~~~~~",
            "....................,,,,   [*|Baa~~~~~~~~~~~~~~~",
            "..................,,,,,,   |||aaa~~~~~~~~~~~~~~~",
            ",...............,,,,,,,,7  [*|aaa~~~~~~~~~~~~~~~",
            ",,............,,,,,,,,,,|  |||aaa~~~~~~~~~~~~~~~",
            ",,,.........,,,,,,,,,,,.|* [*|aaa~~~~~~~~~~~~~~~",
            ",,,,,.....,,,,,,,,,,,,||||||||aaaaaaaaaa~~~~~~~~",
            ",,,,,,,,,,,,,,,,,,,,,,|bbbbb  aaaaaaaaFa~~~~~~~~",
            ",,,,,,,,,,,,,,,,,,,,,,|bbb    aaaBaaaaaa~~~~~~~~",
            ",,,,,,,,,,,,,,,,,,,,,,+      7aaaaaaaaaa~~~~~~~~",
            ",,,,,,,,,,,,,,,,,,,,,,|  bbbb|BBaaaaBaaa~~~~~~~~",
            ",,,,,,,,,,,,,,......,,|   bbb|BBaaaaaaaa~~~~~~~~",
            ",,,,,,,,,,,,,........,|      7aaaaaaaaaa~~~~~~~~",
            ",,,,,,,,,,J,..........|b      aaaaaaaaaB~~~~~~~~",
            ",,,,,,,,,,,...........|bb     aaaaaaaaaBBaaaaaaa",
            ",,,,,,,,,,............|bbb   |BBaaaaaaFaaaaaaaFa",
            ",,,,,,,,,,............|bbbb b|BBBBaaaaaaaaaaaaaa",
            ",,,,,,,,,,............|||||+|||||||||aaa~~~~~~~~",
            ".,,,,,,,,,................|  + bbbbb|aaa~~~~~~~~",
            ".,,,,,,,,,................| 7|  bbbb|aaa~~~~~~~~",
            "...,,,,,,,................|  |b  bbb|aaa~~~~~~~~",
            "...,,,,,,,................|  ||||||||aaa~~~~~~~~",
            "....,,,,,,................|  |jrjbbb|aaa~~~~~~~~",
            "....,,,,,,................|  |7     |aaa~~~~~~~~",
            ".....,,,,,................|  | iiii |Baa~~~~~~~~",
            ".....,,,,,..............|||  + iiii :Baa~~~~~~~~",
            "......,,,,..............|v| 7|     7|Baa~~~~~~~~",
            "......,,,,..............: +  |bb jrj|aaa~~~~~~~~",
            ".......,,,..............||||||||+||||aaa~~~~~~~~",
            ".......,,,..............: +7  <|   b|aaa~~~~~~~~",
            ".......,,,..............|v| ||||7  c|aaa~~~~~~~~",
            ".......,,,..............||| |>      |aaa~~~~~~~~",
            ".......,,,................| |  yyyyy|aaa~~~~~~~~",
            ".......,,,................|    O OOO:aaa~~~~~~~~",
            ".......,,,................|7    O  7|aaa~~~~~~~~",
            ".......,,,................|1o     o1|Baa~~~~~~~~",
            ".......,,,................|oio o oio|BBa~~~~~~~~",
            ".......,,,................: o oio o1|BBa~~~~~~~~",
            ".......,,,J.............,,|1   o    |Baa~~~~~~~~",
            ".......,,,,,,,,,,,,,,,,,,,+         +aaa~~~~~~~~",
            "........,,,,,,,,,,,,,,,,,,+         +aaa~~~~~~~~",
            "........................,J|7 o   o 7|aaa~~~~~~~~",
            "..........................| oio oio :aaa~~~~~~~~",
            "..........................|1 o 1 o 1|aaa~~~~~~~~",
            "..........................|||||||||||aaa~~~~~~~~",
            ".................................2.!``~~~~~~~~~~",
            "..................................!``~~~~~~~~~~~",
            "..................................!``~~~~~~~~~~~",
            "..................................!``~~~~~~~~~~~",
            ".................................!``~~~~~~~~~~~~",
            ".................................!``~~~~~~~~~~~~",
            "................................!``~~~~~~~~~~~~~",
            "...............................!``~~~~~~~~~~~~~~",
            "...............................!``~~~~~~~~~~~~~~",
            "..............................!``~~~~~~~~~~~~~~~",
            ".............................!``~~~~~~~~~~~~~~~~",
            "............................!``~~~~~~~~~~~~~~~~~",
            "............................!``~~~~~~~~~~~~~~~~~",
            "...........................!``~~~~~~~~~~~~~~~~~~",
            "..........................!``~~~~~~~~~~~~~~~~~~~",
            ".........................!``~~~~~~~~~~~~~~~~~~~~",
            "........................!``~~~~~~~~~~~~~~~~~~~~~",
            ".....................!!!``~~~~~~~~~~~~~~~~~~~~~~",
            "....................!``~~~~~~~~~~~~~~~~~~~~~~~~~",
            "...................!``~~~~~~~~~~~~~~~~~~~~~~~~~~",
            "..................!!``~~~~~~~~~~~~~~~~~~~~~~~~~~",
            "................!!``~~~~~~~~~~~~~~~~~~~~~~~~~~~~",
            "...............!``~~~~~~~~~~~~~~~~~~~~~~~~~~~~~~",
            "..............!``~~~~~~~~~~~~~~~~~~~~~~~~~~~~~~~"
      ],
      "terrain": {
	  ".": [ [ "t_region_groundcover_forest", 9 ], [ "t_region_tree", 1 ] ],
	  ",": [ [ "t_dirt", 9 ], [ "t_grass", 1 ] ]
	  },
	  "place_npcs": [
        { "class": "generic_tavernkeep", "x": 33, "y": 58 },
		{ "class": "generic_tavernwench", "x": 30, "y": 68 },
		{ "class": "retired_dragonslayer", "x": 28, "y": 69 },
		{ "class": "city_guard", "x": 25, "y": 65 },
		{ "class": "city_guard", "x": 37, "y": 68 },
		{ "class": "city_guard", "x": 29, "y": 41 },
		{ "class": "horse_guard", "x": 24, "y": 28 },
		{ "class": "generic_fisher", "x": 41, "y": 41 },
		{ "class": "generic_male_citizen", "x": 33, "y": 68 },
		{ "class": "generic_female_citizen", "x": 33, "y": 70 },
		{ "class": "generic_male_citizen", "x": 27, "y": 63 },
		{ "class": "generic_male_citizen", "x": 29, "y": 63 },
		{ "class": "generic_male_citizen", "x": 28, "y": 62 },
		{ "class": "generic_male_citizen", "x": 28, "y": 64 },
		{ "class": "generic_kitchenstaff", "x": 33, "y": 53 },
		{ "class": "drunk_city_guard", "x": 34, "y": 62 },
		{ "class": "drunk_city_guard", "x": 35, "y": 63 }
	  ],
          "npcs": {
			"1": { "class": "gambler" },
                        "2": { "class": "cult_recruiter" }
			},
	  "place_monster": [
        { "monster": "mon_horse", "x": 28, "y": 28, "chance": 30 },
		{ "monster": "mon_horse", "x": 28, "y": 26, "chance": 30 },
		{ "monster": "mon_horse", "x": 28, "y": 30, "chance": 30 },
		{ "monster": "mon_horse", "x": 28, "y": 32, "chance": 30 }
	  ],
	  "faction_owner": [
		{ "id": "kingdom", "x": [ 24, 47 ], "y": [ 24, 47 ] },
		{ "id": "kingdom", "x": [ 24, 47 ], "y": [ 48, 71 ] }
      ],
      "palettes": [ "mtc_generic_structure", "mtc_generic_sea_structure" ]
    },
    "om_terrain": [ [ "mtc_seaside_upleft_inn1_connect", "mtc_seaside_upright_inn1_connect" ], [ "mtc_seaside_upleft_inn1", "mtc_seaside_upright_inn1" ], [ "mtc_seaside_downleft_inn1", "mtc_seaside_downright_inn1" ], [ "mtc_seaside_downleft_inn1_connect", "mtc_seaside_downright_inn1_connect" ] ],
    "type": "mapgen"
  },
  {
    "method": "json",
    "object": {
      "fill_ter": "t_floor",
      "rows": [
            "................................................",
            "........................______..................",
            "........................______..................",
            "........................______..................",
            "........................______..................",
            "........................______..................",
            "........................______..................",
            "........................______..................",
            "........................______..................",
            "......................||||||||..................",
            "......................|v     :..................",
            "......................||||+|||..................",
            "......................|BB   c|..................",
            "......................:BB   r|..................",
            "......................|d    7|..................",
            "......................||||+|||..................",
            "......................|     i|..................",
            "......................: www o:..................",
            "......................|      |..................",
            "......................| 7r   |..................",
            "......................|||||L|||||||||...........",
            "..........................|qq|  dBBd|...........",
            "..........................|7qL   BB :...........",
            "..........................| q|      |...........",
            "..........................| q| r7 io|...........",
            "..........................| q||||||||...........",
            "..........................| q|o dBBd|...........",
            "..........................: q|i  BB |...........",
            "........................__| q+      :...........",
            "........................__| q| r7   |...........",
            "........................__|7q||||||+|...........",
            "........................__| q|<qq|v |...........",
            "........................__| q|||q|  :...........",
            "........................__| q|>qq||||...........",
            "........................__| q|||q||||...........",
            "..........................: qqqqq|v :...........",
            "..........................| q   7|  |...........",
            "..........................|7q||||||+|...........",
            "..........................| q|dBBd  |...........",
            "..........................| q| BB   |...........",
            "..........................| q|     o:...........",
            "..........................| qL  r7 i|...........",
            "..........................| q||||||||...........",
            "..........................: qL  r7  |...........",
            "..........................| 7|      :...........",
            "..........................|+||o  BB |...........",
            "..........................| v|i dBBd|...........",
            "..........................||||||:||||..........."
      ],
      "terrain": { ".": "t_open_air" },
	  "place_npcs": [
        { "class": "generic_maid", "x": 29, "y": 36 },
		{ "class": "generic_female_citizen", "x": 31, "y": 38 },
		{ "class": "generic_male_citizen", "x": 32, "y": 38 },
		{ "class": "generic_female_citizen", "x": 35, "y": 44 },
		{ "class": "generic_male_citizen", "x": 32, "y": 22 },
		{ "class": "stationed_knight", "x": 24, "y": 14 }
	  ],
	  "faction_owner": [
		{ "id": "kingdom", "x": [ 24, 47 ], "y": [ 24, 47 ] },
		{ "id": "kingdom", "x": [ 24, 47 ], "y": [ 48, 71 ] }
      ],
      "palettes": [ "mtc_generic_structure" ]
    },
    "om_terrain": [ [ "mtc_seaside_up1_upleft_inn1", "mtc_seaside_up1_upright_inn1" ], [ "mtc_seaside_up1_downleft_inn1", "mtc_seaside_up1_downright_inn1" ] ],
    "type": "mapgen"
  },
  {
    "method": "json",
    "object": {
      "fill_ter": "t_floor",
      "rows": [
            "................................................",
            "................................................",
            "................................................",
            "................................................",
            "................................................",
            "................................................",
            "................................................",
            "................................................",
            "................................................",
            "......................________..................",
            "......................________..................",
            "......................________..................",
            "......................________..................",
            "......................________..................",
            "......................________..................",
            "......................________..................",
            "......................________..................",
            "......................________..................",
            "......................________..................",
            "......................________..................",
            "......................____|||||||||||...........",
            "..........................|www 7 www|...........",
            "..........................:wT     Tw:...........",
            "..........................|w   i   w|...........",
            "..........................|   i|i   |...........",
            "..........................|   i|i   |...........",
            "..........................:    i    |...........",
            "..........................|        w|...........",
            "..........................||+|  TTTw:...........",
            "..........................|7q|7wwwww|...........",
            "..........................| q||||||||...........",
            "..........................| qq>|v   :...........",
            "..........................| q|||||+||...........",
            "..........................| q| dBB  |...........",
            "..........................| qL  BB  |...........",
            "..........................: q|     o:...........",
            "..........................| q| 7r  i|...........",
            "..........................|7q||||||||...........",
            "..........................| q| B B B|...........",
            "..........................| q+ B B B|...........",
            "..........................| q|      :...........",
            "..........................| q|  7r  |...........",
            "..........................|7q||||||||...........",
            "..........................: q|  7r  |...........",
            "..........................| q+      |...........",
            "..........................|+|| B B B:...........",
            "..........................| v| B B B|...........",
            "..........................|||||||:|||..........."
      ],
      "terrain": { ".": "t_open_air" },
	  "place_npcs": [
        { "class": "generic_maid", "x": 32, "y": 23 },
		{ "class": "generic_female_citizen", "x": 32, "y": 33 },
		{ "class": "generic_female_citizen", "x": 31, "y": 38 },
		{ "class": "generic_female_citizen", "x": 33, "y": 38 },
		{ "class": "generic_male_citizen", "x": 33, "y": 46 },
		{ "class": "generic_male_citizen", "x": 35, "y": 46 }
	  ],
	  "faction_owner": [
		{ "id": "kingdom", "x": [ 24, 47 ], "y": [ 24, 47 ] },
		{ "id": "kingdom", "x": [ 24, 47 ], "y": [ 48, 71 ] }
      ],
      "palettes": [ "mtc_generic_structure" ]
    },
    "om_terrain": [ [ "mtc_seaside_up2_upleft_inn1", "mtc_seaside_up2_upright_inn1" ], [ "mtc_seaside_up2_downleft_inn1", "mtc_seaside_up2_downright_inn1" ] ],
    "type": "mapgen"
  },
  {
    "method": "json",
    "object": {
      "fill_ter": "t_floor",
      "rows": [
            "................................................",
			"................................................",
            "................................................",
            "................................................",
            "................................................",
            "................................................",
            "................................................",
            "................................................",
            "................................................",
            "................................................",
            "................................................",
            "................................................",
            "................................................",
            "................................................",
            "................................................",
            "................................................",
            "................................................",
            "................................................",
            "................................................",
            "................................................",
            "..........................___________...........",
            "..........................___________...........",
            "..........................___________...........",
            "..........................___________...........",
            "..........................___________...........",
            "..........................___________...........",
            "..........................___________...........",
            "..........................___________...........",
            "..........................___________...........",
            "..........................___________...........",
            "..........................___________...........",
            "..........................___________...........",
            "..........................___________...........",
            "..........................___________...........",
            "..........................___________...........",
            "..........................___________...........",
            "..........................___________...........",
            "..........................___________...........",
            "..........................___________...........",
            "..........................___________...........",
            "..........................___________...........",
            "..........................___________...........",
            "..........................___________...........",
            "..........................___________...........",
            "..........................___________...........",
            "..........................___________...........",
            "..........................___________...........",
            "..........................___________..........."
      ],
      "terrain": { ".": "t_open_air" },
      "palettes": [ "mtc_generic_structure" ]
    },
    "om_terrain": [ [ "mtc_seaside_up3_upleft_inn1", "mtc_seaside_up3_upright_inn1" ], [ "mtc_seaside_up3_downleft_inn1", "mtc_seaside_up3_downright_inn1" ] ],
    "type": "mapgen"
  },
  {
    "method": "json",
    "object": {
      "fill_ter": "t_floor",
      "rows": [
            "................................................",
            ".........................|||||..................",
            ".........................| +v|..................",
            ".........................| |||..................",
            ".........................| +v|..................",
            ".........................|7|||..................",
            "........................c| +v|..................",
            ".........................| |||..................",
            ".........................| +v|..................",
            "......................||||+|||..................",
            "......................|o1  o||..................",
            "......................|io oi||..................",
            "......................|o 7 o||..................",
            "......................|| | |||..................",
            "......................|o   o||..................",
            "......................|io oi||..................",
            "......................|o 7 o||..................",
            "......................|| | |||..................",
            "......................|o   1||..................",
            "......................|io   ||..................",
            "......................|||||+|||||||||...........",
            "..........................| |||||||||...........",
            "..........................|  .uu.u.||...........",
            "..........................|2      u||...........",
            "..........................|. |  | .||...........",
            "..........................|u      u||...........",
            "................|||||||...|u      u||...........",
            "................| o o |...|.7|  |7.||...........",
            "................|  I  |...|u      2||...........",
            "................| o o |...|u       ||...........",
            "................|     |...|. |  |  ||...........",
            "................| o o |...|u       ||...........",
            "................|  I  |...|u       ||...........",
            "................| o o |||||. |7 | 2||...........",
            "................|         +  <     ||...........",
            "................|     ||| |1       ||...........",
            "................|wwww |.|||. |  |  ||...........",
            "................| II  |...|u      2||...........",
            "................|     |...|u       ||...........",
            "................|wwww |...|.7| 1|7.||...........",
            "................| II  |...|u      u||...........",
            "................|2    |...|u2     u||...........",
            "................|T T T|...|. |  | .||...........",
            "................|TTTTT|...|u      u||...........",
            "................|.U.U.|...|.u.uu.u.||...........",
            "................|||||||...|||||||||||...........",
            "..........................|||||||||||...........",
            "................................................"
      ],
      "terrain": { ".": "t_rock" },
	  "place_npcs": [
        { "class": "nervous_dancer", "x": 17, "y": 42 },
		{ "class": "teasing_dancer", "x": 19, "y": 42 },
		{ "class": "excited_dancer", "x": 21, "y": 42 },
		{ "class": "naughty_rogue", "x": 17, "y": 39 },
		{ "class": "naughty_rogue", "x": 19, "y": 39 },
		{ "class": "naughty_rogue", "x": 18, "y": 36 },
		{ "class": "naughty_rogue", "x": 20, "y": 36 },
		{ "class": "naughty_rogue", "x": 20, "y": 33 },
		{ "class": "naughty_rogue", "x": 18, "y": 31 },
		{ "class": "gambling_rogue", "x": 23, "y": 14 },
		{ "class": "gambling_rogue", "x": 23, "y": 16 },
		{ "class": "gambling_rogue", "x": 27, "y": 10 },
		{ "class": "gambling_rogue", "x": 27, "y": 12 },
		{ "class": "bouncer", "x": 25, "y": 35 },
		{ "class": "bouncer", "x": 23, "y": 18 }
	  ],
          "npcs": {
			"1": { "class": "gambler" },
                        "2": [ { "class": "generic_female_citizen" }, { "class": "generic_male_citizen" } ]
			},
	  "faction_owner": [
		{ "id": "kingdom", "x": [ 24, 47 ], "y": [ 0, 23 ] },
		{ "id": "kingdom", "x": [ 24, 47 ], "y": [ 24, 47 ] },
		{ "id": "kingdom", "x": [ 24, 47 ], "y": [ 48, 71 ] },
		{ "id": "kingdom", "x": [ 0, 23 ], "y": [ 0, 23 ] },
		{ "id": "kingdom", "x": [ 0, 23 ], "y": [ 24, 47 ] },
		{ "id": "kingdom", "x": [ 0, 23 ], "y": [ 48, 71 ] }
      ],
      "palettes": [ "mtc_generic_structure" ]
    },
    "om_terrain": [ [ "mtc_seaside_down_upleft_inn1", "mtc_seaside_down_upright_inn1" ], [ "mtc_seaside_down_downleft_inn1", "mtc_seaside_down_downright_inn1" ] ],
    "type": "mapgen"
  },
  {
    "type": "palette",
    "id": "mtc_generic_structure",
    "terrain": {
	"|": "t_wall_wood",
	"/": "t_wall_log", 
	"_": "t_shingle_flat_roof",
	":": "t_window_no_curtains",
	"+": "t_door_c",
	"L": "t_door_locked_interior",
	"<": "t_wood_stairs_up",
	">": "t_wood_stairs_down",
	"b": "t_floor",
	"q": "t_carpet_red",
	"[": "t_splitrail_fencegate_c",
	"J": "t_dirt"
	},
    "furniture": {
	"B": "f_bed",
	"o": "f_chair",
	"O": "f_stool",
	"i": "f_table",
	"I": "f_table",
	"T": "f_table",
	"d": "f_dresser",
	"j": "f_counter",
	"y": "f_counter",
	"7": "f_hanging_lantern",
	"J": "f_pole_lantern",
	"U": "f_burning_brazier",
	"C": "f_counter",
	"r": "f_fireplace",
	"u": "f_wood_keg",
	"w": "f_sofa",
	"*": "f_hay",
	"c": "f_chest_o",
	"b": [ [ "f_barrel_c", 15 ], [ "f_barrel_o", 1 ], [ "f_crate_c", 1 ], [ "f_crate_o", 1 ] ]
	},
	"items": {
	"b": { "item": "barrel_food_loot", "chance": 50 },
	"r": { "item": "stash_wood", "chance": 100, "repeat": [ 1, 5 ] },
	"j": { "item": "kitchen_counters", "chance": 100, "repeat": [ 1, 5 ] },
	"i": { "item": "dishes_dining", "chance": 100, "repeat": [ 2, 5 ] },
	"v": { "item": "bucket", "chance": 100 },
	"c": { "item": "silver_coinage", "chance": 100, "repeat": [ 10, 25] },
	"I": { "item": "gambling_den", "chance": 100, "repeat": [ 1, 4] },
	"y": { "item": "alcohol_loot", "chance": 60 },
	"d": [
			{ "item": "SUS_dresser_mens", "chance": 50, "repeat": [ 1, 2 ] },
			{ "item": "SUS_dresser_womens", "chance": 50, "repeat": [ 1, 2 ] }
		],
	"B": [
			{ "item": "bed", "chance": 100, "repeat": [ 1, 2 ] }
		]
	},
	"liquids": {
      "u": { "liquid": "fruit_wine", "amount": [ 1, 175 ] }
	}
  },
  {
    "type": "palette",
    "id": "mtc_generic_sea_structure",
    "terrain": {
	"`": "t_water_sh",
	"~": "t_water_dp",
	"!": [ "t_water_sh",
	"t_region_groundcover" ],
	"a": "t_dock",
	"B": "t_dock",
	"F": "t_dock"
	},
    "furniture": {
	"B": [ [ "f_barrel_c", 15 ], [ "f_barrel_o", 1 ], [ "f_crate_c", 1 ], [ "f_crate_o", 1 ] ],
	"F": "f_pole_lantern"
	},
	"items": {
	"B": { "item": "barrel_food_loot", "chance": 50 }
	}
  }
]
