[
  {
    "id": "Inn 1",
    "locations": [ "land" ],
    "occurrences": [ 0, 0 ],
    "overmaps": [
      { "overmap": "mtc_inn1_left_north", "point": [ 0, 0, 0 ] },
      { "overmap": "mtc_inn1_right_north", "point": [ 1, 0, 0 ] },
      { "overmap": "mtc_inn1_up_left_north", "point": [ 0, 0, 1 ] },
      { "overmap": "mtc_inn1_up_right_north", "point": [ 1, 0, 1 ] },
      { "overmap": "mtc_inn1_up_left2_north", "point": [ 0, 0, 2 ] },
      { "overmap": "mtc_inn1_up_right2_north", "point": [ 1, 0, 2 ] },
      { "overmap": "mtc_inn1_down_left_north", "point": [ 0, 0, -1 ] },
      { "overmap": "mtc_inn1_down_right_north", "point": [ 1, 0, -1 ] }
    ],
    "type": "overmap_special",
	"flags": [ "WILDERNESS" ]
  },
  {
    "id": "Seaside Inn 1",
	"locations": [ "water" ],
    "occurrences": [ 1, 1 ],
    "overmaps": [
      { "overmap": "mtc_seaside_upleft_inn1_north", "point": [ 0, 0, 0 ], "locations": [ "land" ] },
      { "overmap": "mtc_seaside_upright_inn1_north", "point": [ 1, 0, 0 ] },
      { "overmap": "mtc_seaside_downleft_inn1_north", "point": [ 0, 1, 0 ], "locations": [ "land" ] },
      { "overmap": "mtc_seaside_downright_inn1_north", "point": [ 1, 1, 0 ] },
      { "overmap": "mtc_seaside_up1_upleft_inn1_north", "point": [ 0, 0, 1 ] },
      { "overmap": "mtc_seaside_up1_upright_inn1_north", "point": [ 1, 0, 1 ] },
      { "overmap": "mtc_seaside_up1_downleft_inn1_north", "point": [ 0, 1, 1 ] },
      { "overmap": "mtc_seaside_up1_downright_inn1_north", "point": [ 1, 1, 1 ] },
      { "overmap": "mtc_seaside_up2_upleft_inn1_north", "point": [ 0, 0, 2 ] },
      { "overmap": "mtc_seaside_up2_upright_inn1_north", "point": [ 1, 0, 2 ] },
      { "overmap": "mtc_seaside_up2_downleft_inn1_north", "point": [ 0, 1, 2 ] },
      { "overmap": "mtc_seaside_up2_downright_inn1_north", "point": [ 1, 1, 2 ] },
	  { "overmap": "mtc_seaside_up3_upleft_inn1_north", "point": [ 0, 0, 3 ] },
      { "overmap": "mtc_seaside_up3_upright_inn1_north", "point": [ 1, 0, 3 ] },
      { "overmap": "mtc_seaside_up3_downleft_inn1_north", "point": [ 0, 1, 3 ] },
      { "overmap": "mtc_seaside_up3_downright_inn1_north", "point": [ 1, 1, 3 ] },
      { "overmap": "mtc_seaside_down_upleft_inn1_north", "point": [ 0, 0, -1 ] },
      { "overmap": "mtc_seaside_down_upright_inn1_north", "point": [ 1, 0, -1 ] },
      { "overmap": "mtc_seaside_down_downleft_inn1_north", "point": [ 0, 1, -1 ] },
      { "overmap": "mtc_seaside_down_downright_inn1_north", "point": [ 1, 1, -1 ] }
    ],
	"connections": [
      { "point": [ -1, 0, 0 ], "terrain": "road", "connection": "local_road", "from": [ 0, 0, 0 ] }
    ],
    "type": "overmap_special",
	"flags": [ "WILDERNESS", "RIVER" ]
  }
]