[
 {
    "id": "hellbolt",
    "type": "SPELL",
    "name": "Hellbolt",
    "description": "You hurl an orb of hellish fire at a target.",
    "valid_targets": [ "hostile", "self", "ground", "ally" ],
    "flags": [ "SOMATIC", "NO_LEGS", "IGNITE_FLAMMABLE" ],
    "effect": "attack",
    "shape": "blast",
    "damage_type": "heat",
    "min_damage": 10,
    "damage_increment": 2,
    "max_damage": 30,
    "min_range": 4,
    "range_increment": 0.4,
    "max_range": 8,
    "base_energy_cost": 50,
    "spell_class": "WARLOCK_F",
    "skill": "occult",
    "difficulty": 1,
    "max_level": 10,
    "base_casting_time": 100,
    "energy_source": "MANA"
  },
  {
    "id": "sense_lesser_demons",
    "type": "SPELL",
    "name": "Sense Lesser Demons",
    "description": "You call upon a burning rage, and bring forth several lesser demons.",
    "flags": [ "SOMATIC", "VERBAL", "WONDER" ],
    "valid_targets": [ "ground" ],
    "spell_class": "WARLOCK_F",
    "effect": "none",
    "shape": "blast",
    "energy_source": "MANA",
    "skill": "occult",
    "min_range": 3,
    "max_range": 6,
    "range_increment": 0.2,
    "min_aoe": 1,
    "max_aoe": 4,
    "aoe_increment": 0.2,
    "max_level": 15,
    "difficulty": 3,
    "min_damage": 2,
    "max_damage": 2,
    "base_casting_time": 120,
    "base_energy_cost": 225,
    "extra_effects": [
      { "id": "imp_spear_effect" },
      { "id": "imp_sword_effect" },
      { "id": "imp_pyro_effect" }
    ]
  },
{
    "id": "toxic_cloud",
    "type": "SPELL",
    "name": "Toxic Mist",
    "description": "Draws forth a broad wall of poisionous vapors, harming any who pass through.",
    "valid_targets": [ "hostile", "ground", "ally" ],
    "effect": "attack",
    "shape": "line",
    "effect_str": "downed",
    "flags": [ "SOMATIC", "NO_LEGS" ],
    "energy_source": "MANA",
    "spell_class": "WARLOCK_F",
    "skill": "occult",
    "difficulty": 2,
    "base_casting_time": 100,
    "base_energy_cost": 125,
    "max_level": 10,
    "min_aoe": 5,
    "max_aoe": 10,
    "aoe_increment": 0.5,
    "min_range": 2,
    "max_range": 4,
    "range_increment": 0.2,
    "min_duration": 200,
    "max_duration": 800,
    "duration_increment": 60,
    "field_id": "fd_toxic_gas",
    "field_chance": 1,
    "min_field_intensity": 3,
    "max_field_intensity": 3,
    "field_intensity_variance": 1
  },
  {
    "id": "hellswipe",
    "type": "SPELL",
    "name": "Daemons Blade",
    "description": "Sword, axe, fist. Whatever it is, you coat it in hellfire.",
    "valid_targets": [ "hostile", "ally", "ground" ],
    "min_damage": 20,
    "max_damage": 100,
    "damage_increment": 0.4,
    "min_range": 1,
    "max_range": 1,
    "effect": "attack",
    "shape": "blast",
    "base_casting_time": 100,
    "final_casting_time": 85,
    "casting_time_increment": -0.75,
    "base_energy_cost": 100,
    "spell_class": "WARLOCK_F",
    "skill": "occult",
    "difficulty": 3,
    "max_level": 20,
    "damage_type": "heat",
    "flags": [ "VERBAL", "NO_HANDS" ],
    "energy_source": "MANA"
  },
  {
    "id": "hellish_rebuke",
    "type": "SPELL",
    "name": { "str": "Hellish Rebuke" },
    "description": "You utter fiendish language, setting yourself ablaze. Whence struck, fire leaps forth at the attcker.",
    "effect": "spawn_item",
    "shape": "blast",
    "effect_str": "flameshield",
    "valid_targets": [ "self" ],
    "spell_class": "WARLOCK_F",
    "skill": "occult",
    "flags": [ "SOMATIC", "CONCENTRATE", "VERBAL" ],
    "max_level": 30,
    "min_damage": 1,
    "max_damage": 1,
    "min_duration": 3000,
    "max_duration": 25000,
    "duration_increment": 733,
    "base_casting_time": 100,
    "base_energy_cost": 150,
    "energy_source": "MANA",
    "difficulty": 5
  }
]