[
{ 
    "result": "armguard_larmor+1",
    "type": "recipe",
    "category": "CC_ARCANE",
    "subcategory": "CSC_ARCANE_CLOTHING",
    "skill_used": "spellcraft",
    "skills_required": [ "spellcraft", 3 ],
    "difficulty": 3,
    "time": "15 m",
    "book_learn": [ [ "infusion_basic", 1 ] ],
    "qualities": [ { "id": "INFUSION", "level": 1 } ],
    "components": [ [ [ "crystallized_mana", 150 ] ], [ [ "armguard_larmor", 1 ] ] ],
    "proficiencies": [
      { "proficiency": "prof_infusion", "required": false } 
                     ]   
  },
{ 
    "result": "armguard_lightplate+1",
    "type": "recipe",
    "category": "CC_ARCANE",
    "subcategory": "CSC_ARCANE_CLOTHING",
    "skill_used": "spellcraft",
    "skills_required": [ "spellcraft", 3 ],
    "difficulty": 3,
    "time": "15 m",
    "book_learn": [ [ "infusion_basic", 1 ] ],
    "qualities": [ { "id": "INFUSION", "level": 1 } ],
    "components": [ [ [ "crystallized_mana", 150 ] ], [ [ "armguard_lightplate", 1 ] ] ],
    "proficiencies": [
      { "proficiency": "prof_infusion", "required": false } 
                     ]   
  },
  { 
    "result": "chainmail_arms+1",
    "type": "recipe",
    "category": "CC_ARCANE",
    "subcategory": "CSC_ARCANE_CLOTHING",
    "skill_used": "spellcraft",
    "skills_required": [ "spellcraft", 3 ],
    "difficulty": 3,
    "time": "15 m",
    "book_learn": [ [ "infusion_basic", 1 ] ],
    "qualities": [ { "id": "INFUSION", "level": 1 } ],
    "components": [ [ [ "crystallized_mana", 150 ] ], [ [ "chainmail_arms", 1 ] ] ],
    "proficiencies": [
      { "proficiency": "prof_infusion", "required": false } 
                     ]   
  },
  { 
    "result": "vambrace_larmor+1",
    "type": "recipe",
    "category": "CC_ARCANE",
    "subcategory": "CSC_ARCANE_CLOTHING",
    "skill_used": "spellcraft",
    "skills_required": [ "spellcraft", 3 ],
    "difficulty": 3,
    "time": "15 m",
    "book_learn": [ [ "infusion_basic", 1 ] ],
    "qualities": [ { "id": "INFUSION", "level": 1 } ],
    "components": [ [ [ "crystallized_mana", 150 ] ], [ [ "vambrace_larmor", 1 ] ] ],
    "proficiencies": [
      { "proficiency": "prof_infusion", "required": false } 
                     ]   
  },
{ 
    "result": "boots_larmor+1",
    "type": "recipe",
    "category": "CC_ARCANE",
    "subcategory": "CSC_ARCANE_CLOTHING",
    "skill_used": "spellcraft",
    "skills_required": [ "spellcraft", 3 ],
    "difficulty": 3,
    "time": "15 m",
    "book_learn": [ [ "infusion_basic", 1 ] ],
    "qualities": [ { "id": "INFUSION", "level": 1 } ],
    "components": [ [ [ "crystallized_mana", 150 ] ], [ [ "boots_larmor", 1 ] ] ],
    "proficiencies": [
      { "proficiency": "prof_infusion", "required": false } 
                     ]   
  },
{ 
    "result": "boots_plate+1",
    "type": "recipe",
    "category": "CC_ARCANE",
    "subcategory": "CSC_ARCANE_CLOTHING",
    "skill_used": "spellcraft",
    "skills_required": [ "spellcraft", 3 ],
    "difficulty": 3,
    "time": "15 m",
    "book_learn": [ [ "infusion_basic", 1 ] ],
    "qualities": [ { "id": "INFUSION", "level": 1 } ],
    "components": [ [ [ "crystallized_mana", 150 ] ], [ [ "boots_plate", 1 ] ] ],
    "proficiencies": [
      { "proficiency": "prof_infusion", "required": false } 
                     ]   
  },
{ 
    "result": "chainmail_feet+1",
    "type": "recipe",
    "category": "CC_ARCANE",
    "subcategory": "CSC_ARCANE_CLOTHING",
    "skill_used": "spellcraft",
    "skills_required": [ "spellcraft", 3 ],
    "difficulty": 3,
    "time": "15 m",
    "book_learn": [ [ "infusion_basic", 1 ] ],
    "qualities": [ { "id": "INFUSION", "level": 1 } ],
    "components": [ [ [ "crystallized_mana", 150 ] ], [ [ "chainmail_feet", 1 ] ] ],
    "proficiencies": [
      { "proficiency": "prof_infusion", "required": false } 
                     ]   
  },
{ 
    "result": "chainmail_hands+1",
    "type": "recipe",
    "category": "CC_ARCANE",
    "subcategory": "CSC_ARCANE_CLOTHING",
    "skill_used": "spellcraft",
    "skills_required": [ "spellcraft", 3 ],
    "difficulty": 3,
    "time": "15 m",
    "book_learn": [ [ "infusion_basic", 1 ] ],
    "qualities": [ { "id": "INFUSION", "level": 1 } ],
    "components": [ [ [ "crystallized_mana", 150 ] ], [ [ "chainmail_hands", 1 ] ] ],
    "proficiencies": [
      { "proficiency": "prof_infusion", "required": false } 
                     ]   
  },
{ 
    "result": "gauntlets_larmor+1",
    "type": "recipe",
    "category": "CC_ARCANE",
    "subcategory": "CSC_ARCANE_CLOTHING",
    "skill_used": "spellcraft",
    "skills_required": [ "spellcraft", 3 ],
    "difficulty": 3,
    "time": "15 m",
    "book_learn": [ [ "infusion_basic", 1 ] ],
    "qualities": [ { "id": "INFUSION", "level": 1 } ],
    "components": [ [ [ "crystallized_mana", 150 ] ], [ [ "gauntlets_larmor", 1 ] ] ],
    "proficiencies": [
      { "proficiency": "prof_infusion", "required": false } 
                     ]   
  },
{ 
    "result": "gloves_plate+1",
    "type": "recipe",
    "category": "CC_ARCANE",
    "subcategory": "CSC_ARCANE_CLOTHING",
    "skill_used": "spellcraft",
    "skills_required": [ "spellcraft", 3 ],
    "difficulty": 3,
    "time": "15 m",
    "book_learn": [ [ "infusion_basic", 1 ] ],
    "qualities": [ { "id": "INFUSION", "level": 1 } ],
    "components": [ [ [ "crystallized_mana", 150 ] ], [ [ "gloves_plate", 1 ] ] ],
    "proficiencies": [
      { "proficiency": "prof_infusion", "required": false } 
                     ]   
  },
{ 
    "result": "helmet_barbute+1",
    "type": "recipe",
    "category": "CC_ARCANE",
    "subcategory": "CSC_ARCANE_CLOTHING",
    "skill_used": "spellcraft",
    "skills_required": [ "spellcraft", 3 ],
    "difficulty": 3,
    "time": "15 m",
    "book_learn": [ [ "infusion_basic", 1 ] ],
    "qualities": [ { "id": "INFUSION", "level": 1 } ],
    "components": [ [ [ "crystallized_mana", 150 ] ], [ [ "helmet_barbute", 1 ] ] ],
    "proficiencies": [
      { "proficiency": "prof_infusion", "required": false } 
                     ]   
  },
{ 
    "result": "helmet_conical+1",
    "type": "recipe",
    "category": "CC_ARCANE",
    "subcategory": "CSC_ARCANE_CLOTHING",
    "skill_used": "spellcraft",
    "skills_required": [ "spellcraft", 3 ],
    "difficulty": 3,
    "time": "15 m",
    "book_learn": [ [ "infusion_basic", 1 ] ],
    "qualities": [ { "id": "INFUSION", "level": 1 } ],
    "components": [ [ [ "crystallized_mana", 150 ] ], [ [ "helmet_conical", 1 ] ] ],
    "proficiencies": [
      { "proficiency": "prof_infusion", "required": false } 
                     ]   
  },
{ 
    "result": "helmet_galea+1",
    "type": "recipe",
    "category": "CC_ARCANE",
    "subcategory": "CSC_ARCANE_CLOTHING",
    "skill_used": "spellcraft",
    "skills_required": [ "spellcraft", 3 ],
    "difficulty": 3,
    "time": "15 m",
    "book_learn": [ [ "infusion_basic", 1 ] ],
    "qualities": [ { "id": "INFUSION", "level": 1 } ],
    "components": [ [ [ "crystallized_mana", 150 ] ], [ [ "helmet_galea", 1 ] ] ],
    "proficiencies": [
      { "proficiency": "prof_infusion", "required": false } 
                     ]   
  },
{ 
    "result": "helmet_kabuto+1",
    "type": "recipe",
    "category": "CC_ARCANE",
    "subcategory": "CSC_ARCANE_CLOTHING",
    "skill_used": "spellcraft",
    "skills_required": [ "spellcraft", 3 ],
    "difficulty": 3,
    "time": "15 m",
    "book_learn": [ [ "infusion_basic", 1 ] ],
    "qualities": [ { "id": "INFUSION", "level": 1 } ],
    "components": [ [ [ "crystallized_mana", 150 ] ], [ [ "helmet_kabuto", 1 ] ] ],
    "proficiencies": [
      { "proficiency": "prof_infusion", "required": false } 
                     ]   
  },
{ 
    "result": "helmet_nasal+1",
    "type": "recipe",
    "category": "CC_ARCANE",
    "subcategory": "CSC_ARCANE_CLOTHING",
    "skill_used": "spellcraft",
    "skills_required": [ "spellcraft", 3 ],
    "difficulty": 3,
    "time": "15 m",
    "book_learn": [ [ "infusion_basic", 1 ] ],
    "qualities": [ { "id": "INFUSION", "level": 1 } ],
    "components": [ [ [ "crystallized_mana", 150 ] ], [ [ "helmet_nasal", 1 ] ] ],
    "proficiencies": [
      { "proficiency": "prof_infusion", "required": false } 
                     ]   
  },
{ 
    "result": "helmet_nomad+1",
    "type": "recipe",
    "category": "CC_ARCANE",
    "subcategory": "CSC_ARCANE_CLOTHING",
    "skill_used": "spellcraft",
    "skills_required": [ "spellcraft", 3 ],
    "difficulty": 3,
    "time": "15 m",
    "book_learn": [ [ "infusion_basic", 1 ] ],
    "qualities": [ { "id": "INFUSION", "level": 1 } ],
    "components": [ [ [ "crystallized_mana", 150 ] ], [ [ "helmet_nomad", 1 ] ] ],
    "proficiencies": [
      { "proficiency": "prof_infusion", "required": false } 
                     ]   
  },
{ 
    "result": "helmet_plate+1",
    "type": "recipe",
    "category": "CC_ARCANE",
    "subcategory": "CSC_ARCANE_CLOTHING",
    "skill_used": "spellcraft",
    "skills_required": [ "spellcraft", 3 ],
    "difficulty": 3,
    "time": "15 m",
    "book_learn": [ [ "infusion_basic", 1 ] ],
    "qualities": [ { "id": "INFUSION", "level": 1 } ],
    "components": [ [ [ "crystallized_mana", 150 ] ], [ [ "helmet_plate", 1 ] ] ],
    "proficiencies": [
      { "proficiency": "prof_infusion", "required": false } 
                     ]   
  },
{ 
    "result": "helmet_corinthian+1",
    "type": "recipe",
    "category": "CC_ARCANE",
    "subcategory": "CSC_ARCANE_CLOTHING",
    "skill_used": "spellcraft",
    "skills_required": [ "spellcraft", 3 ],
    "difficulty": 3,
    "time": "15 m",
    "book_learn": [ [ "infusion_basic", 1 ] ],
    "qualities": [ { "id": "INFUSION", "level": 1 } ],
    "components": [ [ [ "crystallized_mana", 150 ] ], [ [ "helmet_corinthian", 1 ] ] ],
    "proficiencies": [
      { "proficiency": "prof_infusion", "required": false } 
                     ]   
  },
{ 
    "result": "chainmail_legs+1",
    "type": "recipe",
    "category": "CC_ARCANE",
    "subcategory": "CSC_ARCANE_CLOTHING",
    "skill_used": "spellcraft",
    "skills_required": [ "spellcraft", 3 ],
    "difficulty": 3,
    "time": "15 m",
    "book_learn": [ [ "infusion_basic", 1 ] ],
    "qualities": [ { "id": "INFUSION", "level": 1 } ],
    "components": [ [ [ "crystallized_mana", 150 ] ], [ [ "chainmail_legs", 1 ] ] ],
    "proficiencies": [
      { "proficiency": "prof_infusion", "required": false } 
                     ]   
  },
{ 
    "result": "chaps_leather+1",
    "type": "recipe",
    "category": "CC_ARCANE",
    "subcategory": "CSC_ARCANE_CLOTHING",
    "skill_used": "spellcraft",
    "skills_required": [ "spellcraft", 3 ],
    "difficulty": 3,
    "time": "15 m",
    "book_learn": [ [ "infusion_basic", 1 ] ],
    "qualities": [ { "id": "INFUSION", "level": 1 } ],
    "components": [ [ [ "crystallized_mana", 150 ] ], [ [ "chaps_leather", 1 ] ] ],
    "proficiencies": [
      { "proficiency": "prof_infusion", "required": false } 
                     ]   
  },
{ 
    "result": "legguard_bronze+1",
    "type": "recipe",
    "category": "CC_ARCANE",
    "subcategory": "CSC_ARCANE_CLOTHING",
    "skill_used": "spellcraft",
    "skills_required": [ "spellcraft", 3 ],
    "difficulty": 3,
    "time": "15 m",
    "book_learn": [ [ "infusion_basic", 1 ] ],
    "qualities": [ { "id": "INFUSION", "level": 1 } ],
    "components": [ [ [ "crystallized_mana", 150 ] ], [ [ "legguard_bronze", 1 ] ] ],
    "proficiencies": [
      { "proficiency": "prof_infusion", "required": false } 
                     ]   
  },
{ 
    "result": "legguard_lightplate+1",
    "type": "recipe",
    "category": "CC_ARCANE",
    "subcategory": "CSC_ARCANE_CLOTHING",
    "skill_used": "spellcraft",
    "skills_required": [ "spellcraft", 3 ],
    "difficulty": 3,
    "time": "15 m",
    "book_learn": [ [ "infusion_basic", 1 ] ],
    "qualities": [ { "id": "INFUSION", "level": 1 } ],
    "components": [ [ [ "crystallized_mana", 150 ] ], [ [ "legguard_lightplate", 1 ] ] ],
    "proficiencies": [
      { "proficiency": "prof_infusion", "required": false } 
                     ]   
  },
{ 
    "result": "legguard_metal+1",
    "type": "recipe",
    "category": "CC_ARCANE",
    "subcategory": "CSC_ARCANE_CLOTHING",
    "skill_used": "spellcraft",
    "skills_required": [ "spellcraft", 3 ],
    "difficulty": 3,
    "time": "15 m",
    "book_learn": [ [ "infusion_basic", 1 ] ],
    "qualities": [ { "id": "INFUSION", "level": 1 } ],
    "components": [ [ [ "crystallized_mana", 150 ] ], [ [ "legguard_metal", 1 ] ] ],
    "proficiencies": [
      { "proficiency": "prof_infusion", "required": false } 
                     ]   
  },
{ 
    "result": "armor_cuirass+1",
    "type": "recipe",
    "category": "CC_ARCANE",
    "subcategory": "CSC_ARCANE_CLOTHING",
    "skill_used": "spellcraft",
    "skills_required": [ "spellcraft", 3 ],
    "difficulty": 3,
    "time": "15 m",
    "book_learn": [ [ "infusion_basic", 1 ] ],
    "qualities": [ { "id": "INFUSION", "level": 1 } ],
    "components": [ [ [ "crystallized_mana", 150 ] ], [ [ "armor_cuirass", 1 ] ] ],
    "proficiencies": [
      { "proficiency": "prof_infusion", "required": false } 
                     ]   
  },
{ 
    "result": "armor_lamellar+1",
    "type": "recipe",
    "category": "CC_ARCANE",
    "subcategory": "CSC_ARCANE_CLOTHING",
    "skill_used": "spellcraft",
    "skills_required": [ "spellcraft", 3 ],
    "difficulty": 3,
    "time": "15 m",
    "book_learn": [ [ "infusion_basic", 1 ] ],
    "qualities": [ { "id": "INFUSION", "level": 1 } ],
    "components": [ [ [ "crystallized_mana", 150 ] ], [ [ "armor_lamellar", 1 ] ] ],
    "proficiencies": [
      { "proficiency": "prof_infusion", "required": false } 
                     ]   
  },
{ 
    "result": "armor_lorica+1",
    "type": "recipe",
    "category": "CC_ARCANE",
    "subcategory": "CSC_ARCANE_CLOTHING",
    "skill_used": "spellcraft",
    "skills_required": [ "spellcraft", 3 ],
    "difficulty": 3,
    "time": "15 m",
    "book_learn": [ [ "infusion_basic", 1 ] ],
    "qualities": [ { "id": "INFUSION", "level": 1 } ],
    "components": [ [ [ "crystallized_mana", 150 ] ], [ [ "armor_lorica", 1 ] ] ],
    "proficiencies": [
      { "proficiency": "prof_infusion", "required": false } 
                     ]   
  },
{ 
    "result": "chainmail_vest+1",
    "type": "recipe",
    "category": "CC_ARCANE",
    "subcategory": "CSC_ARCANE_CLOTHING",
    "skill_used": "spellcraft",
    "skills_required": [ "spellcraft", 3 ],
    "difficulty": 3,
    "time": "15 m",
    "book_learn": [ [ "infusion_basic", 1 ] ],
    "qualities": [ { "id": "INFUSION", "level": 1 } ],
    "components": [ [ [ "crystallized_mana", 150 ] ], [ [ "chainmail_vest", 1 ] ] ],
    "proficiencies": [
      { "proficiency": "prof_infusion", "required": false } 
                     ]   
  },
{ 
    "result": "cuirass_lightplate+1",
    "type": "recipe",
    "category": "CC_ARCANE",
    "subcategory": "CSC_ARCANE_CLOTHING",
    "skill_used": "spellcraft",
    "skills_required": [ "spellcraft", 3 ],
    "difficulty": 3,
    "time": "15 m",
    "book_learn": [ [ "infusion_basic", 1 ] ],
    "qualities": [ { "id": "INFUSION", "level": 1 } ],
    "components": [ [ [ "crystallized_mana", 150 ] ], [ [ "cuirass_lightplate", 1 ] ] ],
    "proficiencies": [
      { "proficiency": "prof_infusion", "required": false } 
                     ]   
  },
{ 
    "result": "armor_blarmor+1",
    "type": "recipe",
    "category": "CC_ARCANE",
    "subcategory": "CSC_ARCANE_CLOTHING",
    "skill_used": "spellcraft",
    "skills_required": [ "spellcraft", 3 ],
    "difficulty": 3,
    "time": "15 m",
    "book_learn": [ [ "infusion_basic", 1 ] ],
    "qualities": [ { "id": "INFUSION", "level": 1 } ],
    "components": [ [ [ "crystallized_mana", 150 ] ], [ [ "armor_blarmor", 1 ] ] ],
    "proficiencies": [
      { "proficiency": "prof_infusion", "required": false } 
                     ]   
  },
{ 
    "result": "armor_farmor+1",
    "type": "recipe",
    "category": "CC_ARCANE",
    "subcategory": "CSC_ARCANE_CLOTHING",
    "skill_used": "spellcraft",
    "skills_required": [ "spellcraft", 3 ],
    "difficulty": 3,
    "time": "15 m",
    "book_learn": [ [ "infusion_basic", 1 ] ],
    "qualities": [ { "id": "INFUSION", "level": 1 } ],
    "components": [ [ [ "crystallized_mana", 150 ] ], [ [ "armor_farmor", 1 ] ] ],
    "proficiencies": [
      { "proficiency": "prof_infusion", "required": false } 
                     ]   
  },
{ 
    "result": "armor_larmor+1",
    "type": "recipe",
    "category": "CC_ARCANE",
    "subcategory": "CSC_ARCANE_CLOTHING",
    "skill_used": "spellcraft",
    "skills_required": [ "spellcraft", 3 ],
    "difficulty": 3,
    "time": "15 m",
    "book_learn": [ [ "infusion_basic", 1 ] ],
    "qualities": [ { "id": "INFUSION", "level": 1 } ],
    "components": [ [ [ "crystallized_mana", 150 ] ], [ [ "armor_larmor", 1 ] ] ],
    "proficiencies": [
      { "proficiency": "prof_infusion", "required": false } 
                     ]   
  },
{ 
    "result": "armor_lightplate+1",
    "type": "recipe",
    "category": "CC_ARCANE",
    "subcategory": "CSC_ARCANE_CLOTHING",
    "skill_used": "spellcraft",
    "skills_required": [ "spellcraft", 3 ],
    "difficulty": 3,
    "time": "15 m",
    "book_learn": [ [ "infusion_basic", 1 ] ],
    "qualities": [ { "id": "INFUSION", "level": 1 } ],
    "components": [ [ [ "crystallized_mana", 150 ] ], [ [ "armor_lightplate", 1 ] ] ],
    "proficiencies": [
      { "proficiency": "prof_infusion", "required": false } 
                     ]   
  },
{ 
    "result": "armor_plarmor+1",
    "type": "recipe",
    "category": "CC_ARCANE",
    "subcategory": "CSC_ARCANE_CLOTHING",
    "skill_used": "spellcraft",
    "skills_required": [ "spellcraft", 3 ],
    "difficulty": 3,
    "time": "15 m",
    "book_learn": [ [ "infusion_basic", 1 ] ],
    "qualities": [ { "id": "INFUSION", "level": 1 } ],
    "components": [ [ [ "crystallized_mana", 150 ] ], [ [ "armor_plarmor", 1 ] ] ],
    "proficiencies": [
      { "proficiency": "prof_infusion", "required": false } 
                     ]   
  },
{ 
    "result": "armor_samurai+1",
    "type": "recipe",
    "category": "CC_ARCANE",
    "subcategory": "CSC_ARCANE_CLOTHING",
    "skill_used": "spellcraft",
    "skills_required": [ "spellcraft", 3 ],
    "difficulty": 3,
    "time": "15 m",
    "book_learn": [ [ "infusion_basic", 1 ] ],
    "qualities": [ { "id": "INFUSION", "level": 1 } ],
    "components": [ [ [ "crystallized_mana", 150 ] ], [ [ "armor_samurai", 1 ] ] ],
    "proficiencies": [
      { "proficiency": "prof_infusion", "required": false } 
                     ]   
  },
{ 
    "result": "chainmail_hauberk+1",
    "type": "recipe",
    "category": "CC_ARCANE",
    "subcategory": "CSC_ARCANE_CLOTHING",
    "skill_used": "spellcraft",
    "skills_required": [ "spellcraft", 3 ],
    "difficulty": 3,
    "time": "15 m",
    "book_learn": [ [ "infusion_basic", 1 ] ],
    "qualities": [ { "id": "INFUSION", "level": 1 } ],
    "components": [ [ [ "crystallized_mana", 150 ] ], [ [ "chainmail_hauberk", 1 ] ] ],
    "proficiencies": [
      { "proficiency": "prof_infusion", "required": false } 
                     ]   
  },
{ 
    "result": "chainmail_suit+1",
    "type": "recipe",
    "category": "CC_ARCANE",
    "subcategory": "CSC_ARCANE_CLOTHING",
    "skill_used": "spellcraft",
    "skills_required": [ "spellcraft", 3 ],
    "difficulty": 3,
    "time": "15 m",
    "book_learn": [ [ "infusion_basic", 1 ] ],
    "qualities": [ { "id": "INFUSION", "level": 1 } ],
    "components": [ [ [ "crystallized_mana", 150 ] ], [ [ "chainmail_suit", 1 ] ] ],
    "proficiencies": [
      { "proficiency": "prof_infusion", "required": false } 
                     ]   
  },
{ 
    "result": "cult_robes_defender+1",
    "type": "recipe",
    "category": "CC_ARCANE",
    "subcategory": "CSC_ARCANE_CLOTHING",
    "skill_used": "occult",
    "skills_required": [ "occult", 3 ],
    "difficulty": 3,
    "time": "15 m",
    "book_learn": [ [ "archaesth", 1 ] ],
    "qualities": [ { "id": "INFUSION", "level": 1 } ],
    "components": [ [ [ "crystallized_mana", 150 ] ], [ [ "cult_robes_defender", 1 ] ] ],
    "proficiencies": [
      { "proficiency": "prof_infusion", "required": false } 
                     ]   
  },
{ 
    "result": "wooden_buckler+1",
    "type": "recipe",
    "category": "CC_ARCANE",
    "subcategory": "CSC_ARCANE_CLOTHING",
    "skill_used": "spellcraft",
    "skills_required": [ "spellcraft", 3 ],
    "difficulty": 3,
    "time": "15 m",
    "book_learn": [ [ "infusion_basic", 1 ] ],
    "qualities": [ { "id": "INFUSION", "level": 1 } ],
    "components": [ [ [ "crystallized_mana", 150 ] ], [ [ "wooden_buckler", 1 ] ] ],
    "proficiencies": [
      { "proficiency": "prof_infusion", "required": false } 
                     ]   
  },
{ 
    "result": "wooden_shield+1",
    "type": "recipe",
    "category": "CC_ARCANE",
    "subcategory": "CSC_ARCANE_CLOTHING",
    "skill_used": "spellcraft",
    "skills_required": [ "spellcraft", 3 ],
    "difficulty": 3,
    "time": "15 m",
    "book_learn": [ [ "infusion_basic", 1 ] ],
    "qualities": [ { "id": "INFUSION", "level": 1 } ],
    "components": [ [ [ "crystallized_mana", 150 ] ], [ [ "wooden_shield", 1 ] ] ],
    "proficiencies": [
      { "proficiency": "prof_infusion", "required": false } 
                     ]   
  },
{ 
    "result": "wooden_shield_tower+1",
    "type": "recipe",
    "category": "CC_ARCANE",
    "subcategory": "CSC_ARCANE_CLOTHING",
    "skill_used": "spellcraft",
    "skills_required": [ "spellcraft", 3 ],
    "difficulty": 3,
    "time": "15 m",
    "book_learn": [ [ "infusion_basic", 1 ] ],
    "qualities": [ { "id": "INFUSION", "level": 1 } ],
    "components": [ [ [ "crystallized_mana", 150 ] ], [ [ "wooden_shield_tower", 1 ] ] ],
    "proficiencies": [
      { "proficiency": "prof_infusion", "required": false } 
                     ]   
  },
{ 
    "result": "metal_buckler+1",
    "type": "recipe",
    "category": "CC_ARCANE",
    "subcategory": "CSC_ARCANE_CLOTHING",
    "skill_used": "spellcraft",
    "skills_required": [ "spellcraft", 3 ],
    "difficulty": 3,
    "time": "15 m",
    "book_learn": [ [ "infusion_basic", 1 ] ],
    "qualities": [ { "id": "INFUSION", "level": 1 } ],
    "components": [ [ [ "crystallized_mana", 150 ] ], [ [ "metal_buckler", 1 ] ] ],
    "proficiencies": [
      { "proficiency": "prof_infusion", "required": false } 
                     ]   
  },
{ 
    "result": "metal_shield+1",
    "type": "recipe",
    "category": "CC_ARCANE",
    "subcategory": "CSC_ARCANE_CLOTHING",
    "skill_used": "spellcraft",
    "skills_required": [ "spellcraft", 3 ],
    "difficulty": 3,
    "time": "15 m",
    "book_learn": [ [ "infusion_basic", 1 ] ],
    "qualities": [ { "id": "INFUSION", "level": 1 } ],
    "components": [ [ [ "crystallized_mana", 150 ] ], [ [ "metal_shield", 1 ] ] ],
    "proficiencies": [
      { "proficiency": "prof_infusion", "required": false } 
                     ]   
  },
{ 
    "result": "metal_shield_tower+1",
    "type": "recipe",
    "category": "CC_ARCANE",
    "subcategory": "CSC_ARCANE_CLOTHING",
    "skill_used": "spellcraft",
    "skills_required": [ "spellcraft", 3 ],
    "difficulty": 3,
    "time": "15 m",
    "book_learn": [ [ "infusion_basic", 1 ] ],
    "qualities": [ { "id": "INFUSION", "level": 1 } ],
    "components": [ [ [ "crystallized_mana", 150 ] ], [ [ "metal_shield_tower", 1 ] ] ],
    "proficiencies": [
      { "proficiency": "prof_infusion", "required": false } 
                     ]   
  }
]