[
  {
    "type": "item_group",
    "id": "blacksmith_weapons_and_armour",
    "subtype": "collection",
    "entries": [
      { "item": "pickaxe", "prob": 10 },
	  { "item": "machete", "prob": 5 },
	  { "item": "ax", "prob": 20 },
	  { "item": "arrow_wood", "prob": 30, "count": [ 1, 10 ] },
	  { "item": "bolt_wood", "prob": 30, "count": [ 1, 10 ] },
	  { "item": "longsword", "prob": 40 },
	  { "item": "knife_baselard", "prob": 40 },
	  { "item": "cavalry_sabre", "prob": 40 },
	  { "item": "estoc", "prob": 40 },
	  { "item": "arming_sword", "prob": 40 },
	  { "item": "zweihander", "prob": 10 },
	  { "item": "broadsword", "prob": 40 },
	  { "item": "rapier", "prob": 40 },
	  { "item": "cutlass", "prob": 40 },
	  { "item": "2h_flail_steel", "prob": 10 },
	  { "item": "battleaxe", "prob": 10 },
	  { "item": "hammer_sledge", "prob": 10 },
	  { "item": "lucern_hammer", "prob": 10 },
	  { "item": "mace", "prob": 40 },
	  { "item": "morningstar", "prob": 40 },
	  { "item": "warhammer", "prob": 10 },
	  { "item": "spear_steel", "prob": 40 },
	  { "item": "halberd", "prob": 30 },
	  { "item": "pike", "prob": 40 },
	  { "item": "longbow", "prob": 10 },
	  { "item": "recurbow", "prob": 10 },
	  { "item": "shortbow", "prob": 10 },
	  { "item": "misc_repairkit", "prob": 20 },
	  { "item": "quiver", "prob": 10 },
	  { "item": "quiver_large", "prob": 10 },
	  { "item": "crowbar", "prob": 1 },
	  { "item": "chainmail_feet", "prob": 40 },
	  { "item": "chainmail_legs", "prob": 40 },
	  { "item": "chainmail_hands", "prob": 40 },
	  { "item": "chainmail_arms", "prob": 40 },
	  { "item": "chainmail_hood", "prob": 40 },
	  { "item": "chainmail_hauberk", "prob": 40 },
	  { "item": "chainmail_suit", "prob": 40 },
	  { "item": "chainmail_vest", "prob": 40 },
	  { "item": "boots_plate", "prob": 40 },
	  { "item": "gloves_plate", "prob": 40 },
	  { "item": "helmet_plate", "prob": 40 },
	  { "item": "armor_plate", "prob": 40 },
	  { "item": "legguard_lightplate", "prob": 40 },
	  { "item": "armguard_lightplate", "prob": 40 },
	  { "item": "armor_lightplate", "prob": 40 },
	  { "item": "cuirass_lightplate", "prob": 40 },
	  { "item": "helmet_barbute", "prob": 40 },
	  { "item": "boots_steel", "prob": 40 },
	  { "item": "gloves_leather", "prob": 40 },
	  { "item": "chain", "prob": 40, "count": [ 1, 5 ] }
    ]
  },
  {
    "type": "item_group",
    "id": "BLACKSMITH_SHOP",
    "subtype": "collection",
    "entries": [
      { "group": "blacksmith_weapons_and_armour", "prob": 100 },
      { "group": "shields_all", "prob": 100 }
    ]
  }
]
