[
{
    "result": "broken_clay_golem",
    "type": "uncraft",
    "activity_level": "fake",
    "skill_used": "fabrication",
    "difficulty": 1,
    "time": "4 h",
    "qualities": [ { "id": "HAMMER", "level": 1 } ],
    "components": [ [ [ "clay_lump", 231 ] ] ]
  },
{
    "result": "broken_stone_golem",
    "type": "uncraft",
    "activity_level": "fake",
    "skill_used": "fabrication",
    "difficulty": 1,
    "time": "4 h",
    "qualities": [ { "id": "HAMMER", "level": 1 } ],
    "components": [ [ [ "rock", 231 ] ] ]
  },
{
    "result": "broken_iron_golem",
    "type": "uncraft",
    "activity_level": "fake",
    "skill_used": "fabrication",
    "difficulty": 2,
    "time": "6 h",
    "qualities": [ { "id": "HAMMER", "level": 2 } ],
    "components": [ [ [ "steel_lump", 231 ] ] ]
  }
]