[
{ 
    "result": "longsword_fire+4",
    "type": "recipe",
    "category": "CC_ARCANE",
    "subcategory": "CSC_ARCANE_WEAPONRY",
    "skill_used": "spellcraft",
    "skills_required": [ "spellcraft", 9 ],
    "difficulty": 9,
    "time": "30 m",
    "book_learn": [ [ "infusion_fire_adv", 1 ] ],
    "qualities": [ { "id": "INFUSION", "level": 2 } ],
    "components": [ [ [ "crystallized_mana", 210 ] ], [ [ "longsword+4", 1 ] ] ],
    "proficiencies": [
      { "proficiency": "prof_infusion", "required": true } 
                     ]   
  },
{ 
    "result": "wood_sword_fire+4",
    "type": "recipe",
    "category": "CC_ARCANE",
    "subcategory": "CSC_ARCANE_WEAPONRY",
    "skill_used": "spellcraft",
    "skills_required": [ "spellcraft", 9 ],
    "difficulty": 9,
    "time": "30 m",
    "book_learn": [ [ "infusion_fire_adv", 1 ] ],
    "qualities": [ { "id": "INFUSION", "level": 2 } ],
    "components": [ [ [ "crystallized_mana", 210 ] ], [ [ "wood_sword+4", 1 ] ] ],
    "proficiencies": [
      { "proficiency": "prof_infusion", "required": true } 
                     ]   
  },
{ 
    "result": "makeshift_knife_fire+4",
    "type": "recipe",
    "category": "CC_ARCANE",
    "subcategory": "CSC_ARCANE_WEAPONRY",
    "skill_used": "spellcraft",
    "skills_required": [ "spellcraft", 9 ],
    "difficulty": 9,
    "time": "30 m",
    "book_learn": [ [ "infusion_fire_adv", 1 ] ],
    "qualities": [ { "id": "INFUSION", "level": 2 } ],
    "components": [ [ [ "crystallized_mana", 210 ] ], [ [ "makeshift_knife+4", 1 ] ] ],
    "proficiencies": [
      { "proficiency": "prof_infusion", "required": true } 
                     ]   
  },
{ 
    "result": "knife_baselard_fire+4",
    "type": "recipe",
    "category": "CC_ARCANE",
    "subcategory": "CSC_ARCANE_WEAPONRY",
    "skill_used": "spellcraft",
    "skills_required": [ "spellcraft", 9 ],
    "difficulty": 9,
    "time": "30 m",
    "book_learn": [ [ "infusion_fire_adv", 1 ] ],
    "qualities": [ { "id": "INFUSION", "level": 2 } ],
    "components": [ [ [ "crystallized_mana", 210 ] ], [ [ "knife_baselard+4", 1 ] ] ],
    "proficiencies": [
      { "proficiency": "prof_infusion", "required": true } 
                     ]   
  },
{ 
    "result": "machete_fire+4",
    "type": "recipe",
    "category": "CC_ARCANE",
    "subcategory": "CSC_ARCANE_WEAPONRY",
    "skill_used": "spellcraft",
    "skills_required": [ "spellcraft", 9 ],
    "difficulty": 9,
    "time": "30 m",
    "book_learn": [ [ "infusion_fire_adv", 1 ] ],
    "qualities": [ { "id": "INFUSION", "level": 2 } ],
    "components": [ [ [ "crystallized_mana", 210 ] ], [ [ "machete+4", 1 ] ] ],
    "proficiencies": [
      { "proficiency": "prof_infusion", "required": true } 
                     ]   
  },
{ 
    "result": "cavalry_sabre_fire+4",
    "type": "recipe",
    "category": "CC_ARCANE",
    "subcategory": "CSC_ARCANE_WEAPONRY",
    "skill_used": "spellcraft",
    "skills_required": [ "spellcraft", 9 ],
    "difficulty": 9,
    "time": "30 m",
    "book_learn": [ [ "infusion_fire_adv", 1 ] ],
    "qualities": [ { "id": "INFUSION", "level": 2 } ],
    "components": [ [ [ "crystallized_mana", 210 ] ], [ [ "cavalry_sabre+4", 1 ] ] ],
    "proficiencies": [
      { "proficiency": "prof_infusion", "required": true } 
                     ]   
  },
{ 
    "result": "kris_fire+4",
    "type": "recipe",
    "category": "CC_ARCANE",
    "subcategory": "CSC_ARCANE_WEAPONRY",
    "skill_used": "spellcraft",
    "skills_required": [ "spellcraft", 9 ],
    "difficulty": 9,
    "time": "30 m",
    "book_learn": [ [ "infusion_fire_adv", 1 ] ],
    "qualities": [ { "id": "INFUSION", "level": 2 } ],
    "components": [ [ [ "crystallized_mana", 210 ] ], [ [ "kris+4", 1 ] ] ],
    "proficiencies": [
      { "proficiency": "prof_infusion", "required": true } 
                     ]   
  },
{ 
    "result": "kukri_fire+4",
    "type": "recipe",
    "category": "CC_ARCANE",
    "subcategory": "CSC_ARCANE_WEAPONRY",
    "skill_used": "spellcraft",
    "skills_required": [ "spellcraft", 9 ],
    "difficulty": 9,
    "time": "30 m",
    "book_learn": [ [ "infusion_fire_adv", 1 ] ],
    "qualities": [ { "id": "INFUSION", "level": 2 } ],
    "components": [ [ [ "crystallized_mana", 210 ] ], [ [ "kukri+4", 1 ] ] ],
    "proficiencies": [
      { "proficiency": "prof_infusion", "required": true } 
                     ]   
  },
{ 
    "result": "jian_fire+4",
    "type": "recipe",
    "category": "CC_ARCANE",
    "subcategory": "CSC_ARCANE_WEAPONRY",
    "skill_used": "spellcraft",
    "skills_required": [ "spellcraft", 9 ],
    "difficulty": 9,
    "time": "30 m",
    "book_learn": [ [ "infusion_fire_adv", 1 ] ],
    "qualities": [ { "id": "INFUSION", "level": 2 } ],
    "components": [ [ [ "crystallized_mana", 210 ] ], [ [ "jian+4", 1 ] ] ],
    "proficiencies": [
      { "proficiency": "prof_infusion", "required": true } 
                     ]   
  },
{ 
    "result": "scimitar_fire+4",
    "type": "recipe",
    "category": "CC_ARCANE",
    "subcategory": "CSC_ARCANE_WEAPONRY",
    "skill_used": "spellcraft",
    "skills_required": [ "spellcraft", 9 ],
    "difficulty": 9,
    "time": "30 m",
    "book_learn": [ [ "infusion_fire_adv", 1 ] ],
    "qualities": [ { "id": "INFUSION", "level": 2 } ],
    "components": [ [ [ "crystallized_mana", 210 ] ], [ [ "scimitar+4", 1 ] ] ],
    "proficiencies": [
      { "proficiency": "prof_infusion", "required": true } 
                     ]   
  },
{ 
    "result": "estoc_fire+4",
    "type": "recipe",
    "category": "CC_ARCANE",
    "subcategory": "CSC_ARCANE_WEAPONRY",
    "skill_used": "spellcraft",
    "skills_required": [ "spellcraft", 9 ],
    "difficulty": 9,
    "time": "30 m",
    "book_learn": [ [ "infusion_fire_adv", 1 ] ],
    "qualities": [ { "id": "INFUSION", "level": 2 } ],
    "components": [ [ [ "crystallized_mana", 210 ] ], [ [ "estoc+4", 1 ] ] ],
    "proficiencies": [
      { "proficiency": "prof_infusion", "required": true } 
                     ]   
  },
{ 
    "result": "arming_sword_fire+4",
    "type": "recipe",
    "category": "CC_ARCANE",
    "subcategory": "CSC_ARCANE_WEAPONRY",
    "skill_used": "spellcraft",
    "skills_required": [ "spellcraft", 9 ],
    "difficulty": 9,
    "time": "30 m",
    "book_learn": [ [ "infusion_fire_adv", 1 ] ],
    "qualities": [ { "id": "INFUSION", "level": 2 } ],
    "components": [ [ [ "crystallized_mana", 210 ] ], [ [ "arming_sword+4", 1 ] ] ],
    "proficiencies": [
      { "proficiency": "prof_infusion", "required": true } 
                     ]   
  },
{ 
    "result": "tanto_fire+4",
    "type": "recipe",
    "category": "CC_ARCANE",
    "subcategory": "CSC_ARCANE_WEAPONRY",
    "skill_used": "spellcraft",
    "skills_required": [ "spellcraft", 9 ],
    "difficulty": 9,
    "time": "30 m",
    "book_learn": [ [ "infusion_fire_adv", 1 ] ],
    "qualities": [ { "id": "INFUSION", "level": 2 } ],
    "components": [ [ [ "crystallized_mana", 210 ] ], [ [ "tanto+4", 1 ] ] ],
    "proficiencies": [
      { "proficiency": "prof_infusion", "required": true } 
                     ]   
  },
{ 
    "result": "wakizashi_fire+4",
    "type": "recipe",
    "category": "CC_ARCANE",
    "subcategory": "CSC_ARCANE_WEAPONRY",
    "skill_used": "spellcraft",
    "skills_required": [ "spellcraft", 9 ],
    "difficulty": 9,
    "time": "30 m",
    "book_learn": [ [ "infusion_fire_adv", 1 ] ],
    "qualities": [ { "id": "INFUSION", "level": 2 } ],
    "components": [ [ [ "crystallized_mana", 210 ] ], [ [ "wakizashi+4", 1 ] ] ],
    "proficiencies": [
      { "proficiency": "prof_infusion", "required": true } 
                     ]   
  },
{ 
    "result": "zweihander_fire+4",
    "type": "recipe",
    "category": "CC_ARCANE",
    "subcategory": "CSC_ARCANE_WEAPONRY",
    "skill_used": "spellcraft",
    "skills_required": [ "spellcraft", 9 ],
    "difficulty": 9,
    "time": "30 m",
    "book_learn": [ [ "infusion_fire_adv", 1 ] ],
    "qualities": [ { "id": "INFUSION", "level": 2 } ],
    "components": [ [ [ "crystallized_mana", 210 ] ], [ [ "zweihander+4", 1 ] ] ],
    "proficiencies": [
      { "proficiency": "prof_infusion", "required": true } 
                     ]   
  },
{ 
    "result": "nodachi_fire+4",
    "type": "recipe",
    "category": "CC_ARCANE",
    "subcategory": "CSC_ARCANE_WEAPONRY",
    "skill_used": "spellcraft",
    "skills_required": [ "spellcraft", 9 ],
    "difficulty": 9,
    "time": "30 m",
    "book_learn": [ [ "infusion_fire_adv", 1 ] ],
    "qualities": [ { "id": "INFUSION", "level": 2 } ],
    "components": [ [ [ "crystallized_mana", 210 ] ], [ [ "nodachi+4", 1 ] ] ],
    "proficiencies": [
      { "proficiency": "prof_infusion", "required": true } 
                     ]   
  },
{ 
    "result": "broadsword_fire+4",
    "type": "recipe",
    "category": "CC_ARCANE",
    "subcategory": "CSC_ARCANE_WEAPONRY",
    "skill_used": "spellcraft",
    "skills_required": [ "spellcraft", 9 ],
    "difficulty": 9,
    "time": "30 m",
    "book_learn": [ [ "infusion_fire_adv", 1 ] ],
    "qualities": [ { "id": "INFUSION", "level": 2 } ],
    "components": [ [ [ "crystallized_mana", 210 ] ], [ [ "broadsword+4", 1 ] ] ],
    "proficiencies": [
      { "proficiency": "prof_infusion", "required": true } 
                     ]   
  },
{ 
    "result": "rapier_fire+4",
    "type": "recipe",
    "category": "CC_ARCANE",
    "subcategory": "CSC_ARCANE_WEAPONRY",
    "skill_used": "spellcraft",
    "skills_required": [ "spellcraft", 9 ],
    "difficulty": 9,
    "time": "30 m",
    "book_learn": [ [ "infusion_fire_adv", 1 ] ],
    "qualities": [ { "id": "INFUSION", "level": 2 } ],
    "components": [ [ [ "crystallized_mana", 210 ] ], [ [ "rapier+4", 1 ] ] ],
    "proficiencies": [
      { "proficiency": "prof_infusion", "required": true } 
                     ]   
  },
{ 
    "result": "katana_fire+4",
    "type": "recipe",
    "category": "CC_ARCANE",
    "subcategory": "CSC_ARCANE_WEAPONRY",
    "skill_used": "spellcraft",
    "skills_required": [ "spellcraft", 9 ],
    "difficulty": 9,
    "time": "30 m",
    "book_learn": [ [ "infusion_fire_adv", 1 ] ],
    "qualities": [ { "id": "INFUSION", "level": 2 } ],
    "components": [ [ [ "crystallized_mana", 210 ] ], [ [ "katana+4", 1 ] ] ],
    "proficiencies": [
      { "proficiency": "prof_infusion", "required": true } 
                     ]   
  },
{ 
    "result": "butterfly_swords_fire+4",
    "type": "recipe",
    "category": "CC_ARCANE",
    "subcategory": "CSC_ARCANE_WEAPONRY",
    "skill_used": "spellcraft",
    "skills_required": [ "spellcraft", 9 ],
    "difficulty": 9,
    "time": "30 m",
    "book_learn": [ [ "infusion_fire_adv", 1 ] ],
    "qualities": [ { "id": "INFUSION", "level": 2 } ],
    "components": [ [ [ "crystallized_mana", 210 ] ], [ [ "butterfly_swords+4", 1 ] ] ],
    "proficiencies": [
      { "proficiency": "prof_infusion", "required": true } 
                     ]   
  },
{ 
    "result": "cutlass_fire+4",
    "type": "recipe",
    "category": "CC_ARCANE",
    "subcategory": "CSC_ARCANE_WEAPONRY",
    "skill_used": "spellcraft",
    "skills_required": [ "spellcraft", 9 ],
    "difficulty": 9,
    "time": "30 m",
    "book_learn": [ [ "infusion_fire_adv", 1 ] ],
    "qualities": [ { "id": "INFUSION", "level": 2 } ],
    "components": [ [ [ "crystallized_mana", 210 ] ], [ [ "cutlass+4", 1 ] ] ],
    "proficiencies": [
      { "proficiency": "prof_infusion", "required": true } 
                     ]   
  },
{ 
    "result": "lajatang_fire+4",
    "type": "recipe",
    "category": "CC_ARCANE",
    "subcategory": "CSC_ARCANE_WEAPONRY",
    "skill_used": "spellcraft",
    "skills_required": [ "spellcraft", 9 ],
    "difficulty": 9,
    "time": "30 m",
    "book_learn": [ [ "infusion_fire_adv", 1 ] ],
    "qualities": [ { "id": "INFUSION", "level": 2 } ],
    "components": [ [ [ "crystallized_mana", 210 ] ], [ [ "lajatang+4", 1 ] ] ],
    "proficiencies": [
      { "proficiency": "prof_infusion", "required": true } 
                     ]   
  },
{ 
    "result": "war_flail_fire+4",
    "type": "recipe",
    "category": "CC_ARCANE",
    "subcategory": "CSC_ARCANE_WEAPONRY",
    "skill_used": "spellcraft",
    "skills_required": [ "spellcraft", 9 ],
    "difficulty": 9,
    "time": "30 m",
    "book_learn": [ [ "infusion_fire_adv", 1 ] ],
    "qualities": [ { "id": "INFUSION", "level": 2 } ],
    "components": [ [ [ "crystallized_mana", 210 ] ], [ [ "war_flail+4", 1 ] ] ],
    "proficiencies": [
      { "proficiency": "prof_infusion", "required": true } 
                     ]   
  },
{ 
    "result": "peasant_flail_fire+4",
    "type": "recipe",
    "category": "CC_ARCANE",
    "subcategory": "CSC_ARCANE_WEAPONRY",
    "skill_used": "spellcraft",
    "skills_required": [ "spellcraft", 9 ],
    "difficulty": 9,
    "time": "30 m",
    "book_learn": [ [ "infusion_fire_adv", 1 ] ],
    "qualities": [ { "id": "INFUSION", "level": 2 } ],
    "components": [ [ [ "crystallized_mana", 210 ] ], [ [ "peasant_flail+4", 1 ] ] ],
    "proficiencies": [
      { "proficiency": "prof_infusion", "required": true } 
                     ]   
  },
{ 
    "result": "battleaxe_fire+4",
    "type": "recipe",
    "category": "CC_ARCANE",
    "subcategory": "CSC_ARCANE_WEAPONRY",
    "skill_used": "spellcraft",
    "skills_required": [ "spellcraft", 9 ],
    "difficulty": 9,
    "time": "30 m",
    "book_learn": [ [ "infusion_fire_adv", 1 ] ],
    "qualities": [ { "id": "INFUSION", "level": 2 } ],
    "components": [ [ [ "crystallized_mana", 210 ] ], [ [ "battleaxe+4", 1 ] ] ],
    "proficiencies": [
      { "proficiency": "prof_infusion", "required": true } 
                     ]   
  },
{ 
    "result": "bokken_fire+4",
    "type": "recipe",
    "category": "CC_ARCANE",
    "subcategory": "CSC_ARCANE_WEAPONRY",
    "skill_used": "spellcraft",
    "skills_required": [ "spellcraft", 9 ],
    "difficulty": 9,
    "time": "30 m",
    "book_learn": [ [ "infusion_fire_adv", 1 ] ],
    "qualities": [ { "id": "INFUSION", "level": 2 } ],
    "components": [ [ [ "crystallized_mana", 210 ] ], [ [ "bokken+4", 1 ] ] ],
    "proficiencies": [
      { "proficiency": "prof_infusion", "required": true } 
                     ]   
  }, 
{ 
    "result": "cudgel_fire+4",
    "type": "recipe",
    "category": "CC_ARCANE",
    "subcategory": "CSC_ARCANE_WEAPONRY",
    "skill_used": "spellcraft",
    "skills_required": [ "spellcraft", 9 ],
    "difficulty": 9,
    "time": "30 m",
    "book_learn": [ [ "infusion_fire_adv", 1 ] ],
    "qualities": [ { "id": "INFUSION", "level": 2 } ],
    "components": [ [ [ "crystallized_mana", 210 ] ], [ [ "cudgel+4", 1 ] ] ],
    "proficiencies": [
      { "proficiency": "prof_infusion", "required": true } 
                     ]   
  },
{ 
    "result": "hammer_sledge_fire+4",
    "type": "recipe",
    "category": "CC_ARCANE",
    "subcategory": "CSC_ARCANE_WEAPONRY",
    "skill_used": "spellcraft",
    "skills_required": [ "spellcraft", 9 ],
    "difficulty": 9,
    "time": "30 m",
    "book_learn": [ [ "infusion_fire_adv", 1 ] ],
    "qualities": [ { "id": "INFUSION", "level": 2 } ],
    "components": [ [ [ "crystallized_mana", 210 ] ], [ [ "hammer_sledge+4", 1 ] ] ],
    "proficiencies": [
      { "proficiency": "prof_infusion", "required": true } 
                     ]   
  },
{ 
    "result": "lucern_hammer_fire+4",
    "type": "recipe",
    "category": "CC_ARCANE",
    "subcategory": "CSC_ARCANE_WEAPONRY",
    "skill_used": "spellcraft",
    "skills_required": [ "spellcraft", 9 ],
    "difficulty": 9,
    "time": "30 m",
    "book_learn": [ [ "infusion_fire_adv", 1 ] ],
    "qualities": [ { "id": "INFUSION", "level": 2 } ],
    "components": [ [ [ "crystallized_mana", 210 ] ], [ [ "lucern_hammer+4", 1 ] ] ],
    "proficiencies": [
      { "proficiency": "prof_infusion", "required": true } 
                     ]   
  },
{ 
    "result": "mace_fire+4",
    "type": "recipe",
    "category": "CC_ARCANE",
    "subcategory": "CSC_ARCANE_WEAPONRY",
    "skill_used": "spellcraft",
    "skills_required": [ "spellcraft", 9 ],
    "difficulty": 9,
    "time": "30 m",
    "book_learn": [ [ "infusion_fire_adv", 1 ] ],
    "qualities": [ { "id": "INFUSION", "level": 2 } ],
    "components": [ [ [ "crystallized_mana", 210 ] ], [ [ "mace+4", 1 ] ] ],
    "proficiencies": [
      { "proficiency": "prof_infusion", "required": true } 
                     ]   
  },
{ 
    "result": "morningstar_fire+4",
    "type": "recipe",
    "category": "CC_ARCANE",
    "subcategory": "CSC_ARCANE_WEAPONRY",
    "skill_used": "spellcraft",
    "skills_required": [ "spellcraft", 9 ],
    "difficulty": 9,
    "time": "30 m",
    "book_learn": [ [ "infusion_fire_adv", 1 ] ],
    "qualities": [ { "id": "INFUSION", "level": 2 } ],
    "components": [ [ [ "crystallized_mana", 210 ] ], [ [ "morningstar+4", 1 ] ] ],
    "proficiencies": [
      { "proficiency": "prof_infusion", "required": true } 
                     ]   
  },
{ 
    "result": "q_staff_fire+4",
    "type": "recipe",
    "category": "CC_ARCANE",
    "subcategory": "CSC_ARCANE_WEAPONRY",
    "skill_used": "spellcraft",
    "skills_required": [ "spellcraft", 9 ],
    "difficulty": 9,
    "time": "30 m",
    "book_learn": [ [ "infusion_fire_adv", 1 ] ],
    "qualities": [ { "id": "INFUSION", "level": 2 } ],
    "components": [ [ [ "crystallized_mana", 210 ] ], [ [ "q_staff+4", 1 ] ] ],
    "proficiencies": [
      { "proficiency": "prof_infusion", "required": true } 
                     ]   
  },
{ 
    "result": "shillelagh_fire+4",
    "type": "recipe",
    "category": "CC_ARCANE",
    "subcategory": "CSC_ARCANE_WEAPONRY",
    "skill_used": "spellcraft",
    "skills_required": [ "spellcraft", 9 ],
    "difficulty": 9,
    "time": "30 m",
    "book_learn": [ [ "infusion_fire_adv", 1 ] ],
    "qualities": [ { "id": "INFUSION", "level": 2 } ],
    "components": [ [ [ "crystallized_mana", 210 ] ], [ [ "shillelagh+4", 1 ] ] ],
    "proficiencies": [
      { "proficiency": "prof_infusion", "required": true } 
                     ]   
  },
{ 
    "result": "tonfa_wood_fire+4",
    "type": "recipe",
    "category": "CC_ARCANE",
    "subcategory": "CSC_ARCANE_WEAPONRY",
    "skill_used": "spellcraft",
    "skills_required": [ "spellcraft", 9 ],
    "difficulty": 9,
    "time": "30 m",
    "book_learn": [ [ "infusion_fire_adv", 1 ] ],
    "qualities": [ { "id": "INFUSION", "level": 2 } ],
    "components": [ [ [ "crystallized_mana", 210 ] ], [ [ "tonfa_wood+4", 1 ] ] ],
    "proficiencies": [
      { "proficiency": "prof_infusion", "required": true } 
                     ]   
  },
{ 
    "result": "warhammer_fire+4",
    "type": "recipe",
    "category": "CC_ARCANE",
    "subcategory": "CSC_ARCANE_WEAPONRY",
    "skill_used": "spellcraft",
    "skills_required": [ "spellcraft", 9 ],
    "difficulty": 9,
    "time": "30 m",
    "book_learn": [ [ "infusion_fire_adv", 1 ] ],
    "qualities": [ { "id": "INFUSION", "level": 2 } ],
    "components": [ [ [ "crystallized_mana", 210 ] ], [ [ "warhammer+4", 1 ] ] ],
    "proficiencies": [
      { "proficiency": "prof_infusion", "required": true } 
                     ]   
  },
{ 
    "result": "pitchfork_fire+4",
    "type": "recipe",
    "category": "CC_ARCANE",
    "subcategory": "CSC_ARCANE_WEAPONRY",
    "skill_used": "spellcraft",
    "skills_required": [ "spellcraft", 9 ],
    "difficulty": 9,
    "time": "30 m",
    "book_learn": [ [ "infusion_fire_adv", 1 ] ],
    "qualities": [ { "id": "INFUSION", "level": 2 } ],
    "components": [ [ [ "crystallized_mana", 210 ] ], [ [ "pitchfork+4", 1 ] ] ],
    "proficiencies": [
      { "proficiency": "prof_infusion", "required": true } 
                     ]   
  },
{ 
    "result": "spear_steel_fire+4",
    "type": "recipe",
    "category": "CC_ARCANE",
    "subcategory": "CSC_ARCANE_WEAPONRY",
    "skill_used": "spellcraft",
    "skills_required": [ "spellcraft", 9 ],
    "difficulty": 9,
    "time": "30 m",
    "book_learn": [ [ "infusion_fire_adv", 1 ] ],
    "qualities": [ { "id": "INFUSION", "level": 2 } ],
    "components": [ [ [ "crystallized_mana", 210 ] ], [ [ "spear_steel+4", 1 ] ] ],
    "proficiencies": [
      { "proficiency": "prof_infusion", "required": true } 
                     ]   
  },
{ 
    "result": "qiang_fire+4",
    "type": "recipe",
    "category": "CC_ARCANE",
    "subcategory": "CSC_ARCANE_WEAPONRY",
    "skill_used": "spellcraft",
    "skills_required": [ "spellcraft", 9 ],
    "difficulty": 9,
    "time": "30 m",
    "book_learn": [ [ "infusion_fire_adv", 1 ] ],
    "qualities": [ { "id": "INFUSION", "level": 2 } ],
    "components": [ [ [ "crystallized_mana", 210 ] ], [ [ "qiang+4", 1 ] ] ],
    "proficiencies": [
      { "proficiency": "prof_infusion", "required": true } 
                     ]   
  },
{ 
    "result": "halberd_fire+4",
    "type": "recipe",
    "category": "CC_ARCANE",
    "subcategory": "CSC_ARCANE_WEAPONRY",
    "skill_used": "spellcraft",
    "skills_required": [ "spellcraft", 9 ],
    "difficulty": 9,
    "time": "30 m",
    "book_learn": [ [ "infusion_fire_adv", 1 ] ],
    "qualities": [ { "id": "INFUSION", "level": 2 } ],
    "components": [ [ [ "crystallized_mana", 210 ] ], [ [ "halberd+4", 1 ] ] ],
    "proficiencies": [
      { "proficiency": "prof_infusion", "required": true } 
                     ]   
  },
{ 
    "result": "glaive_fire+4",
    "type": "recipe",
    "category": "CC_ARCANE",
    "subcategory": "CSC_ARCANE_WEAPONRY",
    "skill_used": "spellcraft",
    "skills_required": [ "spellcraft", 9 ],
    "difficulty": 9,
    "time": "30 m",
    "book_learn": [ [ "infusion_fire_adv", 1 ] ],
    "qualities": [ { "id": "INFUSION", "level": 2 } ],
    "components": [ [ [ "crystallized_mana", 210 ] ], [ [ "glaive+4", 1 ] ] ],
    "proficiencies": [
      { "proficiency": "prof_infusion", "required": true } 
                     ]   
  },
{ 
    "result": "naginata_fire+4",
    "type": "recipe",
    "category": "CC_ARCANE",
    "subcategory": "CSC_ARCANE_WEAPONRY",
    "skill_used": "spellcraft",
    "skills_required": [ "spellcraft", 9 ],
    "difficulty": 9,
    "time": "30 m",
    "book_learn": [ [ "infusion_fire_adv", 1 ] ],
    "qualities": [ { "id": "INFUSION", "level": 2 } ],
    "components": [ [ [ "crystallized_mana", 210 ] ], [ [ "naginata+4", 1 ] ] ],
    "proficiencies": [
      { "proficiency": "prof_infusion", "required": true } 
                     ]   
  },
{ 
    "result": "pike_fire+4",
    "type": "recipe",
    "category": "CC_ARCANE",
    "subcategory": "CSC_ARCANE_WEAPONRY",
    "skill_used": "spellcraft",
    "skills_required": [ "spellcraft", 9 ],
    "difficulty": 9,
    "time": "30 m",
    "book_learn": [ [ "infusion_fire_adv", 1 ] ],
    "qualities": [ { "id": "INFUSION", "level": 2 } ],
    "components": [ [ [ "crystallized_mana", 210 ] ], [ [ "pike+4", 1 ] ] ],
    "proficiencies": [
      { "proficiency": "prof_infusion", "required": true } 
                     ]   
  },
{ 
    "result": "bagh_nakha_fire+4",
    "type": "recipe",
    "category": "CC_ARCANE",
    "subcategory": "CSC_ARCANE_WEAPONRY",
    "skill_used": "spellcraft",
    "skills_required": [ "spellcraft", 9 ],
    "difficulty": 9,
    "time": "30 m",
    "book_learn": [ [ "infusion_fire_adv", 1 ] ],
    "qualities": [ { "id": "INFUSION", "level": 2 } ],
    "components": [ [ [ "crystallized_mana", 210 ] ], [ [ "bagh_nakha+4", 1 ] ] ],
    "proficiencies": [
      { "proficiency": "prof_infusion", "required": true } 
                     ]   
  },
{ 
    "result": "cestus_fire+4",
    "type": "recipe",
    "category": "CC_ARCANE",
    "subcategory": "CSC_ARCANE_WEAPONRY",
    "skill_used": "spellcraft",
    "skills_required": [ "spellcraft", 9 ],
    "difficulty": 9,
    "time": "30 m",
    "book_learn": [ [ "infusion_fire_adv", 1 ] ],
    "qualities": [ { "id": "INFUSION", "level": 2 } ],
    "components": [ [ [ "crystallized_mana", 210 ] ], [ [ "cestus+4", 1 ] ] ],
    "proficiencies": [
      { "proficiency": "prof_infusion", "required": true } 
                     ]   
  },
{ 
    "result": "knuckle_brass_fire+4",
    "type": "recipe",
    "category": "CC_ARCANE",
    "subcategory": "CSC_ARCANE_WEAPONRY",
    "skill_used": "spellcraft",
    "skills_required": [ "spellcraft", 9 ],
    "difficulty": 9,
    "time": "30 m",
    "book_learn": [ [ "infusion_fire_adv", 1 ] ],
    "qualities": [ { "id": "INFUSION", "level": 2 } ],
    "components": [ [ [ "crystallized_mana", 210 ] ], [ [ "knuckle_brass+4", 1 ] ] ],
    "proficiencies": [
      { "proficiency": "prof_infusion", "required": true } 
                     ]   
  },
{ 
    "result": "punch_dagger_fire+4",
    "type": "recipe",
    "category": "CC_ARCANE",
    "subcategory": "CSC_ARCANE_WEAPONRY",
    "skill_used": "spellcraft",
    "skills_required": [ "spellcraft", 9 ],
    "difficulty": 9,
    "time": "30 m",
    "book_learn": [ [ "infusion_fire_adv", 1 ] ],
    "qualities": [ { "id": "INFUSION", "level": 2 } ],
    "components": [ [ [ "crystallized_mana", 210 ] ], [ [ "punch_dagger+4", 1 ] ] ],
    "proficiencies": [
      { "proficiency": "prof_infusion", "required": true } 
                     ]   
  }
]