[
{
    "id": "imp_ward",
    "type": "TOOL",
    "name": { "str": "impish ward" },
    "description": "This is a sheet of paper, engraved with geometric runes. Using it will summon a small imp, though it may be hostile without proper skill in the occult.",
    "weight": "3 g",
    "volume": "1 ml",
    "bashing": 8,
    "cutting": 8,
    "to_hit": -3,
    "price": 2000,
    "material": [ "paper" ],
    "symbol": "#",
    "color": "light_red",
    "use_action": {
      "type": "place_monster",
      "monster_id": "mon_mtc_imp",
      "friendly_msg": "An imp appears!",
      "hostile_msg": "An imp appears, and bears its claws!",
      "difficulty": 1,
      "moves": 100,
      "place_randomly": true,
      "skills": [ "occult" ]
    }
  },
{
    "id": "imp_blade_ward",
    "type": "TOOL",
    "name": { "str": "impish blade ward" },
    "description": "This is a sheet of paper, engraved with geometric runes. Using it will summon a small imp warrior, though it may be hostile without proper skill in the occult.",
    "weight": "3 g",
    "volume": "1 ml",
    "bashing": 8,
    "cutting": 8,
    "to_hit": -3,
    "price": 2000,
    "material": [ "paper" ],
    "symbol": "#",
    "color": "light_red",
    "use_action": {
      "type": "place_monster",
      "monster_id": "mon_mtc_imp_swordsman",
      "friendly_msg": "An imp appears!",
      "hostile_msg": "An imp appears, and draws its sword!",
      "difficulty": 2,
      "moves": 100,
      "place_randomly": true,
      "skills": [ "occult" ]
    }
  },
{
    "id": "hellhound_ward",
    "type": "TOOL",
    "name": { "str": "hellhound ward" },
    "description": "This is a sheet of paper, engraved with geometric runes. Using it will summon a hellhound, though it may be hostile without proper skill in the occult.",
    "weight": "3 g",
    "volume": "1 ml",
    "bashing": 8,
    "cutting": 8,
    "to_hit": -3,
    "price": 2000,
    "material": [ "paper" ],
    "symbol": "#",
    "color": "light_red",
    "use_action": {
      "type": "place_monster",
      "monster_id": "mon_mtc_hellhound",
      "friendly_msg": "A hellhound appears!",
      "hostile_msg": "A hellhound appears, and bears its fangs!",
      "difficulty": 3,
      "moves": 100,
      "place_randomly": true,
      "skills": [ "occult" ]
    }
  },
{
    "id": "fyllirbam_ward",
    "type": "TOOL",
    "name": { "str": "fyllirbam ward" },
    "description": "This is a sheet of paper, engraved with geometric runes. Using it will summon a fyllirbam, though it may be hostile without proper skill in the occult.",
    "weight": "3 g",
    "volume": "1 ml",
    "bashing": 8,
    "cutting": 8,
    "to_hit": -3,
    "price": 2000,
    "material": [ "paper" ],
    "symbol": "#",
    "color": "light_red",
    "use_action": {
      "type": "place_monster",
      "monster_id": "mon_mtc_fyllirbam",
      "friendly_msg": "A fyllirbam appears!",
      "hostile_msg": "A fyllirbam appears, and draws a knife!",
      "difficulty": 4,
      "moves": 100,
      "place_randomly": true,
      "skills": [ "occult" ]
    }
  },
{
    "id": "demon_warrior_ward",
    "type": "TOOL",
    "name": { "str": "demonic warrior ward" },
    "description": "This is a sheet of paper, engraved with geometric runes. Using it will summon a demonic warrior, though it may be hostile without proper skill in the occult.",
    "weight": "3 g",
    "volume": "1 ml",
    "bashing": 8,
    "cutting": 8,
    "to_hit": -3,
    "price": 2000,
    "material": [ "paper" ],
    "symbol": "#",
    "color": "light_red",
    "use_action": {
      "type": "place_monster",
      "monster_id": "mon_mtc_demon_warrior",
      "friendly_msg": "A demonic warrior appears!",
      "hostile_msg": "A demonic warrior appears, and draws its weapons!",
      "difficulty": 5,
      "moves": 100,
      "place_randomly": true,
      "skills": [ "occult" ]
    }
  },
{
    "id": "demon_mage_ward",
    "type": "TOOL",
    "name": { "str": "demonic mage ward" },
    "description": "This is a sheet of paper, engraved with geometric runes. Using it will summon a demonic mage, though it may be hostile without proper skill in the occult.",
    "weight": "3 g",
    "volume": "1 ml",
    "bashing": 8,
    "cutting": 8,
    "to_hit": -3,
    "price": 2000,
    "material": [ "paper" ],
    "symbol": "#",
    "color": "light_red",
    "use_action": {
      "type": "place_monster",
      "monster_id": "mon_mtc_demon_mage",
      "friendly_msg": "A demonic mage appears!",
      "hostile_msg": "A demonic mage appears, and readies a fireball!",
      "difficulty": 5,
      "moves": 100,
      "place_randomly": true,
      "skills": [ "occult" ]
    }
  }              
]