[
 {
    "type": "mapgen",
    "method": "json",
    "om_terrain": [ "home" ],
    "weight": 100,
    "//": "Single male.",
    "object": {
      "fill_ter": "t_floor",
	  "faction_owner": [
		{ "id": "kingdom", "x": [ 0, 23 ], "y": [ 0, 23 ] }				
      ],
      "rows": [
        "                        ",
        "                        ",
        "                        ",
        "                        ",
        "                        ",
        "                        ",
        "   wwwwwwowwwwwwoowww   ",
        "   wKcrOOrxxwbbcccc*w   ",
        "   oKcrrrrccwbbcccc*o   ",
        "   wccccccccwwwwdwwww   ",
        "   wccccccccccccccccw   ",
        "   wccc!cccccccchthcw   ",
        "   occcccccccccchthco   ",
        "   wcccccccccccchthcw   ",
        "   wccccccccccccchccw   ",
        "   wwwwowwwllwwwowwww   ",
        "           ffxx         ",
        "           fff    www   ",
        "           fffffffduw   ",
        "           fff    www   ",
        "           ff           ",
        "           ff           ",
        "           ff           ",
        "           ff           "
      ],
      "palettes": [ "city_building_home" ],
      "place_nested": [
        { "chunks": [ "home_city_nested" ], "x": 0, "y": 0 }
      ],
	  "npcs": {
		"!": { "class": "generic_male_citizen" }
		}
    }
  },
  {
    "type": "mapgen",
    "method": "json",
    "om_terrain": [ "home" ],
    "weight": 100,
    "//": "Single female.",
    "object": {
      "fill_ter": "t_floor",
	  "faction_owner": [
		{ "id": "kingdom", "x": [ 0, 23 ], "y": [ 0, 23 ] }				
      ],
      "rows": [
        "                        ",
        "                        ",
        "                        ",
        "                        ",
        "                        ",
        "                        ",
        "   wwwwwwowwwwwwoowww   ",
        "   wKcrOOrxxwbbcccc*w   ",
        "   oKcrrrrccwbbcccc*o   ",
        "   wccccccccwwwwdwwww   ",
        "   wccccccccccccccccw   ",
        "   wccc!cccccccchthcw   ",
        "   occcccccccccchthco   ",
        "   wcccccccccccchthcw   ",
        "   wccccccccccccchccw   ",
        "   wwwwowwwllwwwowwww   ",
        "           ffxx         ",
        "           fff    www   ",
        "           fffffffduw   ",
        "           fff    www   ",
        "           ff           ",
        "           ff           ",
        "           ff           ",
        "           ff           "
      ],
      "palettes": [ "city_building_home" ],
      "place_nested": [
        { "chunks": [ "home_city_nested" ], "x": 0, "y": 0 }
      ],
      "place_zones": [
        { "type": "NPC_NO_INVESTIGATE", "faction": "kingdom", "x": [ 1, 23 ], "y": [ 1, 23 ] }
      ],
	  "npcs": {
		"!": { "class": "generic_female_citizen" }
		}
    }
  },
  {
    "type": "mapgen",
    "method": "json",
    "om_terrain": [ "home" ],
    "weight": 100,
    "//": "Couple.",
    "object": {
      "fill_ter": "t_floor",
	  "faction_owner": [
		{ "id": "kingdom", "x": [ 0, 23 ], "y": [ 0, 23 ] }				
      ],
      "rows": [
        "                        ",
        "                        ",
        "                        ",
        "                        ",
        "                        ",
        "                        ",
        "   wwwwwwowwwwwwoowww   ",
        "   wKcrOOrxxwbbcccc*w   ",
        "   oKcrrrrccwbbcccc*o   ",
        "   wccccccccwwwwdwwww   ",
        "   wccccccccccccccccw   ",
        "   wccc?cccccccchthcw   ",
        "   occccccccc!cchthco   ",
        "   wcccccccccccchthcw   ",
        "   wccccccccccccchccw   ",
        "   wwwwowwwllwwwowwww   ",
        "           ffxx         ",
        "           fff    www   ",
        "           fffffffduw   ",
        "           fff    www   ",
        "           ff           ",
        "           ff           ",
        "           ff           ",
        "           ff           "
      ],
      "palettes": [ "city_building_home" ],
      "place_nested": [
        { "chunks": [ "home_city_nested" ], "x": 0, "y": 0 }
      ],
      "place_zones": [
        { "type": "NPC_NO_INVESTIGATE", "faction": "kingdom", "x": [ 1, 23 ], "y": [ 1, 23 ] }
      ],
	  "npcs": {
		"!": { "class": "generic_female_citizen" },
		"?": { "class": "generic_male_citizen" }  
		}
    }
  },
  {
    "type": "mapgen",
    "method": "json",
    "om_terrain": [ "home" ],
    "weight": 100,
    "//": "Family.",
    "object": {
      "fill_ter": "t_floor",
	  "faction_owner": [
		{ "id": "kingdom", "x": [ 0, 23 ], "y": [ 0, 23 ] }				
      ],
      "rows": [
        "                        ",
        "                        ",
        "                        ",
        "                        ",
        "                        ",
        "                        ",
        "   wwwwwwowwwwwwoowww   ",
        "   wKcrOOrxxwbbcccc*w   ",
        "   oKcrrrrccwbbcccc*o   ",
        "   wccccc!ccwwwwdwwww   ",
        "   wccccccccccccccccw   ",
        "   wcccccccccc=chthcw   ",
        "   occcc?ccccccchthco   ",
        "   wcccccccccccchthcw   ",
        "   wccccccccccccchccw   ",
        "   wwwwowwwllwwwowwww   ",
        "           ffxx         ",
        "           fff    www   ",
        "           fffffffduw   ",
        "           fff    www   ",
        "           ff           ",
        "           ff           ",
        "           ff           ",
        "           ff           "
      ],
      "palettes": [ "city_building_home" ],
      "place_nested": [
        { "chunks": [ "home_city_nested" ], "x": 0, "y": 0 }
      ],
      "place_zones": [
        { "type": "NPC_NO_INVESTIGATE", "faction": "kingdom", "x": [ 1, 23 ], "y": [ 1, 23 ] }
      ],
	  "npcs": {
		"!": { "class": "generic_female_citizen" },
		"?": { "class": "generic_male_citizen" },
		"=": { "class": "child" } 
		}
    }
  },
  {
    "type": "mapgen",
    "method": "json",
    "om_terrain": [ "home2" ],
    "weight": 100,
    "//": "Large family.",
    "object": {
      "fill_ter": "t_floor",
	  "faction_owner": [
		{ "id": "kingdom", "x": [ 0, 23 ], "y": [ 0, 23 ] }				
      ],
      "rows": [
        "                        ",
        "                        ",
        "                        ",
        "                        ",
        "                        ",
        "                        ",
        "   wwwwwwowwwwwwoowww   ",
        "   wKcrOOrxxwbbcccD*w   ",
        "   oKcrrrrccwbbcccc*o   ",
        "   wccccc?ccwwwwdwwww   ",
        "   wcc!cccccccccccccw   ",
        "   wccccccccccc=hthcw   ",
        "   wwdwwdwccc=cchthco   ",
        "   oDcwD=wcccccchthcw   ",
        "   wbbwbbwccccccchccw   ",
        "   wwwwowwwllwwwowwww   ",
        "           ffxx         ",
        "           fff    www   ",
        "           fffffffduw   ",
        "           fff  ffwww   ",
        "           ff    fduw   ",
        "           ff     www   ",
        "           ff           ",
        "           ff           "
      ],
      "palettes": [ "city_building_home" ],
      "place_nested": [
        { "chunks": [ "home_city_nested" ], "x": 0, "y": 0 }
      ],
      "place_zones": [
        { "type": "NPC_NO_INVESTIGATE", "faction": "kingdom", "x": [ 1, 23 ], "y": [ 1, 23 ] }
      ],
	  "npcs": {
		"!": { "class": "generic_female_citizen" },
		"?": { "class": "generic_male_citizen" },
		"=": { "class": "child" } 
		}
    }
  },
  {
    "type": "mapgen",
    "method": "json",
    "om_terrain": [ "home_roof" ],
    "weight": 100,
    "//": "Roof with single latrine.",
    "object": {
      "fill_ter": "t_open_air",
	  "faction_owner": [
		{ "id": "kingdom", "x": [ 0, 23 ], "y": [ 0, 23 ] }				
      ],
      "rows": [
        "                        ",
        "                        ",
        "                        ",
        "                        ",
        "                        ",
        "                        ",
        "   uuuuuuuuuuuuuuuuuu   ",
        "   uuuuuuuuuuuuuuuuuu   ",
        "   uuuuuuuuuuuuuuuuuu   ",
        "   uuuuuuuuuuuuuuuuuu   ",
        "   uuuuuuuuuuuuuuuuuu   ",
        "   uuuuuuuuuuuuuuuuuu   ",
        "   uuuuuuuuuuuuuuuuuu   ",
        "   uuuuuuuuuuuuuuuuuu   ",
        "   uuuuuuuuuuuuuuuuuu   ",
        "   uuuuuuuuuuuuuuuuuu   ",
        "                        ",
        "                  uuu   ",
        "                  uuu   ",
        "                  uuu   ",
        "                        ",
        "                        ",
        "                        ",
        "                        "
      ],
      "palettes": [ "city_building_roof_palette" ]
    }
  },
  {
    "type": "mapgen",
    "method": "json",
    "om_terrain": [ "home2_roof" ],
    "weight": 100,
    "//": "Roof with double latrine.",
    "object": {
      "fill_ter": "t_open_air",
	  "faction_owner": [
		{ "id": "kingdom", "x": [ 0, 23 ], "y": [ 0, 23 ] }				
      ],
      "rows": [
        "                        ",
        "                        ",
        "                        ",
        "                        ",
        "                        ",
        "                        ",
        "   uuuuuuuuuuuuuuuuuu   ",
        "   uuuuuuuuuuuuuuuuuu   ",
        "   uuuuuuuuuuuuuuuuuu   ",
        "   uuuuuuuuuuuuuuuuuu   ",
        "   uuuuuuuuuuuuuuuuuu   ",
        "   uuuuuuuuuuuuuuuuuu   ",
        "   uuuuuuuuuuuuuuuuuu   ",
        "   uuuuuuuuuuuuuuuuuu   ",
        "   uuuuuuuuuuuuuuuuuu   ",
        "   uuuuuuuuuuuuuuuuuu   ",
        "                        ",
        "                  uuu   ",
        "                  uuu   ",
        "                  uuu   ",
        "                  uuu   ",
        "                  uuu   ",
        "                        ",
        "                        "
      ],
      "palettes": [ "city_building_roof_palette" ]
    }
  }
 ]