[
 {
    "id": "weakness_hex",
    "type": "SPELL",
    "name": "weakness hex",
    "description": "Strength reduction hex.",
    "valid_targets": [ "self", "ally", "hostile" ],
    "effect": "attack",
    "shape": "blast",
    "effect_str": "weakness",
    "difficulty": 0,
    "min_range": 4,
    "max_range": 9,
    "range_increment": 0.55,
    "base_casting_time": 0,
    "energy_source": "HP",
    "base_energy_cost": 0,
    "max_level": 20,
    "min_duration": 8000,
    "max_duration": 30000,
    "duration_increment": 1100
  },
  {
    "id": "mindsap_hex",
    "type": "SPELL",
    "name": "feeblemind hex",
    "description": "Mind reduction hex.",
    "valid_targets": [ "self", "ally", "hostile" ],
    "effect": "attack",
    "shape": "blast",
    "effect_str": "feeblemind",
    "difficulty": 0,
    "min_range": 4,
    "max_range": 9,
    "range_increment": 0.55,
    "base_casting_time": 0,
    "energy_source": "HP",
    "base_energy_cost": 0,
    "max_level": 20,
    "min_duration": 8000,
    "max_duration": 30000,
    "duration_increment": 1100
  },
  {
    "id": "paralysis_hex",
    "type": "SPELL",
    "name": "paralysis hex",
    "description": "Paralysing hex.",
    "valid_targets": [ "self", "ally", "hostile" ],
    "effect": "attack",
    "shape": "blast",
    "effect_str": "paralyzepoison",
    "difficulty": 0,
    "min_range": 4,
    "max_range": 9,
    "range_increment": 0.55,
    "base_casting_time": 0,
    "energy_source": "HP",
    "base_energy_cost": 0,
    "max_level": 20,
    "min_duration": 8000,
    "max_duration": 30000,
    "duration_increment": 1100
  },
  {
    "id": "withering_hex",
    "type": "SPELL",
    "name": "withering hex",
    "description": "Slow damage hex.",
    "valid_targets": [ "self", "ally", "hostile" ],
    "effect": "attack",
    "shape": "blast",
    "effect_str": "withering",
    "difficulty": 0,
    "min_range": 4,
    "max_range": 9,
    "range_increment": 0.55,
    "base_casting_time": 0,
    "energy_source": "HP",
    "base_energy_cost": 0,
    "max_level": 20,
    "min_duration": 800,
    "max_duration": 3000,
    "duration_increment": 110
  },
  {
    "id": "starving_hex",
    "type": "SPELL",
    "name": "starvation hex",
    "description": "Hex for starvation.",
    "valid_targets": [ "self", "ally", "hostile" ],
    "effect": "attack",
    "shape": "blast",
    "effect_str": "hunger_famished",
    "difficulty": 0,
    "min_range": 4,
    "max_range": 9,
    "range_increment": 0.55,
    "base_casting_time": 0,
    "energy_source": "HP",
    "base_energy_cost": 0,
    "max_level": 20,
    "min_duration": 8000,
    "max_duration": 30000,
    "duration_increment": 1100
  }
 ]