[
{
    "type": "mapgen",
    "om_terrain": "rangen_ranch_building",
    "method": "json",
    "object": {
      "fill_ter": "t_region_groundcover_urban",
      "rows": [
        "////////////////////////",
        "/6      2      7       /",
        "/                      /",
        "/                      /",
        "/                      /",
        "/                      /",
        "/                      /",
        "/                      /",
        "/3      1      4       /",
        "/                      /",
        "/          !           /",
        "/                      /",
        "/                      /",
        "/                      /",
        "/                      /",
        "/8      5      9       /",
        "/                      /",
        "/                      /",
        "/                      /",
        "/                      /",
        "/                      /",
        "/                      /",
        "/                      /",
        "@@                     @"
      ],
      "palettes": [ "city_building_palette" ],
       "npcs": {
		"!": { "class": "rancher_mtc" },
                "@": { "class": "ranchhand_mtc" }
		},
      "nested": {
        "1": { "chunks": [
			[ "square_room_fireplace_left", 80 ],
			[ "square_room_fireplace_right", 80 ],
			[ "square_room_fireplace_corner_top_left", 80 ],
			[ "square_room_fireplace_corner_top_right", 80 ],
			[ "square_room_fireplace_corner_bottom_left", 80 ],
			[ "square_room_fireplace_corner_bottom_right", 80 ]
			]
			},
		"2": { "chunks": [
			[ "no_room", 50 ],
			[ "top_square_room_bedroom", 80 ],
			[ "top_square_room_pantry", 80 ],
			[ "top_square_room_rounded_bedroom", 80 ],
			[ "top_square_room_rounded_pantry", 80 ],
			[ "top_square_room_halved_bedroom", 80 ],
			[ "top_square_room_halved_pantry", 80 ],
			[ "top_square_room_halved_hallway", 80 ]
			]
			},
		"3": { "chunks": [
			[ "no_room", 50 ],
			[ "left_square_room_bedroom", 80 ],
			[ "left_square_room_pantry", 80 ],
			[ "left_square_room_rounded_bedroom", 80 ],
			[ "left_square_room_rounded_pantry", 80 ],
			[ "left_square_room_halved_bedroom", 80 ],
			[ "left_square_room_halved_pantry", 80 ],
			[ "left_square_room_halved_hallway", 80 ]
			]
			},
		"4": { "chunks": [
			[ "no_room", 50 ],
			[ "right_square_room_bedroom", 80 ],
			[ "right_square_room_pantry", 80 ],
			[ "right_square_room_rounded_bedroom", 80 ],
			[ "right_square_room_rounded_pantry", 80 ],
			[ "right_square_room_halved_bedroom", 80 ],
			[ "right_square_room_halved_pantry", 80 ],
			[ "right_square_room_halved_hallway", 80 ]
			]
			},
		"5": { "chunks": [
			[ "no_room", 50 ],
			[ "bottom_square_room_no_carpet", 60 ],
			[ "bottom_square_room_rounded_no_carpet", 60 ],
			[ "bottom_square_room_halved_no_carpet", 60 ]
			]
			},
		"6": { "chunks": [
			[ "no_room", 50 ],
			[ "top_left_square_general_storage_room", 40 ],
			[ "top_left_square_dining_room", 40 ],
			[ "top_left_square_living_room", 40 ],
			[ "top_left_square_room_rounded_furniture_storage", 40 ],
			[ "top_left_square_room_rounded_study", 40 ],
			[ "top_left_square_room_rounded_library", 40 ],
			[ "top_left_square_room_halved_study", 40 ],
			[ "top_left_square_room_halved_living_room", 40 ],
			[ "top_left_square_room_halved_workshop", 40 ],
			[ "top_left_square_room_halved_small_tool_storage", 40 ],
			[ "top_left_square_room_halved_small_bathroom", 40 ],
			[ "top_left_square_room_halved_small_clothing_closet", 40 ],
			[ "top_left_square_room_small_tool_storage", 40 ],
			[ "top_left_square_room_small_bathroom", 40 ],
			[ "top_left_square_room_small_clothing_closet", 40 ]
			]
			},
        "7": { "chunks": [
			[ "no_room", 50 ],
			[ "top_right_square_room_dining", 40 ],
			[ "top_right_square_room_living", 40 ],
			[ "top_right_square_room_storage", 40 ],
			[ "top_right_square_room_rounded_study", 40 ],
			[ "top_right_square_room_rounded_library", 40 ],
			[ "top_right_square_room_rounded_furniture", 40 ],
			[ "top_right_square_room_halved_work", 40 ],
			[ "top_right_square_room_halved_study", 40 ],
			[ "top_right_square_room_halved_living", 40 ],
			[ "top_right_square_room_halved_small_bathroom", 40 ],
			[ "top_right_square_room_halved_small_clothing", 40 ],
			[ "top_right_square_room_halved_small_tool", 40 ],
			[ "top_right_square_room_small_bathroom", 40 ],
			[ "top_right_square_room_small_clothing", 40 ],
			[ "top_right_square_room_small_tools", 40 ]
			]
			},
		"8": { "chunks": [
			[ "no_room", 50 ],
			[ "bottom_left_square_room_dining", 40 ],
			[ "bottom_left_square_room_living", 40 ],
			[ "bottom_left_square_room_storage", 40 ],
			[ "bottom_left_square_room_rounded_study", 40 ],
			[ "bottom_left_square_room_rounded_library", 40 ],
			[ "bottom_left_square_room_rounded_furniture", 40 ],
			[ "bottom_left_square_room_halved_workshop", 40 ],
			[ "bottom_left_square_room_halved_study", 40 ],
			[ "bottom_left_square_room_halved_living", 40 ],
			[ "bottom_left_square_room_halved_small_bathroom", 40 ],
			[ "bottom_left_square_room_halved_small_clothing", 40 ],
			[ "bottom_left_square_room_halved_small_tools", 40 ],
			[ "bottom_left_square_room_small_bathroom", 40 ],
			[ "bottom_left_square_room_small_clothing", 40 ],
			[ "bottom_left_square_room_small_tools", 40 ]
			]
			},
        "9": { "chunks": [
			[ "no_room", 50 ],
			[ "bottom_right_square_room_storeroom", 40 ],
			[ "bottom_right_square_room_living", 40 ],
			[ "bottom_right_square_room_dining", 40 ],
			[ "bottom_right_square_room_rounded_study", 40 ],
			[ "bottom_right_square_room_rounded_furniture", 40 ],
			[ "bottom_right_square_room_rounded_library", 40 ],
			[ "bottom_right_square_room_halved_workshop", 40 ],
			[ "bottom_right_square_room_halved_study", 40 ],
			[ "bottom_right_square_room_halved_living", 40 ],
			[ "bottom_right_square_room_halved_small_bathroom", 40 ],
			[ "bottom_right_square_room_halved_small_clothing", 40 ],
			[ "bottom_right_square_room_halved_small_tools", 40 ],
			[ "bottom_right_square_room_small_bathroom", 40 ],
			[ "bottom_right_square_room_small_clothing", 40 ],
			[ "bottom_right_square_room_small_tools", 40 ]
			]
			}
      }
    }
  },
{
    "type": "mapgen",
    "om_terrain": "ranch_field_ulc",
    "//": "ulc = upper left corner",
    "method": "json",
    "object": {
      "fill_ter": "t_region_groundcover_urban",
      "rows": [
        "//////////////////////ff",
        "/                       ",
        "/                       ",
        "/                       ",
        "/                       ",
        "/                       ",
        "/                       ",
        "/                       ",
        "/                       ",
        "/                       ",
        "/                       ",
        "/                       ",
        "/                       ",
        "/                       ",
        "/                       ",
        "/                       ",
        "/                       ",
        "/                       ",
        "/                       ",
        "/                       ",
        "/                       ",
        "/                       ",
        "/                       ",
        "/                       "
      ],
      "palettes": [ "farm_mtc" ],
      "place_monsters": [
        { "monster": "GROUP_COWS", "x": [ 1, 10 ], "y": [ 1, 9 ], "density": 1 },
        { "monster": "GROUP_COWS", "x": [ 1, 12 ], "y": [ 1, 12 ], "density": 1 },
        { "monster": "GROUP_COWS", "x": [ 1, 11 ], "y": [ 1, 10 ], "density": 1 },
        { "monster": "GROUP_COWS", "x": [ 1, 9 ], "y": [ 1, 11 ], "density": 1 },
        { "monster": "GROUP_COWS", "x": [ 1, 15 ], "y": [ 1, 14 ], "density": 1 }
      ]
  }
},
{
    "type": "mapgen",
    "om_terrain": "ranch_field_urc",
    "//": "urc = upper right corner",
    "method": "json",
    "object": {
      "fill_ter": "t_region_groundcover_urban",
      "rows": [
        "ff//////////////////////",
        "                       /",
        "                       /",
        "                       /",
        "                       /",
        "                       /",
        "                       /",
        "                       /",
        "                       /",
        "                       /",
        "                       /",
        "                       /",
        "                       /",
        "                       /",
        "                       /",
        "                       /",
        "                       /",
        "                       /",
        "                       /",
        "                       /",
        "                       /",
        "                       /",
        "                       /",
        "                       /"
      ],
      "palettes": [ "farm_mtc" ],
      "place_monsters": [
        { "monster": "GROUP_COWS", "x": [ 1, 10 ], "y": [ 1, 9 ], "density": 1 },
        { "monster": "GROUP_COWS", "x": [ 1, 12 ], "y": [ 1, 12 ], "density": 1 },
        { "monster": "GROUP_COWS", "x": [ 1, 11 ], "y": [ 1, 10 ], "density": 1 },
        { "monster": "GROUP_COWS", "x": [ 1, 9 ], "y": [ 1, 11 ], "density": 1 },
        { "monster": "GROUP_COWS", "x": [ 1, 15 ], "y": [ 1, 14 ], "density": 1 }
      ]
  }
},
{
    "type": "mapgen",
    "om_terrain": "ranch_field_blc",
    "//": "blc = bottom left corner",
    "method": "json",
    "object": {
      "fill_ter": "t_region_groundcover_urban",
      "rows": [
        "/                       ",
        "/                       ",
        "/                       ",
        "/                       ",
        "/                       ",
        "/                       ",
        "/                       ",
        "/                       ",
        "/                       ",
        "/                       ",
        "/                       ",
        "/                       ",
        "/                       ",
        "/                       ",
        "/                       ",
        "/                       ",
        "/                       ",
        "/                       ",
        "/                       ",
        "/                       ",
        "/                       ",
        "/                       ",
        "/                       ",
        "////////////////////////"
      ],
      "palettes": [ "farm_mtc" ],
      "place_monsters": [
        { "monster": "GROUP_COWS", "x": [ 1, 10 ], "y": [ 1, 9 ], "density": 1 },
        { "monster": "GROUP_COWS", "x": [ 1, 12 ], "y": [ 1, 12 ], "density": 1 },
        { "monster": "GROUP_COWS", "x": [ 1, 11 ], "y": [ 1, 10 ], "density": 1 },
        { "monster": "GROUP_COWS", "x": [ 1, 9 ], "y": [ 1, 11 ], "density": 1 },
        { "monster": "GROUP_COWS", "x": [ 1, 15 ], "y": [ 1, 14 ], "density": 1 }
      ]
  }
},
{
    "type": "mapgen",
    "om_terrain": "ranch_field_brc",
    "//": "brc = bottom right corner",
    "method": "json",
    "object": {
      "fill_ter": "t_region_groundcover_urban",
      "rows": [
        "                       /",
        "                       /",
        "                       /",
        "                       /",
        "                       /",
        "                       /",
        "                       /",
        "                       /",
        "                       /",
        "                       /",
        "                       /",
        "                       /",
        "                       /",
        "                       /",
        "                       /",
        "                       /",
        "                       /",
        "                       /",
        "                       /",
        "                       /",
        "                       /",
        "                       /",
        "                       /",
        "////////////////////////"
      ],
      "palettes": [ "farm_mtc" ],
      "place_monsters": [
        { "monster": "GROUP_COWS", "x": [ 1, 10 ], "y": [ 1, 9 ], "density": 1 },
        { "monster": "GROUP_COWS", "x": [ 1, 12 ], "y": [ 1, 12 ], "density": 1 },
        { "monster": "GROUP_COWS", "x": [ 1, 11 ], "y": [ 1, 10 ], "density": 1 },
        { "monster": "GROUP_COWS", "x": [ 1, 9 ], "y": [ 1, 11 ], "density": 1 },
        { "monster": "GROUP_COWS", "x": [ 1, 15 ], "y": [ 1, 14 ], "density": 1 }
      ]
  }
},
{
    "type": "mapgen",
    "om_terrain": "ranch_barn",
    "method": "json",
    "object": {
      "fill_ter": "t_region_groundcover_urban",
      "rows": [
        "                        ",
        "                        ",
        "                        ",
        "                        ",
        "                        ",
        "                        ",
        "                        ",
        "                        ",
        "/Q/wwwwwwwwfffwwwwww    ",
        "/  ffwff/fffff&&/ffw    ",
        "/ ~ffwffQfffffffQffw    ",
        "/  ffw///fffffff///w    ",
        "/~ ffwff/fffffff/ffw    ",
        "/  ffwffQfffffffQffw    ",
        "/ ~ffw///fffffff///w    ",
        "/~ ffwff/fffffff/ffw    ",
        "/ ~ffwffQfffffffQffw    ",
        "/~ ffw///fffffff///w    ",
        "/ ~ffwff/fff&&ff/ffw    ",
        "/~ ffwffQff&&&ffQffw    ",
        "///wwwwwwwwwwwwwwwww    ",
        "                        ",
        "                        ",
        "                        "
      ],
      "palettes": [ "city_building_home" ],
      "monster": { "~": { "monster": "mon_chicken", "chance": 75 } },
      "terrain": { "/": "t_splitrail_fence", "Q": "t_fencegate_c", "~": "t_dirt" },
      "furniture": { "&": "f_hay" },
      "place_item": [
        { "item": "cattlefodder", "x": 15, "y": 13, "amount": [ 2, 6 ] },
        { "item": "cattlefodder", "x": 15, "y": 6, "amount": [ 2, 6 ] },
        { "item": "cattlefodder", "x": 15, "y": 10, "amount": [ 2, 6 ] },
        { "item": "cattlefodder", "x": 15, "y": 11, "amount": [ 2, 6 ] },
        { "item": "cattlefodder", "x": 14, "y": 5, "amount": [ 2, 6 ] },
        { "item": "cattlefodder", "x": 11, "y": 8, "amount": [ 2, 6 ] },
        { "item": "cattlefodder", "x": 10, "y": 9, "amount": [ 2, 6 ] }
      ]
  }
},
{
    "type": "mapgen",
    "om_terrain": "ranch_barn_roof",
    "method": "json",
    "object": {
      "fill_ter": "t_open_air",
      "rows": [
        "                        ",
        "                        ",
        "                        ",
        "                        ",
        "                        ",
        "                        ",
        "                        ",
        "                        ",
        "   uuuuuuuuuuuuuuuuu    ",
        "   uuuuuuuuuuuuuuuuu    ",
        "   uuuuuuuuuuuuuuuuu    ",
        "   uuuuuuuuuuuuuuuuu    ",
        "   uuuuuuuuuuuuuuuuu    ",
        "   uuuuuuuuuuuuuuuuu    ",
        "   uuuuuuuuuuuuuuuuu    ",
        "   uuuuuuuuuuuuuuuuu    ",
        "   uuuuuuuuuuuuuuuuu    ",
        "   uuuuuuuuuuuuuuuuu    ",
        "   uuuuuuuuuuuuuuuuu    ",
        "   uuuuuuuuuuuuuuuuu    ",
        "   uuuuuuuuuuuuuuuuu    ",
        "                        ",
        "                        ",
        "                        "
      ],
      "palettes": [ "city_building_roof_palette" ]
  }
}  
]