[
{
    "id": "MISSION_JOIN_CULT_FIEND",
    "type": "mission_definition",
    "name": "Mysterious Grove",
    "description": "You have discovered knwoledge of a cult within the woods. Their sanctum is hidden in a grove.",
    "goal": "MGOAL_GO_TO_TYPE",
    "difficulty": 1,
    "value": 10,
    "destination": "demon_cult_enter",
    "start": {
      "assign_mission_target": { "om_terrain": "demon_cult_enter", "om_special": "fiend_cult_sanctuary", "reveal_radius": 1 }
    },
    "origins": [ "ORIGIN_OPENER_NPC" ],
    "dialogue": {
      "describe": "A cult is within the woodlands, and here are the directions.",
      "offer": "What if I told you I can provide directions to them, and I know how to join. If you're interested, they keep a sanctuary within the woods.",
      "accepted": "Good luck.",
      "rejected": "Okay.",
      "advice": "What advice? Just go to where I told.",
      "inquire": "How goes to journey?",
      "success": "Welcome.",
      "success_lie": "Goodbye.",
      "failure": "Dang."
    }
   },
{
    "id": "MISSION_RITUAL_FIEND",
    "type": "mission_definition",
    "name": "The Ritual",
    "description": "Get some raw meat. (10 slabs)",
    "goal": "MGOAL_FIND_ITEM",
     "followup": "MISSION_RITUAL_FIEND_II",
	"item": "meat",
	"count": 10,
    "difficulty": 1,
    "value": 1,
	"origins": [ "ORIGIN_OPENER_NPC" ],
	"end": { "effect": [
		{ "u_spawn_item": "copper_coin", "count": 15 }
		] },
	"has_generic_rewards": false,
	"dialogue": {
      "describe": "We need a sacrifice for the upcoming ritual. Get some meat.",
	  "offer": "We need a sacrifice for the upcoming ritual. I lack only meat, and I need you to get it.",
	  "advice": "The woods are full of animals.",
      "accepted": "Good.",
      "rejected": "Ah, well. Some other time.",
      "inquire": "Do you have my meat?",
      "success": "Wonderful.",
      "success_lie": "Where is it?",
      "failure": "Ah, well. Some other time."
    }
  },
{
    "id": "MISSION_RITUAL_FIEND_II",
    "type": "mission_definition",
    "name": "The Ritual Pt. II",
    "description": "Get some incense. (2 sticks)",
    "goal": "MGOAL_FIND_ITEM",
     "followup": "MISSION_RITUAL_FIEND_III",
	"item": "incense",
	"count": 2,
    "difficulty": 1,
    "value": 1,
	"origins": [ "ORIGIN_OPENER_NPC" ],
	"end": { "effect": [
		{ "u_spawn_item": "copper_coin", "count": 20 }
		] },
	"has_generic_rewards": false,
	"dialogue": {
      "describe": "We need a sacrifice for the upcoming ritual. Get some incense.",
	  "offer": "I lost my incense for our ritual. Could you get some for me? Two sticks should do.",
	  "advice": "Any old merchant should have some.",
      "accepted": "Good.",
      "rejected": "Ah, well. Some other time.",
      "inquire": "Do you have my incense?",
      "success": "Wonderful.",
      "success_lie": "Where is it?",
      "failure": "Ah, well. Some other time."
    }
  },
{
    "id": "MISSION_RITUAL_FIEND_III",
    "type": "mission_definition",
    "name": "The Ritual Pt. III",
    "description": "Get some paper. (10 sheets)",
    "goal": "MGOAL_FIND_ITEM",
	"item": "paper",
	"count": 10,
    "difficulty": 1,
    "value": 1,
	"origins": [ "ORIGIN_OPENER_NPC" ],
	"end": { "effect": [
		{ "u_spawn_item": "copper_coin", "count": 10 },
		{ "u_spawn_item": "imp_ward" }
		] },
	"has_generic_rewards": false,
	"dialogue": {
      "describe": "We need a sacrifice for the upcoming ritual. Get some paper.",
	  "offer": "I need some paper to write some offering sigils on. 10 sheets should be enough.",
	  "advice": "Any old merchant should have some.",
      "accepted": "Good.",
      "rejected": "Ah, well. Some other time.",
      "inquire": "Do you have my paper?",
      "success": "Wonderful. I think you should have this.",
      "success_lie": "Where is it?",
      "failure": "Ah, well. Some other time."
    }
  },
{
    "id": "MISSION_PROMOTION_FIEND",
    "type": "mission_definition",
    "name": "Highness of Low Places",
    "description": "Complete the trial of initiation.",
    "goal": "MGOAL_FIND_ITEM",
     "followup": "MISSION_RITUAL_FIEND",
	"item": "joining_slip",
	"count": 1,
    "difficulty": 1,
    "value": 1,
	"origins": [ "ORIGIN_OPENER_NPC" ],
        "start": { "effect": [
		{ "u_spawn_item": "initiation_potion" }
		] },
	"has_generic_rewards": false,
	"dialogue": {
      "describe": "I'm ready to take you on as my apprentice. Now, drink this potion",
	  "offer": "You've proven yourself to me, and I'm ready to take you as my apprentice. First, drink this potion, and give me whatever comes out.",
	  "advice": "Just drink it..",
      "accepted": "Good.",
      "rejected": "Really? This is a grand opportunity.",
      "inquire": "Did you drink it?",
      "success": "Wonderful. You're one of us now.",
      "success_lie": "Where is it?",
      "failure": "How wasteful..."
    }
  }
]