[
{
    "type": "talk_topic",
    "id": "TALK_CULT_LEADER_FIEND",
    "dynamic_line": [ { "u_has_var": "joined_cult_fiend", "type": "dialogue", "context": "cult", "value": "yes", "no": "Hello there. Who might you be?", "yes": "Greetings." } ],
    "responses": [
		{
		"text": "Who are you?",
                "condition": { "not": { "u_has_var": "joined_cult_fiend", "type": "dialogue", "context": "cult" } },
		"topic": "TALK_CULT_LEADER_FIEND_WHO"
		},
                {
		"text": "Hello again, can you help me with something?",
                "condition": { "u_has_var": "joined_cult_fiend", "type": "dialogue", "context": "cult" },
		"topic": "TALK_CULT_LEADER_FIEND_MENU"
		},
                {
		"text": "I gotta go.",
		"topic": "TALK_DONE"
		}
    ]
  },
{
    "type": "talk_topic",
    "id": "TALK_CULT_LEADER_FIEND_WHO",
    "dynamic_line": [ "Who am I, you ask? I am but a leader of servents. Is there anything I may do for you?" ],
    "responses": [
		{
		"text": "What do you mean, 'leader of servents'?",
		"topic": "TALK_CULT_LEADER_FIEND_KNOW"
		},
                {
		"text": "Nope.",
		"topic": "TALK_DONE"
		}
    ]
  },
{
    "type": "talk_topic",
    "id": "TALK_CULT_LEADER_FIEND_KNOW",
    "dynamic_line": [ "You really don't know? If you did not know, how did you find this place, so far away from the city. How did you know of its existence, without first learning what I speak of?" ],
    "responses": [
		{
		"text": "I found it by accident.",
		"topic": "TALK_CULT_LEADER_FIEND_SANCTUM"
		},
                {
		"text": "I gotta go.",
		"topic": "TALK_DONE"
		}
    ]
  },
{
    "type": "talk_topic",
    "id": "TALK_CULT_LEADER_FIEND_SANCTUM",
    "dynamic_line": [ "I suppose that's possible, my efforts have failed. I may as well teach you, now that you're here." ],
    "responses": [
		{
		"text": "Alright. What is it?",
		"topic": "TALK_CULT_LEADER_FIEND_BOSS"
		},
                {
		"text": "I think I'll leave.",
		"topic": "TALK_DONE"
		}
    ]
  },
{
    "type": "talk_topic",
    "id": "TALK_CULT_LEADER_FIEND_BOSS",
    "dynamic_line": [ "What I speak of are beings from the Abyss. Those which stalk the fringes of our world, those which people fear. Demons, you may have heard. If one is willing, a pact can be forged between them and us. In exchange for your magic, you recieve a great power; to bend their realm to your will. I myself, as everyone here, hold a pact of our own." ],
    "responses": [
		{
		"text": "Can I make a pact of my own?",
		"topic": "TALK_CULT_LEADER_FIEND_PACT"
		},
                {
		"text": "Oh my. That's not for me.",
		"topic": "TALK_DONE"
		}
    ]
  },
{
    "type": "talk_topic",
    "id": "TALK_CULT_LEADER_FIEND_PACT",
    "dynamic_line": [ "Yes, it's quite simple. All you need to do is learn one of their spells, and cast it. The rest if fairly simple. I would be willing to help you in this journey, but you must make a deal with me first." ],
    "responses": [
		{
		"text": "What are your terms?",
		"topic": "TALK_CULT_LEADER_FIEND_DEAL"
		}
    ]
  },
  {
    "id": "TALK_CULT_LEADER_FIEND_DEAL",
    "type": "talk_topic",
    "dynamic_line": [ "I want you to join our organization; our cabal. Swear an oath to us, and I shall teach you." ],
    "responses": [ { "text": "I agree.", 
                     "topic": "TALK_DONE", 
                     "effect": [ { "u_add_var": "joined_cult_fiend", "type": "dialogue", "context": "cult", "value": "yes" },
                                 { "u_spawn_item": "cult_robes" } ] } ]
  },
{
    "type": "talk_topic",
    "id": "TALK_CULT_LEADER_FIEND_MENU",
    "dynamic_line": [ "Certianly, what is it you need?" ],
    "responses": [
		{
		"text": "Are you willing to part with any of these?",
                "effect": "start_trade",
		"topic": "TALK_DONE"
		},
                {
        "switch": true,
        "default": true,
        "text": "How did this organization form?",
        "trial": { "type": "PERSUADE", "difficulty": -10 },
        "success": { "topic": "TALK_CULT_LEADER_FIEND_BACKSTORY", "opinion": { "trust": 1, "value": 1 } },
        "failure": { "topic": "TALK_WORK" }
      },
                { 
                "text": "Is there any work to be done?",
                "topic": "TALK_CULT_JOBS" 
                } 
    ]
  },
{
    "id": "TALK_CULT_LEADER_FIEND_BACKSTORY",
    "type": "talk_topic",
    "dynamic_line": [ "Thats quite the story... Well, from what I remember, people have been making deals with otherworldly patrons for hundreads of years. I am certianly not the first. Someone preceded me, having made a deal for power, and gathered others in secret to instruct them. Eventually, we moved out here, built it all in secret. Here we have remained to this day." ],
    "responses": [ 
                  {
		"text": "Hmm.",
		"topic": "TALK_DONE"
		}
               ]
  }
]