[
 {
    "id": "cbook1",
    "type": "BOOK",
    "name": { "str": "otherworldly shard" },
    "description": "A small tablet of blackened stone, apparently cut from a much larger slab.  Golden runes glow over its surface, and slowly shift into intelligible sentences when you stare at them.",
    "weight": "4000 g",
    "volume": "2500 ml",
    "material": [ "stone" ],
    "symbol": "?",
    "color": "light_gray",
    "use_action": { "type": "learn_spell", "spells": [ "cult_heal" ] }
  },
  {
    "id": "cbook2",
    "type": "BOOK",
    "name": { "str": "otherworldly shard" },
    "description": "A small tablet of blackened stone, apparently cut from a much larger slab.  Golden runes glow over its surface, and slowly shift into intelligible sentences when you stare at them.",
    "weight": "4000 g",
    "volume": "2500 ml",
    "material": [ "stone" ],
    "symbol": "?",
    "color": "light_gray",
    "use_action": { "type": "learn_spell", "spells": [ "bloodball" ] }
  },
  {
    "id": "cbook3",
    "type": "BOOK",
    "name": { "str": "otherworldly shard" },
    "description": "A small tablet of blackened stone, apparently cut from a much larger slab.  Golden runes glow over its surface, and slowly shift into intelligible sentences when you stare at them.",
    "weight": "4000 g",
    "volume": "2500 ml",
    "material": [ "stone" ],
    "symbol": "?",
    "color": "light_gray",
    "use_action": { "type": "learn_spell", "spells": [ "hota" ] }
  }
]