[
 {
    "id": "spellshard1",
    "type": "SPELL",
    "name": "otherworldly shard",
    "description": "Shard for Eldritch Commune",
    "valid_targets": [ "self" ],
    "min_damage": 1,
    "max_damage": 1,
    "effect": "spawn_item",
    "shape": "blast",
    "effect_str": "cbook1",
    "base_casting_time": 0,
    "base_energy_cost": 0,
    "min_duration": 360000,
    "max_duration": 360000,
    "duration_increment": 1,
    "difficulty": 0,
    "max_level": 0,
    "message": "An otherworldly shard appears before you...",
    "energy_source": "MANA"
  },
  {
    "id": "spellshard2",
    "type": "SPELL",
    "name": "otherworldly shard",
    "description": "Shard for Eldritch Commune",
    "valid_targets": [ "self" ],
    "min_damage": 1,
    "max_damage": 1,
    "effect": "spawn_item",
    "shape": "blast",
    "effect_str": "cbook2",
    "base_casting_time": 0,
    "base_energy_cost": 0,
    "min_duration": 360000,
    "max_duration": 360000,
    "duration_increment": 1,
    "difficulty": 0,
    "max_level": 0,
    "message": "An otherworldly shard appears before you...",
    "energy_source": "MANA"
  },
  {
    "id": "spellshard3",
    "type": "SPELL",
    "name": "otherworldly shard",
    "description": "Shard for Eldritch Commune",
    "valid_targets": [ "self" ],
    "min_damage": 1,
    "max_damage": 1,
    "effect": "spawn_item",
    "shape": "blast",
    "effect_str": "cbook3",
    "base_casting_time": 0,
    "base_energy_cost": 0,
    "min_duration": 360000,
    "max_duration": 360000,
    "duration_increment": 1,
    "difficulty": 0,
    "max_level": 0,
    "message": "An otherworldly shard appears before you...",
    "energy_source": "MANA"
  },
  {
    "type": "SPELL",
    "id": "message1",
    "name": "eldritch message",
    "description": "Message for Eldritch Commune.",
    "valid_targets": [ "self" ],
    "effect": "none",
    "shape": "blast",
    "base_casting_time": 0,
    "min_damage": 1,
    "max_damage": 1,
    "message": "Heed the signs..."
  },
  {
    "type": "SPELL",
    "id": "message2",
    "name": "eldritch message",
    "description": "Message for Eldritch Commune.",
    "valid_targets": [ "self" ],
    "effect": "none",
    "shape": "blast",
    "base_casting_time": 0,
    "min_damage": 1,
    "max_damage": 1,
    "message": "Take caution..."
  },
  {
    "type": "SPELL",
    "id": "message3",
    "name": "eldritch message",
    "description": "Message for Eldritch Commune.",
    "valid_targets": [ "self" ],
    "effect": "none",
    "shape": "blast",
    "base_casting_time": 0,
    "min_damage": 1,
    "max_damage": 1,
    "message": "Pleasure lies within the future..."
  },
  {
    "type": "SPELL",
    "id": "message4",
    "name": "eldritch message",
    "description": "Message for Eldritch Commune.",
    "valid_targets": [ "self" ],
    "effect": "none",
    "shape": "blast",
    "base_casting_time": 0,
    "min_damage": 1,
    "max_damage": 1,
    "message": "Consult the breathren..."
  },
  {
    "id": "mutagen",
    "type": "SPELL",
    "name": "blood mutagen",
    "description": "Blood for Eldritch Commune",
    "valid_targets": [ "self" ],
    "min_damage": 1,
    "max_damage": 1,
    "effect": "spawn_item",
    "shape": "blast",
    "effect_str": "the_blood_mut",
    "base_casting_time": 0,
    "base_energy_cost": 0,
    "min_duration": 360000,
    "max_duration": 360000,
    "duration_increment": 1,
    "difficulty": 0,
    "max_level": 0,
    "message": "Grow closer, child...",
    "energy_source": "MANA"
  }
]