[
  {
    "id": "components_ritual",
    "type": "requirement",
    "//": "Organs for cult ritual sacrifice",
    "components": [ [ [ "human_flesh", 10 ], [ "meat", 10 ], [ "meat_tainted", 10 ], [ "demihuman_flesh", 10 ] ], 
                    [ [ "hstomach", 1 ], [ "hstomach_large", 1 ], [ "stomach", 1 ], [ "stomach_large", 1 ], [ "demihuman_stomach", 1 ], [ "demihuman_stomach_large", 1 ] ],
                    [ [ "offal", 10 ] ],
                    [ [ "lung", 2 ] ],
                    [ [ "liver", 1 ] ],
                    [ [ "brain", 1 ] ],
                    [ [ "kidney", 2 ] ],
                    [ [ "sweetbread", 5 ] ] ]
  },
  {
    "id": "components_commune",
    "type": "requirement",
    "//": "Blood to commune",
    "components": [ [ [ "the_blood", 3 ] ] ]
  },
  {
    "id": "components_heal",
    "type": "requirement",
    "//": "Stitches",
    "components": [ [ [ "thread", 10 ] ] ]
  }
]