[
 {
    "id": "extract_blood",
    "type": "SPELL",
    "name": "Blood Extract",
    "description": "You slit your skin, allowing your altered Blood to flow forth. One may obtain more with time, effort, and skill.",
    "valid_targets": [ "self" ],
    "min_damage": 3,
    "max_damage": 20,
    "damage_increment": 1.7,
    "max_level": 30,
    "difficulty": 2,
    "effect": "spawn_item",
    "shape": "blast",
    "effect_str": "the_blood",
    "energy_source": "HP",
    "base_energy_cost": 6,
    "//": "one minute",
    "base_casting_time": 6000,
    "min_range": 0,
    "max_range": 0,
    "flags": [ "CONCENTRATE", "PERMANENT", "NO_LEGS" ],
    "min_duration": 30000,
    "max_duration": 150000,
    "duration_increment": 4000
  },
  {
    "id": "blood_heal",
    "type": "SPELL",
    "name": "a regenerative mending",
    "description": "Heals damage from The Blood.",
    "valid_targets": [ "self" ],
    "min_damage": -30,
    "max_damage": -30,
    "damage_increment": 0,
    "max_level": 1,
    "min_range": 0,
    "max_range": 0,
    "range_increment": 0,
    "effect": "attack",
    "shape": "blast",
    "base_casting_time": 0,
    "base_energy_cost": 0,
    "flags": [ "SILENT" ],
    "difficulty": 0,
    "energy_source": "MANA"
  },
  {
    "id": "cult_heal",
    "type": "SPELL",
    "name": "Stitch Wounds",
    "description": "Your flesh stitches itself, mending the scars of the world.",
    "valid_targets": [ "self", "ally", "hostile" ],
    "min_damage": 0,
    "max_damage": -50,
    "damage_increment": 0,
    "max_level": 15,
    "min_range": 0,
    "max_range": 1,
    "range_increment": 0.1,
    "effect": "attack",
    "shape": "blast",
    "base_casting_time": 120,
    "base_energy_cost": 100,
    "components": "components_heal",
    "skill": "occult",
    "flags": [ "VERBAL", "NO_LEGS", "RANDOM_DAMAGE" ],
    "spell_class": "WARLOCK_E",
    "difficulty": 5,
    "energy_source": "MANA"
  },
  {
    "id": "bloodshot",
    "type": "SPELL",
    "name": "Bloodshot",
    "description": "You catalyse your blood into a harmful blast.",
    "valid_targets": [ "hostile", "self", "ally", "ground" ],
    "effect": "attack",
    "shape": "blast",
    "energy_source": "HP",
    "flags": [ "NO_LEGS" ],
    "spell_class": "WARLOCK_E",
    "skill": "occult",
    "min_damage": 5,
    "max_damage": 30,
    "damage_increment": 1.7,
    "min_range": 5,
    "max_range": 8,
    "range_increment": 0.2,
    "max_level": 15,
    "difficulty": 1,
    "base_casting_time": 100,
    "base_energy_cost": 1,
    "damage_type": "biological"
  },
  {
    "id": "bloodball",
    "type": "SPELL",
    "name": "Bloodball",
    "description": "You catalyse your blood into a harmful blast, striking those around itself.",
    "valid_targets": [ "hostile", "self", "ally", "ground" ],
    "effect": "attack",
    "shape": "blast",
    "energy_source": "HP",
    "spell_class": "WARLOCK_E",
    "skill": "occult",
    "flags": [ "NO_LEGS" ],
    "min_damage": 10,
    "max_damage": 70,
    "min_range": 5,
    "max_range": 8,
    "min_aoe": 3,
    "max_aoe": 5,
    "aoe_increment": 0.1,
    "max_level": 20,
    "difficulty": 4,
    "base_casting_time": 100,
    "base_energy_cost": 4,
    "damage_type": "biological"
  },
  {
    "id": "multi_bloodshot",
    "type": "SPELL",
    "name": "Red Swarm",
    "effect": "attack",
    "shape": "blast",
    "description": "You catalyse your life force to send forth a volley of harmful bolts.",
    "valid_targets": [ "hostile" ],
    "spell_class": "WARLOCK_E",
    "skill": "occult",
    "min_damage": 5,
    "max_damage": 30,
    "damage_increment": 1.7,
    "max_level": 15,
    "min_range": 5,
    "max_range": 8,
    "range_increment": 0.2,
    "energy_source": "HP",
    "base_energy_cost": 6,
    "base_casting_time": 85,
    "final_casting_time": 85,
    "sound_description": "a gurgle",
    "difficulty": 3,
    "flags": [ "RANDOM_TARGET", "SOMATIC", "NO_LEGS" ],
    "extra_effects": [ { "id": "bloodshot" }, { "id": "bloodshot" }, { "id": "bloodshot" }, { "id": "bloodshot" }, { "id": "bloodshot" } ]
  },
  {
    "id": "tentacle_whip",
    "type": "SPELL",
    "name": "Abyssal Artillery",
    "description": "You call forth tentacles to flail your opponents.",
    "valid_targets": [ "hostile", "self", "ally", "ground" ],
    "spell_class": "WARLOCK_E",
    "effect": "attack",
    "shape": "blast",
    "energy_source": "MANA",
    "skill": "occult",
    "flags": [ "NO_LEGS" ],
    "min_damage": 20,
    "max_damage": 100,
    "damage_increment": 4,
    "min_range": 4,
    "max_range": 10,
    "range_increment": 0.5,
    "min_aoe": 2,
    "max_aoe": 4,
    "max_level": 20,
    "difficulty": 4,
    "base_casting_time": 100,
    "base_energy_cost": 200,
    "damage_type": "stab"
  },
  {
    "id": "e_sacrifice",
    "type": "SPELL",
    "name": "Ritual Sacrifice",
    "description": "You prepare and offer the remnants of a creature to the Elder One. Praise!",
    "valid_targets": [ "self" ],
    "spell_class": "WARLOCK_E",
    "min_damage": 15,
    "max_damage": 40,
    "damage_increment": 0.9,
    "max_level": 30,
    "difficulty": 4,
    "effect": "spawn_item",
    "shape": "blast",
    "effect_str": "the_blood",
    "energy_source": "MANA",
    "skill": "occult",
    "base_energy_cost": 300,
    "//": "thirty minutes",
    "base_casting_time": 180000,
    "min_range": 0,
    "max_range": 0,
    "message": "Bug forth, mglw'nafh.  L' gn'thh, l' yogagll, forth l' c' sacred, ahagl n'gha ahornah ah'mglw'nafh.  Vulgtmah! vulgtmah! vulgtmah! l' vulgtmah mgepog'drn ehye!",
    "flags": [ "CONCENTRATE", "PERMANENT", "VERBAL" ],
    "components": "components_ritual",
    "min_duration": 30000,
    "max_duration": 150000,
    "duration_increment": 4000
  },
  {
    "id": "lash",
    "type": "SPELL",
    "name": { "str": "Whiplash" },
    "description": "Your arm polymorphs into a tentacle, whiping all in front of you.",
    "effect": "attack",
    "shape": "cone",
    "spell_class": "WARLOCK_E",
    "skill": "occult",
    "valid_targets": [ "ally", "hostile", "ground" ],
    "flags": [ "SOMATIC", "VERBAL" ],
    "max_level": 20,
    "min_damage": 10,
    "max_damage": 70,
    "min_range": 1,
    "max_range": 3,
    "range_increment": 0.25,
    "min_aoe": 40,
    "max_aoe": 180,
    "aoe_increment": 7.0,
    "base_casting_time": 85,
    "base_energy_cost": 100,
    "energy_source": "MANA",
    "difficulty": 2,
    "damage_type": "stab"
  },
  {
    "id": "hota",
    "type": "SPELL",
    "name": "Hands of The Abyss",
    "description": "Tentacles rise from the ground, dragging all opponents with it, flaying their skin, bone, muscle.",
    "valid_targets": [ "hostile", "self", "ally", "ground" ],
    "spell_class": "WARLOCK_E",
    "skill": "occult",
    "effect": "none",
    "shape": "blast",
    "components": "components_commune",
    "message": "Bthnknahorr ot shogg, nog forth!",
    "energy_source": "MANA",
    "flags": [ "NO_LEGS", "SOMATIC", "VERBAL" ],
    "min_damage": 3,
    "max_damage": 3,
    "min_range": 4,
    "max_range": 8,
    "min_aoe": 2,
    "max_aoe": 4,
    "max_level": 20,
    "difficulty": 6,
    "base_casting_time": 100,
    "base_energy_cost": 350,
    "extra_effects": [
      { "id": "tentacle_whip" },
      { "id": "tentacle_whip" },
      { "id": "hota_pull" }
    ]
  },
  {
    "id": "hota_pull",
    "type": "SPELL",
    "name": "H.O.T.A Pull",
    "description": "Pull effect for Hands of the Abyss.",
    "effect": "area_pull",
    "shape": "blast",
    "valid_targets": [ "self", "ally", "hostile", "ground" ],
    "min_range": 4,
    "max_range": 10,
    "range_increment": 2.5,
    "min_aoe": 2,
    "max_aoe": 4,
    "aoe_increment": 1.0,
    "max_level": 20,
    "difficulty": 0,
    "base_casting_time": 0,
    "energy_source": "MANA",
    "base_energy_cost": 0
  },
  {
    "type": "SPELL",
    "id": "ecommune",
    "name": "Eldritch Commune",
    "description": "You focus your mind and will to communicate with the elder ones.",
    "valid_targets": [ "self" ],
    "spell_class": "WARLOCK_E",
    "skill": "occult",
    "effect": "none",
    "shape": "blast",
    "max_level": 30,
    "base_casting_time": 360000,
    "flags": [ "WONDER", "NO_HANDS", "NO_LEGS", "CONCENTRATE", "VERBAL" ],
    "min_damage": 1,
    "max_damage": 1,
    "message": "Cosmos, Y' ah'kn'a, goka kadishtuor ah'ehyeah, path unhewed, goka ya orr'eog l' kadishtu.",
    "components": "components_commune",
    "extra_effects": [
      { "id": "spellshard1" },
      { "id": "spellshard2" },
      { "id": "spellshard3" },
      { "id": "mutagen" },
      { "id": "mutagen" },
      { "id": "esummon" },
      { "id": "cult_heal", "hit_self": true },
      { "id": "cult_heal", "hit_self": true }
    ]
  },
  {
    "type": "SPELL",
    "id": "eright",
    "name": "Murmured Rights",
    "description": "You speak a question to the elders for guidance.",
    "valid_targets": [ "self" ],
    "spell_class": "WARLOCK_E",
    "skill": "occult",
    "effect": "none",
    "shape": "blast",
    "max_level": 5,
    "base_casting_time": 100,
    "flags": [ "WONDER", "NO_HANDS", "NO_LEGS", "VERBAL" ],
    "min_damage": 1,
    "max_damage": 1,
    "message": "Ahf' ah kadishtuor, kadishtuor, l' kadishtu?",
    "extra_effects": [
      { "id": "message1" },
      { "id": "message2" },
      { "id": "message3" },
      { "id": "message4" }
    ]
  },
  {
    "id": "esummon",
    "type": "SPELL",
    "name": "Binding",
    "description": "You conjure a servant of the elders, binding it to a living vessal.",
    "valid_targets": [ "ground" ],
    "spell_class": "WARLOCK_E",
    "skill": "occult",
    "min_damage": 1,
    "max_damage": 1,
    "damage_increment": 1,
    "max_level": 20,
    "difficulty": 5,
    "effect": "summon",
    "shape": "blast",
    "effect_str": "mon_shyleggah",
    "energy_source": "HP",
    "base_energy_cost": 4,
    "base_casting_time": 200,
    "min_range": 5,
    "max_range": 9,
    "flags": [ "SOMATIC", "VERBAL", "NO_LEGS", "PERMANENT" ],
    "min_duration": 1,
    "max_duration": 1,
    "duration_increment": 1
  },
  {
    "type": "SPELL",
    "id": "hex",
    "name": "Hex",
    "description": "You invoke the powers of the elders to place foul hinderances upon your opposition.",
    "valid_targets": [ "ally", "hostile", "self" ],
    "spell_class": "WARLOCK_E",
    "skill": "occult",
    "effect": "none",
    "shape": "blast",
    "max_level": 20,
    "energy_source": "HP",
    "base_energy_cost": 3,
    "base_casting_time": 100,
    "flags": [ "WONDER", "NO_HANDS", "NO_LEGS", "VERBAL" ],
    "min_damage": 1,
    "max_damage": 1,
    "min_range": 4,
    "max_range": 9,
    "range_increment": 0.55,
    "message": "Ymg' mgvulgtlagln!",
    "extra_effects": [
      { "id": "weakness_hex" },
      { "id": "mindsap_hex" },
      { "id": "paralysis_hex" },
      {  "id": "withering_hex" },
      { "id": "starving_hex" }
    ]
  },
  {
    "id": "shadowmorph",
    "type": "SPELL",
    "name": { "str": "Shadowmorph" },
    "description": "You weave the shadows around you, forming a blade black as night.",
    "effect": "spawn_item",
    "shape": "blast",
    "effect_str": "katana",
    "valid_targets": [ "self" ],
    "spell_class": "WARLOCK_E",
    "skill": "occult",
    "flags": [ "SOMATIC", "CONCENTRATE", "VERBAL" ],
    "max_level": 15,
    "min_damage": 1,
    "max_damage": 1,
    "min_duration": 5000,
    "max_duration": 14000,
    "duration_increment": 600,
    "base_casting_time": 400,
    "base_energy_cost": 150,
    "energy_source": "MANA",
    "difficulty": 6
  },
{
    "id": "elder_form",
    "type": "SPELL",
    "name": { "str": "Become One" },
    "description": "Calling to other worlds can be a scary thing. When cast, you merge a bit of an otherworldly creature with yourself, distorting your form in wild ways. (Un)Fortunately, this is not permanent.",
    "effect": "spawn_item",
    "shape": "blast",
    "effect_str": "elder_form_item",
    "valid_targets": [ "self" ],
    "spell_class": "WARLOCK_E",
    "skill": "occult",
    "flags": [ "SOMATIC", "CONCENTRATE", "VERBAL" ],
    "max_level": 15,
    "min_damage": 1,
    "max_damage": 1,
    "min_duration": 5000,
    "max_duration": 14000,
    "duration_increment": 600,
    "base_casting_time": 400,
    "base_energy_cost": 30,
    "energy_source": "HP",
    "difficulty": 9
  },
{
    "id": "hide_eldritch",
    "type": "SPELL",
    "name": { "str": "Walk Among Far Ones" },
    "description": "using your connection to far places, you make yourself appear nondescript to beings originating from there.",
    "effect": "spawn_item",
    "shape": "blast",
    "effect_str": "hide_eldritch_item",
    "valid_targets": [ "self" ],
    "spell_class": "WARLOCK_E",
    "skill": "occult",
    "flags": [ "SOMATIC", "CONCENTRATE", "VERBAL" ],
    "max_level": 15,
    "min_damage": 1,
    "max_damage": 1,
    "min_duration": 5000,
    "max_duration": 14000,
    "duration_increment": 600,
    "base_casting_time": 400,
    "base_energy_cost": 15,
    "energy_source": "HP",
    "difficulty": 5
  },
  {
    "id": "bloodflame_main",
    "type": "SPELL",
    "name": "a flaming bolt of blood",
    "description": "Main effect for bloodflame",
    "valid_targets": [ "hostile", "self", "ally", "ground" ],
    "effect": "attack",
    "shape": "blast",
    "energy_source": "HP",
    "min_damage": 5,
    "max_damage": 30,
    "damage_increment": 1.7,
    "min_range": 5,
    "max_range": 8,
    "range_increment": 0.2,
    "max_level": 15,
    "difficulty": 1,
    "base_casting_time": 100,
    "base_energy_cost": 1,
    "damage_type": "biological",
   "extra_effects": [ { "id": "bloodflame_effect" } ]
  },
  {
    "id": "bloodflame_effect",
    "type": "SPELL",
    "name": "a flaming bolt of blood.",
    "description": "fire effect Candelight Femur",
    "valid_targets": [ "hostile", "self", "ally", "ground" ],
    "effect": "attack",
    "shape": "blast",
    "energy_source": "HP",
    "flags": [ "IGNITE_FLAMMABLE" ],
    "min_damage": 15,
    "max_damage": 15,
    "damage_increment": 0,
    "min_range": 5,
    "max_range": 8,
    "range_increment": 0.2,
    "max_level": 15,
    "difficulty": 1,
    "base_casting_time": 100,
    "base_energy_cost": 1,
    "damage_type": "heat"
  }
]