[
{
    "type": "BOOK",
    "copy-from": "spell_scroll",
    "id": "spell_scroll_cleric_smite",
    "name": { "str": "Scroll of Divine Smite", "str_pl": "Scrolls of Divine Smite" },
    "description": "Shing!",
    "use_action": { "type": "learn_spell", "spells": [ "smite" ] }
  },
{
    "type": "BOOK",
    "copy-from": "spell_scroll",
    "id": "spell_scroll_cleric_healing",
    "name": { "str": "Scroll of Lesser Restoration", "str_pl": "Scrolls of Lesser Restoration" },
    "description": "There now. That should do it.",
    "use_action": { "type": "learn_spell", "spells": [ "healing" ] }
  },
{
    "type": "BOOK",
    "copy-from": "spell_scroll",
    "id": "spell_scroll_cleric_deaf",
    "name": { "str": "Scroll of Deafness", "str_pl": "Scrolls of Deafness" },
    "description": "What'cha say?",
    "use_action": { "type": "learn_spell", "spells": [ "deaf" ] }
  },
{
    "type": "BOOK",
    "copy-from": "spell_scroll",
    "id": "spell_scroll_cleric_poison",
    "name": { "str": "Scroll of Cause Poison", "str_pl": "Scrolls of Cause Poison" },
    "description": "Hurk!",
    "use_action": { "type": "learn_spell", "spells": [ "poison" ] }
  },
{
    "type": "BOOK",
    "copy-from": "spell_scroll",
    "id": "spell_scroll_cleric_guardians",
    "name": { "str": "Scroll of Guardian Spirits", "str_pl": "Scrolls of Guardian Spirits" },
    "description": "Gods in heaven don't fail me now!",
    "use_action": { "type": "learn_spell", "spells": [ "guardians" ] }
  },
{
    "type": "BOOK",
    "copy-from": "spell_scroll",
    "id": "spell_scroll_cleric_regeneration",
    "name": { "str": "Scroll of Replenishing Aura", "str_pl": "Scrolls of Replenishing Aura" },
    "description": "Ah, that's better.",
    "use_action": { "type": "learn_spell", "spells": [ "regeneration" ] }
  },
{
    "type": "BOOK",
    "copy-from": "spell_scroll",
    "id": "spell_scroll_cleric_force",
    "name": { "str": "Scroll of Force", "str_pl": "Scrolls of Force" },
    "description": "Stay away!",
    "use_action": { "type": "learn_spell", "spells": [ "force" ] }
  },
{
    "type": "BOOK",
    "copy-from": "spell_scroll",
    "id": "spell_scroll_cleric_homeward",
    "name": { "str": "Scroll of Homeward", "str_pl": "Scrolls of Homeward" },
    "description": "That was nice, let's hit the road.",
    "use_action": { "type": "learn_spell", "spells": [ "homeward" ] }
  },
{
    "type": "BOOK",
    "copy-from": "spell_scroll",
    "id": "spell_scroll_cleric_shield_faith",
    "name": { "str": "Scroll of Shield Of Faith", "str_pl": "Scrolls of Shield Of Faith" },
    "description": "No one will stop this!",
    "use_action": { "type": "learn_spell", "spells": [ "mu_spell_shield_faith" ] }
  },
{
    "type": "BOOK",
    "copy-from": "spell_scroll",
    "id": "spell_scroll_cleric_tend_wound",
    "name": { "str": "Scroll of Tend Wound", "str_pl": "Scrolls of Tend Wound" },
    "description": "This should help.",
    "use_action": { "type": "learn_spell", "spells": [ "mu_spell_tend_wound" ] }
  },
{
    "type": "BOOK",
    "copy-from": "spell_scroll",
    "id": "spell_scroll_cleric_bless",
    "name": { "str": "Scroll of Bless", "str_pl": "Scrolls of Bless" },
    "description": "Bless you!",
    "use_action": { "type": "learn_spell", "spells": [ "mu_spell_bless" ] }
  },
{
    "type": "BOOK",
    "copy-from": "spell_scroll",
    "id": "spell_scroll_cleric_bane",
    "name": { "str": "Scroll of Bane", "str_pl": "Scrolls of Bane" },
    "description": "Curse you!",
    "use_action": { "type": "learn_spell", "spells": [ "mu_spell_bane" ] }
  },
{
    "type": "BOOK",
    "copy-from": "spell_scroll",
    "id": "spell_scroll_cleric_divine_favor",
    "name": { "str": "Scroll of Divine Favor", "str_pl": "Scrolls of Divine Favor" },
    "description": "Save me, gods!",
    "use_action": { "type": "learn_spell", "spells": [ "mu_spell_divine_favor" ] }
  },
{
    "type": "BOOK",
    "copy-from": "spell_scroll",
    "id": "spell_scroll_cleric_hide_undead",
    "name": { "str": "Scroll of Hide From Undead", "str_pl": "Scrolls of Hide From Undead" },
    "description": "All this for a magic hood.",
    "use_action": { "type": "learn_spell", "spells": [ "mu_cleric_hide_undead" ] }
  },
{
    "type": "BOOK",
    "copy-from": "spell_scroll",
    "id": "spell_scroll_cleric_hold_undead",
    "name": { "str": "Scroll of Hold Undead", "str_pl": "Scrolls of Hold Undead" },
    "description": "Halt, necromancy!",
    "use_action": { "type": "learn_spell", "spells": [ "mu_spell_cleric_hold_undead" ] }
  }
]