[
{
    "type": "BOOK",
    "copy-from": "spell_scroll",
    "id": "spell_scroll_cleric_spare_dying",
    "name": { "str": "Scroll of Spare The Dying", "str_pl": "Scrolls of Spare The Dying" },
    "description": "On your feet!",
    "use_action": { "type": "learn_spell", "spells": [ "spare_dying" ] }
  },
{
    "type": "BOOK",
    "copy-from": "spell_scroll",
    "id": "spell_scroll_cleric_poison_protect",
    "name": { "str": "Scroll of Protection From Poison", "str_pl": "Scrolls of Protection From Poison" },
    "description": "Drink and never get drunk!",
    "use_action": { "type": "learn_spell", "spells": [ "poison_protect" ] }
  },
{
    "type": "BOOK",
    "copy-from": "spell_scroll",
    "id": "spell_scroll_cleric_great_healing",
    "name": { "str": "Scroll of Greater Restoration", "str_pl": "Scrolls of Greater Restoration" },
    "description": "Begone malady!",
    "use_action": { "type": "learn_spell", "spells": [ "great_healing" ] }
  },
{
    "type": "BOOK",
    "copy-from": "spell_scroll",
    "id": "spell_scroll_cleric_purge_wounds",
    "name": { "str": "Scroll of Purge Wounds", "str_pl": "Scrolls of Purge Wounds" },
    "description": "Disinfectant is important, and you're not gonna always have it.",
    "use_action": { "type": "learn_spell", "spells": [ "purge_wounds" ] }
  },
{
    "type": "BOOK",
    "copy-from": "spell_scroll",
    "id": "spell_scroll_cleric_ease_discomfort",
    "name": { "str": "Scroll of Ease Discomfort", "str_pl": "Scrolls of Ease Discomfort" },
    "description": "There, there. Calm down.",
    "use_action": { "type": "learn_spell", "spells": [ "ease_discomfort" ] }
  }
]