[
{
    "type": "BOOK",
    "copy-from": "spell_scroll",
    "id": "spell_scroll_cleric_sacred_flame",
    "name": { "str": "Scroll of Sacred Flame", "str_pl": "Scrolls of Sacred Flame" },
    "description": "Fire!",
    "use_action": { "type": "learn_spell", "spells": [ "sacred_flame" ] }
  },
{
    "type": "BOOK",
    "copy-from": "spell_scroll",
    "id": "spell_scroll_cleric_holy_ray",
    "name": { "str": "Scroll of Holy Ray", "str_pl": "Scrolls of Holy Ray" },
    "description": "Boom",
    "use_action": { "type": "learn_spell", "spells": [ "holy_ray" ] }
  },
{
    "type": "BOOK",
    "copy-from": "spell_scroll",
    "id": "spell_scroll_cleric_burning_hands",
    "name": { "str": "Scroll of Burning Hands", "str_pl": "Scrolls of Burning Hands" },
    "description": "Fire!",
    "use_action": { "type": "learn_spell", "spells": [ "cleric_burning_hands" ] }
  },
{
    "type": "BOOK",
    "copy-from": "spell_scroll",
    "id": "spell_scroll_cleric_flamestrike",
    "name": { "str": "Scroll of Flamestrike", "str_pl": "Scrolls of Flamestrike" },
    "description": "Fire!",
    "use_action": { "type": "learn_spell", "spells": [ "mu_c_spell_flamestrike" ] }
  },
{
    "type": "BOOK",
    "copy-from": "spell_scroll",
    "id": "spell_scroll_cleric_firesphere",
    "name": { "str": "Scroll of Flame Sphere", "str_pl": "Scrolls of Flame Sphere" },
    "description": "Burn!",
    "use_action": { "type": "learn_spell", "spells": [ "firesphere" ] }
  },
{
    "type": "BOOK",
    "copy-from": "spell_scroll",
    "id": "spell_scroll_cleric_light",
    "name": { "str": "Scroll of Light", "str_pl": "Scrolls of Light" },
    "description": "Shine on you crazy diamond.",
    "use_action": { "type": "learn_spell", "spells": [ "c_light" ] }
  },
{
    "type": "BOOK",
    "copy-from": "spell_scroll",
    "id": "spell_scroll_cleric_hide_demons",
    "name": { "str": "Scroll of Hide From Demons", "str_pl": "Scrolls of Hide From Demons" },
    "description": "Wazzat?",
    "use_action": { "type": "learn_spell", "spells": [ "hide_demons" ] }
  },
{
    "type": "BOOK",
    "copy-from": "spell_scroll",
    "id": "spell_scroll_cleric_hold_demons",
    "name": { "str": "Scroll of Hold Demons", "str_pl": "Scrolls of Hold Demons" },
    "description": "Halt, fiend!",
    "use_action": { "type": "learn_spell", "spells": [ "hold_demons" ] }
  }
]