[
{
    "type": "BOOK",
    "copy-from": "spell_scroll",
    "id": "spell_scroll_cleric_force_greater",
    "name": { "str": "Scroll of Greater Force", "str_pl": "Scrolls of Greater Force" },
    "description": "Get back!",
    "use_action": { "type": "learn_spell", "spells": [ "force_greater" ] }
  },
{
    "type": "BOOK",
    "copy-from": "spell_scroll",
    "id": "spell_scroll_cleric_hold_goblins",
    "name": { "str": "Scroll of Dusken Grasp", "str_pl": "Scrolls of Dusken Grasp" },
    "description": "Halt, goblins!",
    "use_action": { "type": "learn_spell", "spells": [ "hold_goblins" ] }
  },
{
    "type": "BOOK",
    "copy-from": "spell_scroll",
    "id": "spell_scroll_cleric_hide_goblins",
    "name": { "str": "Scroll of Goblinoid Shroud", "str_pl": "Scrolls of Goblinoid Shroud" },
    "description": "Wazzat?",
    "use_action": { "type": "learn_spell", "spells": [ "hide_goblins" ] }
  },
{
    "type": "BOOK",
    "copy-from": "spell_scroll",
    "id": "spell_scroll_cleric_spiritual_hammer",
    "name": { "str": "Scroll of Spiritual Hammer", "str_pl": "Scrolls of Spiritual Hammer" },
    "description": "Crush them!",
    "use_action": { "type": "learn_spell", "spells": [ "mu_spell_spiritual_hammer" ] }
  },
{
    "type": "BOOK",
    "copy-from": "spell_scroll",
    "id": "spell_scroll_cleric_star_beam",
    "name": { "str": "Scroll of Star Finger", "str_pl": "Scrolls of Star Finger" },
    "description": "Star Finger!",
    "use_action": { "type": "learn_spell", "spells": [ "star_beam" ] }
  }
]