[
{
    "type": "BOOK",
    "copy-from": "spell_scroll",
    "id": "spell_scroll_cleric_cleave",
    "name": { "str": "Scroll of Cleave", "str_pl": "Scrolls of Cleave" },
    "description": "Shing!",
    "use_action": { "type": "learn_spell", "spells": [ "cleave" ] }
  },
{
    "type": "BOOK",
    "copy-from": "spell_scroll",
    "id": "spell_scroll_cleric_aniweapon",
    "name": { "str": "Scroll of Animate Weapons", "str_pl": "Scrolls of Animate Weapons" },
    "description": "Flying swords!",
    "use_action": { "type": "learn_spell", "spells": [ "aniweapon" ] }
  },
{
    "type": "BOOK",
    "copy-from": "spell_scroll",
    "id": "spell_scroll_cleric_btd",
    "name": { "str": "Scroll of Bites The Dust", "str_pl": "Scrolls of Bites The Dust" },
    "description": "I am thirty-three years old.",
    "use_action": { "type": "learn_spell", "spells": [ "bites_the_dust" ] }
  },
{
    "type": "BOOK",
    "copy-from": "spell_scroll",
    "id": "spell_scroll_cleric_force_greaterw",
    "name": { "str": "Scroll of Greater Force", "str_pl": "Scrolls of Greater Force" },
    "description": "Get back!",
    "use_action": { "type": "learn_spell", "spells": [ "force_greater_war" ] }
  },
{
    "type": "BOOK",
    "copy-from": "spell_scroll",
    "id": "spell_scroll_cleric_enlarged",
    "name": { "str": "Scroll of Giants Strength", "str_pl": "Scrolls of Giants Strength" },
    "description": "Rawwr!",
    "use_action": { "type": "learn_spell", "spells": [ "enlarged" ] }
  }
]