[
 {
    "result": "cult_robes",
    "type": "recipe",
    "activity_level": "LIGHT_EXERCISE",
    "category": "CC_ARCANE",
    "subcategory": "CSC_ARCANE_CLOTHING",
    "skill_used": "tailor",
    "difficulty": 2,
    "time": "25 m",
    "reversible": true,
    "book_learn": [ [ "archaesth", 1 ] ],
    "using": [ [ "sewing_standard", 18 ] ],
    "components": [ [ [ "rag", 20 ], [ "leather", 18 ], [ "tanned_hide", 3 ], [ "fur", 15 ], [ "tanned_pelt", 3 ], [ "felt_patch", 18 ] ] ]
  },
  {
    "result": "cult_robes_ritual",
    "type": "recipe",
    "activity_level": "LIGHT_EXERCISE",
    "category": "CC_ARCANE",
    "subcategory": "CSC_ARCANE_CLOTHING",
    "skill_used": "tailor",
    "difficulty": 2,
    "time": "25 m",
    "reversible": true,
    "book_learn": [ [ "archaesth", 1 ] ],
    "using": [ [ "sewing_standard", 18 ] ],
    "components": [ [ [ "rag", 20 ], [ "leather", 18 ], [ "tanned_hide", 3 ], [ "fur", 15 ], [ "tanned_pelt", 3 ], [ "felt_patch", 18 ] ],
                    [ [ "patch_ritual", 1 ] ] ]
  },
  {
    "result": "cult_robes_priest",
    "type": "recipe",
    "activity_level": "LIGHT_EXERCISE",
    "category": "CC_ARCANE",
    "subcategory": "CSC_ARCANE_CLOTHING",
    "skill_used": "tailor",
    "difficulty": 2,
    "time": "25 m",
    "reversible": true,
    "book_learn": [ [ "archaesth", 1 ] ],
    "using": [ [ "sewing_standard", 18 ] ],
    "components": [ [ [ "rag", 20 ], [ "leather", 18 ], [ "tanned_hide", 3 ], [ "fur", 15 ], [ "tanned_pelt", 3 ], [ "felt_patch", 18 ] ],
                    [ [ "patch_priest", 1 ] ] ]
  },
  {
    "result": "cult_robes_commune",
    "type": "recipe",
    "activity_level": "LIGHT_EXERCISE",
    "category": "CC_ARCANE",
    "subcategory": "CSC_ARCANE_CLOTHING",
    "skill_used": "tailor",
    "difficulty": 2,
    "time": "25 m",
    "reversible": true,
    "book_learn": [ [ "archaesth", 1 ] ],
    "using": [ [ "sewing_standard", 18 ] ],
    "components": [ [ [ "rag", 20 ], [ "leather", 18 ], [ "tanned_hide", 3 ], [ "fur", 15 ], [ "tanned_pelt", 3 ], [ "felt_patch", 18 ] ],
                    [ [ "patch_commune", 1 ] ] ]
  },
  {
    "result": "cult_robes_elder",
    "type": "recipe",
    "activity_level": "LIGHT_EXERCISE",
    "category": "CC_ARCANE",
    "subcategory": "CSC_ARCANE_CLOTHING",
    "skill_used": "tailor",
    "difficulty": 2,
    "time": "25 m",
    "reversible": true,
    "book_learn": [ [ "archaesth", 1 ] ],
    "using": [ [ "sewing_standard", 18 ] ],
    "components": [ [ [ "rag", 20 ], [ "leather", 18 ], [ "tanned_hide", 3 ], [ "fur", 15 ], [ "tanned_pelt", 3 ], [ "felt_patch", 18 ] ],
                    [ [ "patch_elder", 1 ] ] ]
  },
  {
    "result": "cult_robes_defender",
    "type": "recipe",
    "activity_level": "LIGHT_EXERCISE",
    "category": "CC_ARCANE",
    "subcategory": "CSC_ARCANE_CLOTHING",
    "skill_used": "tailor",
    "difficulty": 2,
    "time": "25 m",
    "reversible": true,
    "book_learn": [ [ "archaesth", 1 ] ],
    "using": [ [ "sewing_standard", 18 ] ],
    "components": [ [ [ "leather", 24 ], [ "tanned_hide", 4 ], [ "fur", 20 ], [ "tanned_pelt", 4 ], [ "felt_patch", 24 ] ] ]
  }
]