[
 { 
    "result": "spell_scroll_bloodshot",
    "type": "recipe",
    "category": "CC_ARCANE",
    "subcategory": "CSC_ARCANE_SCROLLS",
    "skill_used": "fabrication",
    "skills_required": [ "occult", 1 ],
    "difficulty": 1,
    "book_learn": [ [ "archaesth", 1 ] ],
    "time": "15 m",
    "tools": [ [ [ "feather_quill", -1 ], [ "survival_marker", -1 ] ] ],
     "components": [ [ [ "paper", 2 ] ], [ [ "ink", 5 ] ] ]   
  },
  { 
    "result": "spell_scroll_multi_bloodshot",
    "type": "recipe",
    "category": "CC_ARCANE",
    "subcategory": "CSC_ARCANE_SCROLLS",
    "skill_used": "fabrication",
    "skills_required": [ "occult", 1 ],
    "difficulty": 1,
    "book_learn": [ [ "archaesth", 1 ] ],
    "time": "15 m",
    "tools": [ [ [ "feather_quill", -1 ], [ "survival_marker", -1 ] ] ],
     "components": [ [ [ "paper", 2 ] ], [ [ "ink", 5 ] ] ]   
  },
  { 
    "result": "spell_scroll_tentacle_whip",
    "type": "recipe",
    "category": "CC_ARCANE",
    "subcategory": "CSC_ARCANE_SCROLLS",
    "skill_used": "fabrication",
    "skills_required": [ "occult", 1 ],
    "difficulty": 1,
    "book_learn": [ [ "archaesth", 1 ] ],
    "time": "15 m",
    "tools": [ [ [ "feather_quill", -1 ], [ "survival_marker", -1 ] ] ],
     "components": [ [ [ "paper", 2 ] ], [ [ "ink", 5 ] ] ]   
  },
  { 
    "result": "spell_scroll_sacrifice",
    "type": "recipe",
    "category": "CC_ARCANE",
    "subcategory": "CSC_ARCANE_SCROLLS",
    "skill_used": "fabrication",
    "skills_required": [ "occult", 1 ],
    "difficulty": 1,
    "book_learn": [ [ "archaesth", 1 ] ],
    "time": "15 m",
    "tools": [ [ [ "feather_quill", -1 ], [ "survival_marker", -1 ] ] ],
     "components": [ [ [ "paper", 2 ] ], [ [ "ink", 5 ] ] ]   
  },
  { 
    "result": "spell_scroll_lash",
    "type": "recipe",
    "category": "CC_ARCANE",
    "subcategory": "CSC_ARCANE_SCROLLS",
    "skill_used": "fabrication",
    "skills_required": [ "occult", 1 ],
    "difficulty": 1,
    "book_learn": [ [ "archaesth", 1 ] ],
    "time": "15 m",
    "tools": [ [ [ "feather_quill", -1 ], [ "survival_marker", -1 ] ] ],
     "components": [ [ [ "paper", 2 ] ], [ [ "ink", 5 ] ] ]   
  },
  { 
    "result": "spell_scroll_ecommune",
    "type": "recipe",
    "category": "CC_ARCANE",
    "subcategory": "CSC_ARCANE_SCROLLS",
    "skill_used": "fabrication",
    "skills_required": [ "occult", 1 ],
    "difficulty": 1,
    "book_learn": [ [ "archaesth", 1 ] ],
    "time": "15 m",
    "tools": [ [ [ "feather_quill", -1 ], [ "survival_marker", -1 ] ] ],
     "components": [ [ [ "paper", 2 ] ], [ [ "ink", 5 ] ] ]   
  },
  { 
    "result": "spell_scroll_eright",
    "type": "recipe",
    "category": "CC_ARCANE",
    "subcategory": "CSC_ARCANE_SCROLLS",
    "skill_used": "fabrication",
    "skills_required": [ "occult", 1 ],
    "difficulty": 1,
    "book_learn": [ [ "archaesth", 1 ] ],
    "time": "15 m",
    "tools": [ [ [ "feather_quill", -1 ], [ "survival_marker", -1 ] ] ],
     "components": [ [ [ "paper", 2 ] ], [ [ "ink", 5 ] ] ]   
  },
  { 
    "result": "spell_scroll_esummon",
    "type": "recipe",
   "category": "CC_ARCANE",
    "subcategory": "CSC_ARCANE_SCROLLS",
    "skill_used": "fabrication",
    "skills_required": [ "occult", 1 ],
    "difficulty": 1,
    "book_learn": [ [ "archaesth", 1 ] ],
    "time": "15 m",
    "tools": [ [ [ "feather_quill", -1 ], [ "survival_marker", -1 ] ] ],
     "components": [ [ [ "paper", 2 ] ], [ [ "ink", 5 ] ] ]   
  },
  { 
    "result": "spell_scroll_hex",
    "type": "recipe",
    "category": "CC_ARCANE",
    "subcategory": "CSC_ARCANE_SCROLLS",
    "skill_used": "fabrication",
    "skills_required": [ "occult", 1 ],
    "difficulty": 1,
    "book_learn": [ [ "archaesth", 1 ] ],
    "time": "15 m",
    "tools": [ [ [ "feather_quill", -1 ], [ "survival_marker", -1 ] ] ],
     "components": [ [ [ "paper", 2 ] ], [ [ "ink", 5 ] ] ]   
  },
  { 
    "result": "spell_scroll_shadowmorph",
    "type": "recipe",
    "category": "CC_ARCANE",
    "subcategory": "CSC_ARCANE_SCROLLS",
    "skill_used": "fabrication",
    "skills_required": [ "occult", 1 ],
    "difficulty": 1,
    "book_learn": [ [ "archaesth", 1 ] ],
    "time": "15 m",
    "tools": [ [ [ "feather_quill", -1 ], [ "survival_marker", -1 ] ] ],
     "components": [ [ [ "paper", 2 ] ], [ [ "ink", 5 ] ] ]   
  },
  { 
    "result": "patch_ritual",
    "type": "recipe",
    "category": "CC_ARCANE",
    "subcategory": "CSC_ARCANE_OTHER",
    "skill_used": "fabrication",
    "skills_required": [ "chemistry", 2 ],
    "difficulty": 1,
    "book_learn": [ [ "archaesth", 1 ] ],
    "time": "15 m",
    "tools": [ [ [ "feather_quill", -1 ], [ "survival_marker", -1 ] ] ],
     "components": [ [ [ "paper", 1 ] ], [ [ "the_blood", 3 ] ] ]   
  },
  { 
    "result": "patch_priest",
    "type": "recipe",
    "category": "CC_ARCANE",
    "subcategory": "CSC_ARCANE_OTHER",
    "skill_used": "fabrication",
    "skills_required": [ "chemistry", 3 ],
    "difficulty": 1,
    "book_learn": [ [ "archaesth", 1 ] ],
    "time": "15 m",
    "tools": [ [ [ "feather_quill", -1 ], [ "survival_marker", -1 ] ] ],
     "components": [ [ [ "paper", 1 ] ], [ [ "the_blood", 9 ] ] ]   
  },
  { 
    "result": "patch_commune",
    "type": "recipe",
    "category": "CC_ARCANE",
    "subcategory": "CSC_ARCANE_OTHER",
    "skill_used": "fabrication",
    "skills_required": [ "chemistry", 4 ],
    "difficulty": 1,
    "book_learn": [ [ "archaesth", 1 ] ],
    "time": "15 m",
    "tools": [ [ [ "feather_quill", -1 ], [ "survival_marker", -1 ] ] ],
     "components": [ [ [ "paper", 1 ] ], [ [ "the_blood", 12 ] ] ]   
  },
  { 
    "result": "patch_elder",
    "type": "recipe",
    "category": "CC_ARCANE",
    "subcategory": "CSC_ARCANE_OTHER",
    "skill_used": "fabrication",
    "skills_required": [ "chemistry", 5 ],
    "difficulty": 1,
    "book_learn": [ [ "archaesth", 1 ] ],
    "time": "15 m",
    "tools": [ [ [ "feather_quill", -1 ], [ "survival_marker", -1 ] ] ],
     "components": [ [ [ "paper", 1 ] ], [ [ "the_blood", 24 ] ] ]   
  }
]