[
  {
    "type": "effect_type",
    "id": "efc_mtc_dragon_fire_adult_fireball_note",
    "apply_message": "The dragon spews out a fireball!",
    "rating": "bad"
  },
  {
    "type": "effect_type",
    "id": "efc_mtc_dragon_fire_adult_fieryflash_note",
    "apply_message": "The dragon blasts a ray of blazing fire!",
    "rating": "bad"
  },
  {
    "type": "effect_type",
    "id": "eff_mtc_dragon_fire_adult_firebreath_note",
    "apply_message": "The dragon breathes raging fire!",
    "rating": "bad"
  },
  {
    "type": "effect_type",
    "id": "eff_mtc_dragon_ice_adult_absolutezero_note",
    "apply_message": "<color_cyan>The dragon unleashes a deadly frost blast!</color>"
  },
  {
    "type": "effect_type",
    "id": "eff_mtc_dragon_ice_adult_iciclevolley_note",
    "apply_message": "The dragon projects several icicle spears!",
    "rating": "bad"
  },
  {
    "type": "effect_type",
    "id": "eff_mtc_dragon_ice_adult_icebeam_note",
    "apply_message": "Concentrated beam of ice lances off from the dragon!",
    "rating": "bad"
  },
  {
    "type": "effect_type",
    "id": "eff_mtc_dragon_ice_adult_blizzard_note",
    "apply_message": "After some moments, the dragon releases a snowstorm!",
    "rating": "bad"
  },
  {
    "type": "effect_type",
    "id": "eff_mtc_dragon_ice_adult_icebreath_note",
    "apply_message": "The dragon breathes frigid air!",
    "rating": "bad"
  },
  {
    "type": "effect_type",
    "id": "eff_mtc_dragon_storm_adult_shockbeam_note",
    "apply_message": "The dragon lances a ray of electrical discharge!",
    "rating": "bad"
  },
  {
    "type": "effect_type",
    "id": "eff_mtc_dragon_storm_adult_shockstorm_note",
    "apply_message": "The dragon arcs electrical discharges!",
    "rating": "bad"
  },
  {
    "type": "effect_type",
    "id": "eff_mtc_dragon_storm_adult_charge_note",
    "apply_message": "The dragon charges itself!",
    "rating": "mixed"
  },
  {
    "type": "effect_type",
    "id": "eff_mtc_dragon_storm_adult_thunderstrike_note",
    "apply_message": "The dragon unleashes a thunderstrike!",
    "rating": "bad"
  },
  {
    "type": "effect_type",
    "id": "eff_mtc_dragon_storm_adult_thunderblasts_note",
    "apply_message": "The dragon sparks thunderous explosions!",
    "rating": "bad"
  },
  {
    "type": "effect_type",
    "id": "eff_mtc_dragon_fire_adult_flight",
    "name": [ "Flying" ],
    "show_in_info": true,
    "base_mods": { "speed_mod": [ 150 ] }
  },
  {
    "type": "effect_type",
    "id": "eff_mtc_dragon_ice",
    "name": [ "Frosted", "Frosted", "Frosted", "Frosted", "Everfrosted" ],
    "desc": [ "You have been frosted!", "You have been frosted!", "You have been frosted!", "You have been frosted!", "You have been severely frosted!" ],
    "show_in_info": true,
    "max_intensity": 5,
    "max_duration": "10 minutes",
    "int_add_val": 1,
    "int_dur_factor": "1 minutes",
    "int_decay_step": -3,
    "int_decay_tick": 30,
    "base_mods": {
      "int_mod": [ -0.2 ],
      "dex_mod": [ -0.3 ],
      "hurt_min": [ 1 ],
      "hurt_chance": [ 250 ],
      "pkill_tick": [ 60 ],
      "pkill_min": [ 1 ],
      "pkill_max_val": [ 30 ],
      "stamina_chance": [ 2 ],
      "stamina_min": [ -2 ]
    },
    "scaling_mods": {
      "speed_mod": [ -2 ],
      "int_mod": [ -0.2 ],
      "dex_mod": [ -0.3 ],
      "hurt_min": [ 1 ],
      "hurt_chance": [ -10 ],
      "pkill_tick": [ 60 ],
      "pkill_min": [ 1 ],
      "pkill_max_val": [ 30 ],
      "stamina_chance": [ 2 ],
      "stamina_min": [ -2 ]
    }
  },
  {
    "type": "effect_type",
    "id": "eff_mtc_dragon_storm_adult_charge",
    "name": [ "Charged" ],
    "show_in_info": true,
    "base_mods": { "cut_mod": [ 1 ], "speed_mod": [ 25 ] }
  },
  {
    "type": "effect_type",
    "id": "eff_mtc_dragon_fire_immune",
    "removes_effects": [ "smoke" ],
    "blocks_effects": [ "smoke" ],
    "max_duration": "3 turns"
  },
  {
    "type": "effect_type",
    "id": "eff_mtc_dragon_ice_immune",
    "removes_effects": [ "eff_mtc_dragon_ice" ],
    "blocks_effects": [ "eff_mtc_dragon_ice" ],
    "max_duration": "3 turns"
  }
]
