[
  {
    "id": "fd_mtc_dragon_ice",
    "looks_like": "fd_cold_air4",
    "type": "field_type",
    "intensity_levels": [
      { "name": "cold air", "sym": "&", "convection_temperature_mod": -70 }
    ],
    "percent_spread": 100,
    "half_life": "5 seconds",
    "phase": "gas",
    "display_field": false
  },
  {
    "id": "fd_mtc_dragon_fire_immune",
    "type": "field_type",
    "intensity_levels": [
      {
        "name": "draconic pressence",
        "color": "dark_gray",
        "effects": [
          { "effect_id": "eff_mtc_dragon_fire_immune", "body_part": "TORSO", "min_duration": "1 seconds", "max_duration": "1 seconds" }
        ]
      }
    ],
    "priority": -1,
    "half_life": "1 turns",
    "phase": "gas",
    "display_items": true,
    "display_field": false
  },
  {
    "id": "fd_mtc_dragon_ice_immune",
    "type": "field_type",
    "intensity_levels": [
      {
        "name": "draconic pressence",
        "color": "dark_gray",
        "effects": [
          { "effect_id": "eff_mtc_dragon_ice_immune", "body_part": "TORSO", "min_duration": "1 seconds", "max_duration": "1 seconds" }
        ]
      }
    ],
    "priority": -1,
    "half_life": "1 turns",
    "phase": "gas",
    "display_items": true,
    "display_field": false
  }
]