[
  {
    "type": "SPECIES",
    "id": "DRAGON",
    "anger_triggers": [ "HURT" ]
  },
  {
    "type": "MONSTER_FACTION",
    "name": "dragon_fire"
  },
  {
    "type": "MONSTER_FACTION",
    "name": "dragon_ice"
  },
  {
    "type": "MONSTER_FACTION",
    "name": "dragon_storm"
  },
  {
    "id": "mon_mtc_dragon_fire_adult",
    "type": "MONSTER",
    "name": "dragon",
    "description": "An enormous magical reptilian creature with thick, red glossy scales, twisted horns and wings. Be careful of its fiery breath!",
    "default_faction": "dragon_fire",
    "bodytype": "dragon",
	"categories": [ "MONSTERS" ],
    "species": [ "DRAGON" ],
    "volume": "999 L",
    "weight": "1980 kg",
    "hp": 4200,
    "speed": 70,
    "material": [ "flesh" ],
    "symbol": "D",
    "color": "light_red",
    "attack_cost": 300,
    "aggression": 100,
    "morale": 100,
    "melee_skill": 10,
    "melee_dice": 5,
    "melee_dice_sides": 10,
    "melee_damage": [ { "damage_type": "cut", "amount": 25 } ],
    "dodge": 1,
    "armor_bash": 20,
    "armor_cut": 20,
    "armor_stab": 20,
    "armor_bullet": 30,
    "armor_acid": 3,
    "vision_day": 50,
    "vision_night": 10,
    "harvest": "dragon",
	"death_drops": {
      "subtype": "collection",
      "items": [
        { "item": "trophy_dragon_fang", "prob": 100 },
		{ "item": "trophy_dragon_fang", "prob": 100 }
      ]
    },
    "special_attacks": [
      { "type": "bite", "cooldown": 10 },
      [ "scratch", 8 ],
      {
        "type": "spell",
        "spell_data": { "id": "mon_mtc_dragon_fire_adult_target" },
        "cooldown": 18,
        "monster_message": "<color_magenta>%1$s opens its mouth...</color>"
      }
    ],
    "flags": [
      "SEES",
      "HEARS",
      "SMELLS",
      "KEENNOSE",
      "PATH_AVOID_DANGER_2",
      "WARM",
      "SWIMS",
      "FIREPROOF",
      "PUSH_MON",
      "FLIES"
    ]
  },
  {
    "id": "mon_mtc_dragon_ice_adult",
    "type": "MONSTER",
    "name": "dragon",
    "description": "An enormous magical reptilian creature with thick, cyanide scales, curled horns and wings. Be careful of its icy breath!",
    "default_faction": "dragon_ice",
    "bodytype": "dragon",
	"categories": [ "MONSTERS" ],
    "species": [ "DRAGON" ],
    "volume": "999 L",
    "weight": "1980 kg",
    "hp": 3950,
    "speed": 75,
    "material": [ "flesh" ],
    "symbol": "D",
    "color": "cyan",
    "attack_cost": 300,
    "aggression": 100,
    "morale": 100,
    "melee_skill": 10,
    "melee_dice": 2,
    "melee_dice_sides": 8,
    "melee_damage": [ { "damage_type": "cut", "amount": 20 } ],
    "dodge": 1,
    "armor_bash": 18,
    "armor_cut": 18,
    "armor_stab": 18,
    "armor_bullet": 26,
    "armor_acid": 1,
    "vision_day": 50,
    "vision_night": 10,
    "harvest": "dragon",
	"death_drops": {
      "subtype": "collection",
      "items": [
        { "item": "trophy_dragon_fang", "prob": 100 },
		{ "item": "trophy_dragon_fang", "prob": 100 }
      ]
    },
    "special_attacks": [
      { "type": "bite", "cooldown": 10 },
      [ "scratch", 7 ],
      {
        "type": "spell",
        "spell_data": { "id": "mon_mtc_dragon_ice_adult_target" },
        "cooldown": 20,
        "monster_message": "<color_magenta>%1$s opens its mouth...</color>"
      }
    ],
    "flags": [
      "SEES",
      "HEARS",
      "SMELLS",
      "KEENNOSE",
      "PATH_AVOID_DANGER_2",
      "WARM",
      "SWIMS",
      "COLDPROOF",
      "PUSH_MON",
      "FLIES"
    ]
  },
  {
    "id": "mon_mtc_dragon_storm_adult",
    "type": "MONSTER",
    "name": "dragon",
    "description": "An enormous magical reptilian creature with thick, sky blue scales, curled horns and wings. Be careful of its thunderous discharges!",
    "default_faction": "dragon_storm",
    "bodytype": "dragon",
	"categories": [ "MONSTERS" ],
    "species": [ "DRAGON" ],
    "volume": "999 L",
    "weight": "1980 kg",
    "hp": 3625,
    "speed": 80,
    "material": [ "flesh" ],
    "symbol": "D",
    "color": "light_blue",
    "attack_cost": 250,
    "aggression": 100,
    "morale": 100,
    "melee_skill": 10,
    "melee_dice": 2,
    "melee_dice_sides": 6,
    "melee_damage": [ { "amount": 6, "damage_type": "electric" } ],
    "dodge": 1,
    "armor_bash": 18,
    "armor_cut": 18,
    "armor_stab": 18,
    "armor_bullet": 26,
    "armor_acid": 1,
    "vision_day": 50,
    "vision_night": 10,
    "harvest": "dragon",
	"death_drops": {
      "subtype": "collection",
      "items": [
        { "item": "trophy_dragon_fang", "prob": 100 },
		{ "item": "trophy_dragon_fang", "prob": 100 }
      ]
    },
    "special_attacks": [
      { "type": "bite", "cooldown": 10 },
      [ "scratch", 7 ],
      {
        "type": "spell",
        "spell_data": { "id": "mon_mtc_dragon_storm_adult_target" },
        "cooldown": 20,
        "monster_message": "<color_magenta>%1$s generates electricity...</color>"
      }
    ],
    "flags": [
      "SEES",
      "HEARS",
      "SMELLS",
      "KEENNOSE",
      "PATH_AVOID_DANGER_2",
      "WARM",
      "SWIMS",
      "ELECTRIC",
      "PUSH_MON",
      "FLIES"
    ]
  },
  {
    "id": "mon_mtc_dragon_fire_young",
    "type": "MONSTER",
    "name": "young dragon",
    "description": "A flying reptile the size of a horse with red glossy scales, short horns and leathery wings. While it might not have the breath attacks of its elders, it is still a formidable foe.",
    "default_faction": "dragon_fire",
    "bodytype": "dragon",
	"categories": [ "MONSTERS" ],
    "species": [ "DRAGON" ],
    "volume": "550 L",
    "weight": "550 kg",
    "hp": 1000,
    "speed": 120,
    "material": [ "flesh" ],
    "symbol": "d",
    "color": "light_red",
    "attack_cost": 100,
    "aggression": 100,
    "morale": 100,
    "melee_skill": 5,
    "melee_dice": 3,
    "melee_dice_sides": 5,
    "melee_damage": [ { "damage_type": "cut", "amount": 12 } ],
    "dodge": 1,
    "armor_bash": 10,
    "armor_cut": 10,
    "armor_stab": 10,
    "armor_bullet": 15,
    "armor_acid": 3,
    "vision_day": 50,
    "vision_night": 10,
    "harvest": "dragon",
	"death_drops": {
      "subtype": "collection",
      "items": [
        { "item": "trophy_dragon_fang", "prob": 100 },
		{ "item": "trophy_dragon_fang", "prob": 100 }
      ]
    },
    "special_attacks": [
      { "type": "bite", "cooldown": 10 },
      [ "scratch", 8 ]
    ],
    "flags": [
      "SEES",
      "HEARS",
      "SMELLS",
      "KEENNOSE",
      "PATH_AVOID_DANGER_2",
      "WARM",
      "SWIMS",
      "FIREPROOF",
      "PUSH_MON",
      "FLIES"
    ]
  },
  {
    "id": "mon_mtc_dragon_ice_young",
    "type": "MONSTER",
    "name": "young dragon",
    "description": "A flying reptile the size of a horse with cyan glossy scales, short horns and leathery wings. While it might not have the breath attacks of its elders, it is still a formidable foe.",
    "default_faction": "dragon_ice",
    "bodytype": "dragon",
	"categories": [ "MONSTERS" ],
    "species": [ "DRAGON" ],
    "volume": "550 L",
    "weight": "550 kg",
    "hp": 1000,
    "speed": 120,
    "material": [ "flesh" ],
    "symbol": "d",
    "color": "cyan",
    "attack_cost": 100,
    "aggression": 100,
    "morale": 100,
    "melee_skill": 5,
    "melee_dice": 3,
    "melee_dice_sides": 5,
    "melee_damage": [ { "damage_type": "cut", "amount": 12 } ],
    "dodge": 1,
    "armor_bash": 10,
    "armor_cut": 10,
    "armor_stab": 10,
    "armor_bullet": 15,
    "armor_acid": 3,
    "vision_day": 50,
    "vision_night": 10,
    "harvest": "dragon",
	"death_drops": {
      "subtype": "collection",
      "items": [
        { "item": "trophy_dragon_fang", "prob": 100 },
		{ "item": "trophy_dragon_fang", "prob": 100 }
      ]
    },
    "special_attacks": [
      { "type": "bite", "cooldown": 10 },
      [ "scratch", 8 ]
    ],
    "flags": [
      "SEES",
      "HEARS",
      "SMELLS",
      "KEENNOSE",
      "PATH_AVOID_DANGER_2",
      "WARM",
      "SWIMS",
      "COLDPROOF",
      "PUSH_MON",
      "FLIES"
    ]
  },
  {
    "id": "mon_mtc_dragon_storm_young",
    "type": "MONSTER",
    "name": "young dragon",
    "description": "A flying reptile the size of a horse with dark purple glossy scales, short horns and leathery wings. While it might not have the breath attacks of its elders, it is still a formidable foe.",
    "default_faction": "dragon_storm",
    "bodytype": "dragon",
	"categories": [ "MONSTERS" ],
    "species": [ "DRAGON" ],
    "volume": "550 L",
    "weight": "550 kg",
    "hp": 1000,
    "speed": 120,
    "material": [ "flesh" ],
    "symbol": "d",
    "color": "light_blue",
    "attack_cost": 100,
    "aggression": 100,
    "morale": 100,
    "melee_skill": 5,
    "melee_dice": 3,
    "melee_dice_sides": 5,
    "melee_damage": [ { "damage_type": "cut", "amount": 12 } ],
    "dodge": 1,
    "armor_bash": 10,
    "armor_cut": 10,
    "armor_stab": 10,
    "armor_bullet": 15,
    "armor_acid": 3,
    "vision_day": 50,
    "vision_night": 10,
    "harvest": "dragon",
	"death_drops": {
      "subtype": "collection",
      "items": [
        { "item": "trophy_dragon_fang", "prob": 100 },
		{ "item": "trophy_dragon_fang", "prob": 100 }
      ]
    },
    "special_attacks": [
      { "type": "bite", "cooldown": 10 },
      [ "scratch", 8 ]
    ],
    "flags": [
      "SEES",
      "HEARS",
      "SMELLS",
      "KEENNOSE",
      "PATH_AVOID_DANGER_2",
      "WARM",
      "SWIMS",
      "ELECTRIC",
      "PUSH_MON",
      "FLIES"
    ]
  }
]
