[
  {
    "id": "mon_mtc_dragon_fire_adult_smoke",
    "type": "SPELL",
    "name": "Huff",
    "description": "Before this unit takes flight, they leave a thick smoke behind.",
    "flags": [ "SILENT" ],
    "valid_targets": [ "self" ],
    "effect": "attack",
	"shape": "blast",
    "min_range": 5,
    "min_aoe": 5,
    "field_id": "fd_smoke",
    "min_field_intensity": 3,
    "max_field_intensity": 3
  },
  {
    "id": "mon_mtc_dragon_adult_flight",
    "type": "SPELL",
    "name": "Dragon's Flight",
    "description": "This unit will fly vigoriously.",
    "flags": [ "SILENT" ],
    "valid_targets": [ "self" ],
    "effect": "attack",
	"shape": "blast",
    "effect_str": "eff_mtc_dragon_fire_adult_flight",
    "min_duration": 600,
    "min_range": 5,
    "min_aoe": 5
  },
  {
    "id": "mon_mtc_dragon_adult_stepback",
    "type": "SPELL",
    "name": "Step Back",
    "description": "This unit takes some distance from their target.",
    "flags": [ "SILENT" ],
    "valid_targets": [ "self" ],
    "effect": "attack",
	"shape": "blast",
    "effect_str": "run",
    "min_duration": 600,
    "min_range": 5,
    "min_aoe": 5
  },
  {
    "type": "SPELL",
    "id": "mon_mtc_dragon_fire_adult_fireball",
    "name": "Fireball",
    "description": "Blasts the target with a fiery fireball.",
    "flags": [ "SILENT", "RANDOM_DURATION", "RANDOM_DAMAGE", "IGNITE_FLAMMABLE" ],
    "valid_targets": [ "hostile", "ground" ],
    "effect": "attack",
	"shape": "blast",
    "effect_str": "onfire",
    "affected_body_parts": [ "HEAD", "TORSO", "ARM_R", "ARM_L", "LEG_R", "LEG_L" ],
    "damage_type": "heat",
    "min_damage": 10,
    "max_damage": 20,
    "min_range": 15,
    "min_aoe": 2,
    "min_duration": 300,
    "max_duration": 600
  },
  {
    "type": "SPELL",
    "id": "mon_mtc_dragon_fire_adult_fireball_note",
    "name": "note",
    "description": "Notify the player whatever this unit has casted.",
    "flags": [ "SILENT" ],
    "valid_targets": [ "hostile", "self" ],
    "effect": "attack",
	"shape": "blast",
    "extra_effects": [
      { "id": "mon_mtc_dragon_fire_adult_fireball" }
    ],
    "effect_str": "efc_mtc_dragon_fire_adult_fireball_note",
    "min_aoe": 30
  },
  {
    "type": "SPELL",
    "id": "mon_mtc_dragon_fire_adult_fieryflash",
    "name": "Fiery Flash",
    "description": "Incinerates targets in a line with a destructive ray of blazing flames.",
    "flags": [ "SILENT", "RANDOM_DURATION", "RANDOM_DAMAGE", "IGNITE_FLAMMABLE"],
    "valid_targets": [ "hostile", "ground" ],
    "effect": "attack",
	"shape": "cone",
    "effect_str": "onfire",
    "affected_body_parts": [ "HEAD", "TORSO", "ARM_R", "ARM_L", "LEG_R", "LEG_L" ],
    "damage_type": "heat",
    "min_damage": 12,
    "max_damage": 24,
    "min_range": 15,
    "max_range": 30,
    "min_aoe": 5,
    "min_duration": 400,
    "max_duration": 800
  },
  {
    "type": "SPELL",
    "id": "mon_mtc_dragon_fire_adult_fieryflash_note",
    "name": "note",
    "description": "Notify the player whatever this unit has casted.",
    "flags": [ "SILENT" ],
    "valid_targets": [ "hostile", "self" ],
    "effect": "attack",
	"shape": "blast",
    "extra_effects": [
      { "id": "mon_mtc_dragon_fire_adult_fieryflash" }
    ],
    "effect_str": "efc_mtc_dragon_fire_adult_fieryflash_note",
    "min_aoe": 30
  },
  {
    "type": "SPELL",
    "id": "mon_mtc_dragon_fire_adult_firebreath",
    "name": "Fire Breath",
    "description": "Spreads blazing flames amongst the targets in a cone.",
    "flags": [ "SILENT", "RANDOM_DURATION", "RANDOM_DAMAGE", "IGNITE_FLAMMABLE" ],
    "valid_targets": [ "hostile", "ground" ],
    "effect": "attack",
	"shape": "cone",
    "effect_str": "onfire",
    "affected_body_parts": [ "HEAD", "TORSO", "ARM_R", "ARM_L", "LEG_R", "LEG_L" ],
    "damage_type": "heat",
    "min_damage": 6,
    "max_damage": 12,
    "min_range": 15,
    "max_range": 30,
    "min_aoe": 45,
    "max_aoe": 90,
    "min_duration": 300,
    "max_duration": 600
  },
  {
    "type": "SPELL",
    "id": "mon_mtc_dragon_fire_adult_firebreath_note",
    "name": "note",
    "description": "Notify the player whatever this unit has casted.",
    "flags": [ "SILENT" ],
    "valid_targets": [ "hostile", "self" ],
    "effect": "attack",
	"shape": "blast",
    "extra_effects": [
      { "id": "mon_mtc_dragon_fire_adult_firebreath" }
    ],
    "effect_str": "eff_mtc_dragon_fire_adult_firebreath_note",
    "min_aoe": 30
  },
  {
    "type": "SPELL",
    "id": "mon_mtc_dragon_fire_adult_target_random",
    "name": "a spell",
    "description": "Targets then casts the spells.",
    "extra_effects": [
      { "id": "mon_mtc_dragon_fire_adult_firebreath_note" },
      { "id": "mon_mtc_dragon_fire_adult_firebreath_note" },
      { "id": "mon_mtc_dragon_fire_adult_firebreath_note" },
      { "id": "mon_mtc_dragon_fire_adult_fieryflash_note" },
      { "id": "mon_mtc_dragon_fire_adult_fieryflash_note" },
      { "id": "mon_mtc_dragon_fire_adult_fireball_note" }
    ],
    "flags": [ "SILENT", "WONDER" ],
    "valid_targets": [ "ally", "hostile", "ground" ],
    "effect": "attack",
	"shape": "blast",
    "min_damage": 1,
    "max_damage": 1,
    "min_range": 15
  },
  {
    "type": "SPELL",
    "id": "mon_mtc_dragon_fire_adult_target",
    "name": "a spell",
    "description": "Targets then casts the spells.",
    "extra_effects": [
      { "id": "mon_mtc_dragon_fire_adult_target_random" },
      { "id": "mon_mtc_dragon_adult_stepback" },
      { "id": "mon_mtc_dragon_adult_flight" },
      { "id": "mon_mtc_dragon_fire_adult_smoke" }
    ],
    "flags": [ "SILENT" ],
    "valid_targets": [ "ally", "hostile", "ground" ],
    "effect": "attack",
	"shape": "blast",
    "min_range": 15
  },
  {
    "id": "mon_mtc_dragon_ice_adult_frigid",
    "type": "SPELL",
    "name": "Frigid Pressence",
    "description": "Before this unit takes flight, enshrouds target in intense coldness.",
    "flags": [ "SILENT" ],
    "valid_targets": [ "hostile", "self" ],
    "effect": "attack",
	"shape": "blast",
    "min_aoe": 2,
    "field_id": "fd_mtc_dragon_ice",
    "min_field_intensity": 1,
    "max_field_intensity": 1
  },
  {
    "type": "SPELL",
    "id": "mon_mtc_dragon_ice_adult_absolutezero_freeze",
    "name": "Absolute Zero - Freeze",
    "description": "Target can't move for several turns.",
    "flags": [ "SILENT", "RANDOM_DAMAGE" ],
    "valid_targets": [ "hostile", "ground" ],
    "effect": "mod_moves",
	"shape": "blast",
    "min_damage": -500,
    "max_damage": -1000,
    "min_range": 12,
    "max_range": 24
  },
  {
    "type": "SPELL",
    "id": "mon_mtc_dragon_ice_adult_absolutezero",
    "name": "Absolute Zero",
    "description": "Encases the target in sheer coldness, dealing high ice damage.",
    "flags": [ "SILENT", "RANDOM_DURATION", "RANDOM_DAMAGE" ],
    "affected_body_parts": [ "HEAD", "TORSO", "ARM_R", "ARM_L", "LEG_R", "LEG_L" ],
    "valid_targets": [ "hostile", "ground" ],
    "effect": "attack",
	"shape": "line",
    "effect_str": "eff_mtc_dragon_ice",
    "damage_type": "cold",
    "min_damage": 14,
    "max_damage": 28,
    "min_range": 12,
    "max_range": 24,
    "min_duration": 6000,
    "max_duration": 12000,
    "field_id": "fd_mtc_dragon_ice",
    "min_field_intensity": 1,
    "max_field_intensity": 1
  },
  {
    "type": "SPELL",
    "id": "mon_mtc_dragon_ice_adult_absolutezero_note",
    "name": "note",
    "description": "Notify the player whatever this unit has casted.",
    "flags": [ "SILENT" ],
    "valid_targets": [ "hostile", "self" ],
    "effect": "attack",
	"shape": "blast",
    "extra_effects": [
      { "id": "mon_mtc_dragon_ice_adult_absolutezero_freeze" },
      { "id": "mon_mtc_dragon_ice_adult_absolutezero" }
    ],
    "effect_str": "eff_mtc_dragon_ice_adult_absolutezero_note",
    "min_aoe": 24
  },
  {
    "type": "SPELL",
    "id": "mon_mtc_dragon_ice_adult_iciclevolley",
    "name": "Icicle Volley",
    "description": "Projects several icicle spears that does stabbing damage.",
    "flags": [ "SILENT", "RANDOM_DAMAGE" ],
    "valid_targets": [ "hostile", "ground" ],
    "effect": "attack",
	"shape": "line",
    "damage_type": "stab",
    "min_damage": 5,
    "max_damage": 10,
    "min_range": 12
  },
  {
    "type": "SPELL",
    "id": "mon_mtc_dragon_ice_adult_iciclevolley_target_random",
    "name": "a spell",
    "description": "Targets then casts the spells.",
    "extra_effects": [
      { "id": "mon_mtc_dragon_ice_adult_iciclevolley" }
    ],
    "flags": [ "SILENT", "WONDER", "RANDOM_DAMAGE" ],
    "valid_targets": [ "ally", "hostile", "ground" ],
    "effect": "attack",
	"shape": "blast",
    "min_damage": 3,
    "max_damage": 6,
    "min_range": 12
  },
  {
    "type": "SPELL",
    "id": "mon_mtc_dragon_ice_adult_iciclevolley_note",
    "name": "note",
    "description": "Notify the player whatever this unit has casted.",
    "flags": [ "SILENT" ],
    "valid_targets": [ "hostile", "self" ],
    "effect": "attack",
	"shape": "blast",
    "extra_effects": [
      { "id": "mon_mtc_dragon_ice_adult_iciclevolley_target_random" }
    ],
    "effect_str": "eff_mtc_dragon_ice_adult_iciclevolley_note",
    "min_aoe": 24
  },
  {
    "type": "SPELL",
    "id": "mon_mtc_dragon_ice_adult_icebeam",
    "name": "Ice Beam",
    "description": "Freezes targets in a line.",
    "flags": [ "SILENT", "RANDOM_DURATION", "RANDOM_DAMAGE" ],
    "affected_body_parts": [ "HEAD", "TORSO", "ARM_R", "ARM_L", "LEG_R", "LEG_L" ],
    "valid_targets": [ "hostile", "ground" ],
    "effect": "attack",
	"shape": "cone",
    "effect_str": "eff_mtc_dragon_ice",
    "damage_type": "cold",
    "min_damage": 10,
    "max_damage": 20,
    "min_range": 12,
    "max_range": 24,
    "min_aoe": 5,
    "max_aoe": 5,
    "min_duration": 3000,
    "max_duration": 6000,
    "field_id": "fd_mtc_dragon_ice",
    "min_field_intensity": 1,
    "max_field_intensity": 1
  },
  {
    "type": "SPELL",
    "id": "mon_mtc_dragon_ice_adult_icebeam_note",
    "name": "note",
    "description": "Notify the player whatever this unit has casted.",
    "flags": [ "SILENT" ],
    "valid_targets": [ "hostile", "self" ],
    "effect": "attack",
	"shape": "blast",
    "extra_effects": [
      { "id": "mon_mtc_dragon_ice_adult_icebeam" }
    ],
    "effect_str": "eff_mtc_dragon_ice_adult_icebeam_note",
    "min_aoe": 24
  },
  {
    "type": "SPELL",
    "id": "mon_mtc_dragon_ice_adult_blizzard",
    "name": "Blizzard",
    "description": "Creates a snowstorm in a wide area.",
    "flags": [ "SILENT", "RANDOM_DURATION", "RANDOM_DAMAGE" ],
    "affected_body_parts": [ "HEAD", "TORSO", "ARM_R", "ARM_L", "LEG_R", "LEG_L" ],
    "valid_targets": [ "hostile", "ground" ],
    "effect": "attack",
	"shape": "blast",
    "effect_str": "eff_mtc_dragon_ice",
    "damage_type": "cold",
    "min_damage": 4,
    "max_damage": 8,
    "min_aoe": 12,
    "max_aoe": 24,
    "min_duration": 1200,
    "max_duration": 2400,
    "field_id": "fd_mtc_dragon_ice",
    "field_chance": 3,
    "min_field_intensity": 1,
    "max_field_intensity": 1
  },
  {
    "type": "SPELL",
    "id": "mon_mtc_dragon_ice_adult_blizzard_note",
    "name": "note",
    "description": "Notify the player whatever this unit has casted.",
    "flags": [ "SILENT" ],
    "valid_targets": [ "hostile", "self" ],
    "effect": "attack",
	"shape": "blast",
    "extra_effects": [
      { "id": "mon_mtc_dragon_ice_adult_blizzard", "hit_self": true }
    ],
    "effect_str": "eff_mtc_dragon_ice_adult_blizzard_note",
    "min_aoe": 24
  },
  {
    "type": "SPELL",
    "id": "mon_mtc_dragon_ice_adult_icebreath",
    "name": "Ice Breath",
    "description": "Spreads freezing air to all targets in a cone.",
    "flags": [ "SILENT", "RANDOM_DURATION", "RANDOM_DAMAGE" ],
    "affected_body_parts": [ "HEAD", "TORSO", "ARM_R", "ARM_L", "LEG_R", "LEG_L" ],
    "valid_targets": [ "hostile", "ground" ],
    "effect": "attack",
	"shape": "cone",
    "effect_str": "eff_mtc_dragon_ice",
    "damage_type": "cold",
    "min_damage": 7,
    "max_damage": 14,
    "min_range": 12,
    "max_range": 24,
    "min_aoe": 90,
    "max_aoe": 135,
    "min_duration": 2000,
    "max_duration": 4000,
    "field_id": "fd_mtc_dragon_ice",
    "field_chance": 2,
    "min_field_intensity": 1,
    "max_field_intensity": 1
  },
  {
    "type": "SPELL",
    "id": "mon_mtc_dragon_ice_adult_icebreath_note",
    "name": "note",
    "description": "Notify the player whatever this unit has casted.",
    "flags": [ "SILENT" ],
    "valid_targets": [ "hostile", "self" ],
    "effect": "attack",
	"shape": "blast",
    "extra_effects": [
      { "id": "mon_mtc_dragon_ice_adult_icebreath" }
    ],
    "effect_str": "eff_mtc_dragon_ice_adult_icebreath_note",
    "min_aoe": 24
  },
  {
    "type": "SPELL",
    "id": "mon_mtc_dragon_ice_adult_target_random",
    "name": "a spell",
    "description": "Targets then casts the spells.",
    "extra_effects": [
      { "id": "mon_mtc_dragon_ice_adult_icebreath_note" },
      { "id": "mon_mtc_dragon_ice_adult_icebreath_note" },
      { "id": "mon_mtc_dragon_ice_adult_icebreath_note" },
      { "id": "mon_mtc_dragon_ice_adult_blizzard_note" },
      { "id": "mon_mtc_dragon_ice_adult_icebeam_note" },
      { "id": "mon_mtc_dragon_ice_adult_iciclevolley_note" },
      { "id": "mon_mtc_dragon_ice_adult_icebreath_note" },
      { "id": "mon_mtc_dragon_ice_adult_icebreath_note" },
      { "id": "mon_mtc_dragon_ice_adult_blizzard_note" },
      { "id": "mon_mtc_dragon_ice_adult_icebeam_note" },
      { "id": "mon_mtc_dragon_ice_adult_iciclevolley_note" },
      { "id": "mon_mtc_dragon_ice_adult_icebreath_note" },
      { "id": "mon_mtc_dragon_ice_adult_blizzard_note" },
      { "id": "mon_mtc_dragon_ice_adult_icebeam_note" },
      { "id": "mon_mtc_dragon_ice_adult_iciclevolley_note" },
      { "id": "mon_mtc_dragon_ice_adult_absolutezero_note" }
    ],
    "flags": [ "SILENT", "WONDER" ],
    "valid_targets": [ "ally", "hostile", "ground" ],
    "effect": "attack",
	"shape": "blast",
    "min_damage": 1,
    "max_damage": 1,
    "min_range": 12
  },
  {
    "type": "SPELL",
    "id": "mon_mtc_dragon_ice_adult_target",
    "name": "a spell",
    "description": "Targets then casts the spells.",
    "extra_effects": [
      { "id": "mon_mtc_dragon_ice_adult_target_random" },
      { "id": "mon_mtc_dragon_adult_stepback" },
      { "id": "mon_mtc_dragon_adult_flight" },
      { "id": "mon_mtc_dragon_ice_adult_frigid", "hit_self": true }
    ],
    "flags": [ "SILENT" ],
    "valid_targets": [ "ally", "hostile", "ground" ],
    "effect": "attack",
	"shape": "blast",
    "min_range": 12
  },
  {
    "id": "mon_mtc_dragon_storm_adult_shock",
    "type": "SPELL",
    "name": "Shock",
    "description": "Before this unit takes flight, spreads electrical discharges at nearby targets.",
    "flags": [ "SILENT" ],
    "valid_targets": [ "hostile" ],
    "effect": "attack",
	"shape": "blast",
    "damage_type": "electric",
    "min_damage": 3,
    "max_damage": 6,
    "min_aoe": 3,
    "field_id": "fd_electricity",
    "min_field_intensity": 2,
    "max_field_intensity": 3
  },
  {
    "type": "SPELL",
    "id": "mon_mtc_dragon_storm_adult_shockbeam",
    "name": "Shock Beam",
    "description": "Projects a concentrated beam of electricity.",
    "flags": [ "SILENT", "RANDOM_DURATION", "RANDOM_DAMAGE" ],
    "valid_targets": [ "hostile", "ground" ],
    "effect": "attack",
	"shape": "cone",
    "effect_str": "zapped",
    "damage_type": "electric",
    "min_damage": 10,
    "max_damage": 20,
    "min_range": 12,
    "max_range": 24,
    "min_aoe": 5,
    "max_aoe": 5,
    "min_duration": 400,
    "max_duration": 800
  },
  {
    "type": "SPELL",
    "id": "mon_mtc_dragon_storm_adult_shockbeam_note",
    "name": "note",
    "description": "Notify the player whatever this unit has casted.",
    "flags": [ "SILENT" ],
    "valid_targets": [ "hostile", "self" ],
    "effect": "attack",
	"shape": "blast",
    "extra_effects": [
      { "id": "mon_mtc_dragon_storm_adult_shockbeam" }
    ],
    "effect_str": "eff_mtc_dragon_storm_adult_shockbeam_note",
    "min_aoe": 20
  },
  {
    "type": "SPELL",
    "id": "mon_mtc_dragon_storm_adult_shockstorm",
    "name": "Shockstorm",
    "description": "Discharges electricity at random areas in a line.",
    "flags": [ "SILENT", "RANDOM_DURATION", "RANDOM_DAMAGE", "RANDOM_TARGET" ],
    "valid_targets": [ "hostile", "ground" ],
    "effect": "attack",
	"shape": "line",
    "effect_str": "zapped",
    "damage_type": "electric",
    "min_damage": 5,
    "max_damage": 10,
    "min_range": 10,
    "max_range": 20,
    "min_aoe": 1,
    "min_duration": 200,
    "max_duration": 400,
    "field_chance": 5,
    "field_id": "fd_electricity",
    "min_field_intensity": 2,
    "max_field_intensity": 3
  },
  {
    "type": "SPELL",
    "id": "mon_mtc_dragon_storm_adult_shockstorm_target_random",
    "name": "a spell",
    "description": "Targets then casts the spells.",
    "extra_effects": [
      { "id": "mon_mtc_dragon_storm_adult_shockstorm" }
    ],
    "flags": [ "SILENT", "WONDER", "RANDOM_DAMAGE" ],
    "valid_targets": [ "ally", "hostile", "ground" ],
    "effect": "attack",
	"shape": "blast",
    "min_damage": 5,
    "max_damage": 10,
    "min_range": 10
  },
  {
    "type": "SPELL",
    "id": "mon_mtc_dragon_storm_adult_shockstorm_note",
    "name": "note",
    "description": "Notify the player whatever this unit has casted.",
    "flags": [ "SILENT" ],
    "valid_targets": [ "hostile", "self" ],
    "effect": "attack",
	"shape": "blast",
    "extra_effects": [
      { "id": "mon_mtc_dragon_storm_adult_shockstorm_target_random" }
    ],
    "effect_str": "eff_mtc_dragon_storm_adult_shockstorm_note",
    "min_aoe": 20
  },
  {
    "type": "SPELL",
    "id": "mon_mtc_dragon_storm_adult_charge",
    "name": "Charge",
    "description": "Units coats itself in electricity, granting bonus damage and speed.",
    "flags": [ "SILENT", "RANDOM_DURATION" ],
    "valid_targets": [ "self" ],
    "effect": "attack",
	"shape": "blast",
    "effect_str": "eff_mtc_dragon_storm_adult_charge",
    "min_duration": 1500,
    "max_duration": 3000
  },
  {
    "type": "SPELL",
    "id": "mon_mtc_dragon_storm_adult_charge_note",
    "name": "note",
    "description": "Notify the player whatever this unit has casted.",
    "flags": [ "SILENT" ],
    "valid_targets": [ "hostile", "self" ],
    "effect": "attack",
	"shape": "blast",
    "extra_effects": [
      { "id": "mon_mtc_dragon_storm_adult_charge" }
    ],
    "effect_str": "eff_mtc_dragon_storm_adult_charge_note",
    "min_aoe": 20
  },
  {
    "type": "SPELL",
    "id": "mon_mtc_dragon_storm_adult_thunderstrike",
    "name": "Thunderstrike",
    "description": "Strikes with a concentrated burst of electrical discharge at the target.",
    "flags": [ "SILENT", "RANDOM_DURATION", "RANDOM_DAMAGE" ],
    "valid_targets": [ "hostile", "ground" ],
    "effect": "attack",
	"shape": "line",
    "effect_str": "zapped",
    "damage_type": "electric",
    "min_damage": 12,
    "max_damage": 24,
    "min_range": 10,
    "max_range": 20,
    "min_duration": 500,
    "max_duration": 1000
  },
  {
    "type": "SPELL",
    "id": "mon_mtc_dragon_storm_adult_thunderstrike_note",
    "name": "note",
    "description": "Notify the player whatever this unit has casted.",
    "flags": [ "SILENT" ],
    "valid_targets": [ "hostile", "self" ],
    "effect": "attack",
	"shape": "blast",
    "extra_effects": [
      { "id": "mon_mtc_dragon_storm_adult_thunderstrike" }
    ],
    "effect_str": "eff_mtc_dragon_storm_adult_thunderstrike_note",
    "min_aoe": 20
  },
  {
    "type": "SPELL",
    "id": "mon_mtc_dragon_storm_adult_thunderblasts",
    "name": "Thunder Blasts",
    "description": "Electric arcs randomly blasts an area.",
    "flags": [ "SILENT", "RANDOM_DURATION", "RANDOM_DAMAGE", "RANDOM_TARGET" ],
    "valid_targets": [ "hostile", "ground" ],
    "effect": "attack",
	"shape": "blast",
    "effect_str": "zapped",
    "damage_type": "electric",
    "min_damage": 7,
    "max_damage": 14,
    "min_range": 10,
    "max_range": 20,
    "min_aoe": 2,
    "min_duration": 250,
    "max_duration": 500,
    "field_chance": 3,
    "field_id": "fd_electricity",
    "min_field_intensity": 2,
    "max_field_intensity": 3
  },
  {
    "type": "SPELL",
    "id": "mon_mtc_dragon_storm_adult_thunderblasts_target_random",
    "name": "a spell",
    "description": "Targets then casts the spells.",
    "extra_effects": [
      { "id": "mon_mtc_dragon_storm_adult_thunderblasts" }
    ],
    "flags": [ "SILENT", "WONDER", "RANDOM_DAMAGE" ],
    "valid_targets": [ "ally", "hostile", "ground" ],
    "effect": "attack",
	"shape": "blast",
    "min_damage": 3,
    "max_damage": 6,
    "min_range": 10
  },
  {
    "type": "SPELL",
    "id": "mon_mtc_dragon_storm_adult_thunderblasts_note",
    "name": "note",
    "description": "Notify the player whatever this unit has casted.",
    "flags": [ "SILENT" ],
    "valid_targets": [ "hostile", "self" ],
    "effect": "attack",
	"shape": "blast",
    "extra_effects": [
      { "id": "mon_mtc_dragon_storm_adult_thunderblasts_target_random" }
    ],
    "effect_str": "eff_mtc_dragon_storm_adult_thunderblasts_note",
    "min_aoe": 20
  },
  {
    "type": "SPELL",
    "id": "mon_mtc_dragon_storm_adult_target_random",
    "name": "a spell",
    "description": "Targets then casts the spells.",
    "extra_effects": [
      { "id": "mon_mtc_dragon_storm_adult_thunderblasts_note" },
      { "id": "mon_mtc_dragon_storm_adult_thunderstrike_note" },
      { "id": "mon_mtc_dragon_storm_adult_charge_note" },
      { "id": "mon_mtc_dragon_storm_adult_shockstorm_note" },
      { "id": "mon_mtc_dragon_storm_adult_shockbeam_note" }
    ],
    "flags": [ "SILENT", "WONDER" ],
    "valid_targets": [ "ally", "hostile", "ground" ],
    "effect": "attack",
	"shape": "blast",
    "min_damage": 1,
    "max_damage": 1,
    "min_range": 10
  },
  {
    "type": "SPELL",
    "id": "mon_mtc_dragon_storm_adult_target",
    "name": "a spell",
    "description": "Targets then casts the spells.",
    "extra_effects": [
      { "id": "mon_mtc_dragon_storm_adult_target_random" },
      { "id": "mon_mtc_dragon_adult_stepback" },
      { "id": "mon_mtc_dragon_adult_flight" },
      { "id": "mon_mtc_dragon_storm_adult_shock" }
    ],
    "flags": [ "SILENT" ],
    "valid_targets": [ "ally", "hostile", "ground" ],
    "effect": "attack",
	"shape": "blast",
    "min_range": 10
  }
]
