[
{
    "id": "mon_fish_cavefish",
    "type": "MONSTER",
    "copy-from": "mon_fish_medium",
    "name": { "str": "cavefish" },
    "description": "A mid-sized fish, adapted to living underground. It has extremley small eyes."
  },
{
    "id": "mon_fish_small_cavefish",
    "type": "MONSTER",
    "copy-from": "mon_fish_small",
    "name": { "str_sp": "blind runner bass" },
    "description": "A small fish, adapted to living underground. It has extremley small eyes, and often darts about to and fro."
  },
{
    "id": "mon_fish_cave_grouper",
    "type": "MONSTER",
    "copy-from": "mon_fish_large",
    "name": { "str_sp": "stone grouper" },
    "description": "A large flat fish, adaped to living underground. It has long whiskers, and no visible eyes, as it glides along the bottom."
  },
{
    "id": "mon_fish_cave_hunter",
    "type": "MONSTER",
    "copy-from": "mon_fish_large",
    "name": { "str_sp": "grey warmouth" },
    "description": "A large oblong fish, with sharp rows of teeth. It has a glowing antannae upon its forehead, as it lies in wait for prey."
  }
]