[
{
    "id": "mon_snail_giant",
    "type": "MONSTER",
    "name": { "str": "giant snail" },
    "description": "A large snail, nearly the size of a horse. It crawls around at a rather slow pace, and looks about with two eye stalks.",
    "default_faction": "herbivore",
    "categories": [ "WILDLIFE" ],
    "diff": 5,
    "volume": "875000 ml",
    "weight": "550 kg",
    "hp": 190,
    "speed": 60,
    "material": [ "flesh" ],
    "symbol": "S",
    "color": "brown",
    "aggression": 0,
    "morale": 100,
    "melee_skill": 4,
    "melee_dice": 1,
    "melee_dice_sides": 5,
    "melee_damage": [ { "damage_type": "cut", "amount": 1 } ],
    "armor_bash": 8,
    "armor_cut": 8,
    "armor_bullet": 8,
    "bleed_rate": 60,
    "vision_day": 30,
    "harvest": "mutant_meatslug",
    "weakpoint_sets": [ "wps_natural_armor" ],
    "reproduction": { "baby_monster": "mon_snail_small", "baby_count": 1, "baby_timer": 10 },
    "baby_flags": [ "SPRING", "WINTER" ],
    "petfood": { "food": [ "CATTLEFOOD" ], "feed": "The %s seems to like you!  It lets you pat its head and seems friendly.", "pet": "The %s lets out a low rumble while you pat their head." },
    "special_attacks": [ [ "EAT_FOOD", 10 ] ],
    "anger_triggers": [ "HURT", "FRIEND_ATTACKED" ],
    "flags": [ "SEES", "ANIMAL", "SMELLS", "BASHES", "ACIDPROOF", "PET_MOUNTABLE", "PUSH_MON", "ARTHROPOD_BLOOD", "CANPLAY" ]
  },
{
    "id": "mon_snail_small",
    "type": "MONSTER",
    "name": { "str": "snail" },
    "description": "A wild snail as large as a human. It crawls along as it looks for food.",
    "copy-from": "mon_snail_giant",
    "volume": "62500 ml",
    "weight": "81500 g",
    "aggression": 0,
    "morale": 100,
    "proportional": { "hp": 0.4, "speed": 1.1, "melee_dice_sides": 0.67 },   
    "extend": { "flags": [ "NO_BREED" ] },
    "upgrades": { "age_grow": 28, "into": "mon_snail_giant" }
  } 
]