[
 {
    "id": "mon_craig_spider",
    "type": "MONSTER",
    "name": { "str": "craig spider" },
    "description": "A large, gray spider, about the size of a cow. It has multiple appendages branching from its thorax, and looks about with several eyes.",
    "default_faction": "craig_spider",
    "bodytype": "spider",
    "categories": [ "MONSTERS" ],
    "species": [ "SPIDER_MTC" ],
    "volume": "680388 ml",
    "weight": "680388 g",
    "hp": 45,
    "speed": 100,
    "material": [ "flesh" ],
    "symbol": "s",
    "color": "dark_gray",
    "aggression": 0,
    "morale": 70,
    "melee_skill": 6,
    "melee_dice": 1,
    "melee_dice_sides": 8,
    "melee_damage": [ { "damage_type": "cut", "amount": 4 } ],
    "dodge": 4,
    "armor_acid": 3,
    "vision_day": 5,
    "vision_night": 5,
    "harvest": "arachnid",
    "anger_triggers": [ "HURT" ],
    "flags": [ "SEES", "SMELLS", "HEARS", "VENOM", "WEBWALK", "CLIMBS", "PUSH_MON", "PATH_AVOID_FIRE", "PET_MOUNTABLE" ]
  } 
]