[
 {
    "type": "MONSTER_FACTION",
    "name": "construct",
    "friendly": [ ]
  },
  {
    "type": "SPECIES",
    "id": "CONSTRUCT",
    "anger_triggers": [ "FRIEND_DIED" ]
  },
 {
    "id": "animated_mace",
    "type": "MONSTER",
    "name": "animated mace",
    "description": "A floating mace, held above the ground by magic. It spins toward you, ready to strike.",
    "symbol": "/",
    "color": "brown",
    "default_faction": "construct",
    "categories": [ "MONSTERS" ],
    "species": [ "CONSTRUCT" ],
    "volume": "750 ml",
    "weight": 1,
    "hp": 20,
    "speed": 165,
    "material": [ "steel" ],
    "harvest": "exempt",
    "aggression": 100,
    "morale": 100,
    "vision_night": 20, 
    "melee_skill": 3,
    "melee_dice": 5,
    "melee_dice_sides": 8,
    "melee_damage": [ { "damage_type": "cut", "amount": 5 } ],
    "dodge": 4,
    "death_function": { "message": "The %s's body melts away.", "corpse_type": "NO_CORPSE" },
    "special_attacks": [ { "id": "slam", "damage_max_instance": [ { "damage_type": "bash", "amount": 40, "armor_multiplier": 0.6 } ] } ],
    "death_drops": {
      "subtype": "collection",
      "items": [
        { "item": "mace", "prob": 100 }
      ]
    },
    "flags": [ "SEES", "FLIES", "NOHEAD", "HARDTOSHOOT", "PRIORITIZE_TARGETS", "NO_BREATHE", "NOGIB" ]
  },
{
    "id": "animated_sword",
    "type": "MONSTER",
    "name": "animated blade",
    "description": "A floating sword, held above the ground by magic. It spins toward you, ready to strike.",
    "symbol": "/",
    "color": "brown",
    "default_faction": "construct",
    "categories": [ "MONSTERS" ],
    "species": [ "CONSTRUCT" ],
    "volume": "750 ml",
    "weight": 1,
    "hp": 20,
    "speed": 165,
    "material": [ "steel" ],
    "harvest": "exempt",
    "aggression": 100,
    "morale": 100,
    "vision_night": 20, 
    "melee_skill": 3,
    "melee_dice": 5,
    "melee_dice_sides": 8,
    "melee_damage": [ { "damage_type": "cut", "amount": 30 } ],
    "dodge": 4,
    "death_function": { "message": "The %s's body melts away.", "corpse_type": "NO_CORPSE" },
    "special_attacks": [ { "id": "scratch", "damage_max_instance": [ { "damage_type": "cut", "amount": 30, "armor_multiplier": 0.6 } ] } ],
    "death_drops": {
      "subtype": "collection",
      "items": [
        { "item": "longsword", "prob": 100 }
      ]
    },
    "flags": [ "SEES", "FLIES", "NOHEAD", "HARDTOSHOOT", "PRIORITIZE_TARGETS", "NO_BREATHE", "NOGIB" ]
  },
{
    "id": "mon_mu_spiritual_hammer",
    "type": "MONSTER",
    "name": "spiritual hammer",
    "description": "A conjured glowing warhammer that hovers in midair and battles your foes, squishing them into appropriately colored pastes.",
    "looks_like": "warhammer",
    "default_faction": "construct",
    "categories": [ "MONSTERS" ],
    "species": [ "CONSTRUCT" ],
    "volume": "12500 ml",
    "weight": "11500 g",
    "hp": 30,
    "speed": 100,
    "symbol": "/",
    "color": "white",
    "aggression": 100,
    "morale": 100,
    "melee_skill": 5,
    "melee_dice": 2,
    "melee_dice_sides": 10,
    "melee_damage": [ { "damage_type": "bash", "amount": 20 } ],
    "dodge": 5,
    "luminance": 10,
    "armor_bash": 5,
    "armor_cut": 5,
    "armor_bullet": 5,
    "vision_day": 20,
    "vision_night": 20,
    "material": [ "steel" ],
    "harvest": "exempt",
    "death_function": { "message": "The %s's body melts away.", "corpse_type": "NO_CORPSE" },    
    "special_attacks": [ { "id": "slam", "damage_max_instance": [ { "damage_type": "bash", "amount": 40, "armor_multiplier": 0.6 } ] } ],
    "flags": [ "SEES", "NOHEAD", "HARDTOSHOOT", "FLIES", "PRIORITIZE_TARGETS", "NO_BREATHE", "NOGIB" ]
  }
]