[
 {
    "id": "mon_mu_flaming_sphere",
    "type": "MONSTER",
    "name": { "str": "flaming sphere" },
    "description": "A large nearly waist high sphere of solid flaming plasma that rolls around, burning everything in its path.",
    "default_faction": "construct",
    "bodytype": "blob",
    "categories": [ "MONSTERS" ],
    "species": [ "CONSTRUCT" ],
    "diff": 2,
    "volume": "62500 ml",
    "weight": "81500 g",
    "hp": 400,
    "speed": 75,
    "symbol": "O",
    "color": "red",
    "phase": "PLASMA",
	"luminance": 10,
    "aggression": 100,
    "morale": 100,
    "melee_skill": 10,
    "melee_dice": 10,
    "melee_dice_sides": 10,
    "melee_damage": [
	{
    "damage_type": "heat",
    "amount": 10.0,
    "armor_penetration": 1,
    "armor_multiplier": 0.5,
    "damage_multiplier": 1
	}
		],
    "dodge": 0,
    "armor_bash": 50,
	"armor_cut": 50,
	"emit_fields": [ { "emit_id": "emit_flaming_sphere", "delay": "1 s" } ],
    "vision_night": 5,
	"vision_day": 15,
    "harvest": "exempt",
    "death_function": { "message": "The %s's body melts away.", "corpse_type": "NO_CORPSE" },
    "flags": [ "SEES", "HEARS", "NOHEAD", "WARM", "FIREY", "FIREPROOF", "NO_BREATHE", "PLASTIC" ]
  },
{
    "id": "mon_target_light",
    "type": "MONSTER",
    "name": "target light",
    "description": "A small flying light, which seems to dance about. They are easily mistaken for lanterns in dark enviornments.",
    "default_faction": "construct",
    "bodytype": "blob",
    "categories": [ "MONSTERS" ],
    "species": [ "CONSTRUCT" ],
    "volume": "1500 ml",
    "weight": "136 g",
    "hp": 1,
    "speed": 0,
    "luminance": 16,
    "material": [ "powder" ],
    "symbol": "o",
    "color": "yellow",
    "aggression": 0,
    "morale": 0,
    "melee_skill": 0,
    "melee_dice": 0,
    "melee_dice_sides": 0,
    "melee_damage": [ { "damage_type": "electric", "amount": 0 } ],
    "dodge": 20,
    "vision_day": 0,
    "vision_night": 0,
    "harvest": "exempt",
    "anger_triggers": [ "PLAYER_CLOSE" ],
    "death_function": { "message": "The %s's body melts away.", "corpse_type": "NO_CORPSE" },
    "flags": [
      "SEES",
      "HEARS",
      "FLIES",
      "HARDTOSHOOT",
      "NOGIB",
      "NOHEAD",
      "NO_BREATHE",
      "IMMOBILE"
    ]
  },
{
    "id": "mon_major_image",
    "type": "MONSTER",
    "name": "illusion",
    "description": "A large, life-like projection of something, mabey a dragon, gnome, or person. It is hard to distingush it from the real deal.",
    "default_faction": "construct",
    "bodytype": "blob",
    "categories": [ "MONSTERS" ],
    "species": [ "CONSTRUCT" ],
    "volume": "1500 ml",
    "weight": "136 g",
    "hp": 1,
    "speed": 0,
    "luminance": 16,
    "material": [ "powder" ],
    "symbol": "o",
    "color": "yellow",
    "aggression": 0,
    "morale": 0,
    "melee_skill": 0,
    "melee_dice": 0,
    "melee_dice_sides": 0,
    "melee_damage": [ { "damage_type": "electric", "amount": 5 } ],
    "dodge": 5,
    "vision_day": 0,
    "vision_night": 0,
    "harvest": "exempt",
    "anger_triggers": [ "PLAYER_CLOSE" ],
    "death_function": { "message": "The %s's body melts away.", "corpse_type": "NO_CORPSE" },
    "flags": [
      "SEES",
      "HEARS",
      "FLIES",
      "HARDTOSHOOT",
      "NOGIB",
      "NOHEAD",
      "NO_BREATHE",
      "IMMOBILE"
    ]
  },
{
    "id": "mon_fire_elemental_small",
    "type": "MONSTER",
    "name": { "str": "elemental fire sprite" },
    "description": "A small, almost twig-like elemental, composed of fire around a core.",
    "default_faction": "construct",
    "bodytype": "human",
    "categories": [ "MONSTERS" ],
    "species": [ "CONSTRUCT" ],
    "volume": "100 ml",
    "weight": "2000 g",
    "hp": 30,
    "speed": 80,
    "symbol": "i",
    "color": "red",
    "phase": "PLASMA",
	"luminance": 5,
    "aggression": 100,
    "morale": 100,
    "melee_skill": 4,
    "melee_dice": 2,
    "melee_dice_sides": 6,
    "melee_damage": [
	{
    "damage_type": "heat",
    "amount": 5.0,
    "armor_penetration": 0.5,
    "armor_multiplier": 0.25,
    "damage_multiplier": 0.5
	}
		],
    "dodge": 2,
    "vision_night": 15,
    "vision_day": 30,
    "harvest": "exempt",
    "death_function": { "message": "The %s's body melts away.", "corpse_type": "NO_CORPSE" },
    "flags": [ "SEES", "HEARS", "WARM", "FIREY", "FIREPROOF", "NO_BREATHE", "PLASTIC" ]
  },
{
    "id": "mon_earth_elemental_small",
    "type": "MONSTER",
    "name": { "str": "elemental earth sprite" },
    "description": "A small, humanoid sprite, made of stone. It seems oddly fragile, though proves quite tough.",
    "default_faction": "construct",
    "bodytype": "human",
    "categories": [ "MONSTERS" ],
    "species": [ "CONSTRUCT" ],
    "volume": "20 L",
    "weight": "30 kg",
    "hp": 30,
    "material": [ "stone" ],
    "symbol": "i",
    "color": "brown",
    "aggression": 100,
    "morale": 100,
    "speed": 60,
    "melee_skill": 4,
    "melee_dice": 2,
    "melee_dice_sides": 6,
    "melee_damage": [ { "damage_type": "bash", "amount": 2 } ],
    "dodge": 2,
    "armor_bash": 3,
    "armor_cut": 3,
    "armor_stab": 3,
    "armor_bullet": 3,
    "harvest": "exempt",
    "vision_day": 15,
    "vision_night": 30,
    "death_function": { "message": "The %s's body melts away.", "corpse_type": "NO_CORPSE" },
    "flags": [ "SEES", "HEARS", "BASHES", "NO_BREATHE" ]
  },
{
    "id": "mon_water_elemental_small",
    "type": "MONSTER",
    "name": { "str": "elemental water sprite" },
    "description": "A small, humanoid sprite, made of water. It seems oddly fragile, and is quite flexible.",
    "default_faction": "construct",
    "bodytype": "human",
    "categories": [ "MONSTERS" ],
    "species": [ "CONSTRUCT" ],
    "volume": "20 L",
    "weight": "15 kg",
    "hp": 20,
    "material": [ "stone" ],
    "symbol": "i",
    "color": "blue",
    "aggression": 100,
    "morale": 100,
    "speed": 60,
    "melee_skill": 4,
    "melee_dice": 2,
    "melee_dice_sides": 6,
    "melee_damage": [ { "damage_type": "cut", "amount": 2 } ],
    "dodge": 4,
    "harvest": "exempt",
    "vision_day": 15,
    "vision_night": 30,
    "death_function": { "message": "The %s's body melts away.", "corpse_type": "NO_CORPSE" },
    "flags": [ "SEES", "SWIMS", "HEARS", "BASHES", "NO_BREATHE" ]
  },
{
    "id": "mon_air_elemental_small",
    "type": "MONSTER",
    "name": { "str": "elemental air sprite" },
    "description": "A small, humanoid sprite, made of air. A small twister forms around it as it moves.",
    "default_faction": "construct",
    "bodytype": "human",
    "categories": [ "MONSTERS" ],
    "species": [ "CONSTRUCT" ],
    "volume": "20 L",
    "weight": "15 kg",
    "hp": 10,
    "material": [ "stone" ],
    "symbol": "i",
    "color": "white",
    "aggression": 100,
    "morale": 100,
    "speed": 90,
    "melee_skill": 4,
    "melee_dice": 2,
    "melee_dice_sides": 6,
    "melee_damage": [ { "damage_type": "bash", "amount": 2 } ],
    "dodge": 4,
    "harvest": "exempt",
    "vision_day": 15,
    "vision_night": 30,
    "death_function": { "message": "The %s's body melts away.", "corpse_type": "NO_CORPSE" },
    "flags": [ "SEES", "SWIMS", "HEARS", "FLIES", "BASHES", "NO_BREATHE" ]
  }
]