[
{
    "id": "mon_clay_golem",
    "type": "MONSTER",
    "name": "clay golem",
    "description": "A large, humanoid golem made from clay. It continually looks about its enviornment, as though watchful.",
    "default_faction": "construct",
    "bodytype": "human",
    "categories": [ "MONSTERS" ],
    "species": [ "CONSTRUCT" ],
    "volume": "120 L",
    "weight": "122 kg",
    "hp": 60,
    "speed": 70,
    "material": [ "clay" ],
    "symbol": "G",
    "color": "brown",
    "aggression": 10,
    "morale": 100,
    "melee_skill": 4,
    "melee_dice": 2,
    "melee_dice_sides": 6,
    "melee_damage": [ { "damage_type": "cut", "amount": 5 } ],
    "armor_bash": 10,
    "armor_cut": 10,
    "armor_bullet": 8,
    "dodge": 0,
    "vision_day": 40,
    "vision_night": 40,
    "death_function": { "corpse_type": "BROKEN" },
    "special_attacks": [ { "id": "slam", "damage_max_instance": [ { "damage_type": "bash", "amount": 20, "armor_multiplier": 0.2 } ] } ],
    "flags": [ "SEES", "NO_BREATHE", "ACIDPROOF", "LOUDMOVES", "PRIORITIZE_TARGETS" ]
  },
{
    "id": "mon_stone_golem",
    "type": "MONSTER",
    "name": "stone golem",
    "description": "A large, humanoid golem carved from stone. It continually looks about its enviornment, as though watchful.",
    "default_faction": "construct",
    "bodytype": "human",
    "categories": [ "MONSTERS" ],
    "species": [ "CONSTRUCT" ],
    "volume": "120 L",
    "weight": "162 kg",
    "hp": 120,
    "speed": 65,
    "material": [ "stone" ],
    "symbol": "G",
    "color": "dark_gray",
    "aggression": 10,
    "morale": 100,
    "melee_skill": 6,
    "melee_dice": 4,
    "melee_dice_sides": 8,
    "melee_damage": [ { "damage_type": "bash", "amount": 8 } ],
    "armor_bash": 15,
    "armor_cut": 15,
    "armor_bullet": 12,
    "dodge": 0,
    "vision_day": 40,
    "vision_night": 40,
    "death_function": { "corpse_type": "BROKEN" },
    "special_attacks": [ { "id": "slam", "damage_max_instance": [ { "damage_type": "bash", "amount": 30, "armor_multiplier": 0.4 } ] } ],
    "flags": [ "SEES", "NO_BREATHE", "LOUDMOVES", "PRIORITIZE_TARGETS" ]
  },
{
    "id": "mon_iron_golem",
    "type": "MONSTER",
    "name": "iron golem",
    "description": "A large, humanoid golem forged of iron. It continually looks about its enviornment, as though watchful.",
    "default_faction": "construct",
    "bodytype": "human",
    "categories": [ "MONSTERS" ],
    "species": [ "CONSTRUCT" ],
    "volume": "120 L",
    "weight": "200 kg",
    "hp": 120,
    "speed": 65,
    "material": [ "steel" ],
    "symbol": "G",
    "color": "light_gray",
    "aggression": 10,
    "morale": 100,
    "melee_skill": 8,
    "melee_dice": 6,
    "melee_dice_sides": 10,
    "melee_damage": [ { "damage_type": "bash", "amount": 10 } ],
    "armor_bash": 25,
    "armor_cut": 25,
    "armor_bullet": 20,
    "dodge": 0,
    "vision_day": 40,
    "vision_night": 40,
    "death_function": { "corpse_type": "BROKEN" },
    "special_attacks": [ { "id": "slam", "damage_max_instance": [ { "damage_type": "bash", "amount": 40, "armor_multiplier": 0.6 } ] } ],
    "flags": [ "SEES", "NO_BREATHE", "LOUDMOVES", "PRIORITIZE_TARGETS" ]
  }
]