[
{
    "type": "BOOK",
    "copy-from": "spell_scroll",
    "id": "spell_scroll_bloodshot",
    "name": { "str": "Scroll of Bloodshot", "str_pl": "Scrolls of Bloodshot" },
    "description": "One is always prepared for defense.",
    "use_action": { "type": "learn_spell", "spells": [ "bloodshot" ] }
  },
{
    "type": "BOOK",
    "copy-from": "spell_scroll",
    "id": "spell_scroll_shadowmorph",
    "name": { "str": "Scroll of Shadowmorph", "str_pl": "Scrolls of Shadowmorph" },
    "description": "Blade of night, heed me!",
    "use_action": { "type": "learn_spell", "spells": [ "shadowmorph" ] }
  },
  {
    "type": "BOOK",
    "copy-from": "spell_scroll",
    "id": "spell_scroll_multi_bloodshot",
    "name": { "str": "Scroll of Red Swarm", "str_pl": "Scrolls of Red Swarm" },
    "description": "The will of our master shall not be hindered.",
    "use_action": { "type": "learn_spell", "spells": [ "multi_bloodshot" ] }
  },
  {
    "type": "BOOK",
    "copy-from": "spell_scroll",
    "id": "spell_scroll_tentacle_whip",
    "name": { "str": "Scroll of Abyssal Artillery", "str_pl": "Scrolls of Abyssal Artillery" },
    "description": "The Abyss provides.",
    "use_action": { "type": "learn_spell", "spells": [ "tentacle_whip" ] }
  },
  {
    "type": "BOOK",
    "copy-from": "spell_scroll",
    "id": "spell_scroll_sacrifice",
    "name": { "str": "Scroll of Ritual Sacrifice", "str_pl": "Scrolls of Ritual Sacrifice" },
    "description": "We must pay due to our patron.",
    "use_action": { "type": "learn_spell", "spells": [ "e_sacrifice" ] }
  },
  {
    "type": "BOOK",
    "copy-from": "spell_scroll",
    "id": "spell_scroll_lash",
    "name": { "str": "Scroll of Lash", "str_pl": "Scrolls of Lash" },
    "description": "Taste the Abyss!",
    "use_action": { "type": "learn_spell", "spells": [ "lash" ] }
  },
  {
    "type": "BOOK",
    "copy-from": "spell_scroll",
    "id": "spell_scroll_ecommune",
    "name": { "str": "Scroll of Eldritch Commune", "str_pl": "Scrolls of Eldritch Commune" },
    "description": "Call forth to the elders, and recieve guidance.",
    "use_action": { "type": "learn_spell", "spells": [ "ecommune" ] }
  },
  {
    "type": "BOOK",
    "copy-from": "spell_scroll",
    "id": "spell_scroll_eright",
    "name": { "str": "Scroll of Murmured Rights", "str_pl": "Scrolls of Murmured Rights" },
    "description": "A whisper may be all one needs...",
    "use_action": { "type": "learn_spell", "spells": [ "eright" ] }
  },
  {
    "type": "BOOK",
    "copy-from": "spell_scroll",
    "id": "spell_scroll_esummon",
    "name": { "str": "Scroll of Binding", "str_pl": "Scrolls of Binding" },
    "description": "A servant of the elders may serve others...",
    "use_action": { "type": "learn_spell", "spells": [ "esummon" ] }
  },
  {
    "type": "BOOK",
    "copy-from": "spell_scroll",
    "id": "spell_scroll_hex",
    "name": { "str": "Scroll of Hexing", "str_pl": "Scrolls of Hexing" },
    "description": "Curse you!",
    "use_action": { "type": "learn_spell", "spells": [ "hex" ] }
  },   
  {
    "type": "BOOK",
    "copy-from": "spell_scroll",
    "id": "spell_scroll_elder_form",
    "name": { "str": "Scroll of Become One", "str_pl": "Scrolls of Become One" },
    "description": "Join us.",
    "use_action": { "type": "learn_spell", "spells": [ "elder_form" ] }
  },  
  {
    "type": "BOOK",
    "copy-from": "spell_scroll",
    "id": "spell_scroll_hide_eldritch",
    "name": { "str": "Scroll of Walk Among Far Ones", "str_pl": "Scrolls of Walk Among Far Ones" },
    "description": "Let's calm down, shall we?",
    "use_action": { "type": "learn_spell", "spells": [ "hide_eldritch" ] }
  }
]