[
{
    "type": "BOOK",
    "copy-from": "spell_scroll",
    "id": "spell_scroll_hellbolt",
    "name": { "str": "Scroll of Hellbolt", "str_pl": "Scrolls of Hellbolt" },
    "description": "Daemons, burn them!",
    "use_action": { "type": "learn_spell", "spells": [ "hellbolt" ] }
  },
{
    "type": "BOOK",
    "copy-from": "spell_scroll",
    "id": "spell_scroll_demons",
    "name": { "str": "Scroll of Sense Lesser Demons", "str_pl": "Scrolls of Sense Lesser Demons" },
    "description": "I call to the Abyss...",
    "use_action": { "type": "learn_spell", "spells": [ "sense_lesser_demons" ] }
  },
{
    "type": "BOOK",
    "copy-from": "spell_scroll",
    "id": "spell_scroll_toxic_cloud",
    "name": { "str": "Scroll of Toxic Mist", "str_pl": "Scrolls of Toxic Mist" },
    "description": "Fsssshhhh...",
    "use_action": { "type": "learn_spell", "spells": [ "toxic_cloud" ] }
  },
{
    "type": "BOOK",
    "copy-from": "spell_scroll",
    "id": "spell_scroll_hellswipe",
    "name": { "str": "Scroll of Daemons Blade", "str_pl": "Scrolls of Daemons Blade" },
    "description": "Wrath brings destruction.",
    "use_action": { "type": "learn_spell", "spells": [ "hellswipe" ] }
  },
{
    "type": "BOOK",
    "copy-from": "spell_scroll",
    "id": "spell_scroll_hellish_rebuke",
    "name": { "str": "Scroll of Hellish Rebuke", "str_pl": "Scrolls of Hellish Rebuke" },
    "description": "Come no further.",
    "use_action": { "type": "learn_spell", "spells": [ "hellish_rebuke" ] }
  }
]