[
{
    "type": "BOOK",
    "copy-from": "spell_scroll",
    "id": "spell_scroll_shadowmorph_c",
    "name": { "str": "Scroll of Shadowmorph", "str_pl": "Scrolls of Shadowmorph" },
    "description": "Blade of night, heed me!",
    "use_action": { "type": "learn_spell", "spells": [ "shadowmorph_c" ] }
  },
{
    "type": "BOOK",
    "copy-from": "spell_scroll",
    "id": "spell_scroll_hex_c",
    "name": { "str": "Scroll of Hex", "str_pl": "Scrolls of Hex" },
    "description": "Rot and perish!",
    "use_action": { "type": "learn_spell", "spells": [ "hex_c" ] }
  },
{
    "type": "BOOK",
    "copy-from": "spell_scroll",
    "id": "spell_scroll_shadowarmor",
    "name": { "str": "Scroll of Night Armor", "str_pl": "Scrolls of Night Armor" },
    "description": "Clang!",
    "use_action": { "type": "learn_spell", "spells": [ "shadowarmor" ] }
  },
{
    "type": "BOOK",
    "copy-from": "spell_scroll",
    "id": "spell_scroll_truestrike",
    "name": { "str": "Scroll of True Strike", "str_pl": "Scrolls of True Strike" },
    "description": "Blade of night, heed me!",
    "use_action": { "type": "learn_spell", "spells": [ "truestrike" ] }
  },
{
    "type": "BOOK",
    "copy-from": "spell_scroll",
    "id": "spell_scroll_smokescreen",
    "name": { "str": "Scroll of Smokescreen", "str_pl": "Scrolls of Smokescreen" },
    "description": "Chew on this!",
    "use_action": { "type": "learn_spell", "spells": [ "smokescreen" ] }
  },
{
    "type": "BOOK",
    "copy-from": "spell_scroll",
    "id": "spell_scroll_shadow_arrow",
    "name": { "str": "Scroll of Shadow Arrow", "str_pl": "Scrolls of Shadow Arrow" },
    "description": "Twang!",
    "use_action": { "type": "learn_spell", "spells": [ "shadow_arrow" ] }
  },
{
    "type": "BOOK",
    "copy-from": "spell_scroll",
    "id": "spell_scroll_masking",
    "name": { "str": "Scroll of Masking", "str_pl": "Scrolls of Masking" },
    "description": "Goodbye!",
    "use_action": { "type": "learn_spell", "spells": [ "masking" ] }
  }
]