[
{
    "type": "BOOK",
    "copy-from": "spell_scroll",
    "id": "spell_scroll_carm",
    "name": { "str": "Scroll of Cold Shoulder", "str_pl": "Scrolls of Cold Shoulder" },
    "description": "Those who oppose me get the cold shoulder.",
    "use_action": { "type": "learn_spell", "spells": [ "carm" ] }
  },
  {
    "type": "BOOK",
    "copy-from": "spell_scroll",
    "id": "spell_scroll_cause_fear",
    "name": { "str": "Scroll of Cause Fear", "str_pl": "Scrolls of Cause Fear" },
    "description": "AAAAHHHH!",
    "use_action": { "type": "learn_spell", "spells": [ "cause_fear" ] }
  },
  {
    "type": "BOOK",
    "copy-from": "spell_scroll",
    "id": "spell_scroll_magic_stone",
    "name": { "str": "Scroll of Magic Stone", "str_pl": "Scrolls of Magic Stone" },
    "description": "Your rock but better.",
    "use_action": { "type": "learn_spell", "spells": [ "magic_stone" ] }
  },
  {
    "type": "BOOK",
    "copy-from": "spell_scroll",
    "id": "spell_scroll_wtrance",
    "name": { "str": "Scroll of Unnatural Ability", "str_pl": "Scrolls of Unnatural Ability" },
    "description": "Kharmen mung!",
    "use_action": { "type": "learn_spell", "spells": [ "wtrance" ] }
  }
]