[
  {
    "type": "effect_type",
    "id": "eff_mtc_goblin_shaman_healed",
    "apply_message": "The goblin shaman heals their allies!",
    "rating": "bad"
  },
  {
    "type": "effect_type",
    "id": "eff_mtc_goblin_shaman_debuff_note",
    "apply_message": "The goblin shaman leeches raw power from their target!",
    "rating": "mixed"
  },
  {
    "type": "effect_type",
    "id": "eff_mtc_goblin_warbanner_buff",
    "name": [ "Inspired" ],
    "show_in_info": true,
    "int_add_val": 1,
    "int_dur_factor": "30 seconds",
    "max_intensity": 20,
    "base_mods": { "bash_mod": [ 0.05 ], "cut_mod": [ 0.05 ], "hit_mod": [ 0.02 ], "speed_mod": [ 1.25 ] },
    "scaling_mods": { "bash_mod": [ 0.05 ], "cut_mod": [ 0.05 ], "hit_mod": [ 0.02 ], "speed_mod": [ 1.25 ] }
  },
  {
    "type": "effect_type",
    "id": "eff_mtc_goblin_shaman_debuff",
    "name": [ "Power Drain" ],
    "show_in_info": true,
    "base_mods": { "str_mod": [ -5 ], "bash_mod": [ -5 ], "cut_mod": [ -5 ] }
  },
  {
    "type": "effect_type",
    "id": "eff_mtc_goblin_shaman_buff",
    "name": [ "Power Leech" ],
    "show_in_info": true,
    "base_mods": { "bash_mod": [ 1 ], "cut_mod": [ 1 ] }
  },
  {
    "type": "effect_type",
    "id": "eff_mtc_goblin_mage_firebolt_note",
    "apply_message": "The goblin mage unleashes a firebolt!",
    "rating": "bad"
  },
  {
    "type": "effect_type",
    "id": "eff_mtc_goblin_mage_poisoncoat_note",
    "apply_message": "The goblin mage channels a toxic cloud!",
    "rating": "mixed"
  },
  {
    "type": "effect_type",
    "id": "eff_mtc_goblin_mage_hexblast_note",
    "apply_message": "The goblin mage bolts a hexblast!",
    "rating": "bad"
  },
  {
    "type": "effect_type",
    "id": "eff_mtc_hobgoblin_shaman_healed",
    "apply_message": "The hobgoblin shaman heals their allies!",
    "rating": "bad"
  },
  {
    "type": "effect_type",
    "id": "eff_mtc_hobgoblin_shaman_buff_note",
    "apply_message": "The hobgoblin shaman forms a ward around their allies!\n<color_red>Physical damage are negated!</color>",
    "rating": "mixed"
  },
  {
    "type": "effect_type",
    "id": "eff_mtc_bugbear_shaman_healed",
    "apply_message": "The bugbear shaman heals their allies!",
    "rating": "bad"
  },
  {
    "type": "effect_type",
    "id": "eff_mtc_bugbear_shaman_buff_note",
    "apply_message": "The bugbear shaman evokes a battle trance on their allies!",
    "rating": "mixed"
  },
  {
    "type": "effect_type",
    "id": "eff_mtc_bugbear_shaman_hexbeam_note",
    "apply_message": "The bugbear shaman unleashes a hexbeam!",
    "rating": "bad"
  },
  {
    "type": "effect_type",
    "id": "eff_mtc_hobgoblin_shaman_buff",
    "name": [ "Warded (physical)" ],
    "show_in_info": true,
    "flags": [
      "EFFECT_BASH_IMMUNE",
      "EFFECT_CUT_IMMUNE",
      "EFFECT_STAB_IMMUNE"
    ]
  },
  {
    "type": "effect_type",
    "id": "eff_mtc_bugbear_shaman_buff",
    "name": [ "Battle Trance" ],
    "show_in_info": true,
    "base_mods": { "speed_mod": [ 10 ], "bash_mod": [ 1 ], "cut_mod": [ 1 ] }
  }
]
