[
  {
    "id": "mon_mtc_goblin_warbanner_inspire",
    "type": "SPELL",
    "name": "Inspire",
    "description": "Nearby allies get combat bonuses.",
    "flags": [ "SILENT", "RANDOM_DURATION" ],
    "valid_targets": [ "ally", "self" ],
    "effect": "attack",
	"shape": "blast",
    "effect_str": "eff_mtc_goblin_warbanner_buff",
    "min_aoe": 16,
    "min_duration": 3000,
    "max_duration": 6000
  },
  {
    "id": "mon_mtc_goblin_warbanner_wave",
    "type": "SPELL",
    "name": "Wave",
    "description": "This unit is waving their warbanner gloriously!",
    "flags": [ "SILENT", "RANDOM_DURATION" ],
    "valid_targets": [ "ally", "self" ],
    "effect": "attack",
	"shape": "blast",
    "effect_str": "controlled",
    "min_duration": 1000,
    "max_duration": 1500
  },
  {
    "type": "SPELL",
    "id": "mon_mtc_goblin_warbanner_target",
    "name": "a spell",
    "description": "Targets then casts the spells.",
    "extra_effects": [
      { "id": "mon_mtc_goblin_warbanner_wave", "hit_self": true },
      { "id": "mon_mtc_goblin_warbanner_inspire", "hit_self": true }
    ],
    "flags": [ "SILENT" ],
    "valid_targets": [ "ally", "hostile", "ground" ],
    "effect": "attack",
	"shape": "blast",
    "min_range": 8
  },
  {
    "id": "mon_mtc_goblin_shaman_spellbound",
    "type": "SPELL",
    "name": "Spellbound",
    "description": "This unit is restoring their power after a spellcast.",
    "flags": [ "SILENT", "RANDOM_DURATION" ],
    "valid_targets": [ "ally", "self" ],
    "effect": "attack",
	"shape": "blast",
    "effect_str": "controlled",
    "min_duration": 3000
  },
  {
    "type": "SPELL",
    "id": "mon_mtc_goblin_shaman_heal_note",
    "name": "note",
    "description": "Notify the player whatever this unit has casted.",
    "flags": [ "SILENT" ],
    "valid_targets": [ "hostile", "self" ],
    "effect": "attack",
	"shape": "blast",
    "extra_effects": [
      { "id": "mon_mtc_goblin_shaman_heal", "hit_self": true },
      { "id": "mon_mtc_goblin_shaman_spellbound", "hit_self": true }
    ],
    "effect_str": "eff_mtc_goblin_shaman_healed",
    "min_aoe": 36
  },
  {
    "type": "SPELL",
    "id": "mon_mtc_goblin_shaman_heal",
    "name": "Heal",
    "description": "Heals all allies in the unit's range of vision.",
    "flags": [ "SILENT" ],
    "valid_targets": [ "ally", "self" ],
    "effect": "attack",
	"shape": "blast",
    "min_damage": -30,
    "min_aoe": 24
  },
  {
    "type": "SPELL",
    "id": "mon_mtc_goblin_shaman_debuff_note",
    "name": "note",
    "description": "Notify the player whatever this unit has casted.",
    "flags": [ "SILENT" ],
    "valid_targets": [ "hostile", "self" ],
    "effect": "attack",
	"shape": "blast",
    "extra_effects": [
      { "id": "mon_mtc_goblin_shaman_debuff", "hit_self": true },
      { "id": "mon_mtc_goblin_shaman_buff", "hit_self": true },
      { "id": "mon_mtc_goblin_shaman_spellbound", "hit_self": true }
    ],
    "effect_str": "eff_mtc_goblin_shaman_debuff_note",
    "min_aoe": 36
  },
  {
    "type": "SPELL",
    "id": "mon_mtc_goblin_shaman_buff",
    "name": "Leeched Power",
    "description": "Provides combat bonuses to nearby allies.",
    "flags": [ "SILENT" ],
    "valid_targets": [ "ally" ],
    "effect": "attack",
	"shape": "blast",
    "effect_str": "eff_mtc_goblin_shaman_buff",
    "min_aoe": 12,
    "min_duration": 2000
  },
  {
    "type": "SPELL",
    "id": "mon_mtc_goblin_shaman_debuff",
    "name": "Power Drain",
    "description": "Enlowers the target's raw power while increasing allies'.",
    "flags": [ "SILENT" ],
    "valid_targets": [ "hostile" ],
    "effect": "attack",
	"shape": "blast",
    "effect_str": "eff_mtc_goblin_shaman_debuff",
    "min_range": 12,
    "min_duration": 2000
  },
  {
    "type": "SPELL",
    "id": "mon_mtc_goblin_shaman_target",
    "name": "a spell",
    "description": "Targets then casts the spells.",
    "extra_effects": [
      { "id": "mon_mtc_goblin_shaman_heal_note" },
      { "id": "mon_mtc_goblin_shaman_heal_note" },
      { "id": "mon_mtc_goblin_shaman_heal_note" },
      { "id": "mon_mtc_goblin_shaman_debuff_note" }
    ],
    "flags": [ "SILENT", "WONDER" ],
    "valid_targets": [ "ally", "hostile", "ground" ],
    "effect": "attack",
	"shape": "blast",
    "min_damage": 1,
    "max_damage": 1,
    "min_range": 12
  },
  {
    "type": "SPELL",
    "id": "mon_mtc_goblin_mounted_ed",
    "name": "Revert",
    "description": "Worg's ability to dismount is gone!",
    "flags": [ "SILENT" ],
    "valid_targets": [ "self" ],
    "min_damage": 69420,
    "max_damage": 69420,
    "effect": "targeted_polymorph",
	"shape": "blast",
    "effect_str": "mon_mtc_worg"
  },
  {
    "type": "SPELL",
    "id": "mon_mtc_goblin_mounted_dismount",
    "name": "Dismount",
    "description": "The goblin dismounts from the worg.",
    "flags": [ "SILENT", "HOSTILE_SUMMON", "RANDOM_TARGET", "PERMANENT", "SPAWN_GROUP" ],
    "valid_targets": [ "ground" ],
    "min_damage": 1,
    "max_damage": 1,
    "min_range": 2,
    "max_range": 2,
    "effect": "summon",
	"shape": "blast",
    "effect_str": "GROUP_DMBB_GOBLIN_DISMOUNT"
  },
  {
    "type": "SPELL",
    "id": "mon_mtc_goblin_mounted_target",
    "name": "a spell",
    "description": "Targets then casts the spells.",
    "extra_effects": [
      { "id": "mon_mtc_goblin_mounted_dismount", "hit_self": true },
      { "id": "mon_mtc_goblin_mounted_ed", "hit_self": true }
    ],
    "flags": [ "SILENT" ],
    "valid_targets": [ "ally", "hostile", "ground" ],
    "effect": "attack",
	"shape": "blast",
    "min_range": 3
  },
  {
    "id": "mon_mtc_goblin_mage_spellbound",
    "type": "SPELL",
    "name": "Spellbound",
    "description": "This unit is restoring their power after a spellcast.",
    "flags": [ "SILENT", "RANDOM_DURATION" ],
    "valid_targets": [ "ally", "self" ],
    "effect": "attack",
	"shape": "blast",
    "effect_str": "controlled",
    "min_duration": 2500
  },
  {
    "type": "SPELL",
    "id": "mon_mtc_goblin_mage_hexblast_note",
    "name": "note",
    "description": "Notify the player whatever this unit has casted.",
    "flags": [ "SILENT" ],
    "valid_targets": [ "hostile", "self" ],
    "effect": "attack",
	"shape": "blast",
    "extra_effects": [
      { "id": "mon_mtc_goblin_mage_hexblast" },
      { "id": "mon_mtc_goblin_mage_spellbound", "hit_self": true }
    ],
    "effect_str": "eff_mtc_goblin_mage_hexblast_note",
    "min_aoe": 30
  },
  {
    "type": "SPELL",
    "id": "mon_mtc_goblin_mage_hexblast",
    "name": "Hexblast",
    "description": "Unleashes a dark bolt of mana.",
    "flags": [ "SILENT", "RANDOM_DAMAGE" ],
    "valid_targets": [ "hostile" ],
    "effect": "attack",
	"shape": "blast",
    "min_damage": 4,
    "max_damage": 8,
    "min_range": 10
  },
  {
    "type": "SPELL",
    "id": "mon_mtc_goblin_mage_poisoncoat_note",
    "name": "note",
    "description": "Notify the player whatever this unit has casted.",
    "flags": [ "SILENT" ],
    "valid_targets": [ "hostile", "self" ],
    "effect": "attack",
	"shape": "blast",
    "extra_effects": [
      { "id": "mon_mtc_goblin_mage_poisoncoat" },
      { "id": "mon_mtc_goblin_mage_spellbound", "hit_self": true }
    ],
    "effect_str": "eff_mtc_goblin_mage_poisoncoat_note",
    "min_aoe": 36
  },
  {
    "type": "SPELL",
    "id": "mon_mtc_goblin_mage_poisoncoat",
    "name": "Poison Coat",
    "description": "Covers the target in poison clouds.",
    "flags": [ "SILENT" ],
    "valid_targets": [ "hostile", "ally", "ground" ],
    "effect": "attack",
	"shape": "blast",
    "min_range": 12,
    "min_aoe": 2,
    "field_id": "fd_toxic_gas",
    "min_field_intensity": 2,
    "max_field_intensity": 3
  },
  {
    "type": "SPELL",
    "id": "mon_mtc_goblin_mage_firebolt_note",
    "name": "note",
    "description": "Notify the player whatever this unit has casted.",
    "flags": [ "SILENT" ],
    "valid_targets": [ "hostile", "self" ],
    "effect": "attack",
	"shape": "blast",
    "extra_effects": [
      { "id": "mon_mtc_goblin_mage_firebolt" },
      { "id": "mon_mtc_goblin_mage_spellbound", "hit_self": true }
    ],
    "effect_str": "eff_mtc_goblin_mage_firebolt_note",
    "min_aoe": 30
  },
  {
    "type": "SPELL",
    "id": "mon_mtc_goblin_mage_firebolt",
    "name": "Firebolt",
    "description": "Unleashes a bolt of fire.",
    "flags": [ "SILENT", "RANDOM_DAMAGE" ],
    "valid_targets": [ "hostile" ],
    "effect": "attack",
	"shape": "blast",
    "damage_type": "heat",
    "min_damage": 4,
    "max_damage": 8,
    "min_range": 10
  },
  {
    "type": "SPELL",
    "id": "mon_mtc_goblin_mage_target",
    "name": "a spell",
    "description": "Targets then casts the spells.",
    "extra_effects": [
      { "id": "mon_mtc_goblin_mage_firebolt_note" },
      { "id": "mon_mtc_goblin_mage_firebolt_note" },
      { "id": "mon_mtc_goblin_mage_firebolt_note" },
      { "id": "mon_mtc_goblin_mage_poisoncoat_note" },
      { "id": "mon_mtc_goblin_mage_poisoncoat_note" },
      { "id": "mon_mtc_goblin_mage_hexblast_note" }
    ],
    "flags": [ "SILENT", "WONDER" ],
    "valid_targets": [ "ally", "hostile", "ground" ],
    "effect": "attack",
	"shape": "blast",
    "min_damage": 1,
    "max_damage": 1,
    "min_range": 10
  },
  {
    "id": "mon_mtc_hobgoblin_shaman_spellbound",
    "type": "SPELL",
    "name": "Spellbound",
    "description": "This unit is restoring their power after a spellcast.",
    "flags": [ "SILENT", "RANDOM_DURATION" ],
    "valid_targets": [ "ally", "self" ],
    "effect": "attack",
	"shape": "blast",
    "effect_str": "controlled",
    "min_duration": 3000
  },
  {
    "type": "SPELL",
    "id": "mon_mtc_hobgoblin_shaman_heal_note",
    "name": "note",
    "description": "Notify the player whatever this unit has casted.",
    "flags": [ "SILENT" ],
    "valid_targets": [ "hostile", "self" ],
    "effect": "attack",
	"shape": "blast",
    "extra_effects": [
      { "id": "mon_mtc_hobgoblin_shaman_heal", "hit_self": true },
      { "id": "mon_mtc_hobgoblin_shaman_spellbound", "hit_self": true }
    ],
    "effect_str": "eff_mtc_hobgoblin_shaman_healed",
    "min_aoe": 36
  },
  {
    "type": "SPELL",
    "id": "mon_mtc_hobgoblin_shaman_heal",
    "name": "Heal",
    "description": "Heals all allies in the unit's range of vision.",
    "flags": [ "SILENT" ],
    "valid_targets": [ "ally", "self" ],
    "effect": "attack",
	"shape": "blast",
    "min_damage": -30,
    "min_aoe": 24
  },
  {
    "type": "SPELL",
    "id": "mon_mtc_hobgoblin_shaman_buff_note",
    "name": "note",
    "description": "Notify the player whatever this unit has casted.",
    "flags": [ "SILENT" ],
    "valid_targets": [ "hostile", "self" ],
    "effect": "attack",
	"shape": "blast",
    "extra_effects": [
      { "id": "mon_mtc_hobgoblin_shaman_buff", "hit_self": true },
      { "id": "mon_mtc_hobgoblin_shaman_spellbound", "hit_self": true }
    ],
    "effect_str": "eff_mtc_hobgoblin_shaman_buff_note",
    "min_aoe": 36
  },
  {
    "type": "SPELL",
    "id": "mon_mtc_hobgoblin_shaman_buff",
    "name": "Ward",
    "description": "Creates a ward that negates physical damage.",
    "flags": [ "SILENT" ],
    "valid_targets": [ "ally" ],
    "effect": "attack",
	"shape": "blast",
    "effect_str": "eff_mtc_hobgoblin_shaman_buff",
    "min_aoe": 12,
    "min_duration": 500
  },
  {
    "type": "SPELL",
    "id": "mon_mtc_hobgoblin_shaman_target",
    "name": "a spell",
    "description": "Targets then casts the spells.",
    "extra_effects": [
      { "id": "mon_mtc_hobgoblin_shaman_heal_note" },
      { "id": "mon_mtc_hobgoblin_shaman_heal_note" },
      { "id": "mon_mtc_hobgoblin_shaman_heal_note" },
      { "id": "mon_mtc_hobgoblin_shaman_buff_note" }
    ],
    "flags": [ "SILENT", "WONDER" ],
    "valid_targets": [ "ally", "hostile", "ground" ],
    "effect": "attack",
	"shape": "blast",
    "min_damage": 1,
    "max_damage": 1,
    "min_range": 12
  },
  {
    "id": "mon_mtc_bugbear_shaman_spellbound",
    "type": "SPELL",
    "name": "Spellbound",
    "description": "This unit is restoring their power after a spellcast.",
    "flags": [ "SILENT", "RANDOM_DURATION" ],
    "valid_targets": [ "ally", "self" ],
    "effect": "attack",
	"shape": "blast",
    "effect_str": "controlled",
    "min_duration": 3500
  },
  {
    "type": "SPELL",
    "id": "mon_mtc_bugbear_shaman_hexbeam_note",
    "name": "note",
    "description": "Notify the player whatever this unit has casted.",
    "flags": [ "SILENT" ],
    "valid_targets": [ "hostile", "self" ],
    "effect": "attack",
	"shape": "blast",
    "extra_effects": [
      { "id": "mon_mtc_bugbear_shaman_hexbeam" },
      { "id": "mon_mtc_bugbear_shaman_spellbound", "hit_self": true }
    ],
    "effect_str": "eff_mtc_bugbear_shaman_hexbeam_note",
    "min_aoe": 30
  },
  {
    "type": "SPELL",
    "id": "mon_mtc_bugbear_shaman_hexbeam",
    "name": "Hexbeam",
    "description": "Jolts a beam of dark mana.",
    "flags": [ "SILENT" ],
    "valid_targets": [ "hostile", "ground" ],
    "effect": "attack",
	"shape": "line",
    "min_damage": 6,
    "max_damage": 12,
    "min_range": 10
  },
  {
    "type": "SPELL",
    "id": "mon_mtc_bugbear_shaman_heal_note",
    "name": "note",
    "description": "Notify the player whatever this unit has casted.",
    "flags": [ "SILENT" ],
    "valid_targets": [ "hostile", "self" ],
    "effect": "attack",
	"shape": "blast",
    "extra_effects": [
      { "id": "mon_mtc_bugbear_shaman_heal", "hit_self": true },
      { "id": "mon_mtc_bugbear_shaman_spellbound", "hit_self": true }
    ],
    "effect_str": "eff_mtc_bugbear_shaman_healed",
    "min_aoe": 30
  },
  {
    "type": "SPELL",
    "id": "mon_mtc_bugbear_shaman_heal",
    "name": "Heal",
    "description": "Heals all allies in the unit's range of vision.",
    "flags": [ "SILENT" ],
    "valid_targets": [ "ally", "self" ],
    "effect": "attack",
	"shape": "blast",
    "min_damage": -30,
    "min_aoe": 20
  },
  {
    "type": "SPELL",
    "id": "mon_mtc_bugbear_shaman_buff_note",
    "name": "note",
    "description": "Notify the player whatever this unit has casted.",
    "flags": [ "SILENT" ],
    "valid_targets": [ "hostile", "self" ],
    "effect": "attack",
	"shape": "blast",
    "extra_effects": [
      { "id": "mon_mtc_bugbear_shaman_buff", "hit_self": true },
      { "id": "mon_mtc_bugbear_shaman_spellbound", "hit_self": true }
    ],
    "effect_str": "eff_mtc_bugbear_shaman_buff_note",
    "min_aoe": 30
  },
  {
    "type": "SPELL",
    "id": "mon_mtc_bugbear_shaman_buff",
    "name": "Battle Trance",
    "description": "Increases combat efficiency of allies.",
    "flags": [ "SILENT" ],
    "valid_targets": [ "ally" ],
    "effect": "attack",
	"shape": "blast",
    "effect_str": "eff_mtc_bugbear_shaman_buff",
    "min_aoe": 20,
    "min_duration": 2000
  },
  {
    "type": "SPELL",
    "id": "mon_mtc_bugbear_shaman_target",
    "name": "a spell",
    "description": "Targets then casts the spells.",
    "extra_effects": [
      { "id": "mon_mtc_bugbear_shaman_heal_note" },
      { "id": "mon_mtc_bugbear_shaman_heal_note" },
      { "id": "mon_mtc_bugbear_shaman_buff_note" },
      { "id": "mon_mtc_bugbear_shaman_buff_note" },
      { "id": "mon_mtc_bugbear_shaman_hexbeam_note" }
    ],
    "flags": [ "SILENT", "WONDER" ],
    "valid_targets": [ "ally", "hostile", "ground" ],
    "effect": "attack",
	"shape": "blast",
    "min_damage": 1,
    "max_damage": 1,
    "min_range": 10
  },
{
    "type": "SPELL",
    "id": "mon_goblin_necromancer_target",
    "name": "a spell",
    "description": "Targets then casts the spells.",
    "extra_effects": [
      { "id": "goblin_spawn_skeletons" },
      { "id": "goblin_spawn_zombies" },
      { "id": "mon_mtc_goblin_mage_firebolt_note" },
      { "id": "mon_mtc_goblin_mage_firebolt_note" }
    ],
    "flags": [ "SILENT", "WONDER" ],
    "valid_targets": [ "ally", "hostile", "ground" ],
    "effect": "attack",
	"shape": "blast",
    "min_damage": 1,
    "max_damage": 1,
    "min_range": 10
  },
{
    "type": "SPELL",
    "id": "goblin_spawn_skeletons",
    "name": "summon zombies",
    "description": "summons undead",
    "valid_targets": [ "ground" ],
    "flags": [ "HOSTILE_SUMMON" ],
    "min_damage": 3,
    "max_damage": 3,
    "min_range": 10,
    "max_range": 10,
    "min_aoe": 3,
    "max_aoe": 3,
    "base_casting_time": 0,
    "difficulty": 0,
    "max_level": 20,
    "base_energy_cost": 0,
    "energy_source": "MANA",
    "shape": "blast",
    "effect": "summon",
    "effect_str": "mon_mtc_goblin_skeleton",
    "min_duration": 30000,
    "max_duration": 150000,
    "duration_increment": 4000
  },
{
    "type": "SPELL",
    "id": "goblin_spawn_zombies",
    "name": "summon zombies",
    "description": "summons undead",
    "valid_targets": [ "ground" ],
    "min_damage": 3,
    "max_damage": 3,
    "min_range": 10,
    "max_range": 10,
    "min_aoe": 3,
    "max_aoe": 3,
    "base_casting_time": 0,
    "difficulty": 0,
    "max_level": 20,
    "base_energy_cost": 0,
    "energy_source": "MANA",
    "flags": [ "HOSTILE_SUMMON" ],
    "shape": "blast",
    "effect": "summon",
    "effect_str": "mon_mtc_goblin_zombie",
    "min_duration": 30000,
    "max_duration": 150000,
    "duration_increment": 4000
  },
{
    "type": "SPELL",
    "id": "flesh_egg_spawn",
    "name": "hatch",
    "description": "summons a shyleggah",
    "valid_targets": [ "ground" ],
    "min_damage": 1,
    "max_damage": 1,
    "min_range": 1,
    "max_range": 1,
    "min_aoe": 2,
    "max_aoe": 2,
    "base_casting_time": 0,
    "difficulty": 0,
    "max_level": 1,
    "base_energy_cost": 0,
    "energy_source": "MANA",
    "flags": [ "HOSTILE_SUMMON", "PERMANENT" ],
    "shape": "blast",
    "effect": "summon",
    "effect_str": "mon_shyleggah",
    "min_duration": 1,
    "max_duration": 1,
    "duration_increment": 1
  },
{
    "type": "SPELL",
    "id": "mon_quellagna_shaman_target",
    "name": "a spell",
    "description": "Targets then casts the spells.",
    "extra_effects": [
      { "id": "hex" },
      { "id": "bloodshot" },
      { "id": "bloodshot" }
    ],
    "flags": [ "SILENT", "WONDER" ],
    "valid_targets": [ "hostile" ],
    "effect": "attack",
	"shape": "blast",
    "min_damage": 1,
    "max_damage": 1,
    "min_range": 10
  },
{
    "type": "SPELL",
    "id": "mon_demon_mage_target",
    "name": "a spell",
    "description": "Targets then casts the spells.",
    "extra_effects": [
      { "id": "hellbolt" },
      { "id": "hellbolt" },
      { "id": "toxic_cloud" },
      { "id": "hellswipe" }
    ],
    "flags": [ "SILENT", "WONDER" ],
    "valid_targets": [ "hostile" ],
    "effect": "attack",
	"shape": "blast",
    "min_damage": 1,
    "max_damage": 1,
    "min_range": 10
  }
]
