[
  {
    "id": "mtc_worg_death",
    "type": "TOOL",
    "name": "worg",
    "description": "This is worg. It is dying because yes.",
    "volume": "1 ml",
    "weight": 1,
    "price": 0,
    "to_hit": -2,
    "bashing": 1,
    "material": [ "flesh" ],
    "symbol": "%",
    "color": "red",
    "drop_action": {
      "type": "explosion",
      "sound_volume": 0,
      "sound_msg": "*splat*",
      "no_deactivate_msg": "*splat* *splat*",
      "draw_explosion_color": "red",
      "fields_type": "fd_mtc_goblin_dismount",
      "fields_radius": 0,
      "fields_min_intensity": 1,
      "fields_max_intensity": 1
    }
  },
  {
    "type": "item_group",
    "subtype": "collection",
    "id": "mon_mtc_worg_dd",
    "entries": [ { "item": "mtc_worg_death" } ]
  }
]