[
{
    "id": "mutant_mammal_small_nofur",
    "//": "does not drop stomach or other small organs",
    "type": "harvest",
    "entries": [
      { "drop": "meat", "type": "flesh", "mass_ratio": 0.28 },
      { "drop": "meat_scrap", "type": "flesh", "mass_ratio": 0.05 },
      { "drop": "lung", "type": "flesh", "mass_ratio": 0.0035 },
      { "drop": "liver", "type": "offal", "mass_ratio": 0.01 },
      { "drop": "brain", "type": "flesh", "mass_ratio": 0.005 },
      { "drop": "bone", "type": "bone", "mass_ratio": 0.15 },
      { "drop": "sinew", "type": "bone", "mass_ratio": 0.00035 },
      { "drop": "fat", "type": "flesh", "mass_ratio": 0.07 }
    ]
  },
{
    "id": "dragon",
    "//": "specifically for dragons and dragon-like enemies",
    "type": "harvest",
    "entries": [
      { "drop": "meat", "type": "flesh", "mass_ratio": 0.32 },
      { "drop": "meat_scrap", "type": "flesh", "mass_ratio": 0.01 },
      { "drop": "lung", "type": "flesh", "mass_ratio": 0.0035 },
      { "drop": "liver", "type": "offal", "mass_ratio": 0.01 },
      { "drop": "brain", "type": "flesh", "mass_ratio": 0.005 },
      { "drop": "sweetbread", "type": "flesh", "mass_ratio": 0.002 },
      { "drop": "kidney", "type": "offal", "mass_ratio": 0.002 },
      { "drop": "stomach_large", "scale_num": [ 1, 1 ], "max": 1, "type": "offal" },
      { "drop": "bone", "type": "bone", "mass_ratio": 0.15 },
      { "drop": "sinew", "type": "bone", "mass_ratio": 0.00035 },
      { "drop": "fat", "type": "flesh", "mass_ratio": 0.07 },
      { "drop": "dragon_scale", "type": "skin", "mass_ratio": 0.02 }
    ]
  }
]