[
  {
    "id": "mon_mtc_bugbear",
    "type": "MONSTER",
    "name": { "str": "bugbear" },
    "description": "A large, savage humanoid distinct to its yellow skin and bear-like nose and claws. Out of all goblinoids, they are the largest, strongest and the worst.",
    "default_faction": "goblinoid",
    "bodytype": "human",
    "categories": [ "MONSTERS" ],
    "species": [ "GOBLINOID" ],
    "volume": "132 L",
    "weight": "180 kg",
    "hp": 135,
    "material": [ "flesh" ],
    "symbol": "G",
    "color": "yellow",
    "aggression": 100,
    "morale": 100,
    "speed": 95,
    "melee_skill": 8,
    "melee_dice": 4,
    "melee_dice_sides": 6,
    "dodge": 2,
    "armor_bash": 4,
    "armor_cut": 6,
    "armor_bullet": 4,
    "harvest": "demihuman",
    "vision_day": 40,
    "vision_night": 15,
    "weakpoint_sets": [ "wps_humanoid_body" ],
    "death_drops": {
      "subtype": "collection",
      "items": [
        { "item": "chaps_leather", "prob": 60 }
      ]
    },
    "special_attacks": [ [ "PARROT", 200 ] ],
    "path_settings": { "allow_open_doors": true, "avoid_traps": true, "avoid_sharp": true },
    "flags": [ "SEES", "HEARS", "WARM", "BASHES", "FILTHY", "PATH_AVOID_DANGER_2", "CAN_OPEN_DOORS" ]
  },
  {
    "id": "mon_mtc_bugbear_warrior",
    "copy-from": "mon_mtc_bugbear",
    "type": "MONSTER",
    "name": { "str": "bugbear warrior" },
    "description": "A large, savage humanoid distinct to its yellow skin and bear-like nose and claws. Out of all goblinoids, they are the largest, strongest and the worst. Armed with a morningstar, it could deliver a killing blow in one swing",
    "melee_skill": 8,
    "melee_dice": 6,
    "melee_dice_sides": 8,
    "weakpoint_sets": [ "wps_humanoid_body" ],
    "death_drops": {
      "subtype": "collection",
      "items": [
        { "item": "chaps_leather", "prob": 80 },
        { "group": "shields_all", "prob": 40 },
        { "item": "morningstar" }
      ]
    }
  },
  {
    "id": "mon_mtc_bugbear_shaman",
    "copy-from": "mon_mtc_bugbear",
    "type": "MONSTER",
    "name": { "str": "bugbear shaman" },
    "description": "A large, savage humanoid distinct to its yellow skin and bear-like nose and claws. Out of all goblinoids, they are the largest, strongest and the worst. Even with a bulky body, This shaman takes distance and aid its fellow bugbear in battle.",
    "melee_skill": 4,
    "weakpoint_sets": [ "wps_humanoid_body" ],
    "death_drops": {
      "subtype": "collection",
      "items": [
        { "item": "chaps_leather", "prob": 80 },
        { "item": "morningstar" }
      ]
    },
    "extend": {
      "special_attacks": [
        {
          "type": "spell",
          "spell_data": { "id": "mon_mtc_bugbear_shaman_target" },
          "cooldown": 35,
          "monster_message": "<color_yellow>%1$s performs a hand gesture...</color>"
        }
      ],
      "flags": [ "KEEP_DISTANCE" ]
    }
  },
  {
    "id": "mon_mtc_bugbear_leader",
    "copy-from": "mon_mtc_bugbear",
    "type": "MONSTER",
    "name": { "str": "bugbear leader" },
    "description": "A large, savage humanoid distinct to its yellow skin and bear-like nose and claws. Out of all goblinoids, they are the largest, strongest and the worst. Much broader and skillful than other bugbears, this one is the leader of a tribe.",
    "melee_skill": 10,
    "melee_dice": 8,
    "melee_dice_sides": 8,
    "armor_bash": 8,
    "melee_damage": [ { "damage_type": "cut", "amount": 12 } ],
    "armor_stab": 8,
    "armor_bullet": 8,
    "weakpoint_sets": [ "wps_humanoid_body" ],
    "death_drops": {
      "subtype": "collection",
      "items": [
        { "item": "chaps_leather" },
        { "group": "shields_all", "prob": 40 },
        { "item": "morningstar" }
      ]
    }
  }
]
