[
  {
    "id": "mon_mtc_hobgoblin",
    "type": "MONSTER",
    "name": { "str": "hobgoblin" },
    "description": "A stout humanoid with green-ish skin partially covered by hair. Shares similarities to goblins, but are larger, broader and far more aggressive.",
    "default_faction": "goblinoid",
    "bodytype": "human",
    "categories": [ "MONSTERS" ],
    "species": [ "GOBLINOID" ],
    "volume": "54 L",
    "weight": "70 kg",
    "hp": 80,
    "material": [ "flesh" ],
    "symbol": "G",
    "color": "brown",
    "aggression": 100,
    "morale": 100,
    "speed": 105,
    "melee_skill": 6,
    "melee_dice": 3,
    "melee_dice_sides": 4,
    "dodge": 4,
    "armor_bash": 2,
    "armor_cut": 3,
    "armor_stab": 2,
    "armor_bullet": 2,
    "harvest": "demihuman",
    "vision_day": 32,
    "vision_night": 12,
    "weakpoint_sets": [ "wps_humanoid_body", "wps_humanoid_light_armor" ],
    "death_drops": {
      "subtype": "collection",
      "items": [
        { "item": "helmet_larmor", "prob": 20 },
        { "item": "chaps_leather", "prob": 20 },
        { "item": "boots_larmor", "prob": 20 },
        { "item": "armguard_larmor", "prob": 20 },
        { "group": "shields_all", "prob": 40 },
        { "item": "armor_lamellar", "prob": 20 }
      ]
    },
    "special_attacks": [ [ "PARROT", 200 ] ],
    "path_settings": { "allow_open_doors": true, "avoid_traps": true, "avoid_sharp": true },
    "flags": [ "SEES", "HEARS", "WARM", "BASHES", "FILTHY", "PATH_AVOID_DANGER_2", "CAN_OPEN_DOORS" ]
  },
  {
    "id": "mon_mtc_hobgoblin_swordsman",
    "copy-from": "mon_mtc_hobgoblin",
    "type": "MONSTER",
    "name": { "str": "hobgoblin swordsman" },
    "description": "A stout humanoid with green-ish skin partially covered by hair. Shares similarities to goblins, but are larger, broader and far more aggressive. With an edged weapon equipped, it can easily take down unskilled opponents.",
    "melee_skill": 6,
    "melee_dice": 1,
    "melee_dice_sides": 6,
    "melee_damage": [ { "damage_type": "cut", "amount": 6 } ],
    "armor_bash": 4,
    "armor_cut": 6,
    "armor_stab": 4,
    "armor_bullet": 4,
    "weakpoint_sets": [ "wps_humanoid_body", "wps_humanoid_light_armor" ],
    "death_drops": {
      "subtype": "collection",
      "items": [
        { "item": "helmet_larmor", "prob": 40 },
        { "item": "chaps_leather", "prob": 40 },
        { "item": "boots_larmor", "prob": 40 },
        { "item": "armguard_larmor", "prob": 40 },
        { "group": "shields_all", "prob": 40 },
        { "item": "armor_lamellar", "prob": 40 },
        {
          "distribution": [
            { "item": "longsword", "prob": 20 },
            { "item": "machete", "prob": 20 },
            { "item": "cavalry_sabre", "prob": 20 },
            { "item": "kris", "prob": 20 },
            { "item": "scimitar", "prob": 20 }
          ]
        }
      ]
    }
  },
  {
    "id": "mon_mtc_hobgoblin_hammerman",
    "copy-from": "mon_mtc_hobgoblin",
    "type": "MONSTER",
    "name": { "str": "hobgoblin hammerman" },
    "description": "A stout humanoid with green-ish skin partially covered by hair. Shares similarities to goblins, but are larger, broader and far more aggressive. With a large blunt weapon equipped, it can easily take down unskilled opponents.",
    "melee_skill": 6,
    "melee_dice": 6,
    "melee_dice_sides": 8,
    "armor_bash": 4,
    "armor_cut": 6,
    "armor_stab": 4,
    "armor_bullet": 4,
    "weakpoint_sets": [ "wps_humanoid_body", "wps_humanoid_light_armor" ],
    "death_drops": {
      "subtype": "collection",
      "items": [
        { "item": "helmet_larmor", "prob": 40 },
        { "item": "chaps_leather", "prob": 40 },
        { "item": "boots_larmor", "prob": 40 },
        { "item": "armguard_larmor", "prob": 40 },
        { "item": "armor_lamellar", "prob": 40 },
        { "group": "shields_all", "prob": 40 },
        { "item": "warhammer" }
      ]
    }
  },
  {
    "id": "mon_mtc_hobgoblin_spearman",
    "copy-from": "mon_mtc_hobgoblin",
    "type": "MONSTER",
    "name": { "str": "hobgoblin spearman" },
    "description": "A stout humanoid with green-ish skin partially covered by hair. Shares similarities to goblins, but are larger, broader and far more aggressive. With a polearm weapon equipped, it can easily take down unskilled opponents.",
    "melee_skill": 6,
    "melee_dice": 1,
    "melee_dice_sides": 6,
    "melee_damage": [ { "damage_type": "stab", "amount": 6 } ],
    "armor_bash": 4,
    "armor_cut": 6,
    "armor_stab": 4,
    "armor_bullet": 4,
    "weakpoint_sets": [ "wps_humanoid_body", "wps_humanoid_light_armor" ],
    "death_drops": {
      "subtype": "collection",
      "items": [
        { "item": "helmet_larmor", "prob": 40 },
        { "item": "chaps_leather", "prob": 40 },
        { "item": "boots_larmor", "prob": 40 },
        { "item": "armguard_larmor", "prob": 40 },
        { "item": "armor_lamellar", "prob": 40 },
        { "group": "shields_all", "prob": 40 },
        {
          "distribution": [
            { "item": "halberd_rusted", "prob": 30 },
            { "item": "spear_steel_rusted", "prob": 40 },
            { "item": "pike_rusted", "prob": 30 }
          ]
        }
      ]
    }
  },
  {
    "id": "mon_mtc_hobgoblin_shaman",
    "copy-from": "mon_mtc_hobgoblin",
    "type": "MONSTER",
    "name": { "str": "hobgoblin shaman" },
    "description": "A stout humanoid with green-ish skin partially covered by hair. Shares similarities to goblins, but are larger, broader and far more aggressive. Might not seem to look like one, but this shaman stays out of combat and aid its fellow kin from the back.",
    "melee_skill": 4,
    "melee_dice": 1,
    "melee_dice_sides": 3,
    "dodge": 2,
    "weakpoint_sets": [ "wps_humanoid_body", "wps_humanoid_light_armor" ],
    "death_drops": {
      "subtype": "collection",
      "items": [
        { "item": "helmet_larmor", "prob": 20 },
        { "item": "chaps_leather", "prob": 20 },
        { "item": "boots_larmor", "prob": 20 },
        { "item": "armguard_larmor", "prob": 20 },
        { "item": "armor_lamellar", "prob": 20 }
      ]
    },
    "extend": {
      "special_attacks": [
        {
          "type": "spell",
          "spell_data": { "id": "mon_mtc_hobgoblin_shaman_target" },
          "cooldown": 30,
          "monster_message": "<color_yellow>%1$s performs a hand gesture...</color>"
        }
      ],
      "flags": [ "KEEP_DISTANCE" ]
    }
  },
  {
    "id": "mon_mtc_hobgoblin_leader",
    "copy-from": "mon_mtc_hobgoblin",
    "type": "MONSTER",
    "name": { "str": "hobgoblin leader" },
    "description": "A stout humanoid with green-ish skin partially covered by hair. Shares similarities to goblins, but are larger, broader and far more aggressive. This one is much taller than the others; clad in full leather armor and a sword, this hobgoblin is the leader of a troop.",
    "melee_skill": 8,
    "melee_dice": 2,
    "melee_dice_sides": 8,
    "melee_damage": [ { "damage_type": "cut", "amount": 6 } ],
    "armor_bash": 8,
    "armor_cut": 12,
    "armor_stab": 8,
    "armor_bullet": 8,
    "weakpoint_sets": [ "wps_humanoid_body", "wps_humanoid_light_armor" ],
    "death_drops": {
      "subtype": "collection",
      "items": [
        { "item": "helmet_larmor", "prob": 40 },
        { "item": "chaps_leather", "prob": 40 },
        { "item": "boots_larmor", "prob": 40 },
        { "item": "armguard_larmor", "prob": 40 },
        { "item": "armor_lamellar", "prob": 40 },
        { "group": "shields_all", "prob": 40 },
        {
          "distribution": [
            { "item": "longsword", "prob": 20 },
            { "item": "machete", "prob": 20 },
            { "item": "cavalry_sabre", "prob": 20 },
            { "item": "kris", "prob": 20 },
            { "item": "scimitar", "prob": 20 }
          ]
        }
      ]
    }
  }
]
