[
  {
    "id": "mongun_mtc_goblin_marksman",
    "type": "GUN",
    "copy-from": "fake_item",
    "name": { "str": "crossbow" },
    "description": "Crude crossbow made to be fired by goblins. It is a bug to have this.",
    "flags": [ "NEVER_JAMS" ],
    "ammo_effects": [ "NEVER_MISFIRES" ],
    "skill": "rifle",
    "durability": 10,
    "range": 100,
    "dispersion": 1000,
    "ranged_damage": { "damage_type": "stab", "amount": 10, "armor_penetration": 5 }
  },
  {
    "id": "mongun_mtc_goblin_thrower",
    "type": "GUN",
    "copy-from": "fake_item",
    "name": { "str": "hand" },
    "description": "Literally just a hand for throwing stuff. Made for nasty goblins. It is a bug to have this.",
    "flags": [ "NEVER_JAMS" ],
    "ammo_effects": [ "NEVER_MISFIRES" ],
    "skill": "rifle",
    "durability": 10,
    "range": 100,
    "dispersion": 1000,
    "ranged_damage": { "damage_type": "stab", "amount": 12, "armor_penetration": 6 }
  },
  {
    "id": "mongun_mtc_goblin_immobilizer",
    "type": "GUN",
    "copy-from": "fake_item",
    "name": { "str": "hand" },
    "description": "Literally just a hand for throwing stuff. Made for nasty goblins. It is a bug to have this.",
    "flags": [ "NEVER_JAMS" ],
    "ammo_effects": [ "NEVER_MISFIRES", "TANGLE" ],
    "skill": "rifle",
    "durability": 10,
    "range": 100,
    "dispersion": 1000,
    "ranged_damage": { "damage_type": "bash", "amount": 4 }
  }
]
