[
  {
    "type": "monstergroup",
    "name": "GROUP_DMBB_GOBLINS",
    "default": "mon_mtc_goblin",
    "monsters": [
      { "monster": "mon_mtc_goblin_swordsman", "freq": 80, "cost_multiplier": 1 },
      { "monster": "mon_mtc_goblin_spearsman", "freq": 80, "cost_multiplier": 1 },
      { "monster": "mon_mtc_goblin_hammerman", "freq": 80, "cost_multiplier": 1 },
      { "monster": "mon_mtc_goblin_marksman", "freq": 50, "cost_multiplier": 1 },
      { "monster": "mon_mtc_goblin_thrower", "freq": 40, "cost_multiplier": 1 },
      { "monster": "mon_mtc_goblin_immobilzer", "freq": 25, "cost_multiplier": 1 },
      { "monster": "mon_mtc_goblin_warbanner", "freq": 20, "cost_multiplier": 1 },
      { "monster": "mon_mtc_goblin_shaman", "freq": 15, "cost_multiplier": 1 },
      { "monster": "mon_mtc_goblin_mage", "freq": 10, "cost_multiplier": 1 },
      { "monster": "mon_mtc_goblin_necromancer", "freq": 5, "cost_multiplier": 1 },
      { "monster": "mon_mtc_goblin_mounted", "freq": 15, "cost_multiplier": 1 },
      { "monster": "mon_mtc_goblin_chieftain", "freq": 0, "cost_multiplier": 0 }
    ]
  },
  {
    "type": "monstergroup",
    "name": "GROUP_DMBB_GOBLIN_DISMOUNT",
    "default": "mon_mtc_goblin_swordsman",
    "monsters": [
      { "monster": "mon_mtc_goblin_spearsman", "freq": 90, "cost_multiplier": 1 },
      { "monster": "mon_mtc_goblin_hammerman", "freq": 90, "cost_multiplier": 1 },
      { "monster": "mon_mtc_goblin_marksman", "freq": 60, "cost_multiplier": 1 },
      { "monster": "mon_mtc_goblin_thrower", "freq": 45, "cost_multiplier": 1 },
      { "monster": "mon_mtc_goblin_immobilzer", "freq": 30, "cost_multiplier": 1 },
      { "monster": "mon_mtc_goblin_warbanner", "freq": 20, "cost_multiplier": 1 },
      { "monster": "mon_mtc_goblin_shaman", "freq": 15, "cost_multiplier": 1 },
      { "monster": "mon_mtc_goblin_mage", "freq": 10, "cost_multiplier": 1 },
      { "monster": "mon_mtc_goblin_necromancer", "freq": 5, "cost_multiplier": 1 }
    ]
  },
  {
    "type": "monstergroup",
    "name": "GROUP_DMBB_HOBGOBLINS",
    "default": "mon_mtc_hobgoblin",
    "monsters": [
      { "monster": "mon_mtc_hobgoblin_swordsman", "freq": 70, "cost_multiplier": 1 },
      { "monster": "mon_mtc_hobgoblin_spearman", "freq": 70, "cost_multiplier": 1 },
      { "monster": "mon_mtc_hobgoblin_hammerman", "freq": 70, "cost_multiplier": 1 },
      { "monster": "mon_mtc_hobgoblin_shaman", "freq": 20, "cost_multiplier": 1 },
      { "monster": "mon_mtc_hobgoblin_leader", "freq": 0, "cost_multiplier": 0 }
    ]
  },
  {
    "type": "monstergroup",
    "name": "GROUP_DMBB_BUGBEARS",
    "default": "mon_mtc_bugbear",
    "monsters": [
      { "monster": "mon_mtc_bugbear_warrior", "freq": 115, "cost_multiplier": 1 },
      { "monster": "mon_mtc_bugbear_shaman", "freq": 35, "cost_multiplier": 1 },
      { "monster": "mon_mtc_bugbear_leader", "freq": 0, "cost_multiplier": 0 }
    ]
  },
{
    "type": "monstergroup",
    "name": "GROUP_MTC_undead",
    "default": "mon_mtc_zombie",
    "monsters": [
      { "monster": "mon_mtc_zombie_warrior_cut", "freq":  35, "cost_multiplier": 1 },
      { "monster": "mon_mtc_zombie_warrior_bash", "freq": 35, "cost_multiplier": 1 },
      { "monster": "mon_mtc_skeleton", "freq": 115, "cost_multiplier": 1 },
      { "monster": "mon_mtc_skeleton_warrior_cut", "freq": 35, "cost_multiplier": 1 },
      { "monster": "mon_mtc_skeleton_warrior_bash", "freq": 35, "cost_multiplier": 1 },
      { "monster": "mon_mtc_skeleton_warrior_stab", "freq": 35, "cost_multiplier": 1 },
      { "monster": "mon_mtc_skeleton_warrior_range", "freq": 35, "cost_multiplier": 1 },
      { "monster": "mon_mtc_skeleton_warrior_cut_e", "freq": 15, "cost_multiplier": 1 },
      { "monster": "mon_mtc_skeleton_warrior_bash_e", "freq": 15, "cost_multiplier": 1 },
      { "monster": "mon_mtc_skeleton_warrior_stab_e", "freq": 15, "cost_multiplier": 1 }
    ]
  },
{
    "type": "monstergroup",
    "name": "GROUP_DMBB_ELDRITCH",
    "default": "mon_shyleggah",
    "monsters": [
      { "monster": "mon_shyleggah", "freq": 115, "cost_multiplier": 1 }
    ]
  },
{
    "type": "monstergroup",
    "name": "GROUP_DMBB_ELDRITCH_WATER",
    "default": "mon_quellagna",
    "monsters": [
      { "monster": "mon_quellagna", "freq": 115, "cost_multiplier": 1 },
      { "monster": "mon_quellagna_fisher", "freq": 75, "cost_multiplier": 1 },
      { "monster": "mon_quellagna_shaman", "freq": 35, "cost_multiplier": 1 }
    ]
  },
{
    "type": "monstergroup",
    "name": "GROUP_DMBB_UNDERGROUND_FISH",
    "default": "mon_mtc_goblin",
    "monsters": [
      { "monster": "mon_fish_small_cavefish", "freq": 90, "cost_multiplier": 1 },
      { "monster": "mon_fish_cavefish", "freq": 80, "cost_multiplier": 1 },
      { "monster": "mon_fish_cave_grouper", "freq": 50, "cost_multiplier": 1 },
      { "monster": "mon_fish_cave_hunter", "freq": 25, "cost_multiplier": 1 }
    ]
  }
]
