[
  {
    "type": "MONSTER_FACTION",
    "name": "were_beast",
    "friendly": [ "small_animal", "fish", "rat" ]
  },
  {
    "id": "mon_wereboar",
    "type": "MONSTER",
    "name": { "str": "wereboar" },
    "description": "This humanoid creature resembles a wild boar in many ways. It stands upright, bearing a sharp set of fangs, and hands which end in long talons. It gazes at you with bloodshot eyes and a dribbling snarl. You think it may have once been sapient.",
    "symbol": "W",
    "color": "brown",
    "bodytype": "human",
    "categories": [ "MONSTERS" ],
    "species": [ "MAMMAL" ],
    "default_faction": "were_beast",
    "volume": "275 L",
    "weight": "250 kg",
    "hp": 210,
    "aggression": 100,
    "morale": 100,
    "regen_morale": true,
    "speed": 100,
    "melee_skill": 5,
    "melee_dice": 2,
    "melee_dice_sides": 2,
    "weakpoint_sets": [ "wps_humanoid_body" ],
    "melee_damage": [ { "damage_type": "cut", "amount": 12, "armor_penetration": 25 } ],
    "special_attacks": [
      { "id": "scratch", "move_cost": 130, "cooldown": 4, "min_mul": 1.2, "max_mul": 3 },
      { "id": "smash", "move_cost": 130, "cooldown": 8, "min_mul": 0.6, "throw_strength": 30 },
      {
        "type": "bite",
        "cooldown": 10,
        "damage_max_instance": [ { "damage_type": "stab", "amount": 16, "armor_multiplier": 0.5 } ]
      }
    ],
    "dodge": 5,
    "armor_bash": 10,
    "armor_cut": 11,
    "armor_stab": 8,
    "armor_bullet": 5,
    "bleed_rate": 70,
    "vision_day": 25,
    "vision_night": 8,
    "path_settings": { "max_dist": 30, "avoid_traps": true, "avoid_sharp": true },
    "harvest": "human_large_fur",
    "anger_triggers": [ "HOSTILE_SEEN", "PLAYER_CLOSE", "FRIEND_ATTACKED" ],
    "fear_triggers": [ "HURT", "FIRE" ],
    "flags": [ "SEES", "HEARS", "WARM", "SWARMS", "GROUP_MORALE", "BASHES", "GROUP_BASH", "PUSH_MON", "PATH_AVOID_DANGER_1" ]
  },
{
    "id": "mon_werecroc",
    "type": "MONSTER",
    "name": { "str": "werecroc" },
    "description": "This humanoid creature resembles a crocodile in many ways. It stands upright, bearing a massive set of fangs, and hands which end in claws. It gazes at you with bloodshot eyes and a dribbling snarl. You think it may have once been sapient.",
    "symbol": "C",
    "color": "green",
    "bodytype": "human",
    "categories": [ "MONSTERS" ],
    "species": [ "MAMMAL" ],
    "default_faction": "were_beast",
    "volume": "275 L",
    "weight": "250 kg",
    "hp": 210,
    "aggression": 100,
    "morale": 100,
    "regen_morale": true,
    "speed": 80,
    "melee_skill": 5,
    "melee_dice": 2,
    "melee_dice_sides": 2,
    "weakpoint_sets": [ "wps_humanoid_body" ],
    "melee_damage": [ { "damage_type": "cut", "amount": 10, "armor_penetration": 10 } ],
    "special_attacks": [
      { "id": "scratch", "move_cost": 130, "cooldown": 4, "min_mul": 1.2, "max_mul": 3 },
      { "id": "smash", "move_cost": 130, "cooldown": 8, "min_mul": 0.6, "throw_strength": 30 },
      {
        "type": "bite",
        "cooldown": 10,
        "damage_max_instance": [ { "damage_type": "stab", "amount": 30, "armor_multiplier": 0.7 } ]
      }
    ],
    "dodge": 3,
    "armor_bash": 12,
    "armor_cut": 13,
    "armor_stab": 10,
    "armor_bullet": 7,
    "bleed_rate": 70,
    "vision_day": 15,
    "vision_night": 15,
    "path_settings": { "max_dist": 30, "avoid_traps": true, "avoid_sharp": true },
    "harvest": "mutant_mammal_large_leather",
    "anger_triggers": [ "HOSTILE_SEEN", "PLAYER_CLOSE", "FRIEND_ATTACKED" ],
    "fear_triggers": [ "HURT", "FIRE" ],
    "flags": [ "SEES", "HEARS", "WARM", "SMELLS", "KEENNOSE", "BASHES", "GROUP_BASH", "PUSH_MON", "SWIMS", "PATH_AVOID_DANGER_1" ]
  }  
]