[
  {
    "type": "npc",
    "id": "farmer_mtc",
    "name_suffix": "farmer",
    "class": "NPC_FARMER",
    "attitude": 0,
    "mission": 3,
    "chat": "TALK_NPC_FARMER_INTRO",
    "mission_offered": "MISSION_GET_LOGS",
    "faction": "kingdom"
  },
  {
    "type": "npc",
    "id": "farmhand_mtc",
    "name_suffix": "farmhand",
    "class": "NPC_FARMER",
    "attitude": 0,
    "mission": 3,
    "chat": "TALK_NPC_FARMHAND_INTRO",
    "faction": "kingdom"
  },
  {
    "type": "npc",
    "id": "rancher_mtc",
    "name_suffix": "rancher",
    "class": "NPC_FARMER",
    "attitude": 0,
    "mission": 3,
    "chat": "TALK_NPC_RANCHER_INTRO",
    "mission_offered": "MISSION_GET_LOGS",
    "faction": "kingdom"
  },
  {
    "type": "npc",
    "id": "ranchhand_mtc",
    "name_suffix": "ranchand",
    "class": "NPC_FARMER",
    "attitude": 0,
    "mission": 3,
    "chat": "TALK_NPC_RANCHHAND_INTRO",
    "faction": "kingdom"
  }
]
