[
{
    "type": "npc_class",
    "id": "NPC_FARMER",
    "name": { "str": "Farmer" },
    "job_description": "I own or work a farm.",
    "traits": [
      { "group": "NPC_starting_traits" },
      { "group": "BG_story_COMMON" },
      { "group": "Appearance_demographics" }
    ],
    "bonus_str": { "rng": [ 2, 3 ] },
    "bonus_dex": { "rng": [ 0, 2 ] },
    "bonus_int": { "rng": [ 0, 2 ] },
    "bonus_per": { "rng": [ 0, 2 ] },
    "worn_override": "NPC_male_citizen_worn",
    "weapon_override": "NPC_farmer_wield",
    "skills": [
      { "skill": "ALL", "level": { "mul": [ { "one_in": 3 }, { "sum": [ { "dice": [ 2, 2 ] }, { "rng": [ -1, -2 ] } ] } ] } }
    ]
	} 
]