[
{
    "type": "talk_topic",
    "id": "TALK_NPC_FARMER_INTRO",
    "dynamic_line": [ "Hello, there. What brings you here?" ],
    "responses": [
		{
		"text": "Just passing by.",
		"topic": "TALK_DONE"
		},
                {
		"text": "Who are you?",
		"topic": "TALK_NPC_FARMER_WHO"
		},
                {
		"text": "Isn't it time for harvest?",
		"topic": "TALK_NPC_FARMER_MASSTRADE",
                "condition": { "and": [ { "npc_has_var": "u_hired", "type": "general", "context": "mission" }, { "is_season": "summer" } ] } 	  	  
		},
                {
		"text": "Is there any work to be done?",
		"topic": "TALK_CULT_JOBS",
                "condition": { "npc_has_var": "u_hired", "type": "general", "context": "mission" } 	  	  
		}
    ]
  },
{
    "type": "talk_topic",
    "id": "TALK_NPC_FARMER_WHO",
    "dynamic_line": [ "Oh, I own this land e're, the land you stand on. Been in my family for generations, and worked for that long too." ],
    "responses": [
		{
		"text": "What do you grow?",
		"topic": "TALK_NPC_FARMER_CROPS"
		},
                {
		"text": "Are you looking for help?",
		"topic": "TALK_NPC_FARMER_HIRE_NOEXP",
                "condition": { "not": { "npc_has_var": "u_hired", "type": "general", "context": "mission" } } 	  	  
		},
                {
		"text": "You seem to have relativley small help for a field this size.",
		"topic": "TALK_NPC_FARMER_EMPLOYEES"	  	  
		}
    ]
  },
{
    "type": "talk_topic",
    "id": "TALK_NPC_FARMER_CROPS",
    "dynamic_line": [ "Corn, beans, potoatoes, anything really. We sell most of it at the markets, to nobles, what have you. I keep the rest to feed my family and my farmhands. Its hard work, mind you; but I like it." ],
    "responses": [
		{
		"text": "Wow.",
		"topic": "TALK_NPC_FARMER_DONE"
		},
                { 
         "text": "Y'know, I was a farmer myself one.", 
         "topic": "TALK_NPC_FARMER_HIRE",
         "condition": { "and": [ { "u_has_trait": "MTC_DELTA_FARMER" }, { "not": { "npc_has_var": "u_hired", "type": "general", "context": "mission" } } ] }  	  
      }
    ]
  },
{
    "type": "talk_topic",
    "id": "TALK_NPC_FARMER_DONE",
    "dynamic_line": [ "So, what else?" ],
    "responses": [
		{
		"text": "Nothing.",
		"topic": "TALK_DONE"
		},
                {
		"text": "Who are you again?",
		"topic": "TALK_NPC_FARMER_WHO"
		},
                {
		"text": "Isn't it time for harvest?",
		"topic": "TALK_NPC_FARMER_MASSTRADE",
                "condition": { "and": [ { "npc_has_var": "u_hired", "type": "general", "context": "mission" }, { "is_season": "summer" } ] } 	  	  
		},
                {
		"text": "Is there any work to be done?",
		"topic": "TALK_CULT_JOBS",
                "condition": { "npc_has_var": "u_hired", "type": "general", "context": "mission" } 	  	  
		}
    ]
  },
{
    "type": "talk_topic",
    "id": "TALK_NPC_FARMER_HIRE",
    "dynamic_line": [ "Really? We could use some help around here, and an old hand to do it would be nice. Tell ya what, if you're lookin' for work, I'll hire ya. Ya can sleep in the barn, if you've got no bed. What'aya say?" ],
    "responses": [
		{
		"text": "Nah.",
		"topic": "TALK_DONE"
		},
                {
		"text": "Sure.",
		"topic": "TALK_DONE",
                "effect": [ { "npc_add_var": "u_hired", "type": "general", "context": "mission", "value": "yes" } ] 
		}
    ]
  },
{
    "type": "talk_topic",
    "id": "TALK_NPC_FARMER_HIRE_NOEXP",
    "dynamic_line": [ "Well, I'd have to teach ya on it. It's hard work, ya know; won't be easy... But, I'll take ya on, if you can pass me test." ],
    "responses": [
		{
		"text": "Nah.",
		"topic": "TALK_DONE"
		},
                {
		"text": "I've done this before, you know.",
		"topic": "TALK_NPC_FARMER_HIRE",
                "condition": { "u_has_trait": "MTC_DELTA_FARMER" }
		},
                {
		"text": "Sure.",
		"topic": "TALK_DONE",
                "effect": [ { "add_mission": "MISSION_FARMER_TEST" } ] 
		}
    ]
  },
{
    "type": "talk_topic",
    "id": "TALK_NPC_FARMER_EMPLOYEES",
    "dynamic_line": [ "We get more during the harvest season, anyone who can pick an ear o' corn. We pay em' what we can. The full timers' make sure nothin's wrong with our field; pest, plauge n' all that." ],
    "responses": [
		{
		"text": "Oh.",
		"topic": "TALK_NPC_FARMER_DONE"
		}
    ]
  },
{
    "type": "talk_topic",
    "id": "TALK_NPC_FARMER_MASSTRADE",
    "dynamic_line": "Why yes it is! Tis when we make s'm gold for my coffers. If you've harvested any of the crop, I'll pay ya for it.",
    "//": "Will buy any raw crop.",
    "repeat_responses": {
      "for_item": [
        "barley",
        "broccoli",
        "buckwheat",
        "cabbage",
        "spinach",
        "carrot",
        "corn",
        "celery",
        "cotton_boll",
        "chili_pepper",
        "cucumber",
        "garlic",
        "hops",
        "horseradish_root",
        "lettuce",
        "onion",
        "potato",
        "pumpkin",
        "rhubarb",
        "sugar_beet",
        "tomato",
        "zucchini",
        "raw_beans",
        "bell_pepper"
      ],
      "response": { "text": "I have <topic_item>.", "topic": "TALK_DELIVER_ASK" }
    },
    "responses": [
      { "text": "I have nothing.", "topic": "TALK_NPC_FARMER_DONE" },
      { "text": "I have nothing.  I'd best get going.", "topic": "TALK_DONE" }
    ]
  }
]