[
 {
    "type": "talk_topic",
    "id": "TALK_NPC_RANCHHAND_INTRO",
    "dynamic_line": [ "Hello there." ],
    "responses": [
		{
		"text": "Goodbye.",
		"topic": "TALK_DONE"
		},
                {
		"text": "Who are you?.",
		"topic": "TALK_NPC_RANCHHAND_WHO"
		}
    ]
  },
{
    "type": "talk_topic",
    "id": "TALK_NPC_RANCHHAND_WHO",
    "dynamic_line": [ "Oh, I work ere' on this land you see. We keep livestock. Without us, this ranch would go under, cows unmilked. It's the little guys that count, ya know." ],
    "responses": [
		{
		"text": "Wow.",
		"topic": "TALK_DONE"
		},
                {
		"text": "How do I get on?",
		"topic": "TALK_NPC_RANCHHAND_JOB"
		}
    ]
  },
{
    "type": "talk_topic",
    "id": "TALK_NPC_RANCHHAND_JOB",
    "dynamic_line": [ "Well, its ard' work, this ranchin' we do. There's several of us just for this one pasture ya see. The boss is in his house, if yer still interested." ],
    "responses": [
		{
		"text": "Thank you.",
		"topic": "TALK_NPC_RANCHHAND_DONE"
		}
    ]
  },
{
    "type": "talk_topic",
    "id": "TALK_NPC_RANCHHAND_DONE",
    "dynamic_line": [ "Were ya gonna say somthin' else?" ],
    "responses": [
		{
		"text": "No, goodbye.",
		"topic": "TALK_DONE"
		},
                {
		"text": "Who did you say you were?",
		"topic": "TALK_NPC_RANCHHAND_WHO"
		}
    ]
  }
]