[
{
    "type": "talk_topic",
    "id": "TALK_NPC_RANCHER_INTRO",
    "dynamic_line": [ "Hello, there. What brings you here?" ],
    "responses": [
		{
		"text": "Just passing by.",
		"topic": "TALK_DONE"
		},
                {
		"text": "Who are you?",
		"topic": "TALK_NPC_RANCHER_WHO"
		},
                {
		"text": "Don't the cows need to be milked?",
		"topic": "TALK_NPC_RANCHER_MASSTRADE",
                "condition": { "and": [ { "npc_has_var": "u_hired", "type": "general", "context": "mission" } ] } 	  	  
		},
                {
		"text": "Is there any work to be done?",
		"topic": "TALK_CULT_JOBS",
                "condition": { "npc_has_var": "u_hired", "type": "general", "context": "mission" } 	  	  
		}
    ]
  },
{
    "type": "talk_topic",
    "id": "TALK_NPC_RANCHER_WHO",
    "dynamic_line": [ "Oh, I own this land e're, the land you stand on. Been in my family for generations, and worked for that long too." ],
    "responses": [
		{
		"text": "What stock do you keep?",
		"topic": "TALK_NPC_RANCHER_STOCK"
		},
                {
		"text": "Are you looking for help?",
		"topic": "TALK_NPC_RANCHER_HIRE_NOEXP",
                "condition": { "not": { "npc_has_var": "u_hired", "type": "general", "context": "mission" } } 	  	  
		},
                {
		"text": "You seem to have relativley small help for a pasture this size.",
		"topic": "TALK_NPC_RANCHER_EMPLOYEES"	  	  
		}
    ]
  },
{
    "type": "talk_topic",
    "id": "TALK_NPC_RANCHER_STOCK",
    "dynamic_line": [ "We mainly keep cattle, and sell the milk at the market. About every few years, we may slaughter one to sell. Cows is rough mind ya, but they can be sweet creatures." ],
    "responses": [
		{
		"text": "Wow.",
		"topic": "TALK_NPC_RANCHER_DONE"
		},
                { 
         "text": "Y'know, I was a farmer myself one.", 
         "topic": "TALK_NPC_RANCHER_HIRE",
         "condition": { "and": [ { "u_has_trait": "MTC_DELTA_FARMER" }, { "not": { "npc_has_var": "u_hired", "type": "general", "context": "mission" } } ] }  	  
      }
    ]
  },
{
    "type": "talk_topic",
    "id": "TALK_NPC_RANCHER_DONE",
    "dynamic_line": [ "So, what else?" ],
    "responses": [
		{
		"text": "Nothing.",
		"topic": "TALK_DONE"
		},
                {
		"text": "Who are you again?",
		"topic": "TALK_NPC_RANCHER_WHO"
		},
                {
		"text": "Don't the cows need milking?",
		"topic": "TALK_NPC_RANCHER_MASSTRADE",
                "condition": { "and": [ { "npc_has_var": "u_hired", "type": "general", "context": "mission" } ] } 	  	  
		},
                {
		"text": "Is there any work to be done?",
		"topic": "TALK_CULT_JOBS",
                "condition": { "npc_has_var": "u_hired", "type": "general", "context": "mission" } 	  	  
		}
    ]
  },
{
    "type": "talk_topic",
    "id": "TALK_NPC_RANCHER_HIRE",
    "dynamic_line": [ "Really? We could use some help around here, and an old hand to do it would be nice. Tell ya what, if you're lookin' for work, I'll hire ya. Ya can sleep in the barn, if you've got no bed. What'aya say?" ],
    "responses": [
		{
		"text": "Nah.",
		"topic": "TALK_DONE"
		},
                {
		"text": "Sure.",
		"topic": "TALK_DONE",
                "effect": [ { "npc_add_var": "u_hired", "type": "general", "context": "mission", "value": "yes" } ] 
		}
    ]
  },
{
    "type": "talk_topic",
    "id": "TALK_NPC_RANCHER_HIRE_NOEXP",
    "dynamic_line": [ "Well, I'd have to teach ya on it. It's hard work raisin' cattle, ya know; won't be easy... But, I'll take ya on, if you can pass me test." ],
    "responses": [
		{
		"text": "Nah.",
		"topic": "TALK_DONE"
		},
                {
		"text": "I've done this before, you know.",
		"topic": "TALK_NPC_RANCHER_HIRE",
                "condition": { "u_has_trait": "MTC_DELTA_FARMER" }
		},
                {
		"text": "Sure.",
		"topic": "TALK_DONE",
                "effect": [ { "add_mission": "MISSION_FARMER_TEST" } ] 
		}
    ]
  },
{
    "type": "talk_topic",
    "id": "TALK_NPC_RANCHER_EMPLOYEES",
    "dynamic_line": [ "We may need a few every now and then for cattle drives, but some stay with us. Those who do make sure the cows is all right; feed em, milk em, and mabey help with a birth." ],
    "responses": [
		{
		"text": "Oh.",
		"topic": "TALK_NPC_RANCHER_DONE"
		}
    ]
  },
{
    "type": "talk_topic",
    "id": "TALK_NPC_RANCHER_MASSTRADE",
    "dynamic_line": "Well they do, and the chickens may'ive laid. I'd pay ya for any o' that ya brought me.",
    "//": "Will buy milk and eggs.",
    "repeat_responses": {
      "for_item": [
        "milk_raw",
        "egg_chicken"
      ],
      "response": { "text": "I have <topic_item>.", "topic": "TALK_DELIVER_ASK" }
    },
    "responses": [
      { "text": "I have nothing.", "topic": "TALK_NPC_RANCHER_DONE" },
      { "text": "I have nothing.  I'd best get going.", "topic": "TALK_DONE" }
    ]
  }
]