[
  {
    "method": "json",
    "om_terrain": "blacksmith_city1",
    "type": "mapgen",
    "weight": 100,
    "object": {
      "fill_ter": "t_dirt",
      "rows": [
        "........................",
        "........................",
        "........................",
        "........................",
        "........................",
        "........................",
        "..............wlw.......",
        ".............wwfww......",
        "......wwowwwowYfhww.....",
        "......wuffdfHBffthww....",
        ".....wwwwwwffffffrrs....",
        ".....oThffwffffffrAs....",
        ".....oTfffdffffffrxs....",
        ".....wwbbDwYffcOccww....",
        "......wwwwwwlwwooww.....",
        "......wK▄*w.............",
        "......VFrrr.............",
        "......╦arrr.............",
        "......╦rrrr.............",
        "......w╦╦rw.............",
        "........................",
        "........................",
        "........................",
        "........................"
      ],
      "palettes": [ "city_building_palette" ],
      "faction_owner": [
        { "id": "kingdom", "x": [ 7, 19 ], "y": [ 8, 14 ] },
        { "id": "kingdom", "x": [ 6, 11 ], "y": [ 15, 19 ] }
      ],
	  "place_zones": [
        { "type": "NPC_INVESTIGATE_ONLY", "faction": "kingdom", "x": [ 1, 23 ], "y": [ 1, 23 ] }
      ],
	  "place_npcs": [
        { "class": "lone_blacksmith", "x": 8, "y": 17 }
	  ]
    }
  },
  {
    "type": "mapgen",
    "method": "json",
    "om_terrain": "blacksmith_city1_roof",
    "object": {
      "fill_ter": "t_open_air",
      "rows": [
        "                        ",
        "                        ",
        "                        ",
        "                        ",
        "                        ",
        "                        ",
        "              uuu       ",
        "             uuuuu      ",
        "      uuuuuuuuuuuuu     ",
        "      uuuuuuuuuuuuuu    ",
        "     uuuuuuuuuuuusss    ",
        "     uuuuuuuuuuuus s    ",
        "     uuuuuuuuuuuusss    ",
        "     uuuuuuuuuuuuuuu    ",
        "      uuuuuuuuuuuuu     ",
        "      uuuuu             ",
        "      uuuuu             ",
        "      uuuuu             ",
        "      uuuuu             ",
        "      uuuuu             ",
        "                        ",
        "                        ",
        "                        ",
        "                        "
      ],
      "palettes": [ "city_building_roof_palette" ]
    }
  },
  {
    "type": "mapgen",
    "method": "json",
    "om_terrain": "blacksmith_city1_chimney",
    "object": {
      "fill_ter": "t_open_air",
      "rows": [
        "                        ",
        "                        ",
        "                        ",
        "                        ",
        "                        ",
        "                        ",
        "                        ",
        "                        ",
        "                        ",
        "                        ",
        "                 rrr    ",
        "                 r r    ",
        "                 rrr    ",
        "                        ",
        "                        ",
        "                        ",
        "                        ",
        "                        ",
        "                        ",
        "                        ",
        "                        ",
        "                        ",
        "                        ",
        "                        "
      ],
      "palettes": [ "city_building_roof_palette" ]
    }
  }
]
