[
{
    "id": "silver_ivy_locket_effect",
    "type": "SPELL",
    "name": "Ivy Locket Effect",
    "description": "Recharges the wearers mana.",
    "valid_targets": [ "self" ],
    "message": "You feel a surge of magic!",
    "min_damage": 500,
    "max_damage": 500,
    "max_level": 1,
    "effect": "recover_energy",
    "effect_str": "MANA",
    "shape": "blast",
    "flags": [ "SILENT" ]
  },
{
    "id": "invisible_item",
    "type": "SPELL",
    "name": "invisible",
    "description": "makes you invisible.",
    "valid_targets": [ "self" ],
    "flags": [ "SILENT" ],
    "message": "",
    "min_damage": 1,
    "max_damage": 1,
    "max_level": 10,
    "effect": "attack",
    "shape": "blast",
    "effect_str": "invisibility",
    "min_duration": 6000,
    "max_duration": 12000,
    "duration_increment": 1000
  },
{
    "id": "blade_spawn_item",
	"type": "SPELL",
	"name": "knife",
	"description": "Summons (a) knife(s).",
	"valid_targets": [ "self" ],
        "flags": [ "SILENT" ],
        "message": "",
	"effect": "spawn_item",
        "shape": "blast",
	"effect_str": "throwing_knife",
	"max_level": 10,
	"min_damage": 1,
	"max_damage": 5,
	"min_duration": 6000,
	"max_duration": 12000,
	"duration_increment": 1000
  },
{
    "id": "fruit_summon",
	"type": "SPELL",
	"name": "summon fruit",
	"description": "Summons fruit.",
	"valid_targets": [ "self" ],
        "flags": [ "SILENT", "PERMANENT" ],
        "message": "",
	"effect": "spawn_item",
        "shape": "blast",
	"effect_str": "apple",
	"max_level": 1,
	"min_damage": 1,
	"max_damage": 1,
	"min_duration": 60000,
	"max_duration": 120000,
	"duration_increment": 10000
  },
{
    "id": "water_summon",
	"type": "SPELL",
	"name": "water",
	"description": "makes water.",
	"valid_targets": [ "self" ],
        "flags": [ "SILENT", "PERMANENT" ],
        "message": "",
	"effect": "spawn_item",
        "shape": "blast",
	"effect_str": "water_clean",
	"max_level": 10,
	"min_damage": 2,
	"max_damage": 8,
	"min_duration": 6000,
	"max_duration": 12000,
	"duration_increment": 1000
  }
]