[
{
    "id": "fire_protect_item",
	"type": "SPELL",
	"name": "Fire Protection",
	"description": "Summons fire protection aura.",
	"valid_targets": [ "self" ],
        "flags": [ "SILENT" ],
        "message": "",
	"effect": "spawn_item",
        "shape": "blast",
	"effect_str": "fire_protect_item",
	"max_level": 10,
	"min_damage": 1,
	"max_damage": 1,
	"min_duration": 60000,
	"max_duration": 120000,
	"duration_increment": 10000
  },
{
    "id": "ice_protect_item",
	"type": "SPELL",
	"name": "Ice Protection",
	"description": "Summons ice protection aura.",
	"valid_targets": [ "self" ],
        "flags": [ "SILENT" ],
        "message": "",
	"effect": "spawn_item",
        "shape": "blast",
	"effect_str": "ice_protect_item",
	"max_level": 10,
	"min_damage": 1,
	"max_damage": 1,
	"min_duration": 60000,
	"max_duration": 120000,
	"duration_increment": 10000
  },
{
    "id": "water_breathe_item",
	"type": "SPELL",
	"name": "Water Breathing",
	"description": "Summons water breathing aura.",
	"valid_targets": [ "self" ],
        "flags": [ "SILENT" ],
        "message": "",
	"effect": "spawn_item",
        "shape": "blast",
	"effect_str": "water_breathe_aura",
	"max_level": 10,
	"min_damage": 1,
	"max_damage": 1,
	"min_duration": 60000,
	"max_duration": 120000,
	"duration_increment": 10000
  },
{
    "id": "beauty_item",
	"type": "SPELL",
	"name": "Beauty",
	"description": "Summons beauty aura.",
	"valid_targets": [ "self" ],
        "flags": [ "SILENT" ],
        "message": "",
	"effect": "spawn_item",
        "shape": "blast",
	"effect_str": "spell_item_beauty",
	"max_level": 10,
	"min_damage": 1,
	"max_damage": 1,
	"min_duration": 60000,
	"max_duration": 120000,
	"duration_increment": 10000
  },
{
    "id": "strength_effect_item",
    "type": "SPELL",
    "name": "Strength",
    "description": "strength effect.",
    "valid_targets": [ "self" ],
    "flags": [ "SILENT" ],
    "message": "",
    "min_damage": 1,
    "max_damage": 1,
    "max_level": 10,
    "effect": "attack",
    "shape": "blast",
    "effect_str": "strength",
    "min_duration": 60000,
    "max_duration": 120000,
    "duration_increment": 10000
  },
{
    "id": "speed_effect_item",
    "type": "SPELL",
    "name": "Speed",
    "description": "speed effect.",
    "valid_targets": [ "self" ],
    "flags": [ "SILENT" ],
    "message": "",
    "min_damage": 1,
    "max_damage": 1,
    "max_level": 10,
    "effect": "attack",
    "shape": "blast",
    "effect_str": "speed",
    "min_duration": 60000,
    "max_duration": 120000,
    "duration_increment": 10000
  },
{
    "id": "sight_effect_item",
    "type": "SPELL",
    "name": "Sight",
    "description": "sight effect.",
    "valid_targets": [ "self" ],
    "flags": [ "SILENT" ],
    "message": "",
    "min_damage": 1,
    "max_damage": 1,
    "max_level": 10,
    "effect": "attack",
    "shape": "blast",
    "effect_str": "sight",
    "min_duration": 60000,
    "max_duration": 120000,
    "duration_increment": 10000
  },
{
    "id": "int_effect_item",
    "type": "SPELL",
    "name": "Smarts",
    "description": "int effect.",
    "valid_targets": [ "self" ],
    "flags": [ "SILENT" ],
    "message": "",
    "min_damage": 1,
    "max_damage": 1,
    "max_level": 10,
    "effect": "attack",
    "shape": "blast",
    "effect_str": "smarts",
    "min_duration": 60000,
    "max_duration": 120000,
    "duration_increment": 10000
  },
{
    "id": "cleanse_effect_item",
    "type": "SPELL",
    "name": "Cleansing",
    "description": "cleanse effect.",
    "valid_targets": [ "self" ],
    "flags": [ "SILENT" ],
    "message": "",
    "min_damage": 1,
    "max_damage": 1,
    "max_level": 10,
    "effect": "attack",
    "shape": "blast",
    "effect_str": "cleansing",
    "min_duration": 120000,
    "max_duration": 240000,
    "duration_increment": 12000
  },
{
    "id": "mc_effect_item",
    "type": "SPELL",
    "name": "Muscular Cooling Effect",
    "description": "muscle cool effect.",
    "valid_targets": [ "self" ],
    "flags": [ "SILENT" ],
    "message": "",
    "min_damage": 1,
    "max_damage": 1,
    "max_level": 10,
    "effect": "attack",
    "shape": "blast",
    "effect_str": "muscle_cool",
    "min_duration": 60000,
    "max_duration": 120000,
    "duration_increment": 10000
  },
{
    "id": "antipara_effect_item",
    "type": "SPELL",
    "name": "Anti-Paralysis",
    "description": "spell effect.",
    "valid_targets": [ "self" ],
    "flags": [ "SILENT" ],
    "message": "",
    "min_damage": 1,
    "max_damage": 1,
    "max_level": 10,
    "effect": "attack",
    "shape": "blast",
    "effect_str": "para_immune",
    "min_duration": 120000,
    "max_duration": 240000,
    "duration_increment": 12000
  },
{
    "id": "eldritch_effect_item",
    "type": "SPELL",
    "name": "Infusion",
    "description": "spell effect.",
    "valid_targets": [ "self" ],
    "flags": [ "SILENT" ],
    "message": "",
    "min_damage": 1,
    "max_damage": 1,
    "max_level": 10,
    "effect": "attack",
    "shape": "blast",
    "effect_str": "eff_mtc_eldritch_buff",
    "min_duration": 12000,
    "max_duration": 24000,
    "duration_increment": 1200,
    "extra_effects": [
      { "id": "hide_eldritch" }
    ]
  },
{
    "id": "initiation_effect_item",
    "type": "SPELL",
    "name": "Initiation",
    "description": "spell effect.",
    "valid_targets": [ "self" ],
    "flags": [ "SILENT" ],
    "message": "A sharp pain comes over you!",
    "min_damage": 1,
    "max_damage": 1,
    "max_level": 10,
    "effect": "spawn_item",
    "shape": "blast",
    "effect_str": "joining_slip",
    "min_duration": 12000,
    "max_duration": 24000,
    "duration_increment": 1200,
    "extra_effects": [
      { "id": "freeze_kickback" }
    ]
  }
]