[
{
    "id": "sigil_fire_effect",
    "type": "SPELL",
    "name": { "str": "Sigil Fire" },
    "description": "...",
    "valid_targets": [ "ground" ],
    "flags": [ "RANDOM_DURATION", "LOUD" ],
    "effect": "attack",
    "shape": "blast",
    "min_aoe": 2,
    "max_aoe": 2,
    "field_id": "fd_fire",
    "field_chance": 1,
    "min_field_intensity": 2,
    "max_field_intensity": 2,
    "field_intensity_variance": 1
  },
{
    "id": "sigil_frost_effect",
    "type": "SPELL",
    "name": { "str": "Sigil Frost" },
    "description": "...",
    "valid_targets": [ "ground" ],
    "flags": [ "LOUD" ],
    "effect": "attack",    
    "effect_str": "downed",
    "min_duration": 400,
    "max_duration": 400,
    "shape": "blast",
    "min_aoe": 2,
    "max_aoe": 2,
    "field_id": "fd_cold_air4",
    "field_chance": 1,
    "min_field_intensity": 2,
    "max_field_intensity": 2,
    "field_intensity_variance": 1
  },
{
    "id": "sigil_electric_effect",
    "type": "SPELL",
    "name": { "str": "Sigil Electric" },
    "description": "...",
    "valid_targets": [ "ground" ],
    "effect": "attack",
    "shape": "blast",
    "min_aoe": 2,
    "max_aoe": 2,
    "field_id": "fd_electricity",
    "field_chance": 1,
    "min_field_intensity": 2,
    "max_field_intensity": 2,
    "field_intensity_variance": 1
  },
{
    "id": "sigil_smoke_effect",
    "type": "SPELL",
    "name": { "str": "Sigil Smoke" },
    "description": "...",
    "valid_targets": [ "ground" ],
    "effect": "attack",
    "shape": "blast",
    "min_aoe": 2,
    "max_aoe": 2,
    "field_id": "fd_smoke",
    "field_chance": 1,
    "min_field_intensity": 2,
    "max_field_intensity": 2,
    "field_intensity_variance": 1
  },
{
    "id": "sigil_gas_effect",
    "type": "SPELL",
    "name": { "str": "Sigil Gas" },
    "description": "...",
    "valid_targets": [ "ground" ],
    "effect": "attack",
    "shape": "blast",
    "min_aoe": 2,
    "max_aoe": 2,
    "field_id": "fd_toxic_gas",
    "field_chance": 1,
    "min_field_intensity": 2,
    "max_field_intensity": 2,
    "field_intensity_variance": 1
  },
{
    "id": "sigil_acid_effect",
    "type": "SPELL",
    "name": { "str": "Sigil Acid" },
    "description": "...",
    "valid_targets": [ "ground" ],
    "effect": "attack",
    "shape": "blast",
    "min_aoe": 2,
    "max_aoe": 2,
    "field_id": "fd_acid",
    "field_chance": 1,
    "min_field_intensity": 2,
    "max_field_intensity": 2,
    "field_intensity_variance": 1
  },
{
    "id": "sigil_bile_effect",
    "type": "SPELL",
    "name": { "str": "Sigil Bile" },
    "description": "...",
    "valid_targets": [ "ground" ],
    "effect": "attack",
    "shape": "blast",
    "min_aoe": 2,
    "max_aoe": 2,
    "field_id": "fd_bile",
    "field_chance": 1,
    "min_field_intensity": 2,
    "max_field_intensity": 2,
    "field_intensity_variance": 1
  },
{
    "id": "sigil_web_effect",
    "type": "SPELL",
    "name": { "str": "Sigil Web" },
    "description": "...",
    "valid_targets": [ "ground" ],
    "effect": "attack",
    "shape": "blast",
    "min_aoe": 2,
    "max_aoe": 2,
    "field_id": "fd_web",
    "field_chance": 1,
    "min_field_intensity": 2,
    "max_field_intensity": 2,
    "field_intensity_variance": 1
  }
]