[
 {
    "id": "mu_druid_spell_flamestrike",
    "type": "SPELL",
    "name": "Flamestrike",
    "description": "You hurl a tounge of magical fire.",
    "message": "you cast %s",
    "valid_targets": [ "hostile", "ground", "ally" ],
    "effect": "attack",
    "shape": "blast",
    "flags": [ "VERBAL", "SOMATIC", "IGNITE_FLAMMABLE" ],
    "spell_class": "DRUID",
    "skill": "spellcraft",
    "energy_source": "MANA",
    "difficulty": 6,
    "max_level": 10,
    "base_casting_time": 100,
    "casting_time_increment": -1,
    "final_casting_time": 80,
    "base_energy_cost": 100,
    "energy_increment": -1,
    "final_energy_cost": 80,
    "min_damage": 100,
    "max_damage": 250,
    "damage_increment": 15,
    "damage_type": "heat",
    "min_aoe": 1,
    "max_aoe": 2,
    "aoe_increment": 0.25,
    "min_range": 10,
    "max_range": 25,
    "range_increment": 1,
    "field_id": "fd_fire",
    "field_chance": 1,
    "min_field_intensity": 1,
    "max_field_intensity": 1,
    "field_intensity_increment": 0.25,
    "field_intensity_variance": 0.5
  },
{
    "id": "mu_spell_druid_longstride",
	"type": "SPELL",
	"name": "Longstride",
	"description": "This is a spell that lets you move fast.",
	"message": "you cast %s",
	"valid_targets": [ "self"],
	"effect": "spawn_item",
        "shape": "blast",
	"effect_str": "mu_longstride_token",
	"flags": [ "VERBAL", "SOMATIC" ],
	"spell_class": "DRUID",
	"skill": "spellcraft",
	"energy_source": "MANA",
	"difficulty": 1,
	"max_level": 10,
	"base_casting_time": 100,
	"casting_time_increment": -1,
    "final_casting_time": 80,
	"base_energy_cost": 100,
	"energy_increment": -1,
    "final_energy_cost": 80,
	"min_damage": 1,
	"max_damage": 1,
	"min_duration": 60000,
	"max_duration": 120000,
	"duration_increment": 10000
  },
{
    "id": "mu_spell_druid_eye_predator",
	"type": "SPELL",
	"name": "Eye of the Predator",
	"description": "Eyeball magic, normally you don't like casting magic near your eyes, but just this once...",
	"message": "you cast %s",
	"valid_targets": [ "self" ],
	"effect": "attack",
        "shape": "blast",
	"effect_str": "mu_nightsight_eff",
	"flags": [ "SILENT", "NO_LEGS" ],
	"spell_class": "DRUID",
	"energy_source": "MANA",
	"skill": "spellcraft",
	"difficulty": 2,
	"max_level": 5,
	"base_casting_time": 300,
    "final_casting_time": 300,
	"base_energy_cost": 200,
    "final_energy_cost": 200,
	"min_duration": 30000,
	"max_duration": 90000,
	"duration_increment": 10000
  },
{
    "id": "mu_spell_druid_light",
	"type": "SPELL",
	"name": "Light",
	"description": "Shine bright like a diamond.",
	"valid_targets": [ "self" ],
	"effect": "spawn_item",
        "shape": "blast",
	"effect_str": "mu_light_item",
	"flags": [ "SILENT", "NO_HANDS" ],
	"spell_class": "DRUID",
	"energy_source": "MANA",
	"skill": "spellcraft",
	"base_casting_time": 300,
    "final_casting_time": 300,
	"base_energy_cost": 100,
    "final_energy_cost": 100,
	"difficulty": 1,
	"max_level": 10,
	"min_damage": 1,
	"max_damage": 1,
	"min_duration": 300000,
	"max_duration": 1200000,
	"duration_increment": 15000
  },
{
    "id": "mu_druid_spell_tend_wound",
	"type": "SPELL",
	"name": "Tend Wound",
	"description": "This spell creates a radiant ball of healing energy to tend one wound.",
	"message": "you cast %s",
	"valid_targets": [ "self" ],
	"effect": "spawn_item",
        "shape": "blast",
	"effect_str": "mu_tend_wound_item",
	"flags": [ "VERBAL", "SOMATIC", "NO_LEGS" ],
	"spell_class": "DRUID",
	"energy_source": "MANA",
	"difficulty": 1,
	"max_level": 10,
	"base_casting_time": 100,
	"casting_time_increment": -1,
    "final_casting_time": 80,
	"base_energy_cost": 100,
	"energy_increment": -1,
    "final_energy_cost": 80,
	"min_damage": 1,
	"max_damage": 1,
	"min_duration": 6000,
	"max_duration": 12000,
	"duration_increment": 1000
  },
{
    "id": "mu_spell_druid_hold_beast",
	"type": "SPELL",
	"name": "Hold Beast",
	"description": "This spell will force any animal to freeze in its tracks and be unable to move for some seconds.",
	"message": "you cast %s",
	"valid_targets": [ "hostile", "ally" ],
	"targeted_monster_ids": [
      "mon_chicken",
      "mon_grouse",
      "mon_crow",
      "mon_duck",
      "mon_goose_canadian",
      "mon_turkey",
	  "mon_pheasant",
	  "mon_bat",
	  "mon_bear_cub",
	  "mon_bear",
	  "mon_beaver",
	  "mon_black_rat",
	  "mon_boar_wild_piglet",
	  "mon_boar_wild",
	  "mon_bobcat",
	  "mon_cat_kitten",
	  "mon_cat",
	  "mon_cat_longhair",
	  "mon_cat_longhair_kitten",
	  "mon_cat_maine_coon",
	  "mon_cat_maine_coon_kitten",
	  "mon_cat_siamese",
	  "mon_cat_siamese_kitten",
	  "mon_cat_persian",
	  "mon_cat_persian_kitten",
	  "mon_cat_bengal",
	  "mon_cat_bengal_kitten",
	  "mon_cat_devon_rex",
	  "mon_cat_devon_rex_kitten",
	  "mon_cat_sphynx",
	  "mon_cat_sphynx_kitten",
	  "mon_cat_tabby",
	  "mon_cat_tabby_kitten",
	  "mon_cat_calico",
	  "mon_cat_calico_kitten",
	  "mon_cat_chonker",
	  "mon_cat_chonker_kitten",
	  "mon_chipmunk",
	  "mon_cougar",
	  "mon_tiger",
	  "mon_cow_calf",
	  "mon_cow",
	  "mon_coyote",
	  "mon_coyote_wolf",
	  "mon_deer_fawn",
	  "mon_deer",
	  "mon_dog",
	  "mon_dog_pup",
	  "mon_dog_bull",
	  "mon_dog_bull_pup",
	  "mon_dog_pitbullmix",
	  "mon_dog_pitbullmix_pup",
	  "mon_dog_beagle",
	  "mon_dog_beagle_pup",
	  "mon_dog_bcollie",
	  "mon_dog_bcollie_pup",
	  "mon_dog_boxer",
	  "mon_dog_boxer_pup",
	  "mon_dog_chihuahua",
	  "mon_dog_chihuahua_pup",
	  "mon_dog_dachshund",
	  "mon_dog_dachshund_pup",
	  "mon_dog_gshepherd",
	  "mon_dog_gshepherd_pup",
	  "mon_dog_gpyrenees",
	  "mon_dog_gpyrenees_pup",
	  "mon_dog_rottweiler",
	  "mon_dog_rottweiler_pup",
	  "mon_dog_auscattle",
	  "mon_dog_auscattle_pup",
	  "mon_fox_gray",
	  "mon_fox_red",
	  "mon_groundhog",
	  "mon_hare",
	  "mon_horse",
	  "mon_lemming",
	  "mon_mink",
	  "mon_moose",
	  "mon_muskrat",
	  "mon_opossum",
	  "mon_otter",
	  "mon_pig_pig",
	  "mon_pig_piglet",
	  "mon_rabbit",
	  "mon_raccoon",
	  "mon_sewer_rat",
	  "mon_sheep",
	  "mon_sheep_lamb",
	  "mon_pig_piglet",
	  "mon_squirrel",
	  "mon_squirrel_red",
	  "mon_weasel",
	  "mon_wolf",
      "mon_frog_small",
	  "mon_frog_giant",
	  "mon_gator",
	  "mon_rattlesnake",
	  "mon_rattlesnake_giant",
	  "mon_sewer_snake"
	  
    ],
	"effect": "mod_moves",
        "shape": "blast",
	"flags": [ "SILENT", "VERBAL" ],
	"spell_class": "DRUID",
        "skill": "spellcraft",
	"energy_source": "MANA",
	"difficulty": 2,
	"max_level": 10,
	"base_casting_time": 100,
	"casting_time_increment": -1,
    "final_casting_time": 80,
	"base_energy_cost": 100,
	"energy_increment": -1,
    "final_energy_cost": 80,
	"min_damage": -1000,
	"max_damage": -6000,
	"damage_increment": -500,
	"min_range": 5,
	"max_range": 10,
	"range_increment": 1,
	"min_aoe": 0,
	"max_aoe": 3,
	"aoe_increment": 0.4,
	"min_duration": 6000,
	"max_duration": 12000,
	"duration_increment": 1000,
	"field_id": "fd_null",
	"field_chance": 1,
	"min_field_intensity": 1,
	"max_field_intensity": 1,
	"field_intensity_increment": 0.25,
	"field_intensity_variance": 0.1
  },
  {
    "id": "mu_spell_druid_charm_beast",
	"type": "SPELL",
	"name": "Charm Beast",
	"description": "This spell will charm any beast you cast it upon.",
	"message": "you cast %s",
	"valid_targets": [ "hostile", "ally" ],
	"targeted_monster_ids": [
      "mon_chicken",
      "mon_grouse",
      "mon_crow",
      "mon_duck",
      "mon_goose_canadian",
      "mon_turkey",
	  "mon_pheasant",
	  "mon_bat",
	  "mon_bear_cub",
	  "mon_bear",
	  "mon_beaver",
	  "mon_black_rat",
	  "mon_boar_wild_piglet",
	  "mon_boar_wild",
	  "mon_bobcat",
	  "mon_cat_kitten",
	  "mon_cat",
	  "mon_cat_longhair",
	  "mon_cat_longhair_kitten",
	  "mon_cat_maine_coon",
	  "mon_cat_maine_coon_kitten",
	  "mon_cat_siamese",
	  "mon_cat_siamese_kitten",
	  "mon_cat_persian",
	  "mon_cat_persian_kitten",
	  "mon_cat_bengal",
	  "mon_cat_bengal_kitten",
	  "mon_cat_devon_rex",
	  "mon_cat_devon_rex_kitten",
	  "mon_cat_sphynx",
	  "mon_cat_sphynx_kitten",
	  "mon_cat_tabby",
	  "mon_cat_tabby_kitten",
	  "mon_cat_calico",
	  "mon_cat_calico_kitten",
	  "mon_cat_chonker",
	  "mon_cat_chonker_kitten",
	  "mon_chipmunk",
	  "mon_cougar",
	  "mon_tiger",
	  "mon_cow_calf",
	  "mon_cow",
	  "mon_coyote",
	  "mon_coyote_wolf",
	  "mon_deer_fawn",
	  "mon_deer",
	  "mon_dog",
	  "mon_dog_pup",
	  "mon_dog_bull",
	  "mon_dog_bull_pup",
	  "mon_dog_pitbullmix",
	  "mon_dog_pitbullmix_pup",
	  "mon_dog_beagle",
	  "mon_dog_beagle_pup",
	  "mon_dog_bcollie",
	  "mon_dog_bcollie_pup",
	  "mon_dog_boxer",
	  "mon_dog_boxer_pup",
	  "mon_dog_chihuahua",
	  "mon_dog_chihuahua_pup",
	  "mon_dog_dachshund",
	  "mon_dog_dachshund_pup",
	  "mon_dog_gshepherd",
	  "mon_dog_gshepherd_pup",
	  "mon_dog_gpyrenees",
	  "mon_dog_gpyrenees_pup",
	  "mon_dog_rottweiler",
	  "mon_dog_rottweiler_pup",
	  "mon_dog_auscattle",
	  "mon_dog_auscattle_pup",
	  "mon_fox_gray",
	  "mon_fox_red",
	  "mon_groundhog",
	  "mon_hare",
	  "mon_horse",
	  "mon_lemming",
	  "mon_mink",
	  "mon_moose",
	  "mon_muskrat",
	  "mon_opossum",
	  "mon_otter",
	  "mon_pig_pig",
	  "mon_pig_piglet",
	  "mon_rabbit",
	  "mon_raccoon",
	  "mon_sewer_rat",
	  "mon_sheep",
	  "mon_sheep_lamb",
	  "mon_pig_piglet",
	  "mon_squirrel",
	  "mon_squirrel_red",
	  "mon_weasel",
	  "mon_wolf",
      "mon_frog_small",
	  "mon_frog_giant",
	  "mon_gator",
	  "mon_rattlesnake",
	  "mon_rattlesnake_giant",
	  "mon_sewer_snake"
	  
    ],
	"effect": "charm_monster",
        "shape": "blast",
	"flags": [ "SILENT", "VERBAL", "SOMATIC", "NO_LEGS" ],
	"spell_class": "DRUID",
	"skill": "spellcraft",
	"energy_source": "MANA",
	"difficulty": 2,
	"max_level": 10,
	"base_casting_time": 100,
	"casting_time_increment": -1,
    "final_casting_time": 80,
	"base_energy_cost": 100,
	"energy_increment": -1,
    "final_energy_cost": 80,
	"min_damage": 50,
	"max_damage": 300,
	"damage_increment": 20,
	"min_range": 5,
	"max_range": 10,
	"range_increment": 1,
	"min_duration": 6000,
	"max_duration": 12000,
	"duration_increment": 1000,
	"field_id": "fd_null",
	"field_chance": 1,
	"min_field_intensity": 1,
	"max_field_intensity": 1,
	"field_intensity_increment": 0.25,
	"field_intensity_variance": 0.1
  },
{
    "id": "mu_spell_druid_flaming_sphere",
    "type": "SPELL",
    "name": "Flaming Sphere",
    "description": "A cool flame bro made of magic.",
    "message": "you cast %s",
    "valid_targets": [ "ground" ],
    "effect": "summon",
    "shape": "blast",
	"effect_str": "mon_mu_flaming_sphere",
    "flags": [ "VERBAL", "SOMATIC", "NO_LEGS" ],
    "spell_class": "DRUID",
    "skill": "spellcraft",
    "energy_source": "MANA",
    "difficulty": 3,
    "max_level": 10,
    "base_casting_time": 100,
    "casting_time_increment": -1,
    "final_casting_time": 80,
    "base_energy_cost": 100,
    "energy_increment": -1,
    "final_energy_cost": 80,
    "min_damage": 1,
    "max_damage": 1,
    "damage_type": "heat",
    "min_range": 10,
    "max_range": 15,
    "range_increment": 0.5,
	"min_duration": 30000,
	"max_duration": 60000,
	"duration_increment": 3000,
    "field_id": "fd_fire",
    "field_chance": 1,
    "min_field_intensity": 1,
    "max_field_intensity": 1,
    "field_intensity_increment": 0.25,
    "field_intensity_variance": 0.5
  },
{
    "id": "mu_spell_druid_entangle",
    "type": "SPELL",
    "name": "Entangle",
    "description": "Vines stretch from the gound to ensnare your foes.",
    "message": "you cast %s",
    "valid_targets": [ "hostile", "ground", "ally" ],
    "effect": "attack",
    "shape": "blast",
	"effect_str": "entangled",
    "flags": [ "VERBAL", "SOMATIC", "NO_LEGS" ],
    "spell_class": "DRUID",
    "skill": "spellcraft",
    "energy_source": "MANA",
    "difficulty": 2,
    "max_level": 10,
    "base_casting_time": 100,
    "casting_time_increment": -1,
    "final_casting_time": 80,
    "base_energy_cost": 100,
    "energy_increment": -1,
    "final_energy_cost": 80,
    "min_aoe": 3,
    "max_aoe": 5,
    "aoe_increment": 0.50,
    "min_range": 20,
    "max_range": 35,
    "range_increment": 2,
    "field_id": "fd_gibs_veggy",
    "field_chance": 1,
    "min_field_intensity": 3,
    "max_field_intensity": 3,
    "field_intensity_increment": 0.25,
    "field_intensity_variance": 0.5
  },
{
    "id": "mu_druid_spell_armor",
	"type": "SPELL",
	"name": "Elemenatal Armor",
	"description": "From the elements, you shield yourself.",
	"message": "you cast %s",
	"valid_targets": [ "self" ],
	"effect": "spawn_item",
        "shape": "blast",
	"effect_str": "elemental_armor",
	"flags": [ "VERBAL", "SOMATIC" ],
	"spell_class": "MAGE",
	"skill": "spellcraft",
	"energy_source": "MANA",
	"difficulty": 1,
	"max_level": 10,
	"base_casting_time": 100,
	"casting_time_increment": -1,
    "final_casting_time": 80,
	"base_energy_cost": 100,
	"energy_increment": -1,
    "final_energy_cost": 80,
	"min_damage": 1,
	"max_damage": 1,
	"min_duration": 60000,
	"max_duration": 120000,
	"duration_increment": 10000
  }
]