[
  {
    "type": "talk_topic",
    "id": "TALK_NPC_GENERIC_MAID",
    "dynamic_line": [ "So many things to clean, so little time", "I know it might be tempting, but please don't look up my dress when I bend over to pick something up.", "Cleaning, cleaning... Hm hm hmm hmmmm hm hmmm...", "Oh my, the messes people leave behind.", "Might need a new duster soon. This one's getting ragged.", "Can't catch a break.", "Hmm... out of ingredients. I'll just have to pick some up for tonight's dish." ],
    "responses": [
		{
		"text": "...",
		"topic": "TALK_DONE"
		}
    ]
  }
]
