[
 {
    "type": "palette",
    "id": "catacombs",
    "terrain": {
      ".": "t_rock_floor",
      " ": [ [ "t_grass", 15 ], [ "t_dirt", 4 ], [ "t_dirtmound", 3 ] ],
      "T": "t_tree_dead",
      "S": "t_shrub",
      "<": "t_slope_up",
      ">": "t_slope_down",
      "#": "t_rock",
      "~": "t_water_sh_underground",
      "l": "t_rock_wall",
      "h": "t_door_c"
    }
    },
{
    "type": "palette",
    "id": "catacombs_roof",
    "terrain": {
      ".": "t_rock_floor_no_roof",
      " ": "t_open_air"
    }
    },
{
    "type": "palette",
    "id": "cult",
    "terrain": {
      ".": "t_dirt",
      "-": "t_floor",
      " ": [ [ "t_grass", 15 ], [ "t_dirt", 4 ], [ "t_shrub", 2 ], [ "t_tree", 1 ] ],
      "w": "t_wall_wood",
      "S": "t_shrub",
      "<": "t_slope_up",
      ">": "t_slope_down",
      "h": "t_door_c",
      "!": "t_privacy_fence",
      "s": "t_splitrail_fence",
      "f": "t_fencegate_c"
    }
    },
{
    "type": "palette",
    "id": "cult_roof",
    "terrain": {
      ".": "t_shingle_flat_roof",
      " ": "t_open_air"
    }
    },
{
    "type": "palette",
    "id": "farm_mtc",
    "terrain": {
      " ": [ [ "t_grass", 15 ], [ "t_dirt", 4 ] ],
      "/": "t_splitrail_fence",
      "f": "t_fencegate_c",
      "#": "t_dirtmound"
    },
    "sealed_item": { "#": { "item": { "item": "seed_corn" }, "furniture": "f_plant_seedling", "chance": 70 } }
    },
{
    "type": "palette",
    "id": "goblin_camp",
    "furniture": {
      "b": "f_straw_bed",
      "@": "f_logstool",
      "c": "f_firering",
      "0": "f_barrel_c",
      "t": "f_table"
    },
    "terrain": {
      ".": "t_dirtfloor",
      " ": [ [ "t_grass", 15 ], [ "t_dirt", 4 ] ],
      "<": "t_slope_up",
      ">": "t_slope_down",
      "/": "t_wall_rammed_earth",
      "h": "t_door_c",
      "b": "t_dirtfloor",
      "@": "t_dirtfloor",
      "c": "t_dirt",
      "0": "t_dirtfloor",
      "t": "t_dirtfloor"
    },
    "traps": { "x": "tr_firewood_source" },
    "items": {
      "x": { "item": "stash_wood", "chance": 100, "repeat": [ 1, 2 ] },
      "b": { "item": "bed", "chance": 100 },
      "c": { "item": "oven", "chance": 100, "repeat": [ 3, 5 ] }
    },
    "sealed_item": { "0": { "item": { "item": "raw_meat" }, "furniture": "f_barrel_c", "chance": 70 } }
    },
{
    "type": "palette",
    "id": "goblin_camp_roof",
    "terrain": {
      ".": "t_dirt",
      " ": "t_open_air",
      "<": "t_slope_up",
      ">": "t_slope_down",
      "u": "t_shingle_flat_roof"
    }
    }
]