[
{
    "id": "alchemy_fire",
    "type": "requirement",
    "components": [ [ 
                    [ "ash_apple", 1 ],   
                    [ "ash_vine", 3 ],
                    [ "fire_flower", 1 ],
                    [ "burn_pepper", 1 ],
                    [ "crystal_berry_red", 1 ],
                    [ "cattail_stalk", 1 ],   
                    [ "cattail_rhizome", 1 ],
                    [ "chili_pepper", 1 ],
                    [ "dahlia_root", 1 ],
                    [ "horseradish_root", 1 ],
		    [ "horseradish_greens", 1 ],
                    [ "canola", 10 ],
                    [ "fiddlehead_raw", 10 ],
                    [ "rose_hips", 10 ],
                    [ "cholla_bud", 10 ],
                    [ "juniper", 10 ],
		    [ "acorns_cooked", 10 ],
                    [ "dry_fruit", 1 ]
                  ] ]
  },
{
    "id": "alchemy_water",
    "type": "requirement",
    "components": [ [ 
                    [ "crystal_berry_purple", 3 ],   
                    [ "bell_pepper", 1 ],
                    [ "raw_lentils", 1 ],
                    [ "canola", 1 ],
                    [ "zucchini", 1 ],
                    [ "veggy_wild", 1 ],   
                    [ "veggy", 1 ],
                    [ "tomato", 1 ],
		    [ "horseradish_greens", 1 ],
                    [ "pumpkin", 1 ],
                    [ "fiddlehead_raw", 1 ],
                    [ "onion", 1 ],
                    [ "lettuce", 1 ],
                    [ "hops", 1 ],
		    [ "chicory_raw", 1 ],
		    [ "cucumber", 1 ],
		    [ "corn", 1 ],
		    [ "celery", 1 ],
                    [ "cattail_stalk", 1 ],   
                    [ "cattail_rhizome", 1 ],
		    [ "carrot", 1 ],
		    [ "spinach", 1 ],
		    [ "cabbage", 1 ],
		    [ "broccoli", 1 ],
		    [ "bee_balm", 1 ],
		    [ "cactus_pad", 1 ],
		    [ "apricot", 1 ],
		    [ "kiwi", 1 ],
		    [ "papaya", 1 ],
		    [ "pomegranate", 1 ],
		    [ "mango", 1 ],
		    [ "blackberries", 1 ],
		    [ "melon", 1 ],
		    [ "watermelon", 1 ],
		    [ "peach", 1 ],
		    [ "papaya", 1 ],
		    [ "coconut", 1 ],
		    [ "pineapple", 1 ],
		    [ "grapes", 1 ],
		    [ "cherries", 1 ],
		    [ "pear", 1 ],
		    [ "grapefruit", 1 ],
		    [ "juice_pulp", 1 ],
	    	    [ "elderberries", 1 ],
                    [ "mulberries", 1 ],
                    [ "huckleberries", 1 ],
		    [ "raspberries", 1 ],
		    [ "cranberries", 1 ],
		    [ "strawberries", 1 ],
		    [ "blueberries", 1 ],
		    [ "lemon", 1 ],
		    [ "orange", 1 ],
		    [ "apple", 1 ],
                    [ "banana", 1 ]
                  ] ]
  },
{
    "id": "alchemy_earth",
    "type": "requirement",
    "components": [ [ 
                    [ "ash_apple", 1 ],   
                    [ "ash_vine", 3 ],
                    [ "fire_flower", 1 ],
                    [ "burn_pepper", 1 ],
                    [ "crystal_berry_orange", 1 ],
                    [ "cattail_stalk", 1 ],   
                    [ "cattail_rhizome", 1 ],
                    [ "chili_pepper", 1 ],
                    [ "dahlia_root", 1 ],
                    [ "horseradish_root", 1 ],
                    [ "canola", 1 ],
                    [ "fiddlehead_raw", 1 ],
                    [ "rose_hips", 1 ],
                    [ "cholla_bud", 1 ],
                    [ "juniper", 1 ],
		    [ "acorns_cooked", 1 ],
                    [ "elderberries", 1 ],
                    [ "mulberries", 1 ],
                    [ "huckleberries", 1 ],
		    [ "raspberries", 1 ],
		    [ "cranberries", 1 ],
		    [ "strawberries", 1 ],
		    [ "blueberries", 1 ],
                    [ "melon", 1 ],
		    [ "watermelon", 1 ],
		    [ "blackberries", 1 ],
                    [ "bell_pepper", 1 ],
                    [ "raw_lentils", 1 ],
                    [ "zucchini", 1 ],
                    [ "veggy_wild", 1 ],   
                    [ "veggy", 1 ],
                    [ "tomato", 1 ],
                    [ "pumpkin", 1 ],
                    [ "onion", 1 ],
                    [ "lettuce", 1 ],
                    [ "hops", 1 ],
		    [ "chicory_raw", 1 ],
		    [ "cucumber", 1 ],
		    [ "corn", 1 ],
		    [ "celery", 1 ],
                    [ "coconut", 1 ],
                    [ "barley", 1 ],
                    [ "bee_balm", 1 ],
                    [ "buckwheat", 1 ],
                    [ "spinach", 1 ],   
                    [ "carrot", 1 ],
                    [ "cotton_boll", 1 ],
                    [ "salsify_raw", 1 ],
                    [ "chicory_raw", 1 ],
                    [ "carrot_wild", 1 ],
                    [ "dogbane", 1 ],
                    [ "garlic", 1 ],
                    [ "hops", 1 ],   
                    [ "mugwort", 1 ],
                    [ "potato", 1 ],
                    [ "raw_dandelion", 1 ],
                    [ "raw_burdock", 1 ],
                    [ "rhubarb", 1 ],
                    [ "sugar_beet", 1 ],
                    [ "tea_raw", 10 ],
                    [ "tea_green_raw", 10 ],   
                    [ "raw_beans", 1 ],
                    [ "raw_lentils", 1 ],
                    [ "pine_nuts", 10 ],
                    [ "juniper", 10 ],                   
                    [ "pistachio_unshelled", 10 ],
                    [ "almond_unshelled", 10 ],
                    [ "almond_pulp", 20 ],
                    [ "cashews", 10 ],   
                    [ "pecan_unshelled", 10 ],
                    [ "peanut_unshelled", 10 ],
                    [ "beech_nuts", 10 ],
                    [ "walnut_unshelled", 10 ],
                    [ "chestnut_unshelled", 10 ],
                    [ "hazelnut_unshelled", 10 ],
                    [ "soy_nuts", 10 ],
                    [ "hickory_nut_unshelled", 10 ],   
                    [ "acorns", 10 ]
                  ] ]
  }
]