[
{
    "id": "any_uncarved_totem",
    "type": "requirement",
    "//": "Should contain all totems, symbols, etc. Basically anything to symbolically bind magic too, for the purpose of crafting and spellcasting.",
    "components": [ [ 
                    [ "totem_small", 1 ],   
                    [ "totem_small_metal", 1 ],
                    [ "holy_symbol_wood", 1 ],
                    [ "bone_charm", 1 ],
                    [ "totem_small_fiber", 1 ]
                  ] ]
  },
{
    "id": "any_carved_totem",
    "type": "requirement",
    "//": "Should contain all totems, symbols, etc. Basically anything to symbolically bind magic too, for the purpose of crafting and spellcasting.",
    "components": [ [                   
                    [ "runed_totem", 1 ],   
                    [ "runed_totem_metal", 1 ],
                    [ "runed_bone_charm", 1 ],
                    [ "runed_totem_fiber", 1 ],
                    [ "runed_holy_symbol", 1 ]
                  ] ]
  }
]