[
{ 
    "result": "runed_totem",
    "type": "recipe",
    "category": "CC_ARCANE",
    "subcategory": "CSC_ARCANE_OTHER",
    "skill_used": "spellcraft",
    "skills_required": [ "spellcraft", 1 ],
    "difficulty": 1,
    "time": "15 m",
    "book_learn": [ [ "infusion_basic", 1 ] ],
    "qualities": [ { "id": "INFUSION", "level": 1 } ],
    "components": [ [ [ "crystallized_mana", 30 ] ], [ [ "totem_small", 1 ] ] ],
    "proficiencies": [
      { "proficiency": "prof_infusion", "required": false } 
                     ]   
  }, 
{ 
    "result": "runed_totem_metal",
    "type": "recipe",
    "category": "CC_ARCANE",
    "subcategory": "CSC_ARCANE_OTHER",
    "skill_used": "spellcraft",
    "skills_required": [ "spellcraft", 1 ],
    "difficulty": 1,
    "time": "15 m",
    "book_learn": [ [ "infusion_basic", 1 ] ],
    "qualities": [ { "id": "INFUSION", "level": 1 } ],
    "components": [ [ [ "crystallized_mana", 30 ] ], [ [ "totem_small_metal", 1 ] ] ],
    "proficiencies": [
      { "proficiency": "prof_infusion", "required": false } 
                     ]   
  }, 
{ 
    "result": "runed_totem_fiber",
    "type": "recipe",
    "category": "CC_ARCANE",
    "subcategory": "CSC_ARCANE_OTHER",
    "skill_used": "spellcraft",
    "skills_required": [ "spellcraft", 1 ],
    "difficulty": 1,
    "time": "15 m",
    "book_learn": [ [ "infusion_basic", 1 ] ],
    "qualities": [ { "id": "INFUSION", "level": 1 } ],
    "tools": [ [ [ "feather_quill", 1 ] ] ],
    "components": [ [ [ "crystallized_mana", 30 ] ], [ [ "totem_small_fiber", 1 ] ], [ [ "ink", 3 ] ] ],
    "proficiencies": [
      { "proficiency": "prof_infusion", "required": false } 
                     ]   
  }, 
{ 
    "result": "runed_bone_charm",
    "type": "recipe",
    "category": "CC_ARCANE",
    "subcategory": "CSC_ARCANE_OTHER",
    "skill_used": "spellcraft",
    "skills_required": [ "spellcraft", 1 ],
    "difficulty": 1,
    "time": "15 m",
    "book_learn": [ [ "infusion_basic", 1 ] ],
    "qualities": [ { "id": "INFUSION", "level": 1 } ],
    "components": [ [ [ "crystallized_mana", 30 ] ], [ [ "bone_charm", 1 ] ] ],
    "proficiencies": [
      { "proficiency": "prof_infusion", "required": false } 
                     ]   
  }, 
{ 
    "result": "runed_holy_symbol",
    "type": "recipe",
    "category": "CC_ARCANE",
    "subcategory": "CSC_ARCANE_OTHER",
    "skill_used": "faith",
    "skills_required": [ "faith", 1 ],
    "difficulty": 1,
    "time": "15 m",
    "book_learn": [ [ "gods_and_godesses", 1 ] ],
    "tools": [ [ [ "t_daltar", -1 ] ] ],
    "components": [ [ [ "holy_symbol_wood", 1 ] ] ],
    "proficiencies": [
      { "proficiency": "prof_infusion", "required": false } 
                     ]   
  }, 
{ 
    "result": "light_runed_totem",
    "type": "recipe",
    "category": "CC_ARCANE",
    "subcategory": "CSC_ARCANE_OTHER",
    "skill_used": "spellcraft",
    "skills_required": [ "spellcraft", 1 ],
    "difficulty": 2,
    "time": "15 m",
    "book_learn": [ [ "totem_book", 1 ] ],
    "qualities": [ { "id": "INFUSION", "level": 1 } ],
    "components": [ [ [ "crystallized_mana", 50 ] ], [ [ "runed_totem", 1 ] ] ],
    "proficiencies": [
      { "proficiency": "prof_infusion", "required": false }  
                     ]
},      
{ 
    "result": "dark_runed_totem",
    "type": "recipe",
    "category": "CC_ARCANE",
    "subcategory": "CSC_ARCANE_OTHER",
    "skill_used": "spellcraft",
    "skills_required": [ "spellcraft", 1 ],
    "difficulty": 2,
    "time": "15 m",
    "book_learn": [ [ "totem_book", 1 ] ],
    "qualities": [ { "id": "INFUSION", "level": 1 } ],
    "components": [ [ [ "crystallized_mana", 50 ] ], [ [ "runed_totem", 1 ] ] ],
    "proficiencies": [
      { "proficiency": "prof_infusion", "required": false } 
                     ]
},      
{ 
    "result": "mountian_runed_totem",
    "type": "recipe",
    "category": "CC_ARCANE",
    "subcategory": "CSC_ARCANE_OTHER",
    "skill_used": "spellcraft",
    "skills_required": [ "spellcraft", 1 ],
    "difficulty": 2,
    "time": "15 m",
    "book_learn": [ [ "totem_book", 1 ] ],
    "qualities": [ { "id": "INFUSION", "level": 1 } ],
    "components": [ [ [ "crystallized_mana", 50 ] ], [ [ "runed_totem", 1 ] ] ],
    "proficiencies": [
      { "proficiency": "prof_infusion", "required": false } 
                     ] 
},    
{ 
    "result": "ocean_runed_totem",
    "type": "recipe",
    "category": "CC_ARCANE",
    "subcategory": "CSC_ARCANE_OTHER",
    "skill_used": "spellcraft",
    "skills_required": [ "spellcraft", 1 ],
    "difficulty": 2,
    "time": "15 m",
    "book_learn": [ [ "totem_book", 1 ] ],
    "qualities": [ { "id": "INFUSION", "level": 1 } ],
    "components": [ [ [ "crystallized_mana", 50 ] ], [ [ "runed_totem", 1 ] ] ],
    "proficiencies": [
      { "proficiency": "prof_infusion", "required": false }  
                     ]
}, 
{ 
    "result": "forest_runed_totem",
    "type": "recipe",
    "category": "CC_ARCANE",
    "subcategory": "CSC_ARCANE_OTHER",
    "skill_used": "spellcraft",
    "skills_required": [ "spellcraft", 1 ],
    "difficulty": 2,
    "time": "15 m",
    "book_learn": [ [ "totem_book", 1 ] ],
    "qualities": [ { "id": "INFUSION", "level": 1 } ],
    "components": [ [ [ "crystallized_mana", 50 ] ], [ [ "runed_totem", 1 ] ] ],
    "proficiencies": [
      { "proficiency": "prof_infusion", "required": false } 
                     ] 
},
{ 
    "result": "fire_totem_metal",
    "type": "recipe",
    "category": "CC_ARCANE",
    "subcategory": "CSC_ARCANE_OTHER",
    "skill_used": "spellcraft",
    "skills_required": [ "spellcraft", 1 ],
    "difficulty": 2,
    "time": "15 m",
    "book_learn": [ [ "totem_book", 1 ] ],
    "qualities": [ { "id": "INFUSION", "level": 1 } ],
    "components": [ [ [ "crystallized_mana", 50 ] ], [ [ "runed_totem_metal", 1 ] ] ],
    "proficiencies": [
      { "proficiency": "prof_infusion", "required": false }  
                     ]
},      
{ 
    "result": "channel_totem_metal",
    "type": "recipe",
    "category": "CC_ARCANE",
    "subcategory": "CSC_ARCANE_OTHER",
    "skill_used": "spellcraft",
    "skills_required": [ "spellcraft", 1 ],
    "difficulty": 2,
    "time": "15 m",
    "book_learn": [ [ "totem_book", 1 ] ],
    "qualities": [ { "id": "INFUSION", "level": 1 } ],
    "components": [ [ [ "crystallized_mana", 50 ] ], [ [ "runed_totem_metal", 1 ] ] ],
    "proficiencies": [
      { "proficiency": "prof_infusion", "required": false }  
                     ]
},  
{ 
    "result": "ice_totem_metal",
    "type": "recipe",
    "category": "CC_ARCANE",
    "subcategory": "CSC_ARCANE_OTHER",
    "skill_used": "spellcraft",
    "skills_required": [ "spellcraft", 1 ],
    "difficulty": 2,
    "time": "15 m",
    "book_learn": [ [ "totem_book", 1 ] ],
    "qualities": [ { "id": "INFUSION", "level": 1 } ],
    "components": [ [ [ "crystallized_mana", 50 ] ], [ [ "runed_totem_metal", 1 ] ] ],
    "proficiencies": [
      { "proficiency": "prof_infusion", "required": false }  
                     ]
},    
{ 
    "result": "defense_totem_metal",
    "type": "recipe",
    "category": "CC_ARCANE",
    "subcategory": "CSC_ARCANE_OTHER",
    "skill_used": "spellcraft",
    "skills_required": [ "spellcraft", 1 ],
    "difficulty": 2,
    "time": "15 m",
    "book_learn": [ [ "totem_book", 1 ] ],
    "qualities": [ { "id": "INFUSION", "level": 1 } ],
    "components": [ [ [ "crystallized_mana", 50 ] ], [ [ "runed_totem_metal", 1 ] ] ],
    "proficiencies": [
      { "proficiency": "prof_infusion", "required": false }  
                     ]
},
{ 
    "result": "health_totem_fiber",
    "type": "recipe",
    "category": "CC_ARCANE",
    "subcategory": "CSC_ARCANE_OTHER",
    "skill_used": "spellcraft",
    "skills_required": [ "spellcraft", 1 ],
    "difficulty": 2,
    "time": "15 m",
    "book_learn": [ [ "totem_book", 1 ] ],
    "qualities": [ { "id": "INFUSION", "level": 1 } ],
    "components": [ [ [ "crystallized_mana", 50 ] ], [ [ "runed_totem_fiber", 1 ] ] ],
    "proficiencies": [
      { "proficiency": "prof_infusion", "required": false }  
                     ]
},      
{ 
    "result": "poison_totem_fiber",
    "type": "recipe",
    "category": "CC_ARCANE",
    "subcategory": "CSC_ARCANE_OTHER",
    "skill_used": "spellcraft",
    "skills_required": [ "spellcraft", 1 ],
    "difficulty": 2,
    "time": "15 m",
    "book_learn": [ [ "totem_book", 1 ] ],
    "qualities": [ { "id": "INFUSION", "level": 1 } ],
    "components": [ [ [ "crystallized_mana", 50 ] ], [ [ "runed_totem_fiber", 1 ] ] ],
    "proficiencies": [
      { "proficiency": "prof_infusion", "required": false }  
                     ]
}, 
{ 
    "result": "mana_totem_fiber",
    "type": "recipe",
    "category": "CC_ARCANE",
    "subcategory": "CSC_ARCANE_OTHER",
    "skill_used": "spellcraft",
    "skills_required": [ "spellcraft", 1 ],
    "difficulty": 2,
    "time": "15 m",
    "book_learn": [ [ "totem_book", 1 ] ],
    "qualities": [ { "id": "INFUSION", "level": 1 } ],
    "components": [ [ [ "crystallized_mana", 50 ] ], [ [ "runed_totem_fiber", 1 ] ] ],
    "proficiencies": [
      { "proficiency": "prof_infusion", "required": false } 
                     ] 
}                            
]