[
  {
    "type": "overmap_terrain",
    "id": "Magical_Pond1",
    "name": "Magical Mineral Pond",
    "sym": "P",
    "color": "blue",
    "see_cost": 5,
    "flags": [ "RISK_LOW", "SOURCE_SAFETY" ]
  },
  {
    "type": "overmap_terrain",
    "id": "Magical_Pond2",
    "name": "Magical Mineral Pond",
    "sym": "P",
    "color": "blue",
    "see_cost": 5,
    "flags": [ "RISK_LOW", "SOURCE_SAFETY" ]
  },
  {
	"type": "overmap_terrain",
	"id": "Magical_Pond_Caves1",
    "name": "Magical Mineral Pond Caves",
    "sym": "p",
    "color": "yellow",
    "see_cost": 5,
    "flags": [ "RISK_LOW", "SOURCE_SAFETY" ]
  },
  {
    "type": "overmap_terrain",
    "id": "Magical_Pond_Caves2",
    "name": "Magical Mineral Pond Caves",
    "sym": "p",
    "color": "yellow",
    "see_cost": 5,
    "flags": [ "RISK_LOW", "SOURCE_SAFETY" ]
  },
  {
    "type": "overmap_terrain",
    "id": "old_catacomb_enter",       
    "name": "catacombs",
    "sym": "0",
    "see_cost": 5,
    "color": "brown"
  },
  {
    "type": "overmap_terrain",
    "id": "old_catacomb_roof",
    "name": "catacomb roof",
    "sym": "0",
    "see_cost": 5,
    "color": "brown"
  },
  {
    "type": "overmap_terrain",
    "id": "ocata1",
    "name": "catacombs",
    "sym": "0",
    "see_cost": 5,
    "color": "brown"
  },
  {
    "type": "overmap_terrain",
    "id": "ocata2",
    "name": "catacombs",
    "sym": "0",
    "see_cost": 5,
    "color": "brown"
  },
  {
    "type": "overmap_terrain",
    "id": "ocata3",
    "name": "catacombs",
    "sym": "0",
    "see_cost": 5,
    "color": "brown"
  },
  {
    "type": "overmap_terrain",
    "id": "ocata3_open",
    "name": "catacombs",
    "sym": "0",
    "see_cost": 5,
    "color": "brown"
  },
  {
    "type": "overmap_terrain",
    "id": "ocata4r",
    "name": "catacombs",
    "sym": "0",
    "see_cost": 5,
    "color": "brown"
  },
  {
    "type": "overmap_terrain",
    "id": "ocata4l",
    "name": "catacombs",
    "sym": "0",
    "see_cost": 5,
    "color": "brown"
  },
  {
    "type": "overmap_terrain",
    "id": "ocata5",
    "name": "catacombs",
    "sym": "0",
    "see_cost": 5,
    "color": "brown"
  },
  {
    "type": "overmap_terrain",
    "id": "stables",
    "name": "stables",
    "sym": "H",
    "see_cost": 5,
    "color": "brown"
  },
  {
    "type": "overmap_terrain",
    "id": "cult_ritual",
    "name": "ritual",
    "sym": "O",
    "see_cost": 5,
    "color": "white"
  },
  {
    "type": "overmap_terrain",
    "id": "cult_animals",
    "name": "animals",
    "sym": "a",
    "see_cost": 5,
    "color": "pink"
  },
  {
    "type": "overmap_terrain",
    "id": "cult_animals_roof",
    "name": "animals roof",
    "sym": "a",
    "see_cost": 5,
    "color": "pink"
  },
  {
    "type": "overmap_terrain",
    "id": "cult_artifacts",
    "name": "artifacts",
    "sym": "a",
    "see_cost": 5,
    "color": "white"
  },
  {
    "type": "overmap_terrain",
    "id": "cult_artifacts_roof",
    "name": "artifacts roof",
    "sym": "a",
    "see_cost": 5,
    "color": "white"
  },
  {
    "type": "overmap_terrain",
    "id": "cult_communeshacks",
    "name": "commune shacks",
    "sym": "c",
    "see_cost": 5,
    "color": "white"
  },
  {
    "type": "overmap_terrain",
    "id": "cult_communeshacks_roof",
    "name": "commune shack rooves",
    "sym": "c",
    "see_cost": 5,
    "color": "white"
  },
  {
    "type": "overmap_terrain",
    "id": "cult_enter",
    "name": "gate",
    "sym": "C",
    "see_cost": 5,
    "color": "white"
  },
  {
    "type": "overmap_terrain",
    "id": "cult_catacombs",
    "name": "tomb",
    "sym": "0",
    "see_cost": 5,
    "color": "brown"
	},
  {
    "type": "overmap_terrain",
    "id": "rangen_farm_building",
    "name": "farmers house",
    "sym": ">",
    "see_cost": 1,
    "color": "green"
  },
  {
    "type": "overmap_terrain",
    "id": "farm_field_ulc",
    "name": "field",
    "sym": "#",
    "see_cost": 1,
    "color": "brown"
  },
  {
    "type": "overmap_terrain",
    "id": "farm_field_te",
    "name": "field",
    "sym": "#",
    "see_cost": 1,
    "color": "brown"
  },
  {
    "type": "overmap_terrain",
    "id": "farm_field_tr",
    "name": "field",
    "sym": "#",
    "see_cost": 1,
    "color": "brown"
  },
  {
    "type": "overmap_terrain",
    "id": "farm_field_urc",
    "name": "field",
    "sym": "#",
    "see_cost": 1,
    "color": "brown"
  },
  {
    "type": "overmap_terrain",
    "id": "farm_field_br",
    "name": "field",
    "sym": "#",
    "see_cost": 1,
    "color": "brown"
  },
  {
    "type": "overmap_terrain",
    "id": "farm_field_brc",
    "name": "field",
    "sym": "#",
    "see_cost": 1,
    "color": "brown"
  },
  {
    "type": "overmap_terrain",
    "id": "farm_field_blc",
    "name": "field",
    "sym": "#",
    "see_cost": 1,
    "color": "brown"
  },
  {
    "type": "overmap_terrain",
    "id": "farm_field_lsr",
    "name": "field",
    "sym": "#",
    "see_cost": 1,
    "color": "brown"
  },
  {
    "type": "overmap_terrain",
    "id": "farm_field_rs",
    "name": "field",
    "sym": "#",
    "see_cost": 1,
    "color": "brown"
  },
  {
    "type": "overmap_terrain",
    "id": "farm_field_open",
    "name": "field",
    "sym": "#",
    "see_cost": 1,
    "color": "brown"
  },
  {
    "type": "overmap_terrain",
    "id": "rangen_ranch_building",
    "name": "ranchers house",
    "sym": ">",
    "see_cost": 1,
    "color": "green"
  },
  {
    "type": "overmap_terrain",
    "id": "ranch_field_ulc",
    "name": "field",
    "sym": "#",
    "see_cost": 1,
    "color": "brown"
  },
  {
    "type": "overmap_terrain",
    "id": "ranch_field_urc",
    "name": "field",
    "sym": "#",
    "see_cost": 1,
    "color": "brown"
  },
  {
    "type": "overmap_terrain",
    "id": "ranch_field_blc",
    "name": "field",
    "sym": "#",
    "see_cost": 1,
    "color": "brown"
  },
  {
    "type": "overmap_terrain",
    "id": "ranch_field_brc",
    "name": "field",
    "sym": "#",
    "see_cost": 1,
    "color": "brown"
  },
  {
    "type": "overmap_terrain",
    "id": "ranch_barn",
    "name": "barn",
    "sym": "B",
    "see_cost": 1,
    "color": "brown"
  },
  {
    "type": "overmap_terrain",
    "id": "ranch_barn_roof",
    "name": "roof",
    "sym": "B",
    "see_cost": 1,
    "color": "brown"
  },
  {
    "type": "overmap_terrain",
    "id": "goblin_camp_gate",
    "name": "goblin camp",
    "sym": "#",
    "see_cost": 1,
    "color": "red"
  },
  {
    "type": "overmap_terrain",
    "id": "goblin_camp_wall",
    "name": "goblin camp",
    "sym": "#",
    "see_cost": 1,
    "color": "red"
  },
  {
    "type": "overmap_terrain",
    "id": "goblin_camp_rangen",
    "name": "goblin camp",
    "sym": "#",
    "see_cost": 1,
    "color": "red"
  },
  {
    "type": "overmap_terrain",
    "id": "goblin_camp_gate_upper",
    "name": "open air",
    "sym": ".",
    "see_cost": 1,
    "color": "blue"
  },
  {
    "type": "overmap_terrain",
    "id": "goblin_camp_wall_upper",
    "name": "open air",
    "sym": ".",
    "see_cost": 1,
    "color": "blue"
  },
  {
    "type": "overmap_terrain",
    "id": "goblin_camp_rangen_roof",
    "name": "open air",
    "sym": ".",
    "see_cost": 1,
    "color": "blue"
  },  
{
    "type": "overmap_terrain",
    "id": "hobgoblin_camp_gate",
    "name": "goblin camp",
    "sym": "#",
    "see_cost": 1,
    "color": "red"
  },
  {
    "type": "overmap_terrain",
    "id": "hobgoblin_camp_wall",
    "name": "goblin camp",
    "sym": "#",
    "see_cost": 1,
    "color": "red"
  },
  {
    "type": "overmap_terrain",
    "id": "hobgoblin_camp_rangen",
    "name": "goblin camp",
    "sym": "#",
    "see_cost": 1,
    "color": "red"
  },
  {
    "type": "overmap_terrain",
    "id": "hobgoblin_camp_gate_upper",
    "name": "open air",
    "sym": ".",
    "see_cost": 1,
    "color": "blue"
  },
  {
    "type": "overmap_terrain",
    "id": "hobgoblin_camp_wall_upper",
    "name": "open air",
    "sym": ".",
    "see_cost": 1,
    "color": "blue"
  },
  {
    "type": "overmap_terrain",
    "id": "hobgoblin_camp_rangen_roof",
    "name": "open air",
    "sym": ".",
    "see_cost": 1,
    "color": "blue"
  },                                                              
  {
    "type": "overmap_terrain",
    "id": "home_ruins",
    "name": "ruined home",
    "sym": ">",
    "see_cost": 5,
    "color": "green"
	},
  {
    "type": "overmap_terrain",
    "id": "home_roof_ruins",
    "name": "ruined roof",
    "sym": ">",
    "see_cost": 5,
    "color": "green"
	},
  {
    "type": "overmap_terrain",
    "id": "ruined_city_road",
    "name": "road",
    "sym": "│",
    "color": "dark_gray"
	},
  {
    "type": "overmap_terrain",
    "id": "ruined_city_road_enter",
    "name": "road",
    "sym": "│",
    "color": "dark_gray"
	},
{
    "type": "overmap_terrain",
    "id": "home_ruins_down",
    "name": "ruined home",
    "sym": ">",
    "see_cost": 5,
    "color": "green"
	},
{
    "type": "overmap_terrain",
    "id": "home_basement",
    "name": "basement",
    "sym": "O",
    "color": "dark_gray"
	},
{
    "type": "overmap_terrain",
    "id": "elder_caves",
    "name": "otherworldly caves",
    "sym": "0",
    "color": "red"
	},
{
    "type": "overmap_terrain",
    "id": "dragon_lair_surface",
    "name": "forest",
    "sym": "F",
    "color": "green"
	},
{
    "type": "overmap_terrain",
    "id": "dragon_lair_down",
    "name": "dragon's lair",
    "sym": "0",
    "color": "green"
	},
{
    "type": "overmap_terrain",
    "id": "dragon_lair_bottom",
    "name": "dragon's lair",
    "sym": "0",
    "color": "green"
	},
{
    "type": "overmap_terrain",
    "id": "bandit_camp_hut",
    "name": "bandit camp",
    "sym": "C",
    "color": "green"
	},
{
    "type": "overmap_terrain",
    "id": "bandit_camp_important",
    "name": "bandit camp",
    "sym": "C",
    "color": "green"
	},
{
    "type": "overmap_terrain",
    "id": "bandit_camp_roof",
    "name": "longhouse roof",
    "sym": "0",
    "see_cost": 5,
    "color": "green"
  },
{
    "type": "overmap_terrain",
    "id": "wizard_study",
    "name": "arcane study",
    "sym": "s",
    "color": "blue",
    "see_cost": 1,
    "flags": [ "RISK_LOW", "SOURCE_SAFETY" ]
  },
{
    "type": "overmap_terrain",
    "id": "wizard_study_roof",
    "name": "roof",
    "sym": "s",
    "color": "blue",
    "see_cost": 1
  },
{
    "type": "overmap_terrain",
    "id": "wizard_academy_enter",
    "name": "wizard academy",
    "sym": "0",
    "see_cost": 1,
    "color": "blue"
  },
{
    "type": "overmap_terrain",
    "id": "wizard_academy_dining",
    "name": "wizard academy",
    "sym": "0",
    "see_cost": 1,
    "color": "blue"
  },
{
    "type": "overmap_terrain",
    "id": "wizard_academy_dorm_right",
    "name": "wizard academy",
    "sym": "0",
    "see_cost": 1,
    "color": "blue"
  },
{
    "type": "overmap_terrain",
    "id": "wizard_academy_dorm_left",
    "name": "wizard academy",
    "sym": "0",
    "see_cost": 1,
    "color": "blue"
  },
{
    "type": "overmap_terrain",
    "id": "wizard_academy_classrooms",
    "name": "wizard academy",
    "sym": "0",
    "see_cost": 1,
    "color": "blue"
  },
{
    "type": "overmap_terrain",
    "id": "wizard_academy_classrooms_2",
    "name": "wizard academy",
    "sym": "0",
    "see_cost": 1,
    "color": "blue"
  },
{
    "type": "overmap_terrain",
    "id": "wizard_academy_garden_right",
    "name": "academy gardens",
    "sym": "0",
    "see_cost": 1,
    "color": "green"
  },
{
    "type": "overmap_terrain",
    "id": "wizard_academy_garden_left",
    "name": "academy gardens",
    "sym": "0",
    "see_cost": 1,
    "color": "green"
  },
{
    "type": "overmap_terrain",
    "id": "trial_maze_enter",
    "name": "maze",
    "sym": "0",
    "see_cost": 1,
    "color": "dark_gray"
  },
{
    "type": "overmap_terrain",
    "id": "trial_maze_second",
    "name": "maze",
    "sym": "0",
    "see_cost": 1,
    "color": "dark_gray"
  },
{
    "type": "overmap_terrain",
    "id": "wizard_academy_enter_roof",
    "name": "roof",
    "sym": "0",
    "see_cost": 1,
    "color": "blue"
  },
{
    "type": "overmap_terrain",
    "id": "wizard_academy_dining_roof",
    "name": "roof",
    "sym": "0",
    "see_cost": 1,
    "color": "blue"
  },
{
    "type": "overmap_terrain",
    "id": "wizard_academy_dorm_roof",
    "name": "roof",
    "sym": "0",
    "see_cost": 1,
    "color": "blue"
  },
{
    "type": "overmap_terrain",
    "id": "cave_blank",
    "name": "cave system",
    "sym": "0",
    "color": "dark_gray"
	},
{
    "type": "overmap_terrain",
    "id": "cave_enter",
    "name": "cave",
    "sym": "0",
    "color": "dark_gray"
	},
{
    "type": "overmap_terrain",
    "id": "cave_downward_slope_blank",
    "name": "cave system",
    "sym": "0",
    "color": "dark_gray"
	},
{
    "type": "overmap_terrain",
    "id": "cave_upward_slope_blank",
    "name": "cave system",
    "sym": "0",
    "color": "dark_gray"
	},
{
    "type": "overmap_terrain",
    "id": "mushroom_cave_blank",
    "name": "fungal cave system",
    "sym": "0",
    "color": "brown"
	},
{
    "type": "overmap_terrain",
    "id": "flooded_cave_blank",
    "name": "flooded cavern",
    "sym": "0",
    "color": "blue"
	},
{
    "type": "overmap_terrain",
    "id": "ruined_settlement_blank",
    "name": "cavern ruins",
    "sym": "C",
    "color": "brown"
	},
{
    "type": "overmap_terrain",
    "id": "u_swamp_blank",
    "name": "swamp",
    "sym": "0",
    "color": "green"
	},
{
    "type": "overmap_terrain",
    "id": "u_swamp_blank_roof",
    "name": "chasm",
    "sym": "0",
    "color": "light_gray"
	},
{
    "type": "overmap_terrain",
    "id": "swamp_town_blank",
    "name": "shacks",
    "sym": "#",
    "color": "brown"
	},
{
    "type": "overmap_terrain",
    "id": "u_swamp_town_important",
    "name": "keep",
    "sym": "#",
    "color": "brown"
	},
{
    "type": "overmap_terrain",
    "id": "demon_cult_enter",
    "name": "forest",
    "sym": "F",
    "see_cost": 3,
    "color": "green"
  },
{
    "type": "overmap_terrain",
    "id": "demon_cult_enter_down",
    "name": "enterance",
    "sym": "#",
    "see_cost": 3,
    "color": "red"
  },
{
    "type": "overmap_terrain",
    "id": "demon_cult_altar",
    "name": "altar",
    "sym": "#",
    "see_cost": 3,
    "color": "red"
  },
{
    "type": "overmap_terrain",
    "id": "demon_cult_chamber_left",
    "name": "chamber",
    "sym": "#",
    "see_cost": 3,
    "color": "red"
  },
{
    "type": "overmap_terrain",
    "id": "demon_cult_chamber_right",
    "name": "chamber",
    "sym": "#",
    "see_cost": 3,
    "color": "red"
  },
{
    "type": "overmap_terrain",
    "id": "hexbound_cult",
    "name": "small ring",
    "sym": "o",
    "see_cost": 3,
    "color": "dark_gray"
  },
{
    "type": "overmap_terrain",
    "id": "hexbound_cult_roof",
    "name": "roof",
    "sym": "o",
    "see_cost": 3,
    "color": "dark_gray"
  },
{
    "type": "overmap_terrain",
    "id": "mtc_cathedral_enter",
    "name": "cathedral",
    "sym": "C",
    "see_cost": 1,
    "color": "dark_gray"
  },
{
    "type": "overmap_terrain",
    "id": "mtc_cathedral_altar",
    "name": "cathedral",
    "sym": "C",
    "see_cost": 1,
    "color": "dark_gray"
  },
{
    "type": "overmap_terrain",
    "id": "mtc_cathedral_left",
    "name": "cathedral",
    "sym": "C",
    "see_cost": 1,
    "color": "dark_gray"
  },
{
    "type": "overmap_terrain",
    "id": "mtc_cathedral_right",
    "name": "cathedral",
    "sym": "C",
    "see_cost": 1,
    "color": "dark_gray"
  },
{
    "type": "overmap_terrain",
    "id": "mtc_cathedral_roof",
    "name": "cathedral roof",
    "sym": "C",
    "see_cost": 1,
    "color": "dark_gray"
  },
{
    "type": "overmap_terrain",
    "id": "mine_surface_mtc",
    "name": "mine",
    "sym": "M",
    "see_cost": 1,
    "color": "brown"
  },
{
    "type": "overmap_terrain",
    "id": "mine_roof_mtc",
    "name": "roof",
    "sym": "M",
    "see_cost": 1,
    "color": "brown"
  },
{
    "type": "overmap_terrain",
    "id": "blank_mineshaft_down",
    "name": "mineshaft",
    "sym": "M",
    "see_cost": 1,
    "color": "brown"
  },
{
    "type": "overmap_terrain",
    "id": "blank_mineshaft",
    "name": "mineshaft",
    "sym": "M",
    "see_cost": 1,
    "color": "brown"
  },
{
    "type": "overmap_terrain",
    "id": "blank_mineshaft_down2",
    "name": "mineshaft",
    "sym": "M",
    "see_cost": 1,
    "color": "brown"
  },
{
    "type": "overmap_terrain",
    "id": "blank_mineshaft_up",
    "name": "mineshaft",
    "sym": "M",
    "see_cost": 1,
    "color": "brown"
  },
{
    "type": "overmap_terrain",
    "id": "druid_circle",
    "name": "forest",
    "sym": "F",
    "see_cost": 1,
    "color": "green"
  },
{
    "type": "overmap_terrain",
    "id": "druid_circle_roof",
    "name": "open air",
    "sym": ".",
    "see_cost": 1,
    "color": "blue"
  },
{
    "type": "overmap_terrain",
    "id": "demon_ruins_blank",
    "name": "ruins",
    "sym": "#",
    "see_cost": 1,
    "color": "dark_gray"
  },
{
    "type": "overmap_terrain",
    "id": "demon_citadel",
    "name": "citadel",
    "sym": "@",
    "see_cost": 1,
    "color": "dark_gray"
  },
{
    "type": "overmap_terrain",
    "id": "lava_river",
    "name": "lava flow",
    "sym": "~",
    "see_cost": 1,
    "color": "red"
  },
{
    "type": "overmap_terrain",
    "id": "lava_river_bridge",
    "name": "bridged lava flow",
    "sym": "~",
    "see_cost": 1,
    "color": "red"
  },
{
    "type": "overmap_terrain",
    "id": "water_temple_surface",
    "name": "temple",
    "sym": "t",
    "see_cost": 1,
    "color": "light_gray"
  },
{
    "type": "overmap_terrain",
    "id": "water_temple_down",
    "name": "temple",
    "sym": "t",
    "see_cost": 1,
    "color": "light_gray"
  },
{
    "type": "overmap_terrain",
    "id": "water_temple_down2",
    "name": "temple",
    "sym": "t",
    "see_cost": 1,
    "color": "light_gray"
  },
{
    "type": "overmap_terrain",
    "id": "ruined_citadel_blank",
    "name": "fortress",
    "sym": "f",
    "see_cost": 1,
    "color": "light_gray"
  },
{
    "type": "overmap_terrain",
    "id": "ruined_citadel_important",
    "name": "fortress",
    "sym": "f",
    "see_cost": 1,
    "color": "light_gray"
  },
{
    "type": "overmap_terrain",
    "id": "roadside_waystation",
    "name": "waystation",
    "sym": "w",
    "see_cost": 1,
    "color": "brown"
  },
{
    "type": "overmap_terrain",
    "id": "roadside_waystation_roof",
    "name": "roof",
    "sym": "w",
    "see_cost": 1,
    "color": "brown"
  },
{
    "type": "overmap_terrain",
    "id": "guildhall",
    "name": "guild hall",
    "sym": "h",
    "see_cost": 1,
    "color": "light_gray"
  },
{
    "type": "overmap_terrain",
    "id": "guildhall_roof",
    "name": "roof",
    "sym": "h",
    "see_cost": 1,
    "color": "light_gray"
  },
{
    "type": "overmap_terrain",
    "id": "watchtower",
    "name": "watch tower",
    "sym": "T",
    "see_cost": 1,
    "color": "light_gray"
  },
{
    "type": "overmap_terrain",
    "id": "watchtower_up",
    "name": "watch tower",
    "sym": "T",
    "see_cost": 1,
    "color": "light_gray"
  },
{
    "type": "overmap_terrain",
    "id": "watchtower_roof",
    "name": "watch tower",
    "sym": "T",
    "see_cost": 1,
    "color": "light_gray"
  },
{
    "type": "overmap_terrain",
    "id": "werebeast_lair",
    "name": "overhang",
    "sym": "C",
    "see_cost": 1,
    "color": "brown"
  },
{
    "type": "overmap_terrain",
    "id": "crystal_cave_blank",
    "name": "crystal caverns",
    "sym": "C",
    "see_cost": 1,
    "color": "light_blue"
  },
{
    "type": "overmap_terrain",
    "id": "walled_in_underground_building",
    "name": "home",
    "sym": "^",
    "see_cost": 1,
    "color": "green"
  },
{
    "type": "overmap_terrain",
    "id": "straight_rock_underground_gate",
    "name": "gate",
    "sym": "+",
    "see_cost": 1,
    "color": "light_gray"
  },
{
    "type": "overmap_terrain",
    "id": "underground_farm_field",
    "name": "field",
    "sym": "#",
    "see_cost": 1,
    "color": "brown"
  }
]
