[
{
    "id": "MISSION_SMITH_TEST",
    "type": "mission_definition",
    "name": "Workman's Trial",
    "description": "Get some wood (15 logs).",
    "goal": "MGOAL_FIND_ITEM",
	"item": "log",
	"count": 15,
    "difficulty": 1,
    "value": 1,
    "deadline_low": 3,
    "deadline_high": 3,
	"origins": [ "ORIGIN_OPENER_NPC" ],
        "start": { "effect": [
		{ "u_spawn_item": "ax" }
		] },
	"end": { "effect": [
		{ "npc_add_var": "u_hired", "type": "general", "context": "mission", "value": "yes" },
                { "u_sell_item": "ax" }
		] },
	"has_generic_rewards": false,
	"dialogue": {
      "describe": "Go get some logs.",
	  "offer": "This'll see if you've got the stuff for me. Take this axe, and go chop me 15 logs. You've got three days to do it.",
	  "advice": "Don't lose that axe.",
      "accepted": "Good.",
      "rejected": "Guess you don't got the stuff, eh?",
      "inquire": "Where's it?",
      "success": "Good job. Welcome to the team. I'll need my ax back, by the way.",
      "success_lie": "",
      "failure": "I guess you couldn't do it. Better luck next time."
    }
  },
{
    "id": "MISSION_FORGE_SWORD",
    "type": "mission_definition",
    "name": "Forging",
    "description": "Forge a longsword.",
    "goal": "MGOAL_FIND_ITEM",
	"item": "longsword",
    "difficulty": 1,
    "value": 1,
    "deadline_low": 3,
    "deadline_high": 3,
	"origins": [ "ORIGIN_OPENER_NPC" ],
	"end": { "effect": [
		{ "u_spawn_item": "copper_coin", "count": 45 }
		] },
	"has_generic_rewards": false,
	"dialogue": {
      "describe": "Forge me a sword.",
	  "offer": "We have a new job. Someone needs a longsword, and I want you to forge it.",
	  "advice": "If you forgot, its in the book I gave you.",
      "accepted": "Good.",
      "rejected": "One of us must do it.",
      "inquire": "Do you have it?",
      "success": "Wonderful job, apprentice.",
      "success_lie": "",
      "failure": "I am disappointed in you."
    }
  },
{
    "id": "MISSION_FORGE_SWORD2",
    "type": "mission_definition",
    "name": "Forging",
    "description": "Forge a machete.",
    "goal": "MGOAL_FIND_ITEM",
	"item": "machete",
    "difficulty": 1,
    "value": 1,
    "deadline_low": 3,
    "deadline_high": 3,
	"origins": [ "ORIGIN_OPENER_NPC" ],
	"end": { "effect": [
		{ "u_spawn_item": "copper_coin", "count": 45 }
		] },
	"has_generic_rewards": false,
	"dialogue": {
      "describe": "Forge me a sword.",
	  "offer": "We have a new job. Someone needs a machete, and I want you to forge it.",
	  "advice": "If you forgot, its in the book I gave you.",
      "accepted": "Good.",
      "rejected": "One of us must do it.",
      "inquire": "Do you have it?",
      "success": "Wonderful job, apprentice.",
      "success_lie": "",
      "failure": "I am disappointed in you."
    }
  },
{
    "id": "MISSION_FORGE_SWORD3",
    "type": "mission_definition",
    "name": "Forging",
    "description": "Forge a baselard knife.",
    "goal": "MGOAL_FIND_ITEM",
	"item": "knife_baselard",
    "difficulty": 1,
    "value": 1,
    "deadline_low": 3,
    "deadline_high": 3,
	"origins": [ "ORIGIN_OPENER_NPC" ],
	"end": { "effect": [
		{ "u_spawn_item": "copper_coin", "count": 45 }
		] },
	"has_generic_rewards": false,
	"dialogue": {
      "describe": "Forge me a sword.",
	  "offer": "We have a new job. Someone needs a baselard knife, and I want you to forge it.",
	  "advice": "If you forgot, its in the book I gave you.",
      "accepted": "Good.",
      "rejected": "One of us must do it.",
      "inquire": "Do you have it?",
      "success": "Wonderful job, apprentice.",
      "success_lie": "",
      "failure": "I am disappointed in you."
    }
  },
{
    "id": "MISSION_FORGE_SWORD4",
    "type": "mission_definition",
    "name": "Forging",
    "description": "Forge a cavalry sabre.",
    "goal": "MGOAL_FIND_ITEM",
	"item": "cavalry_sabre",
    "difficulty": 1,
    "value": 1,
    "deadline_low": 3,
    "deadline_high": 3,
	"origins": [ "ORIGIN_OPENER_NPC" ],
	"end": { "effect": [
		{ "u_spawn_item": "copper_coin", "count": 45 }
		] },
	"has_generic_rewards": false,
	"dialogue": {
      "describe": "Forge me a sword.",
	  "offer": "We have a new job. Someone needs a cavalry sabre, and I want you to forge it.",
	  "advice": "If you forgot, its in the book I gave you.",
      "accepted": "Good.",
      "rejected": "One of us must do it.",
      "inquire": "Do you have it?",
      "success": "Wonderful job, apprentice.",
      "success_lie": "",
      "failure": "I am disappointed in you."
    }
  },
{
    "id": "MISSION_FORGE_SWORD5",
    "type": "mission_definition",
    "name": "Forging",
    "description": "Forge an estoc.",
    "goal": "MGOAL_FIND_ITEM",
	"item": "estoc",
    "difficulty": 1,
    "value": 1,
    "deadline_low": 3,
    "deadline_high": 3,
	"origins": [ "ORIGIN_OPENER_NPC" ],
	"end": { "effect": [
		{ "u_spawn_item": "copper_coin", "count": 45 }
		] },
	"has_generic_rewards": false,
	"dialogue": {
      "describe": "Forge me a sword.",
	  "offer": "We have a new job. Someone needs an estoc, and I want you to forge it.",
	  "advice": "If you forgot, its in the book I gave you.",
      "accepted": "Good.",
      "rejected": "One of us must do it.",
      "inquire": "Do you have it?",
      "success": "Wonderful job, apprentice.",
      "success_lie": "",
      "failure": "I am disappointed in you."
    }
  },
{
    "id": "MISSION_FORGE_SWORD6",
    "type": "mission_definition",
    "name": "Forging",
    "description": "Forge an arming sword.",
    "goal": "MGOAL_FIND_ITEM",
	"item": "arming_sword",
    "difficulty": 1,
    "value": 1,
    "deadline_low": 3,
    "deadline_high": 3,
	"origins": [ "ORIGIN_OPENER_NPC" ],
	"end": { "effect": [
		{ "u_spawn_item": "copper_coin", "count": 45 }
		] },
	"has_generic_rewards": false,
	"dialogue": {
      "describe": "Forge me a sword.",
	  "offer": "We have a new job. Someone needs an arming sword, and I want you to forge it.",
	  "advice": "If you forgot, its in the book I gave you.",
      "accepted": "Good.",
      "rejected": "One of us must do it.",
      "inquire": "Do you have it?",
      "success": "Wonderful job, apprentice.",
      "success_lie": "",
      "failure": "I am disappointed in you."
    }
  },
{
    "id": "MISSION_FORGE_SWORD7",
    "type": "mission_definition",
    "name": "Forging",
    "description": "Forge a zweihander.",
    "goal": "MGOAL_FIND_ITEM",
	"item": "zweihander",
    "difficulty": 1,
    "value": 1,
    "deadline_low": 3,
    "deadline_high": 3,
	"origins": [ "ORIGIN_OPENER_NPC" ],
	"end": { "effect": [
		{ "u_spawn_item": "copper_coin", "count": 45 }
		] },
	"has_generic_rewards": false,
	"dialogue": {
      "describe": "Forge me a sword.",
	  "offer": "We have a new job. Someone needs a zweihander, and I want you to forge it.",
	  "advice": "If you forgot, its in the book I gave you.",
      "accepted": "Good.",
      "rejected": "One of us must do it.",
      "inquire": "Do you have it?",
      "success": "Wonderful job, apprentice.",
      "success_lie": "",
      "failure": "I am disappointed in you."
    }
  },
{
    "id": "MISSION_FORGE_SWORD8",
    "type": "mission_definition",
    "name": "Forging",
    "description": "Forge a broadsword.",
    "goal": "MGOAL_FIND_ITEM",
	"item": "broadsword",
    "difficulty": 1,
    "value": 1,
    "deadline_low": 3,
    "deadline_high": 3,
	"origins": [ "ORIGIN_OPENER_NPC" ],
	"end": { "effect": [
		{ "u_spawn_item": "copper_coin", "count": 45 }
		] },
	"has_generic_rewards": false,
	"dialogue": {
      "describe": "Forge me a sword.",
	  "offer": "We have a new job. Someone needs a broadsword, and I want you to forge it.",
	  "advice": "If you forgot, its in the book I gave you.",
      "accepted": "Good.",
      "rejected": "One of us must do it.",
      "inquire": "Do you have it?",
      "success": "Wonderful job, apprentice.",
      "success_lie": "",
      "failure": "I am disappointed in you."
    }
  },
{
    "id": "MISSION_FORGE_SWORD9",
    "type": "mission_definition",
    "name": "Forging",
    "description": "Forge a rapier.",
    "goal": "MGOAL_FIND_ITEM",
	"item": "rapier",
    "difficulty": 1,
    "value": 1,
    "deadline_low": 3,
    "deadline_high": 3,
	"origins": [ "ORIGIN_OPENER_NPC" ],
	"end": { "effect": [
		{ "u_spawn_item": "copper_coin", "count": 45 }
		] },
	"has_generic_rewards": false,
	"dialogue": {
      "describe": "Forge me a sword.",
	  "offer": "We have a new job. Someone needs a rapier, and I want you to forge it.",
	  "advice": "If you forgot, its in the book I gave you.",
      "accepted": "Good.",
      "rejected": "One of us must do it.",
      "inquire": "Do you have it?",
      "success": "Wonderful job, apprentice.",
      "success_lie": "",
      "failure": "I am disappointed in you."
    }
  },
{
    "id": "MISSION_FORGE_SWORD10",
    "type": "mission_definition",
    "name": "Forging",
    "description": "Forge a cutlass.",
    "goal": "MGOAL_FIND_ITEM",
	"item": "cutlass",
    "difficulty": 1,
    "value": 1,
    "deadline_low": 3,
    "deadline_high": 3,
	"origins": [ "ORIGIN_OPENER_NPC" ],
	"end": { "effect": [
		{ "u_spawn_item": "copper_coin", "count": 45 }
		] },
	"has_generic_rewards": false,
	"dialogue": {
      "describe": "Forge me a sword.",
	  "offer": "We have a new job. Someone needs a cutlass, and I want you to forge it.",
	  "advice": "If you forgot, its in the book I gave you.",
      "accepted": "Good.",
      "rejected": "One of us must do it.",
      "inquire": "Do you have it?",
      "success": "Wonderful job, apprentice.",
      "success_lie": "",
      "failure": "I am disappointed in you."
    }
  },
{
    "id": "MISSION_FORGE_SWORD11",
    "type": "mission_definition",
    "name": "Forging",
    "description": "Forge a flail.",
    "goal": "MGOAL_FIND_ITEM",
	"item": "2h_flail_steel",
    "difficulty": 1,
    "value": 1,
    "deadline_low": 3,
    "deadline_high": 3,
	"origins": [ "ORIGIN_OPENER_NPC" ],
	"end": { "effect": [
		{ "u_spawn_item": "copper_coin", "count": 45 }
		] },
	"has_generic_rewards": false,
	"dialogue": {
      "describe": "Forge me a flail.",
	  "offer": "We have a new job. Someone needs a flail, and I want you to forge it.",
	  "advice": "If you forgot, its in the book I gave you.",
      "accepted": "Good.",
      "rejected": "One of us must do it.",
      "inquire": "Do you have it?",
      "success": "Wonderful job, apprentice.",
      "success_lie": "",
      "failure": "I am disappointed in you."
    }
  },
{
    "id": "MISSION_FORGE_SWORD12",
    "type": "mission_definition",
    "name": "Forging",
    "description": "Forge a battleaxe.",
    "goal": "MGOAL_FIND_ITEM",
	"item": "battleaxe",
    "difficulty": 1,
    "value": 1,
    "deadline_low": 3,
    "deadline_high": 3,
	"origins": [ "ORIGIN_OPENER_NPC" ],
	"end": { "effect": [
		{ "u_spawn_item": "copper_coin", "count": 45 }
		] },
	"has_generic_rewards": false,
	"dialogue": {
      "describe": "Forge me a sword.",
	  "offer": "We have a new job. Someone needs a battleaxe, and I want you to forge it.",
	  "advice": "If you forgot, its in the book I gave you.",
      "accepted": "Good.",
      "rejected": "One of us must do it.",
      "inquire": "Do you have it?",
      "success": "Wonderful job, apprentice.",
      "success_lie": "",
      "failure": "I am disappointed in you."
    }
  },
{
    "id": "MISSION_FORGE_SWORD13",
    "type": "mission_definition",
    "name": "Forging",
    "description": "Forge a sledge hammer.",
    "goal": "MGOAL_FIND_ITEM",
	"item": "hammer_sledge",
    "difficulty": 1,
    "value": 1,
    "deadline_low": 3,
    "deadline_high": 3,
	"origins": [ "ORIGIN_OPENER_NPC" ],
	"end": { "effect": [
		{ "u_spawn_item": "copper_coin", "count": 45 }
		] },
	"has_generic_rewards": false,
	"dialogue": {
      "describe": "Forge me a sword.",
	  "offer": "We have a new job. Someone needs a sledge hammer, and I want you to forge it.",
	  "advice": "If you forgot, its in the book I gave you.",
      "accepted": "Good.",
      "rejected": "One of us must do it.",
      "inquire": "Do you have it?",
      "success": "Wonderful job, apprentice.",
      "success_lie": "",
      "failure": "I am disappointed in you."
    }
  },
{
    "id": "MISSION_FORGE_SWORD14",
    "type": "mission_definition",
    "name": "Forging",
    "description": "Forge a lucern hammer.",
    "goal": "MGOAL_FIND_ITEM",
	"item": "lucern_hammer",
    "difficulty": 1,
    "value": 1,
    "deadline_low": 3,
    "deadline_high": 3,
	"origins": [ "ORIGIN_OPENER_NPC" ],
	"end": { "effect": [
		{ "u_spawn_item": "copper_coin", "count": 45 }
		] },
	"has_generic_rewards": false,
	"dialogue": {
      "describe": "Forge me a sword.",
	  "offer": "We have a new job. Someone needs a lucern hammer, and I want you to forge it.",
	  "advice": "If you forgot, its in the book I gave you.",
      "accepted": "Good.",
      "rejected": "One of us must do it.",
      "inquire": "Do you have it?",
      "success": "Wonderful job, apprentice.",
      "success_lie": "",
      "failure": "I am disappointed in you."
    }
  },
{
    "id": "MISSION_FORGE_SWORD15",
    "type": "mission_definition",
    "name": "Forging",
    "description": "Forge a mace.",
    "goal": "MGOAL_FIND_ITEM",
	"item": "mace",
    "difficulty": 1,
    "value": 1,
    "deadline_low": 3,
    "deadline_high": 3,
	"origins": [ "ORIGIN_OPENER_NPC" ],
	"end": { "effect": [
		{ "u_spawn_item": "copper_coin", "count": 45 }
		] },
	"has_generic_rewards": false,
	"dialogue": {
      "describe": "Forge me a sword.",
	  "offer": "We have a new job. Someone needs a mace, and I want you to forge it.",
	  "advice": "If you forgot, its in the book I gave you.",
      "accepted": "Good.",
      "rejected": "One of us must do it.",
      "inquire": "Do you have it?",
      "success": "Wonderful job, apprentice.",
      "success_lie": "",
      "failure": "I am disappointed in you."
    }
  },
{
    "id": "MISSION_FORGE_SWORD16",
    "type": "mission_definition",
    "name": "Forging",
    "description": "Forge a morningstar.",
    "goal": "MGOAL_FIND_ITEM",
	"item": "morningstar",
    "difficulty": 1,
    "value": 1,
    "deadline_low": 3,
    "deadline_high": 3,
	"origins": [ "ORIGIN_OPENER_NPC" ],
	"end": { "effect": [
		{ "u_spawn_item": "copper_coin", "count": 45 }
		] },
	"has_generic_rewards": false,
	"dialogue": {
      "describe": "Forge me a sword.",
	  "offer": "We have a new job. Someone needs a morningstar, and I want you to forge it.",
	  "advice": "If you forgot, its in the book I gave you.",
      "accepted": "Good.",
      "rejected": "One of us must do it.",
      "inquire": "Do you have it?",
      "success": "Wonderful job, apprentice.",
      "success_lie": "",
      "failure": "I am disappointed in you."
    }
  },
{
    "id": "MISSION_FORGE_SWORD17",
    "type": "mission_definition",
    "name": "Forging",
    "description": "Forge a warhammer.",
    "goal": "MGOAL_FIND_ITEM",
	"item": "warhammer",
    "difficulty": 1,
    "value": 1,
    "deadline_low": 3,
    "deadline_high": 3,
	"origins": [ "ORIGIN_OPENER_NPC" ],
	"end": { "effect": [
		{ "u_spawn_item": "copper_coin", "count": 45 }
		] },
	"has_generic_rewards": false,
	"dialogue": {
      "describe": "Forge me a sword.",
	  "offer": "We have a new job. Someone needs a warhammer, and I want you to forge it.",
	  "advice": "If you forgot, its in the book I gave you.",
      "accepted": "Good.",
      "rejected": "One of us must do it.",
      "inquire": "Do you have it?",
      "success": "Wonderful job, apprentice.",
      "success_lie": "",
      "failure": "I am disappointed in you."
    }
  },
{
    "id": "MISSION_FORGE_SWORD18",
    "type": "mission_definition",
    "name": "Forging",
    "description": "Forge a steel spear.",
    "goal": "MGOAL_FIND_ITEM",
	"item": "spear_steel",
    "difficulty": 1,
    "value": 1,
    "deadline_low": 3,
    "deadline_high": 3,
	"origins": [ "ORIGIN_OPENER_NPC" ],
	"end": { "effect": [
		{ "u_spawn_item": "copper_coin", "count": 45 }
		] },
	"has_generic_rewards": false,
	"dialogue": {
      "describe": "Forge me a sword.",
	  "offer": "We have a new job. Someone needs a spear, and I want you to forge it.",
	  "advice": "If you forgot, its in the book I gave you.",
      "accepted": "Good.",
      "rejected": "One of us must do it.",
      "inquire": "Do you have it?",
      "success": "Wonderful job, apprentice.",
      "success_lie": "",
      "failure": "I am disappointed in you."
    }
  },
{
    "id": "MISSION_FORGE_SWORD19",
    "type": "mission_definition",
    "name": "Forging",
    "description": "Forge a halberd.",
    "goal": "MGOAL_FIND_ITEM",
	"item": "halberd",
    "difficulty": 1,
    "value": 1,
    "deadline_low": 3,
    "deadline_high": 3,
	"origins": [ "ORIGIN_OPENER_NPC" ],
	"end": { "effect": [
		{ "u_spawn_item": "copper_coin", "count": 45 }
		] },
	"has_generic_rewards": false,
	"dialogue": {
      "describe": "Forge me a sword.",
	  "offer": "We have a new job. Someone needs a halberd, and I want you to forge it.",
	  "advice": "If you forgot, its in the book I gave you.",
      "accepted": "Good.",
      "rejected": "One of us must do it.",
      "inquire": "Do you have it?",
      "success": "Wonderful job, apprentice.",
      "success_lie": "",
      "failure": "I am disappointed in you."
    }
  },
{
    "id": "MISSION_FORGE_SWORD20",
    "type": "mission_definition",
    "name": "Forging",
    "description": "Forge a pike.",
    "goal": "MGOAL_FIND_ITEM",
	"item": "pike",
    "difficulty": 1,
    "value": 1,
    "deadline_low": 3,
    "deadline_high": 3,
	"origins": [ "ORIGIN_OPENER_NPC" ],
	"end": { "effect": [
		{ "u_spawn_item": "copper_coin", "count": 45 }
		] },
	"has_generic_rewards": false,
	"dialogue": {
      "describe": "Forge me a sword.",
	  "offer": "We have a new job. Someone needs a pike, and I want you to forge it.",
	  "advice": "If you forgot, its in the book I gave you.",
      "accepted": "Good.",
      "rejected": "One of us must do it.",
      "inquire": "Do you have it?",
      "success": "Wonderful job, apprentice.",
      "success_lie": "",
      "failure": "I am disappointed in you."
    }
  }
]