[
{
    "method": "json",
    "om_terrain": "city_market",
    "type": "mapgen",
    "weight": 100,
    "object": {
      "fill_ter": "t_dirt",
      "rows": [
        "........................",
        "........................",
        "........................",
        "........................",
        "........................",
        "........................",
        "........................",
        "........................",
        "........................",
        "........................",
        "........................",
        "........................",
        "........................",
        "........................",
        "........................",
        "........................",
        "........................",
        "........................",
        "........................",
        "........................",
        "........................",
        "........................",
        "........................",
        "........................"
      ],
      "palettes": [ "city_building_palette" ],
      "place_nested": [
        { "chunks": [ "market_nested" ], "x": 0, "y": 0 },
        { "chunks": [ "market_nested" ], "x": 9, "y": 0 },
        { "chunks": [ "market_nested" ], "x": 18, "y": 0 },
        { "chunks": [ "market_nested" ], "x": 0, "y": 9 },
        { "chunks": [ "market_nested" ], "x": 9, "y": 9 },
        { "chunks": [ "market_nested" ], "x": 18, "y": 9 },
        { "chunks": [ "market_nested" ], "x": 0, "y": 18 },
        { "chunks": [ "market_nested" ], "x": 9, "y": 18 },
        { "chunks": [ "market_nested" ], "x": 18, "y": 18 }
      ]
    }
  }
]