[
{
    "//": "Nested group for market stalls",
    "type": "mapgen",
    "method": "json",
    "nested_mapgen_id": "market_nested",
    "object": {
      "mapgensize": [ 8, 8 ],
      "place_nested": [
        { "chunks": [ [ "no_vendor", 25 ], [ "food_vendor", 25 ], [ "ingredients_vendor", 15 ], [ "jewelery_vendor", 10 ], [ "trinket_vendor", 15 ], [ "potion_vendor", 10 ], [ "book_vendor", 15 ] ], "x": 0, "y": 0 }
      ]
    }
  },
{
    "type": "mapgen",
    "method": "json",
    "nested_mapgen_id": "no_vendor",
    "//": "No one is selling anything here.",
    "object": {
      "mapgensize": [ 8, 8 ],
      "rows": [
        "        ",
        "  wwww  ",
        "  w..W  ",
        "  w..W  ",
        "  wwdw  ",
        "        ",
        "        ",
        "        "
      ],
      "terrain": { "w": "t_privacy_fence", "d": "t_fencegate_c", ".": "t_dirt", "!": "t_dirt"  },
      "furniture": { "q": "f_crate_o", "W": "f_counter" }
    }
  },
{
    "type": "mapgen",
    "method": "json",
    "nested_mapgen_id": "food_vendor",
    "//": "Food vendor, mabey a farmer.",
    "object": {
      "mapgensize": [ 8, 8 ],
      "rows": [
        "        ",
        "  wwww  ",
        "  wq!W  ",
        "  wq.W  ",
        "  wwdw  ",
        "        ",
        "        ",
        "        "
      ],
      "npcs": {
		"!": { "class": "food_vendor" }
		},
      "faction_owner": [
        { "id": "kingdom", "x": [ 0, 8 ], "y": [ 0, 8 ] }
      ],
      "terrain": { "w": "t_privacy_fence", "d": "t_fencegate_c", ".": "t_dirt", "!": "t_dirt"  },
      "furniture": { "q": "f_crate_o", "W": "f_counter" },
      "items": {
	  "q": [
			{ "item": "barrel_food_loot", "chance": 100, "repeat": [ 2, 5 ] }
		]
    }
    }
  },
{
    "type": "mapgen",
    "method": "json",
    "nested_mapgen_id": "ingredients_vendor",
    "//": "Food vendor, mabey a farmer.",
    "object": {
      "mapgensize": [ 8, 8 ],
      "rows": [
        "        ",
        "  wwww  ",
        "  wq!W  ",
        "  wq.W  ",
        "  wwdw  ",
        "        ",
        "        ",
        "        "
      ],
      "npcs": {
		"!": { "class": "ingredients_vendor" }
		},
      "faction_owner": [
        { "id": "kingdom", "x": [ 0, 8 ], "y": [ 0, 8 ] }
      ],
      "terrain": { "w": "t_privacy_fence", "d": "t_fencegate_c", ".": "t_dirt", "!": "t_dirt"  },
      "furniture": { "q": "f_crate_o", "W": "f_counter" },
      "items": {
	  "q": [
			{ "item": "ingredients_all", "chance": 100, "repeat": [ 20, 50 ] }
		]
    }
    }
  },
{
    "type": "mapgen",
    "method": "json",
    "nested_mapgen_id": "jewelery_vendor",
    "//": "Jewelery vendor, may be selling stolen property.",
    "object": {
      "mapgensize": [ 8, 8 ],
      "rows": [
        "        ",
        "  wwww  ",
        "  wq!W  ",
        "  wq.W  ",
        "  wwdw  ",
        "        ",
        "        ",
        "        "
      ],
      "npcs": {
		"!": { "class": "jewelery_vendor" }
		},
      "faction_owner": [
        { "id": "kingdom", "x": [ 0, 8 ], "y": [ 0, 8 ] }
      ],
      "terrain": { "w": "t_privacy_fence", "d": "t_fencegate_c", ".": "t_dirt", "!": "t_dirt"  },
      "furniture": { "q": "f_crate_o", "W": "f_counter" },
      "items": {
	  "q": [
			{ "item": "jewelry_front", "chance": 100, "repeat": [ 2, 5 ] }
		]
    }
    }
  },
{
    "type": "mapgen",
    "method": "json",
    "nested_mapgen_id": "trinket_vendor",
    "//": "Trinket vendor, maybe a wizard or priest.",
    "object": {
      "mapgensize": [ 8, 8 ],
      "rows": [
        "        ",
        "  wwww  ",
        "  wq!W  ",
        "  wq.W  ",
        "  wwdw  ",
        "        ",
        "        ",
        "        "
      ],
      "npcs": {
		"!": { "class": "trinket_vendor" }
		},
      "faction_owner": [
        { "id": "kingdom", "x": [ 0, 8 ], "y": [ 0, 8 ] }
      ],
      "terrain": { "w": "t_privacy_fence", "d": "t_fencegate_c", ".": "t_dirt", "!": "t_dirt"  },
      "furniture": { "q": "f_crate_o", "W": "f_counter" },
      "items": {
	  "q": [
			{ "item": "trinkets_misc", "chance": 100, "repeat": [ 2, 5 ] }
		]
    }
    }
  },
{
    "type": "mapgen",
    "method": "json",
    "nested_mapgen_id": "potion_vendor",
    "//": "Potion vendor, maybe a wizard or alchemist. Doesn't sell the good stuff, however.",
    "object": {
      "mapgensize": [ 8, 8 ],
      "rows": [
        "        ",
        "  wwww  ",
        "  wq!W  ",
        "  wq.W  ",
        "  wwdw  ",
        "        ",
        "        ",
        "        "
      ],
      "npcs": {
		"!": { "class": "potion_vendor" }
		},
      "faction_owner": [
        { "id": "kingdom", "x": [ 0, 8 ], "y": [ 0, 8 ] }
      ],
      "terrain": { "w": "t_privacy_fence", "d": "t_fencegate_c", ".": "t_dirt", "!": "t_dirt"  },
      "furniture": { "q": "f_crate_o", "W": "f_counter" },
      "items": {
	  "q": [
			{ "item": "potions_lesser", "chance": 100, "repeat": [ 1, 3 ] }
		]
    }
    }
  },
{
    "type": "mapgen",
    "method": "json",
    "nested_mapgen_id": "book_vendor",
    "//": "Book vendor. Doesn't carry expensive or rare books, resale really.",
    "object": {
      "mapgensize": [ 8, 8 ],
      "rows": [
        "        ",
        "  wwww  ",
        "  wq!W  ",
        "  wq.W  ",
        "  wwdw  ",
        "        ",
        "        ",
        "        "
      ],
      "npcs": {
		"!": { "class": "book_vendor" }
		},
      "faction_owner": [
        { "id": "kingdom", "x": [ 0, 8 ], "y": [ 0, 8 ] }
      ],
      "terrain": { "w": "t_privacy_fence", "d": "t_fencegate_c", ".": "t_dirt", "!": "t_dirt"  },
      "furniture": { "q": "f_crate_o", "W": "f_counter" },
      "items": {
	  "q": [
			{ "item": "manuals", "chance": 100, "repeat": [ 2, 5 ] }
		]
    }
    }
  }
]