[
 {
    "id": "mx_red_crystal_berry",
    "type": "map_extra",
    "name": { "str": "Berry grove" },
    "description": "A meadow of berries.",
    "generator": { "generator_method": "update_mapgen", "generator_id": "mx_red_crystal_berry_map" }
  },
{
    "id": "mx_fire_flower",
    "type": "map_extra",
    "name": { "str": "Flower grove" },
    "description": "A meadow of fire flowers.",
    "generator": { "generator_method": "update_mapgen", "generator_id": "mx_fire_flower_map" }
  }
]