[
{
    "type": "mapgen",
    "method": "json",
    "nested_mapgen_id": "mx_red_crystal_berry_nested",
    "object": {
      "mapgensize": [ 6, 6 ],
      "rows": [
        "    / ",
        " /    ",
        "   /  ",
        "/   / ",
        "  /   ",
        "    / "
      ],
      "palettes": [ "long_grass_meadow_palette" ],
      "furniture": { "/": "f_crystal_berry_red" }
    }
  },
{
    "type": "mapgen",
    "method": "json",
    "update_mapgen_id": "mx_red_crystal_berry_map",
    "object": { "place_nested": [ { "chunks": [ [ "mx_red_crystal_berry_nested", 100 ] ], "x": [ 0, 17 ], "y": [ 0, 17 ], "repeat": [ 2, 4 ] } ] }
  },
{
    "type": "mapgen",
    "method": "json",
    "nested_mapgen_id": "mx_fire_flower_nested",
    "object": {
      "mapgensize": [ 6, 6 ],
      "rows": [
        "    / ",
        " /    ",
        "   /  ",
        "/   / ",
        "  /   ",
        "    / "
      ],
      "palettes": [ "long_grass_meadow_palette" ],
      "furniture": { "/": "f_fire_flower" }
    }
  },
{
    "type": "mapgen",
    "method": "json",
    "update_mapgen_id": "mx_fire_flower_map",
    "object": { "place_nested": [ { "chunks": [ [ "mx_fire_flower_nested", 100 ] ], "x": [ 0, 17 ], "y": [ 0, 17 ], "repeat": [ 2, 4 ] } ] }
  }
]